edition,skill,skill_name,member_code,member_name,position,medal,mark,best_of_nation,albert_vidal_award,competitor_names,person_ids,published,result_id
WSC2019,01,Polymechanics and Automation,AT,Austria,1,Gold,731.0,,,STEFAN ISTVAN ERÖS,135345,True,6551
WSC2019,01,Polymechanics and Automation,CN,China,1,Gold,730.0,,,YUHUI ZHENG,138121,True,6552
WSC2019,01,Polymechanics and Automation,DE,Germany,10,,666.0,,,FRANZ RADESTOCK,136681,True,6560
WSC2019,01,Polymechanics and Automation,TW,Chinese Taipei,3,Bronze,719.0,,,TZU-YANG CHENG,136800,True,6553
WSC2019,01,Polymechanics and Automation,KR,Korea,4,Medallion for Excellence,710.0,,,ON-YU LEE,131790,True,6554
WSC2019,01,Polymechanics and Automation,TH,Thailand,4,Medallion for Excellence,710.0,,,SOPON PRAIWAN,137495,True,6555
WSC2019,01,Polymechanics and Automation,CH,Switzerland,6,,690.0,,,THOMAS SCHRANZ,134942,True,6556
WSC2019,01,Polymechanics and Automation,JP,Japan,7,,686.0,,,TAIKI IWAMI,134526,True,6557
WSC2019,01,Polymechanics and Automation,RU,Russia,8,,678.0,,,AKHMED MATIEV,138933,True,6558
WSC2019,01,Polymechanics and Automation,BR,Brazil,9,,668.0,,,ARTHUR ALMEIDA,136380,True,6559
WSC2019,02,Information Network Cabling,JP,Japan,1,Gold,746.0,True,,YUTA SHIMIZU,134548,True,6561
WSC2019,02,Information Network Cabling,IN,India,10,,684.0,,,DIVYA UMESH GODASE,138282,True,6570
WSC2019,02,Information Network Cabling,TW,Chinese Taipei,11,,683.0,,,CHING TUNG LIN,138436,True,6571
WSC2019,02,Information Network Cabling,VN,Vietnam,11,,683.0,,,NGUYEN TAN TOAN,136472,True,6572
WSC2019,02,Information Network Cabling,NO,Norway,13,,680.0,,,TORA KRISTINE HOLEN,135185,True,6573
WSC2019,02,Information Network Cabling,FR,France,14,,668.0,,,PAUL MONIER,136109,True,6574
WSC2019,02,Information Network Cabling,EG,Egypt,15,,653.0,,,MOSTAFA ABDELRAHMAN OMAR HASSAN,138868,True,6575
WSC2019,02,Information Network Cabling,OM,Oman,15,,653.0,,,ABDULLAH AL-MABSALI,139365,True,6576
WSC2019,02,Information Network Cabling,CN,China,2,Silver,742.0,,,GUOFA WEI,138042,True,6562
WSC2019,02,Information Network Cabling,RU,Russia,2,Silver,741.0,,,ISLAM NIGMATULLIN,138910,True,6563
WSC2019,02,Information Network Cabling,KR,Korea,4,Medallion for Excellence,724.0,,,SEONG KWANG KIM,134857,True,6564
WSC2019,02,Information Network Cabling,BR,Brazil,5,Medallion for Excellence,720.0,,,LUCAS LENZI,136397,True,6565
WSC2019,02,Information Network Cabling,MO,"Macao, China",6,Medallion for Excellence,711.0,,,KA IAT WONG,137563,True,6566
WSC2019,02,Information Network Cabling,BY,Belarus,7,Medallion for Excellence,705.0,,,VALIANTSIN ARTSIAMIONAK,138496,True,6567
WSC2019,02,Information Network Cabling,CO,Colombia,8,Medallion for Excellence,703.0,,,DAVID STEVEN REYES QADER,136597,True,6568
WSC2019,02,Information Network Cabling,SG,Singapore,9,,697.0,,,SHAUNA TAN,132194,True,6569
WSC2019,03,Manufacturing Team Challenge,CN,China,1,Gold,751.0,,,CHENXI PENG; XINPENG CHEN; XIANGBO ZENG,138050; 138051; 138052,True,6577
WSC2019,03,Manufacturing Team Challenge,JP,Japan,2,Silver,747.0,,,MIKITO ICHIKAWA; SHINZABURO YAMASHITA; KOKI KABEYA,134557; 134558; 134559,True,6578
WSC2019,03,Manufacturing Team Challenge,TW,Chinese Taipei,3,Bronze,718.0,,,RIH-SHENG YANG; SHAO-SYUAN HUANG; TING-CHIA LU,136744; 138151; 136771,True,6579
WSC2019,03,Manufacturing Team Challenge,BR,Brazil,4,Medallion for Excellence,712.0,,,LUIZ ZANINI; EVAN SOBRAL FILHO; AVELINO BUENO,136372; 136373; 136374,True,6580
WSC2019,03,Manufacturing Team Challenge,RU,Russia,5,,688.0,,,FEDOR TIMOKHOV; EVGENII DRIMALOVSKII; IGOR KUZMINYKH,138917; 138918; 138919,True,6581
WSC2019,03,Manufacturing Team Challenge,UK,United Kingdom,6,,685.0,,,ANDREW JOYCE; ISAAC KHAN; JAMES THOMASON,137099; 137100; 137101,True,6582
WSC2019,03,Manufacturing Team Challenge,FR,France,7,,677.0,True,,JEAN CHANJOU-LECLERCQ; MAXIME DURET; CLÉMENT ROUSSEAU,136114; 136115; 136116,True,6583
WSC2019,03,Manufacturing Team Challenge,KR,Korea,8,,639.0,,,HYEON-GYU KIM; JUN-HEE LEE; TAE-SAN KIM,134867; 135818; 135853,True,6584
WSC2019,04,Mechatronics,TW,Chinese Taipei,1,Gold,736.0,,,PO-YANG CHUEH; CHENG-XUN SONG,136802; 137735,True,6585
WSC2019,04,Mechatronics,AT,Austria,10,Medallion for Excellence,718.0,,,DAVID VISKOVIC; JAKOB MATHIAS BUCHSTEINER,135341; 135342,True,6594
WSC2019,04,Mechatronics,SG,Singapore,11,Medallion for Excellence,716.0,,,SHI JIE WONG; ARTHUR LIEW,134059; 134060,True,6595
WSC2019,04,Mechatronics,KR,Korea,12,Medallion for Excellence,715.0,,,JU-SEUNG KIM; YEONG-CHAN KIM,134870; 134871,True,6596
WSC2019,04,Mechatronics,VN,Vietnam,13,Medallion for Excellence,711.0,,,NGUYỄN VĂN QUÂN; NGUYỄN VĂN HƯNG,136454; 136455,True,6597
WSC2019,04,Mechatronics,NL,Netherlands,14,Medallion for Excellence,706.0,,,RICK JOOREN; JASPER VAN KOL,137376; 137377,True,6598
WSC2019,04,Mechatronics,CO,Colombia,15,Medallion for Excellence,705.0,,,ADRIAN ALCARAZ ARRIETA; YEISSON ALBERTO GARCÍA JARAMILLO,136598; 136599,True,6599
WSC2019,04,Mechatronics,ID,Indonesia,16,Medallion for Excellence,702.0,,,MUHAMMAD ROBBY; MUHAMMAD RIDHO CAHYONO,135123; 135124,True,6600
WSC2019,04,Mechatronics,KZ,Kazakhstan,17,Medallion for Excellence,700.0,True,,ALEXANDR BETTSOLD; ISAZHAN RAISOV,139043; 139076,True,6601
WSC2019,04,Mechatronics,UK,United Kingdom,17,Medallion for Excellence,700.0,,,DANNY SLATER; JACK DAKIN,137103; 137104,True,6602
WSC2019,04,Mechatronics,TH,Thailand,19,,699.0,,,JETTAPON KHWANPHON; JAKAPONG PUNKULAB,137484; 137485,True,6603
WSC2019,04,Mechatronics,CN,China,2,Silver,733.0,,,CHENGHAO YIN; HU XIE,138055; 138056,True,6586
WSC2019,04,Mechatronics,PT,Portugal,20,,691.0,,,SÓNIA CAETANO; PEDRO SIMÕES,138192; 131762,True,6604
WSC2019,04,Mechatronics,DE,Germany,21,,690.0,,,FELIX ALT; JAN KINTZI,136679; 137719,True,6605
WSC2019,04,Mechatronics,HU,Hungary,21,,690.0,,,DAVID BAKONYI; DANIEL KOVER,136521; 136513,True,6606
WSC2019,04,Mechatronics,SE,Sweden,21,,690.0,,,EMANUEL NÄSLUND; NIKLAS EKELÖW,133846; 133847,True,6607
WSC2019,04,Mechatronics,BE,Belgium,24,,688.0,,,HARISSON REALE; PIERRE SCHYNS,137950; 137951,True,6608
WSC2019,04,Mechatronics,NO,Norway,25,,683.0,,,ODD-HELGE OKSAVIK JUVA; SIGURD HATLEN,135188; 195086,True,6609
WSC2019,04,Mechatronics,ES,Spain,26,,679.0,,,MARCO DE LAS HERAS; IVAN MIGUEL,137648; 137649,True,6610
WSC2019,04,Mechatronics,PL,Poland,27,,677.0,,,PRZEMYSŁAW KRASNODĘBSKI; MATEUSZ DĄBROWSKI,137289; 137290,True,6611
WSC2019,04,Mechatronics,MA,Morocco,28,,675.0,,,OMAR KHAOULAJ; MOUAD DENNAOUI,139186; 139212,True,6612
WSC2019,04,Mechatronics,BY,Belarus,29,,671.0,,,MAKSIM HAROKHAU; KIRYL SHYDLOUSKI,138501; 138502,True,6613
WSC2019,04,Mechatronics,BR,Brazil,3,Bronze,729.0,,,ÍTALO GONÇALVES; EDMILSON SOUZA NETO,136376; 136383,True,6588
WSC2019,04,Mechatronics,CH,Switzerland,3,Bronze,729.0,,,JOSIA LANGHART; RAPHAEL FURRER,134939; 134940,True,6589
WSC2019,04,Mechatronics,JP,Japan,3,Bronze,729.0,,,HIROKI MATSUMOTO; RYOTA MORIMOTO,134561; 134562,True,6587
WSC2019,04,Mechatronics,ZA,South Africa,30,,669.0,,,THABANG MODISE; TEBOGO SHABANGU,138228; 138229,True,6614
WSC2019,04,Mechatronics,US,United States of America,31,,665.0,,,RYAN HITTEPOLE; CURT LOVE,134714; 134715,True,6615
WSC2019,04,Mechatronics,RO,Romania,32,,662.0,,,DORINEL-IONUȚ BOBIRNAC; COSTIN-TUDOR GADEI,136933; 136934,True,6616
WSC2019,04,Mechatronics,JM,Jamaica,33,,657.0,,,MATTHEW GILZENE; NARDICA PHILLIPS,132671; 132670,True,6617
WSC2019,04,Mechatronics,OM,Oman,34,,643.0,,,ASILA AL MAAMARI; MAY AL ISSAEI,138790; 138730,True,6618
WSC2019,04,Mechatronics,CA,Canada,6,Medallion for Excellence,722.0,,,BOGDAN MALYNOVSKYY; MATEUSZ CWALINSKI,138381; 138382,True,6590
WSC2019,04,Mechatronics,HK,"Hong Kong, China",7,Medallion for Excellence,721.0,,,KA MING AU YUENG; KA HO YEUNG,137605; 137606,True,6591
WSC2019,04,Mechatronics,IN,India,7,Medallion for Excellence,721.0,,,SUMANTH SANTEMAVATHURU CHIKKABETTAIAH; MANJUNATHA DESURAKARA,138632; 138633,True,6592
WSC2019,04,Mechatronics,RU,Russia,9,Medallion for Excellence,719.0,,,NIKITA NORKIN; SALAVAT IUSUPOV,138927; 139240,True,6593
WSC2019,05,Mechanical Engineering CAD,BR,Brazil,1,Gold,797.0,True,,LEONARDO SOUZA,136366,True,6619
WSC2019,05,Mechanical Engineering CAD,ID,Indonesia,12,Medallion for Excellence,712.0,,,GREGORIUS GIGA ABDIPATRIA,135112,True,6630
WSC2019,05,Mechanical Engineering CAD,VN,Vietnam,13,Medallion for Excellence,705.0,,,VU TRONG DAT,136477,True,6631
WSC2019,05,Mechanical Engineering CAD,CH,Switzerland,14,Medallion for Excellence,703.0,,,SIMON HERZOG,134938,True,6632
WSC2019,05,Mechanical Engineering CAD,AT,Austria,15,Medallion for Excellence,701.0,,,MIKE ADE,135340,True,6633
WSC2019,05,Mechanical Engineering CAD,SG,Singapore,16,Medallion for Excellence,700.0,,,YI CI TEY,132200,True,6634
WSC2019,05,Mechanical Engineering CAD,UK,United Kingdom,17,,696.0,,,ROSS MEGAHY,137102,True,6635
WSC2019,05,Mechanical Engineering CAD,NL,Netherlands,18,,695.0,,,IKE VERMEULEN,137403,True,6636
WSC2019,05,Mechanical Engineering CAD,HK,"Hong Kong, China",19,,688.0,,,TING FUNG CHAN,137604,True,6637
WSC2019,05,Mechanical Engineering CAD,KR,Korea,2,Silver,776.0,,,SEUNG-BIN IM,134869,True,6620
WSC2019,05,Mechanical Engineering CAD,IN,India,20,,687.0,,,XENOPHON DAS,138760,True,6638
WSC2019,05,Mechanical Engineering CAD,MY,Malaysia,21,,685.0,,,MEGAT MUHAMMAD NURHAN MUNIR,135443,True,6639
WSC2019,05,Mechanical Engineering CAD,PT,Portugal,22,,682.0,,,FRANCISCO OLIVEIRA,138191,True,6640
WSC2019,05,Mechanical Engineering CAD,US,United States of America,23,,675.0,,,BEN CAMPBELL,134713,True,6641
WSC2019,05,Mechanical Engineering CAD,BY,Belarus,24,,668.0,,,ULADZISLAU DZERVAN,138500,True,6642
WSC2019,05,Mechanical Engineering CAD,IT,"South Tyrol, Italy",25,,666.0,,,PATRICK SANIN,137223,True,6643
WSC2019,05,Mechanical Engineering CAD,ES,Spain,26,,661.0,,,SERGIO PINILLOS,137739,True,6644
WSC2019,05,Mechanical Engineering CAD,KZ,Kazakhstan,27,,660.0,,,DENIS ZORIN,139059,True,6645
WSC2019,05,Mechanical Engineering CAD,SE,Sweden,28,,649.0,,,THEO ZEMACK,133848,True,6646
WSC2019,05,Mechanical Engineering CAD,JM,Jamaica,29,,639.0,,,ANDRE CAMPBELL,132752,True,6647
WSC2019,05,Mechanical Engineering CAD,CO,Colombia,3,Bronze,742.0,,,JENIFER CARDONA GUEVARA,136600,True,6621
WSC2019,05,Mechanical Engineering CAD,OM,Oman,30,,636.0,,,MOHAMED AL HARTHY,138853,True,6648
WSC2019,05,Mechanical Engineering CAD,MX,Mexico,31,,631.0,,,CARLOS OMAR FLORES NEGRETE,137789,True,6649
WSC2019,05,Mechanical Engineering CAD,CN,China,4,Medallion for Excellence,735.0,,,CHUZHEN LIN,138053,True,6622
WSC2019,05,Mechanical Engineering CAD,TW,Chinese Taipei,5,Medallion for Excellence,727.0,,,WEN-SHENG LI,136729,True,6623
WSC2019,05,Mechanical Engineering CAD,JP,Japan,6,Medallion for Excellence,722.0,,,TATSUYA NUMAHATA,134560,True,6624
WSC2019,05,Mechanical Engineering CAD,RU,Russia,7,Medallion for Excellence,720.0,,,STANISLAV DZHUMANIAZOV,138916,True,6625
WSC2019,05,Mechanical Engineering CAD,CA,Canada,8,Medallion for Excellence,719.0,,,RAOUL SURPRENANT,132746,True,6626
WSC2019,05,Mechanical Engineering CAD,FR,France,9,Medallion for Excellence,716.0,,,ADRIEN MARY,136117,True,6627
WSC2019,05,Mechanical Engineering CAD,IR,Iran,9,Medallion for Excellence,716.0,,,MORTEZA OMIDI,138160,True,6628
WSC2019,05,Mechanical Engineering CAD,TH,Thailand,9,Medallion for Excellence,716.0,,,NATHAN SAMANSANTI,137483,True,6629
WSC2019,06,CNC Turning,CN,China,1,Gold,766.0,True,,XIAOCHENG HUANG,138045,True,6650
WSC2019,06,CNC Turning,TW,Chinese Taipei,10,Medallion for Excellence,722.0,,,CHUNG HSUAN LIN,136735,True,6659
WSC2019,06,CNC Turning,AT,Austria,11,Medallion for Excellence,719.0,,,ALEXANDER ABSMANN,135335,True,6660
WSC2019,06,CNC Turning,VN,Vietnam,12,Medallion for Excellence,717.0,True,,PHAN VAN QUOC,136474,True,6661
WSC2019,06,CNC Turning,SG,Singapore,13,Medallion for Excellence,708.0,,,ALEX ONG,132197,True,6662
WSC2019,06,CNC Turning,FR,France,14,Medallion for Excellence,702.0,,,GABRIEL SAINTRAIS,136112,True,6663
WSC2019,06,CNC Turning,FI,Finland,15,,698.0,,,NIKO MÄHÖNEN,134599,True,6664
WSC2019,06,CNC Turning,NL,Netherlands,15,,698.0,,,JAN WILLEM TEN HAG,137382,True,6665
WSC2019,06,CNC Turning,IN,India,17,,697.0,,,ABINASH SWAIN,138278,True,6666
WSC2019,06,CNC Turning,UK,United Kingdom,17,,697.0,,,JACK MCCARTHY,137096,True,6667
WSC2019,06,CNC Turning,BY,Belarus,19,,692.0,,,DZMITRY HRUK,138506,True,6668
WSC2019,06,CNC Turning,BR,Brazil,2,Silver,750.0,,,LEONARDO ESCOLA,136385,True,6652
WSC2019,06,CNC Turning,CH,Switzerland,2,Silver,751.0,,,LUKAS ALBERT MUTH,134934,True,6651
WSC2019,06,CNC Turning,JP,Japan,2,Silver,749.0,,,MIHO KUMON,134552,True,6653
WSC2019,06,CNC Turning,SE,Sweden,20,,686.0,,,MARKUS HANSSON,134006,True,6669
WSC2019,06,CNC Turning,NO,Norway,21,,685.0,,,SONDRE A. LARSEN,135186,True,6670
WSC2019,06,CNC Turning,CA,Canada,22,,683.0,,,RASHAD ALI,138377,True,6671
WSC2019,06,CNC Turning,ZA,South Africa,23,,682.0,,,ADRIAN MOONSAMY,138227,True,6672
WSC2019,06,CNC Turning,MN,Mongolia,24,,680.0,,,TSOGTSAIKHAN TUMURBAATAR,137311,True,6673
WSC2019,06,CNC Turning,ID,Indonesia,25,,679.0,,,DIMAS ALVIAN PUTRA SETIAWAN,135114,True,6674
WSC2019,06,CNC Turning,CO,Colombia,26,,678.0,,,ERIKA PAOLA SUAREZ SUAREZ,137537,True,6675
WSC2019,06,CNC Turning,KZ,Kazakhstan,27,,674.0,,,TEMIRLAN ORYNOV,139045,True,6676
WSC2019,06,CNC Turning,OM,Oman,28,,663.0,,,EYAS AL-MAQBALI,138851,True,6677
WSC2019,06,CNC Turning,TH,Thailand,5,Medallion for Excellence,745.0,True,,WUTTICHAI PLIGSANG,137494,True,6654
WSC2019,06,CNC Turning,KR,Korea,6,Medallion for Excellence,744.0,,,DEUK-HEE JUNG,134778,True,6655
WSC2019,06,CNC Turning,DK,Denmark,7,Medallion for Excellence,730.0,,,CASPER RASMUSSEN,135371,True,6656
WSC2019,06,CNC Turning,RU,Russia,8,Medallion for Excellence,728.0,,,EGOR ZHADAN,138938,True,6657
WSC2019,06,CNC Turning,DE,Germany,9,Medallion for Excellence,726.0,,,SIMON PANKRATZ,136677,True,6658
WSC2019,07,CNC Milling,CN,China,1,Gold,729.0,,,ZHENJI TIAN,138044,True,6678
WSC2019,07,CNC Milling,TW,Chinese Taipei,10,Medallion for Excellence,714.0,,,WEI-SIANG LIN,137941,True,6687
WSC2019,07,CNC Milling,PT,Portugal,11,Medallion for Excellence,710.0,,,RUI CARVALHO,133645,True,6688
WSC2019,07,CNC Milling,SG,Singapore,12,Medallion for Excellence,704.0,,,JIAN XING LIN,132196,True,6689
WSC2019,07,CNC Milling,DE,Germany,13,Medallion for Excellence,702.0,,,TIM BAUR,136676,True,6690
WSC2019,07,CNC Milling,FR,France,14,Medallion for Excellence,700.0,,,JORDAN PLATZ,136111,True,6693
WSC2019,07,CNC Milling,LI,Principality of Liechtenstein,14,Medallion for Excellence,700.0,,,LUZIAN CLAVADETSCHER,134027,True,6691
WSC2019,07,CNC Milling,UK,United Kingdom,14,Medallion for Excellence,700.0,,,ELLIOT DAWSON,137095,True,6692
WSC2019,07,CNC Milling,CA,Canada,17,,694.0,,,KEVEN TREMBLAY,138376,True,6694
WSC2019,07,CNC Milling,SE,Sweden,18,,691.0,,,KRISTOFFER SEGER,133840,True,6695
WSC2019,07,CNC Milling,MX,Mexico,19,,687.0,True,,JONATHAN FRANCISCO HERNANDEZ VITELA,136023,True,6696
WSC2019,07,CNC Milling,JP,Japan,2,Silver,726.0,,,YUTO KIKUCHI,134551,True,6680
WSC2019,07,CNC Milling,KR,Korea,2,Silver,726.0,,,SEONG-MIN KIM,134806,True,6679
WSC2019,07,CNC Milling,VN,Vietnam,2,Silver,725.0,,,TRUONG THE DIEU,136473,True,6681
WSC2019,07,CNC Milling,IN,India,20,,684.0,,,GANESAN RAMAKRISHNAN,139389,True,6697
WSC2019,07,CNC Milling,CO,Colombia,21,,681.0,,,SEBASTIAN CASTRO VARGAS,137553,True,6698
WSC2019,07,CNC Milling,US,United States of America,22,,680.0,,,SCOTT MAY,134711,True,6699
WSC2019,07,CNC Milling,HR,Croatia,23,,679.0,,,STEFAN ĐURIĆ,135598,True,6701
WSC2019,07,CNC Milling,NL,Netherlands,23,,679.0,,,DANIEL VAN VOORTHUIZEN,137381,True,6700
WSC2019,07,CNC Milling,ES,Spain,25,,677.0,,,GUILLERMO MARTÍNEZ,137663,True,6702
WSC2019,07,CNC Milling,BY,Belarus,26,,675.0,,,MIKITA KLIUCHNIK,138507,True,6704
WSC2019,07,CNC Milling,MA,Morocco,26,,675.0,,,RAFIQ AFIFI,138896,True,6703
WSC2019,07,CNC Milling,CL,Chile,28,,672.0,,,ALEJANDRO ROA,139432,True,6705
WSC2019,07,CNC Milling,OM,Oman,29,,671.0,,,ABDUL RAHMAN AL-HAJRI,138850,True,6706
WSC2019,07,CNC Milling,PL,Poland,30,,665.0,,,PATRYK RUDŹ,137288,True,6707
WSC2019,07,CNC Milling,RU,Russia,31,,232.0,True,,MIKHAIL VORONTCOV,138940,True,6708
WSC2019,07,CNC Milling,TH,Thailand,5,Bronze,723.0,,,PATCHARAPOL SUGKONG,137493,True,6682
WSC2019,07,CNC Milling,AT,Austria,6,Medallion for Excellence,722.0,,,MIKE FINK,135334,True,6683
WSC2019,07,CNC Milling,BR,Brazil,7,Medallion for Excellence,721.0,,,ALLAN SCHOLZE,136371,True,6684
WSC2019,07,CNC Milling,CH,Switzerland,8,Medallion for Excellence,718.0,,,MARKUS HINTERMANN,134933,True,6685
WSC2019,07,CNC Milling,ID,Indonesia,8,Medallion for Excellence,718.0,,,ARVIAN ISWAHYUDI,135076,True,6686
WSC2019,08,Architectural Stonemasonry,CN,China,1,Gold,743.0,,,QUAN ZHENG,138011,True,6709
WSC2019,08,Architectural Stonemasonry,CH,Switzerland,10,,676.0,,,MAX KOHLI,134916,True,6718
WSC2019,08,Architectural Stonemasonry,JP,Japan,11,,658.0,,,KEIGO UEDA,134527,True,6719
WSC2019,08,Architectural Stonemasonry,AT,Austria,2,Silver,736.0,,,SEBASTIAN RUDOLF WIENERROITHER,135285,True,6710
WSC2019,08,Architectural Stonemasonry,FR,France,2,Silver,735.0,,,ALLAN BONTEMPS,136087,True,6711
WSC2019,08,Architectural Stonemasonry,RU,Russia,4,Medallion for Excellence,710.0,,,ILMIR SAITBATALOV,138962,True,6712
WSC2019,08,Architectural Stonemasonry,HU,Hungary,5,Medallion for Excellence,705.0,,,KRISZTIAN BALOGH,136494,True,6713
WSC2019,08,Architectural Stonemasonry,KR,Korea,6,Medallion for Excellence,700.0,,,SAN LEE,136065,True,6714
WSC2019,08,Architectural Stonemasonry,BR,Brazil,7,,698.0,,,NIKOLAS COSTA,136342,True,6715
WSC2019,08,Architectural Stonemasonry,UK,United Kingdom,8,,691.0,,,ETHAN CONLON,137074,True,6716
WSC2019,08,Architectural Stonemasonry,DE,Germany,9,,680.0,,,JULIAN WALLY,136664,True,6717
WSC2019,09,IT Software Solutions for Business,TW,Chinese Taipei,1,Gold,754.0,,,JIA-HE TU,136739,True,6720
WSC2019,09,IT Software Solutions for Business,CH,Switzerland,10,Medallion for Excellence,718.0,,,BRYAN TABINAS,134956,True,6729
WSC2019,09,IT Software Solutions for Business,FI,Finland,10,Medallion for Excellence,718.0,,,EEMIL AHONEN,134594,True,6730
WSC2019,09,IT Software Solutions for Business,VN,Vietnam,12,Medallion for Excellence,714.0,,,TRAN VAN PHUC,136471,True,6731
WSC2019,09,IT Software Solutions for Business,MY,Malaysia,13,Medallion for Excellence,712.0,,,CHUAN CHUAN YOU,135405,True,6732
WSC2019,09,IT Software Solutions for Business,IN,India,14,Medallion for Excellence,700.0,,,GURSHEESH SINGH CHAWLA,138762,True,6733
WSC2019,09,IT Software Solutions for Business,CO,Colombia,15,,699.0,,,ADRIAN FARID RUIZ MONTAÑA,136601,True,6734
WSC2019,09,IT Software Solutions for Business,HR,Croatia,15,,699.0,,,JOSIP HORVAT,135597,True,6735
WSC2019,09,IT Software Solutions for Business,DE,Germany,17,,697.0,,,BENJAMIN FROST,138329,True,6736
WSC2019,09,IT Software Solutions for Business,HK,"Hong Kong, China",18,,696.0,,,CHUNG PAN GUENTER WONG,137601,True,6737
WSC2019,09,IT Software Solutions for Business,LI,Principality of Liechtenstein,19,,686.0,,,DOMINIK MANSER,134026,True,6738
WSC2019,09,IT Software Solutions for Business,ID,Indonesia,2,Silver,751.0,True,,HENGKY SANJAYA,135119,True,6721
WSC2019,09,IT Software Solutions for Business,JP,Japan,20,,682.0,,,TOSHIO SUGAWARA,134547,True,6739
WSC2019,09,IT Software Solutions for Business,MA,Morocco,20,,682.0,,,HAMZA MOUKHLIS,138895,True,6740
WSC2019,09,IT Software Solutions for Business,AE,United Arab Emirates,22,,676.0,,,ABDUL RAHMAN BA NABILA,138686,True,6741
WSC2019,09,IT Software Solutions for Business,PH,Philippines,23,,673.0,,,ANTHONY CABIGAYAN,136000,True,6742
WSC2019,09,IT Software Solutions for Business,KZ,Kazakhstan,24,,659.0,,,MAXIM SOKOLOVSKIY,139061,True,6743
WSC2019,09,IT Software Solutions for Business,BY,Belarus,25,,654.0,,,ULADZISLAU KOMAR,138497,True,6744
WSC2019,09,IT Software Solutions for Business,OM,Oman,26,,651.0,,,LOAY AL-HABSI,138846,True,6745
WSC2019,09,IT Software Solutions for Business,ZA,South Africa,27,,643.0,,,NKOSINATHI MABUZA,138226,True,6746
WSC2019,09,IT Software Solutions for Business,IR,Iran,3,Bronze,742.0,True,,MAHYAR JABARI,138155,True,6722
WSC2019,09,IT Software Solutions for Business,BR,Brazil,4,Medallion for Excellence,737.0,,,GABRIEL RIBEIRO,136361,True,6723
WSC2019,09,IT Software Solutions for Business,CN,China,4,Medallion for Excellence,737.0,,,YIDONG WANG,138090,True,6724
WSC2019,09,IT Software Solutions for Business,KR,Korea,6,Medallion for Excellence,736.0,,,MIN-JI LEE,134856,True,6725
WSC2019,09,IT Software Solutions for Business,SG,Singapore,7,Medallion for Excellence,725.0,,,KAI QI YONG,133539,True,6726
WSC2019,09,IT Software Solutions for Business,MO,"Macao, China",8,Medallion for Excellence,720.0,,,KA HEI CHAO,137562,True,6727
WSC2019,09,IT Software Solutions for Business,RU,Russia,9,Medallion for Excellence,719.0,,,KRISTINA ZHELTOVA,139348,True,6728
WSC2019,10,Welding,CN,China,1,Gold,734.0,,,FUBO ZHAO,138125,True,6747
WSC2019,10,Welding,RU,Russia,1,Gold,733.0,,,VLADIMIR BABOSHKIN,138937,True,6748
WSC2019,10,Welding,MY,Malaysia,11,Medallion for Excellence,714.0,,,MOHAMAD AMIROL AMIN MOHAMAD ZAMRI,135408,True,6757
WSC2019,10,Welding,MN,Mongolia,12,Medallion for Excellence,711.0,True,,OYUN-ERDENE TUMURKHUYAG,137310,True,6758
WSC2019,10,Welding,NL,Netherlands,13,Medallion for Excellence,709.0,,,HUGO RIJSMAN,137404,True,6759
WSC2019,10,Welding,PT,Portugal,14,Medallion for Excellence,707.0,,,ANDRÉ PEDROSA,138194,True,6760
WSC2019,10,Welding,FI,Finland,15,Medallion for Excellence,704.0,,,MIIKA VIITALA,134606,True,6762
WSC2019,10,Welding,IN,India,15,Medallion for Excellence,704.0,,,KOTESHWAR REDDY GOLIPALLY,138638,True,6761
WSC2019,10,Welding,ZA,South Africa,17,Medallion for Excellence,703.0,,,STEFAN LOTTERING,138238,True,6763
WSC2019,10,Welding,SE,Sweden,18,Medallion for Excellence,702.0,,,AXEL GUSTAFSSON,133947,True,6764
WSC2019,10,Welding,IE,Ireland,19,Medallion for Excellence,700.0,,,CHRISTOPHER KEHOE,137344,True,6765
WSC2019,10,Welding,NO,Norway,19,Medallion for Excellence,700.0,,,MAGNHILD BIRGITTE VANEBO,135190,True,6766
WSC2019,10,Welding,NZ,New Zealand,21,,693.0,,,MATT NIELSEN,135659,True,6767
WSC2019,10,Welding,VN,Vietnam,21,,693.0,,,LE TRUNG HIEU,136481,True,6768
WSC2019,10,Welding,ES,Spain,23,,688.0,,,RAÚL MARTÍN,137667,True,6769
WSC2019,10,Welding,CO,Colombia,24,,686.0,,,KEVIN JAIR DE LA CRUZ CERVANTES,136602,True,6770
WSC2019,10,Welding,KZ,Kazakhstan,24,,686.0,,,ZHANARYS ELIPBAYEV,139046,True,6771
WSC2019,10,Welding,BE,Belgium,26,,678.0,,,YVES VAN BOGAERT,137952,True,6772
WSC2019,10,Welding,CH,Switzerland,27,,676.0,,,SEBASTIAN ZENHÄUSERN,134944,True,6773
WSC2019,10,Welding,AT,Austria,28,,674.0,,,LUKAS STIEGELBAUER,135351,True,6775
WSC2019,10,Welding,BY,Belarus,28,,674.0,,,ALIAKSANDR FRALOU,138505,True,6774
WSC2019,10,Welding,BR,Brazil,3,Bronze,727.0,,,RALPH CRESPO,136384,True,6749
WSC2019,10,Welding,JP,Japan,3,Bronze,725.0,,,YUTA YOSHIDA,134573,True,6750
WSC2019,10,Welding,KR,Korea,3,Bronze,725.0,,,WON-JIN CHOI,134878,True,6751
WSC2019,10,Welding,SA,Saudi Arabia,30,,670.0,True,,HASSAN HUSSAIN ALRASHED,139120,True,6776
WSC2019,10,Welding,EE,Estonia,31,,668.0,,,ARTEM SAPELKIN,138103,True,6777
WSC2019,10,Welding,HK,"Hong Kong, China",32,,663.0,,,TUK LEUNG LAM,137609,True,6778
WSC2019,10,Welding,OM,Oman,33,,658.0,,,MAZIN AL-KAHALI,138713,True,6779
WSC2019,10,Welding,PL,Poland,34,,656.0,,,ZWIERZCHOWSKI SEBASTIAN,137293,True,6780
WSC2019,10,Welding,NA,Namibia,35,,652.0,,,PETER MWETUNYENENA,137063,True,6781
WSC2019,10,Welding,JM,Jamaica,36,,649.0,,,RICARDO DEAN CAMPBELL,132675,True,6782
WSC2019,10,Welding,KW,Kuwait,37,,647.0,,,SAYED ALHASHEMI,138674,True,6783
WSC2019,10,Welding,BH,Kingdom of Bahrain,38,,645.0,,,SAYED ABBAS,138750,True,6784
WSC2019,10,Welding,US,United States of America,6,Medallion for Excellence,723.0,,,RYAN FINCHER,135813,True,6752
WSC2019,10,Welding,ID,Indonesia,7,Medallion for Excellence,718.0,,,SALYAN ALQOSIMI,135121,True,6754
WSC2019,10,Welding,TW,Chinese Taipei,7,Medallion for Excellence,718.0,,,CHUNG-YI KUO,136719,True,6753
WSC2019,10,Welding,CA,Canada,9,Medallion for Excellence,716.0,,,ADAM SEBASTIAN,138383,True,6755
WSC2019,10,Welding,TH,Thailand,9,Medallion for Excellence,716.0,,,SARANPONG DITSANON,137491,True,6756
WSC2019,11,Print Media Technology,AT,Austria,1,Gold,726.0,,,CHRISTOF BABINGER,135332,True,6785
WSC2019,11,Print Media Technology,RU,Russia,1,Gold,725.0,,,ELIZAVETA STEPANOVA,138949,True,6786
WSC2019,11,Print Media Technology,HK,"Hong Kong, China",10,,683.0,,,CHUN LEUNG LAI,137602,True,6794
WSC2019,11,Print Media Technology,IN,India,11,,680.0,,,SHRENIK JITENDRA GUGALE,138283,True,6795
WSC2019,11,Print Media Technology,KZ,Kazakhstan,12,,677.0,,,IGOR YEGOROV,139080,True,6796
WSC2019,11,Print Media Technology,FI,Finland,13,,673.0,,,KATARIINA KOMULAINEN,134595,True,6797
WSC2019,11,Print Media Technology,BE,Belgium,14,,667.0,,,CLÉMENT DERNONCOURT,137914,True,6798
WSC2019,11,Print Media Technology,EE,Estonia,15,,652.0,,,JELIZAVETA TŠUVPILO,138102,True,6799
WSC2019,11,Print Media Technology,CH,Switzerland,3,Bronze,721.0,,,DARIO COLUCCI,134957,True,6787
WSC2019,11,Print Media Technology,CN,China,4,Medallion for Excellence,712.0,,,ZAIJIE ZHANG,138041,True,6788
WSC2019,11,Print Media Technology,FR,France,5,Medallion for Excellence,710.0,,,THOMAS BESSON,136110,True,6789
WSC2019,11,Print Media Technology,JP,Japan,6,Medallion for Excellence,709.0,,,RYUYA YUJI,134549,True,6790
WSC2019,11,Print Media Technology,BR,Brazil,7,Medallion for Excellence,708.0,,,ANDRESSA SOUZA,136362,True,6791
WSC2019,11,Print Media Technology,DE,Germany,8,Medallion for Excellence,700.0,,,JESSICA STURM,138084,True,6792
WSC2019,11,Print Media Technology,US,United States of America,9,,692.0,,,BRITTANY WHITESTONE,134709,True,6793
WSC2019,12,Wall and Floor Tiling,CH,Switzerland,1,Gold,735.0,,,RENATO LEO MEIER,134928,True,6801
WSC2019,12,Wall and Floor Tiling,DE,Germany,1,Gold,736.0,True,,JANIS GENTNER,136672,True,6800
WSC2019,12,Wall and Floor Tiling,TW,Chinese Taipei,12,Medallion for Excellence,701.0,,,WEN-CHENG YANG,137940,True,6811
WSC2019,12,Wall and Floor Tiling,SE,Sweden,13,Medallion for Excellence,700.0,,,FILIP SANDGREN,133845,True,6812
WSC2019,12,Wall and Floor Tiling,BY,Belarus,14,,695.0,,,KANSTANTSIN BERAZENKA,138802,True,6813
WSC2019,12,Wall and Floor Tiling,FR,France,14,,695.0,,,VLAD CROITORU,136102,True,6814
WSC2019,12,Wall and Floor Tiling,ID,Indonesia,16,,691.0,,,AKHMAD SAYUTI,135081,True,6815
WSC2019,12,Wall and Floor Tiling,TH,Thailand,17,,680.0,,,SAHARATH NGAMSUK,138492,True,6816
WSC2019,12,Wall and Floor Tiling,VN,Vietnam,18,,679.0,,,DUONG QUANG HUY,136488,True,6817
WSC2019,12,Wall and Floor Tiling,EE,Estonia,19,,672.0,,,MARKUS HANSON,138098,True,6818
WSC2019,12,Wall and Floor Tiling,HK,"Hong Kong, China",19,,672.0,,,WING KIT CHAN,137939,True,6819
WSC2019,12,Wall and Floor Tiling,MY,Malaysia,21,,669.0,,,CHE WAN MOHAMAD AMIERWAN CHE WAN MD. AMIN,135403,True,6820
WSC2019,12,Wall and Floor Tiling,CO,Colombia,22,,662.0,,,ANDERSON CARVAJAL MARTINEZ,137541,True,6821
WSC2019,12,Wall and Floor Tiling,NL,Netherlands,23,,651.0,,,DAAN HOOGLUGT,137380,True,6822
WSC2019,12,Wall and Floor Tiling,KZ,Kazakhstan,24,,650.0,,,SABYRZHAN DUISENBEKOV,139870,True,6823
WSC2019,12,Wall and Floor Tiling,NA,Namibia,25,,618.0,,,UENDJIPA TJIPE,136979,True,6824
WSC2019,12,Wall and Floor Tiling,BR,Brazil,3,Bronze,722.0,,,LUCAS GOMES,136335,True,6803
WSC2019,12,Wall and Floor Tiling,RU,Russia,3,Bronze,723.0,,,DANIIL SHMYDOV,138970,True,6802
WSC2019,12,Wall and Floor Tiling,IN,India,5,Medallion for Excellence,720.0,,,MOHAMMED RABITH KUNNAMPALLI,138615,True,6804
WSC2019,12,Wall and Floor Tiling,DK,Denmark,6,Medallion for Excellence,719.0,,,SAMUEL BIRK AXELSEN,137116,True,6805
WSC2019,12,Wall and Floor Tiling,IT,"South Tyrol, Italy",6,Medallion for Excellence,719.0,,,JONAS LUTZ,137217,True,6806
WSC2019,12,Wall and Floor Tiling,CN,China,8,Medallion for Excellence,712.0,,,XUEFENG ZHANG,138027,True,6807
WSC2019,12,Wall and Floor Tiling,AT,Austria,9,Medallion for Excellence,709.0,,,FLORIAN FRANZ SCHEUCHER,135325,True,6808
WSC2019,12,Wall and Floor Tiling,KR,Korea,9,Medallion for Excellence,709.0,,,HWAN-WOO KIM,134850,True,6809
WSC2019,12,Wall and Floor Tiling,UK,United Kingdom,9,Medallion for Excellence,709.0,,,MARK SCOTT,137085,True,6810
WSC2019,13,Autobody Repair,CN,China,1,Gold,731.0,,,AOMEN XU,137294,True,6825
WSC2019,13,Autobody Repair,IN,India,10,Medallion for Excellence,705.0,,,SURAJ XXXX,138276,True,6834
WSC2019,13,Autobody Repair,NO,Norway,11,Medallion for Excellence,700.0,,,ARNE BERRE,135196,True,6835
WSC2019,13,Autobody Repair,SE,Sweden,12,,695.0,,,OSKAR THULIN,133842,True,6836
WSC2019,13,Autobody Repair,FI,Finland,13,,694.0,,,ALEKSI MASTOSALO,134597,True,6837
WSC2019,13,Autobody Repair,US,United States of America,14,,690.0,,,DAVID FORS,134721,True,6838
WSC2019,13,Autobody Repair,AT,Austria,15,,688.0,,,DOMINIK EIDLER,135358,True,6839
WSC2019,13,Autobody Repair,BY,Belarus,16,,679.0,,,YAUHENI PAPKOU,138526,True,6840
WSC2019,13,Autobody Repair,CA,Canada,17,,677.0,,,MUHAMMAD AFZAL,138389,True,6841
WSC2019,13,Autobody Repair,ES,Spain,18,,676.0,,,GABRIEL TUDOR,137674,True,6842
WSC2019,13,Autobody Repair,ZA,South Africa,19,,666.0,,,JACOBUS COETZEE,139359,True,6843
WSC2019,13,Autobody Repair,TW,Chinese Taipei,2,Silver,728.0,,,XIANG-YU YAN,136741,True,6826
WSC2019,13,Autobody Repair,KZ,Kazakhstan,20,,664.0,,,KASYM YESTAEV,139131,True,6844
WSC2019,13,Autobody Repair,ID,Indonesia,21,,656.0,,,DAFFA NAUFAL PUTRA,135064,True,6845
WSC2019,13,Autobody Repair,CH,Switzerland,3,Bronze,720.0,,,SANDRO SÄGESSER,134952,True,6829
WSC2019,13,Autobody Repair,FR,France,3,Bronze,722.0,,,ARNAUD MARANDET,136125,True,6827
WSC2019,13,Autobody Repair,JP,Japan,3,Bronze,721.0,,,KOKI KATO,134579,True,6828
WSC2019,13,Autobody Repair,RU,Russia,6,Medallion for Excellence,719.0,,,MAKSIM KRUGLOV,139006,True,6830
WSC2019,13,Autobody Repair,DK,Denmark,7,Medallion for Excellence,714.0,,,SIMON JACOBSEN,137127,True,6831
WSC2019,13,Autobody Repair,KR,Korea,8,Medallion for Excellence,710.0,,,JAE-MIN CHOI,134883,True,6832
WSC2019,13,Autobody Repair,BR,Brazil,9,Medallion for Excellence,709.0,,,LUCAS GOMES,136387,True,6833
WSC2019,14,Aircraft Maintenance,UK,United Kingdom,1,Gold,746.0,,,HAYDN JAKES,137111,True,6846
WSC2019,14,Aircraft Maintenance,NZ,New Zealand,10,,695.0,True,,JACK WESTCOTT,135663,True,6855
WSC2019,14,Aircraft Maintenance,FR,France,11,,689.0,,,JULIEN GENIBEL,136227,True,6856
WSC2019,14,Aircraft Maintenance,KR,Korea,12,,679.0,,,YEON-HO KIM,135493,True,6857
WSC2019,14,Aircraft Maintenance,US,United States of America,13,,668.0,,,ALEX MILLIKAN,134720,True,6858
WSC2019,14,Aircraft Maintenance,IN,India,14,,663.0,,,SRI GANESHA ANANDA,138795,True,6859
WSC2019,14,Aircraft Maintenance,SA,Saudi Arabia,15,,630.0,,,IDREES ALHEJJI,139089,True,6860
WSC2019,14,Aircraft Maintenance,ZA,South Africa,16,,629.0,,,AHMAD MLIMA,139066,True,6861
WSC2019,14,Aircraft Maintenance,CN,China,2,Silver,742.0,,,ZHONGSHENG YE,138071,True,6848
WSC2019,14,Aircraft Maintenance,RU,Russia,2,Silver,743.0,,,NIKOLAY PILYUSHENKO,139007,True,6847
WSC2019,14,Aircraft Maintenance,TW,Chinese Taipei,4,Medallion for Excellence,720.0,,,CHENG-TING CHANG,136746,True,6849
WSC2019,14,Aircraft Maintenance,CA,Canada,5,Medallion for Excellence,710.0,,,GRÉGOIRE MICHETTI,138388,True,6850
WSC2019,14,Aircraft Maintenance,SG,Singapore,6,Medallion for Excellence,708.0,,,JUN WEI LAU,132209,True,6851
WSC2019,14,Aircraft Maintenance,BR,Brazil,7,Medallion for Excellence,704.0,,,GABRIEL HOFFMANN,136388,True,6853
WSC2019,14,Aircraft Maintenance,IE,Ireland,7,Medallion for Excellence,704.0,,,CORMAC THOMPSON,137004,True,6852
WSC2019,14,Aircraft Maintenance,SE,Sweden,9,,696.0,,,DAVID PETERSSON,133841,True,6854
WSC2019,15,Plumbing and Heating,KR,Korea,1,Gold,750.0,True,,WOOEUI JO,134849,True,6862
WSC2019,15,Plumbing and Heating,RU,Russia,10,Medallion for Excellence,714.0,,,DMITRII MALINOV,138973,True,6871
WSC2019,15,Plumbing and Heating,AT,Austria,11,Medallion for Excellence,711.0,,,MATHIAS FILL,135323,True,6872
WSC2019,15,Plumbing and Heating,SE,Sweden,12,Medallion for Excellence,707.0,,,ANTON HASENSTRAUCH,133843,True,6873
WSC2019,15,Plumbing and Heating,BR,Brazil,13,Medallion for Excellence,702.0,,,RAIMUNDO LUZ FARIAS,136346,True,6874
WSC2019,15,Plumbing and Heating,IE,Ireland,13,Medallion for Excellence,702.0,,,JACK O'DONNELL,136998,True,6875
WSC2019,15,Plumbing and Heating,HU,Hungary,15,Medallion for Excellence,700.0,,,BALAZS MATE TOROK,136503,True,6878
WSC2019,15,Plumbing and Heating,NL,Netherlands,15,Medallion for Excellence,700.0,,,SANDER DAMSMA,137385,True,6876
WSC2019,15,Plumbing and Heating,TW,Chinese Taipei,15,Medallion for Excellence,700.0,,,CHE-WEI HSU,136748,True,6877
WSC2019,15,Plumbing and Heating,ES,Spain,18,,696.0,,,MARIO GONZÁLEZ,137656,True,6879
WSC2019,15,Plumbing and Heating,MN,Mongolia,19,,693.0,,,DASHDEREM SUKHGEREL,136624,True,6880
WSC2019,15,Plumbing and Heating,CN,China,2,Silver,735.0,,,YINGZHENG YANG,138025,True,6863
WSC2019,15,Plumbing and Heating,FI,Finland,20,,689.0,,,JUHANA PITKÄLÄ,134589,True,6881
WSC2019,15,Plumbing and Heating,HK,"Hong Kong, China",21,,683.0,,,CHI WAN NG,137634,True,6882
WSC2019,15,Plumbing and Heating,NZ,New Zealand,22,,680.0,,,LAUREN PHILLIPS,135656,True,6883
WSC2019,15,Plumbing and Heating,CA,Canada,23,,679.0,,,TAYLOR OLIVER-MCCALLUM,134333,True,6884
WSC2019,15,Plumbing and Heating,US,United States of America,24,,677.0,,,TIMOTHY GIROUARD,134707,True,6885
WSC2019,15,Plumbing and Heating,IN,India,25,,668.0,,,HIMANSHU VOHRA,138764,True,6886
WSC2019,15,Plumbing and Heating,BY,Belarus,26,,663.0,,,ALIAKSANDR LUKSHA,138512,True,6887
WSC2019,15,Plumbing and Heating,ID,Indonesia,27,,659.0,,,MUHAMMAD FAUZI MUSTAQIM AKKAS,135080,True,6888
WSC2019,15,Plumbing and Heating,ZA,South Africa,28,,653.0,,,KEGAN LUCAS,138221,True,6889
WSC2019,15,Plumbing and Heating,KZ,Kazakhstan,29,,651.0,,,DAMIR ISKANDAROV,139016,True,6890
WSC2019,15,Plumbing and Heating,AU,Australia,3,Bronze,726.0,,,PATRICK KEATING,137320,True,6864
WSC2019,15,Plumbing and Heating,CH,Switzerland,3,Bronze,724.0,,,PATRICK GREPPER,134927,True,6865
WSC2019,15,Plumbing and Heating,NA,Namibia,30,,647.0,,,KOTOKENI NGOLONGA,136985,True,6891
WSC2019,15,Plumbing and Heating,DE,Germany,5,Medallion for Excellence,723.0,,,DOMINIK PHILIPP,138086,True,6866
WSC2019,15,Plumbing and Heating,LI,Principality of Liechtenstein,6,Medallion for Excellence,721.0,True,,NICOLA BATLINER,134024,True,6867
WSC2019,15,Plumbing and Heating,JP,Japan,7,Medallion for Excellence,720.0,,,TSUBASA HAKOISHI,134535,True,6868
WSC2019,15,Plumbing and Heating,FR,France,8,Medallion for Excellence,719.0,,,DIMITRI BOURGIER,136100,True,6869
WSC2019,15,Plumbing and Heating,UK,United Kingdom,9,Medallion for Excellence,716.0,,,THOMAS THOMAS,137863,True,6870
WSC2019,16,Electronics,CH,Switzerland,1,Gold,727.0,,,FLORIAN BAUMGARTNER,134936,True,6893
WSC2019,16,Electronics,CN,China,1,Gold,729.0,,,PAN LIANG,138048,True,6892
WSC2019,16,Electronics,ID,Indonesia,10,Medallion for Excellence,708.0,,,MUKHAMAD KHOIRUL ABDULLOH,135120,True,6901
WSC2019,16,Electronics,FI,Finland,11,Medallion for Excellence,701.0,,,JOONATAN KIVELÄ,134602,True,6902
WSC2019,16,Electronics,MO,"Macao, China",12,Medallion for Excellence,700.0,,,MAN FONG NG,137565,True,6904
WSC2019,16,Electronics,UK,United Kingdom,12,Medallion for Excellence,700.0,,,THOMAS ANDREWS,137098,True,6903
WSC2019,16,Electronics,AE,United Arab Emirates,14,,698.0,,,MOHAMED ALSUWAIDI,138696,True,6905
WSC2019,16,Electronics,IN,India,14,,698.0,,,MANOJ KUMAR,138755,True,6906
WSC2019,16,Electronics,DE,Germany,16,,690.0,,,AARON STRIEGEL,136678,True,6907
WSC2019,16,Electronics,BY,Belarus,17,,686.0,,,ARTEM SEMIRENKO,138508,True,6908
WSC2019,16,Electronics,MY,Malaysia,18,,678.0,,,MUHAMMAD HASBUL ARMAN BIN AZHAR,135414,True,6909
WSC2019,16,Electronics,VN,Vietnam,19,,674.0,,,NGUYEN DUY HIEU,136490,True,6910
WSC2019,16,Electronics,ES,Spain,20,,673.0,,,ERIK RODRÍGUEZ,137664,True,6911
WSC2019,16,Electronics,KZ,Kazakhstan,21,,671.0,,,PAVEL FETISOV,139078,True,6912
WSC2019,16,Electronics,MA,Morocco,21,,671.0,,,YOUSRA ASSALI,138995,True,6913
WSC2019,16,Electronics,JM,Jamaica,23,,669.0,,,ADRIAN SHACKLEFORD,132750,True,6915
WSC2019,16,Electronics,OM,Oman,23,,669.0,,,ABDULLAH AL DHAHLI,138852,True,6914
WSC2019,16,Electronics,JP,Japan,3,Bronze,725.0,,,YUMA KITAMOTO,134554,True,6894
WSC2019,16,Electronics,TW,Chinese Taipei,3,Bronze,725.0,,,LIN CHANG,136806,True,6895
WSC2019,16,Electronics,RU,Russia,5,Medallion for Excellence,721.0,,,IGOR KOTSIUBA,138943,True,6896
WSC2019,16,Electronics,SG,Singapore,6,Medallion for Excellence,720.0,,,MANZEL JOSEPH SEET,132198,True,6897
WSC2019,16,Electronics,KR,Korea,7,Medallion for Excellence,715.0,,,DO-GIL LEE,134864,True,6898
WSC2019,16,Electronics,AT,Austria,8,Medallion for Excellence,710.0,,,SIMON DORRER,135338,True,6900
WSC2019,16,Electronics,BR,Brazil,8,Medallion for Excellence,710.0,,,NATHAN PACIFICO,136368,True,6899
WSC2019,17,Web Technologies,KR,Korea,1,Gold,737.0,,,UN-HO LEE,134858,True,6916
WSC2019,17,Web Technologies,HK,"Hong Kong, China",10,Medallion for Excellence,722.0,True,,KUEN YUET CHEUNG,137603,True,6925
WSC2019,17,Web Technologies,HU,Hungary,11,Medallion for Excellence,720.0,,,AKOS BALOGH,136511,True,6926
WSC2019,17,Web Technologies,MO,"Macao, China",11,Medallion for Excellence,720.0,,,NGAI SENG CHAN,137564,True,6927
WSC2019,17,Web Technologies,BY,Belarus,13,Medallion for Excellence,709.0,,,ALIAKSEI KRUPSKI,138495,True,6928
WSC2019,17,Web Technologies,IR,Iran,14,Medallion for Excellence,708.0,,,HOSSEIN MAKTOOBIAN BAHARANCHI,138156,True,6929
WSC2019,17,Web Technologies,JP,Japan,15,Medallion for Excellence,705.0,,,KANAYA ABE,134550,True,6930
WSC2019,17,Web Technologies,VN,Vietnam,16,Medallion for Excellence,701.0,,,LE THANH DUONG,137584,True,6931
WSC2019,17,Web Technologies,PH,Philippines,17,,699.0,,,PATRICK NEIL NOCEJA,135998,True,6932
WSC2019,17,Web Technologies,CO,Colombia,18,,698.0,,,OSCAR AMADO,134805,True,6933
WSC2019,17,Web Technologies,US,United States of America,18,,698.0,,,MATTHEW VREMAN,134710,True,6934
WSC2019,17,Web Technologies,CH,Switzerland,2,Silver,733.0,,,NICOLAS ETTLIN,134958,True,6918
WSC2019,17,Web Technologies,IN,India,2,Silver,733.0,,,PRANAV UDAYARK NUTALAPATI,138754,True,6917
WSC2019,17,Web Technologies,TW,Chinese Taipei,2,Silver,732.0,,,I-CHIH LIN,136799,True,6919
WSC2019,17,Web Technologies,MA,Morocco,20,,694.0,True,,SOUFIANE LAKHMASSE,139030,True,6935
WSC2019,17,Web Technologies,FI,Finland,21,,693.0,,,HEIKKI MIINALAINEN,134596,True,6936
WSC2019,17,Web Technologies,AE,United Arab Emirates,22,,692.0,,,SULTAN AHMED,138687,True,6937
WSC2019,17,Web Technologies,CA,Canada,22,,692.0,,,HAORUI ZHANG,138375,True,6938
WSC2019,17,Web Technologies,AT,Austria,24,,688.0,,,ALI ABUSUFEAN,135333,True,6939
WSC2019,17,Web Technologies,SE,Sweden,25,,686.0,,,DAVID SOHL,133849,True,6940
WSC2019,17,Web Technologies,ES,Spain,26,,685.0,,,DAVID FRANCO,137662,True,6941
WSC2019,17,Web Technologies,KZ,Kazakhstan,27,,681.0,,,ISMAIL SIMANOV,139079,True,6942
WSC2019,17,Web Technologies,RO,Romania,28,,679.0,True,,MANUEL ILIE DORCA,136992,True,6943
WSC2019,17,Web Technologies,OM,Oman,29,,677.0,,,KHALFAN AL-BUSAIDI,139114,True,6944
WSC2019,17,Web Technologies,CR,Costa Rica,30,,676.0,,,DAVID HUMBERTO VÍQUEZ VALVERDE,137549,True,6945
WSC2019,17,Web Technologies,DE,Germany,31,,675.0,,,ANTONIO GROSZ,138480,True,6946
WSC2019,17,Web Technologies,MX,Mexico,32,,655.0,,,NANCY MARTINEZ RANGEL,137793,True,6947
WSC2019,17,Web Technologies,ID,Indonesia,5,Medallion for Excellence,726.0,,,LUKI CENTURI,135087,True,6921
WSC2019,17,Web Technologies,RU,Russia,5,Medallion for Excellence,726.0,,,IVAN ZHUKOV,138909,True,6922
WSC2019,17,Web Technologies,SG,Singapore,5,Medallion for Excellence,726.0,,,PEI QI TEA,132195,True,6920
WSC2019,17,Web Technologies,BR,Brazil,8,Medallion for Excellence,725.0,,,GILDSON HUGO SANTOS SILVA,136837,True,6923
WSC2019,17,Web Technologies,CN,China,9,Medallion for Excellence,723.0,,,JIALE FENG,138043,True,6924
WSC2019,18,Electrical Installations,CN,China,1,Gold,770.0,,,XINGXING XIAO,138020,True,6948
WSC2019,18,Electrical Installations,CH,Switzerland,10,Medallion for Excellence,723.0,,,BOIJE WIDRIG,134921,True,6957
WSC2019,18,Electrical Installations,NO,Norway,11,Medallion for Excellence,720.0,True,,LORANG STRAND,135199,True,6958
WSC2019,18,Electrical Installations,TH,Thailand,12,Medallion for Excellence,713.0,,,THANATEP PAIMSUK,137469,True,6959
WSC2019,18,Electrical Installations,AT,Austria,13,Medallion for Excellence,709.0,,,STEFAN PRADER,135291,True,6960
WSC2019,18,Electrical Installations,AU,Australia,14,Medallion for Excellence,706.0,,,ANTHONY COBB,137318,True,6961
WSC2019,18,Electrical Installations,HU,Hungary,15,Medallion for Excellence,705.0,,,ISTVAN KREHELY,136878,True,6962
WSC2019,18,Electrical Installations,HK,"Hong Kong, China",16,Medallion for Excellence,702.0,,,YU TAI CHAN,137499,True,6964
WSC2019,18,Electrical Installations,MY,Malaysia,16,Medallion for Excellence,702.0,,,AMIR SYAZWAN SARIDAN,135400,True,6963
WSC2019,18,Electrical Installations,AE,United Arab Emirates,18,Medallion for Excellence,700.0,,,OMAR BA NABILA,138557,True,6966
WSC2019,18,Electrical Installations,SG,Singapore,18,Medallion for Excellence,700.0,,,ZHI CHENG KOH,134894,True,6967
WSC2019,18,Electrical Installations,UK,United Kingdom,18,Medallion for Excellence,700.0,,,THOMAS LEWIS,137078,True,6965
WSC2019,18,Electrical Installations,RU,Russia,2,Silver,751.0,,,DMTRII KOSTIN,138983,True,6950
WSC2019,18,Electrical Installations,TW,Chinese Taipei,2,Silver,752.0,,,YU-JING LIN,137812,True,6949
WSC2019,18,Electrical Installations,ID,Indonesia,21,,699.0,,,FIRLI RIZKI NUR ADHA,135079,True,6969
WSC2019,18,Electrical Installations,PH,Philippines,21,,699.0,,,JOHN JAY ABINAL,136004,True,6968
WSC2019,18,Electrical Installations,FR,France,23,,698.0,,,VALENTIN RIOBE,136097,True,6970
WSC2019,18,Electrical Installations,IN,India,24,,696.0,,,VAIBHAV SURESH RAUT,138816,True,6971
WSC2019,18,Electrical Installations,IR,Iran,25,,690.0,,,HAMIDREZA REZAEI,138144,True,6972
WSC2019,18,Electrical Installations,CA,Canada,26,,689.0,,,RYAN FOLK,138351,True,6973
WSC2019,18,Electrical Installations,IE,Ireland,27,,683.0,,,GLEN MCNAMARA,136997,True,6974
WSC2019,18,Electrical Installations,BY,Belarus,28,,681.0,,,ANDREI YERMAK,138515,True,6975
WSC2019,18,Electrical Installations,DE,Germany,29,,680.0,,,KAI LUKAS RIGTERINK,137052,True,6976
WSC2019,18,Electrical Installations,ZA,South Africa,30,,678.0,,,PHILILE MNGADI,138216,True,6977
WSC2019,18,Electrical Installations,LV,Latvia,31,,675.0,,,VITALIJS VOISKOVICS,138985,True,6978
WSC2019,18,Electrical Installations,MA,Morocco,32,,669.0,,,AYOUB QUIBOU,,True,6979
WSC2019,18,Electrical Installations,VN,Vietnam,33,,665.0,,,NGUYEN VAN MINH,136486,True,6980
WSC2019,18,Electrical Installations,MN,Mongolia,34,,660.0,,,RENCHIN-OCHIR ERDNENBILEG,136622,True,6981
WSC2019,18,Electrical Installations,KZ,Kazakhstan,35,,657.0,,,DENIS SHARYPOV,139056,True,6982
WSC2019,18,Electrical Installations,OM,Oman,36,,650.0,,,AL-YAZID AL-YAZEEDI,138725,True,6983
WSC2019,18,Electrical Installations,ES,Spain,37,,635.0,,,CRISTHIAN CASTAÑEDA,137652,True,6984
WSC2019,18,Electrical Installations,BR,Brazil,4,Bronze,749.0,,,CARLOS BRYS,136370,True,6951
WSC2019,18,Electrical Installations,IT,"South Tyrol, Italy",4,Bronze,749.0,True,,GERMAR UNTERWEGER,137187,True,6952
WSC2019,18,Electrical Installations,JP,Japan,6,Medallion for Excellence,748.0,,,TAKAO SHIMIZU,134530,True,6954
WSC2019,18,Electrical Installations,KR,Korea,6,Medallion for Excellence,748.0,,,PIL-SEONG JEON,134845,True,6953
WSC2019,18,Electrical Installations,MO,"Macao, China",8,Medallion for Excellence,742.0,,,KIN KUN LAM,137555,True,6955
WSC2019,18,Electrical Installations,NL,Netherlands,9,Medallion for Excellence,731.0,True,,JASPER OLTHUIS,137400,True,6956
WSC2019,19,Industrial Control,KR,Korea,1,Gold,740.0,,,SUMIN YANG,134865,True,6985
WSC2019,19,Industrial Control,RU,Russia,10,,695.0,,,VLADISLAV GRACHEV,138935,True,6994
WSC2019,19,Industrial Control,TW,Chinese Taipei,11,,686.0,,,JUNG-ERH CHANG,136801,True,6995
WSC2019,19,Industrial Control,AT,Austria,12,,685.0,,,ANDRE PEMBERGER,135339,True,6996
WSC2019,19,Industrial Control,SG,Singapore,13,,647.0,,,JING BO TAN,132199,True,6997
WSC2019,19,Industrial Control,CA,Canada,14,,618.0,,,ROBERT POPE MCMAHON,133431,True,6998
WSC2019,19,Industrial Control,ES,Spain,15,,600.0,,,ALEJANDRO TORREJON HARTO,137665,True,6999
WSC2019,19,Industrial Control,CL,Chile,16,,585.0,,,NICOLAS AGUSTIN RIOS BERRIOS,139329,True,7000
WSC2019,19,Industrial Control,SE,Sweden,2,Silver,732.0,True,,THOMAS MARTIN FREDRIK LINDELÖW,133851,True,6986
WSC2019,19,Industrial Control,CN,China,3,Bronze,729.0,,,JIANGTAO HE,138124,True,6987
WSC2019,19,Industrial Control,DE,Germany,4,Medallion for Excellence,726.0,,,STEFAN ANTON LAMMINGER,137725,True,6988
WSC2019,19,Industrial Control,CH,Switzerland,5,Medallion for Excellence,715.0,,,MICHAEL SCHRANZ,134937,True,6989
WSC2019,19,Industrial Control,JP,Japan,6,Medallion for Excellence,708.0,,,SHOTA KAYAHARA,134555,True,6990
WSC2019,19,Industrial Control,ID,Indonesia,7,Medallion for Excellence,707.0,,,LODI JOYO SISWANTO,135111,True,6991
WSC2019,19,Industrial Control,PT,Portugal,8,Medallion for Excellence,702.0,,,RUI MANUEL PEREIRA MARTINS,138190,True,6992
WSC2019,19,Industrial Control,BR,Brazil,9,,698.0,,,FELIPE GARCIA DE ALMEIDA,136367,True,6993
WSC2019,20,Bricklaying,CN,China,1,Gold,753.0,,,ZIFENG CHEN,138012,True,7001
WSC2019,20,Bricklaying,TW,Chinese Taipei,11,Medallion for Excellence,710.0,,,HSIANG-SHUN CHANG,136758,True,7011
WSC2019,20,Bricklaying,VN,Vietnam,12,Medallion for Excellence,708.0,,,BUI DUY KIEM,136485,True,7012
WSC2019,20,Bricklaying,UK,United Kingdom,13,Medallion for Excellence,707.0,,,LEWIS GREENWOOD,137075,True,7013
WSC2019,20,Bricklaying,MY,Malaysia,14,Medallion for Excellence,706.0,,,MUHAMMAD AMIERUL ALIFF ABD. AZIZ,135398,True,7014
WSC2019,20,Bricklaying,IN,India,15,Medallion for Excellence,702.0,,,MD RAMJAN MOMIN,138787,True,7015
WSC2019,20,Bricklaying,BR,Brazil,16,Medallion for Excellence,700.0,,,EMANUEL DA CRUZ,136341,True,7016
WSC2019,20,Bricklaying,FR,France,17,,699.0,,,JÉRÉMY FOURNIER,136092,True,7017
WSC2019,20,Bricklaying,TH,Thailand,18,,698.0,,,TAWAN CHITHORADEE,137467,True,7018
WSC2019,20,Bricklaying,ID,Indonesia,19,,694.0,,,MUHLIS MUHLIS,135078,True,7019
WSC2019,20,Bricklaying,AT,Austria,2,Silver,745.0,,,MARC BERNDORFER,135286,True,7002
WSC2019,20,Bricklaying,IE,Ireland,20,,687.0,,,RYAN MC LOUGHLIN,136995,True,7020
WSC2019,20,Bricklaying,MN,Mongolia,21,,683.0,,,ANKH-UCHRAL GANTULGA,136621,True,7021
WSC2019,20,Bricklaying,US,United States of America,22,,681.0,,,KELBY THORNTON,134705,True,7022
WSC2019,20,Bricklaying,EE,Estonia,23,,677.0,,,VEIKO KOOK,138094,True,7023
WSC2019,20,Bricklaying,BE,Belgium,24,,676.0,,,JULIEN RAMLOT,137907,True,7024
WSC2019,20,Bricklaying,BY,Belarus,24,,676.0,,,ANDREI TRAFIMAU,138509,True,7025
WSC2019,20,Bricklaying,HU,Hungary,26,,672.0,,,AKOS MARKO,136495,True,7026
WSC2019,20,Bricklaying,CA,Canada,27,,668.0,,,ANTONIO NEUFELD,138349,True,7027
WSC2019,20,Bricklaying,KZ,Kazakhstan,28,,648.0,,,DINMUKHANBET ARAL,139077,True,7028
WSC2019,20,Bricklaying,SE,Sweden,29,,640.0,,,ALBERT ÅHLENIUS,133948,True,7029
WSC2019,20,Bricklaying,IT,"South Tyrol, Italy",3,Bronze,739.0,,,HANNES PIRCHER,136953,True,7003
WSC2019,20,Bricklaying,ZA,South Africa,30,,639.0,,,MNCEDISI MKHALIPHI,138215,True,7030
WSC2019,20,Bricklaying,NA,Namibia,31,,637.0,,,KARLUSH KAMANYA,136977,True,7031
WSC2019,20,Bricklaying,RU,Russia,4,Medallion for Excellence,734.0,,,SERGEI KHERKUN,138967,True,7004
WSC2019,20,Bricklaying,DE,Germany,5,Medallion for Excellence,733.0,,,CHRISTOPH RAPP,136665,True,7005
WSC2019,20,Bricklaying,CH,Switzerland,6,Medallion for Excellence,730.0,,,JÉRÔME COLIN HUG,134918,True,7006
WSC2019,20,Bricklaying,KR,Korea,7,Medallion for Excellence,720.0,,,SI-WOO PARK,134842,True,7007
WSC2019,20,Bricklaying,NL,Netherlands,8,Medallion for Excellence,714.0,,,ERIK HOP,137386,True,7008
WSC2019,20,Bricklaying,AU,Australia,9,Medallion for Excellence,713.0,,,PAUL COON,137315,True,7010
WSC2019,20,Bricklaying,DK,Denmark,9,Medallion for Excellence,713.0,,,NIKOLAJ SKYDSGAARD HANSEN,137122,True,7009
WSC2019,21,Plastering and Drywall Systems,RU,Russia,1,Gold,768.0,,,IMRAN TOCHIEV,138977,True,7032
WSC2019,21,Plastering and Drywall Systems,JP,Japan,10,,686.0,,,KOUHEI MAEBASHI,134534,True,7042
WSC2019,21,Plastering and Drywall Systems,UK,United Kingdom,10,,686.0,,,CURTIS JOHNSTON,137083,True,7041
WSC2019,21,Plastering and Drywall Systems,KZ,Kazakhstan,12,,683.0,,,VIKTOR VESSELOV,139887,True,7043
WSC2019,21,Plastering and Drywall Systems,NL,Netherlands,13,,681.0,,,JEFFREY STUIVER,137387,True,7044
WSC2019,21,Plastering and Drywall Systems,AT,Austria,14,,678.0,,,DORIAN GRAF,135322,True,7045
WSC2019,21,Plastering and Drywall Systems,IN,India,15,,668.0,,,RAJIREDDY METHUKU,138611,True,7046
WSC2019,21,Plastering and Drywall Systems,HU,Hungary,16,,660.0,,,GERGO BERTA,136502,True,7047
WSC2019,21,Plastering and Drywall Systems,CN,China,2,Silver,738.0,,,YUZHOU GAO,138024,True,7033
WSC2019,21,Plastering and Drywall Systems,CH,Switzerland,3,Bronze,729.0,,,LORIS GLAUSER,134926,True,7035
WSC2019,21,Plastering and Drywall Systems,FR,France,3,Bronze,731.0,,,SAMY TRABELSI,136099,True,7034
WSC2019,21,Plastering and Drywall Systems,BR,Brazil,5,Medallion for Excellence,724.0,,,LUAN BRAGA,136352,True,7036
WSC2019,21,Plastering and Drywall Systems,KR,Korea,6,Medallion for Excellence,716.0,,,HWI-GU KANG,134848,True,7037
WSC2019,21,Plastering and Drywall Systems,TW,Chinese Taipei,7,Medallion for Excellence,706.0,,,WEI-JHIH WANG,136759,True,7038
WSC2019,21,Plastering and Drywall Systems,DE,Germany,8,Medallion for Excellence,701.0,,,TOBIAS SCHMIDER,137723,True,7039
WSC2019,21,Plastering and Drywall Systems,BY,Belarus,9,,699.0,,,MIKITA SAMSONCHYK,138773,True,7040
WSC2019,22,Painting and Decorating,AT,Austria,1,Gold,775.0,True,,STEFAN PLANITZER,135321,True,7048
WSC2019,22,Painting and Decorating,DK,Denmark,10,Medallion for Excellence,705.0,,,KAMILLA HØJRUP,137118,True,7057
WSC2019,22,Painting and Decorating,HU,Hungary,11,Medallion for Excellence,700.0,,,OLIVÉR SIMON,136501,True,7058
WSC2019,22,Painting and Decorating,LI,Principality of Liechtenstein,11,Medallion for Excellence,700.0,,,DESIRÉE ACKERMANN,134022,True,7059
WSC2019,22,Painting and Decorating,SE,Sweden,13,,697.0,,,ART ARBSUWAN,134332,True,7060
WSC2019,22,Painting and Decorating,FI,Finland,14,,693.0,,,REETTA HÄRKÖNEN,134588,True,7061
WSC2019,22,Painting and Decorating,BR,Brazil,15,,690.0,,,GABRIEL SANTOS,136350,True,7062
WSC2019,22,Painting and Decorating,EE,Estonia,16,,685.0,,,KATRIN ANSPER,138097,True,7063
WSC2019,22,Painting and Decorating,NL,Netherlands,17,,682.0,,,JOB BUDDING,137391,True,7064
WSC2019,22,Painting and Decorating,IN,India,18,,659.0,,,SAHIL KAPIL,138610,True,7065
WSC2019,22,Painting and Decorating,KZ,Kazakhstan,19,,656.0,,,AYAN SISENOV,139054,True,7066
WSC2019,22,Painting and Decorating,CH,Switzerland,2,Silver,751.0,,,DANIELA ZILLER,134925,True,7049
WSC2019,22,Painting and Decorating,MY,Malaysia,20,,653.0,,,AHMAD NAIM MOHAMAD ROSLI,135619,True,7067
WSC2019,22,Painting and Decorating,AE,United Arab Emirates,21,,633.0,,,DHABIA ALQUBAISI,138681,True,7068
WSC2019,22,Painting and Decorating,OM,Oman,22,,591.0,,,FATEMA AL-ISSAEI,138711,True,7069
WSC2019,22,Painting and Decorating,FR,France,3,Bronze,743.0,,,MATHILDE MORTIER,136230,True,7050
WSC2019,22,Painting and Decorating,CN,China,4,Medallion for Excellence,725.0,,,JUN LI,138023,True,7051
WSC2019,22,Painting and Decorating,DE,Germany,5,Medallion for Excellence,721.0,,,JESSICA JÖRGES,136670,True,7052
WSC2019,22,Painting and Decorating,RU,Russia,5,Medallion for Excellence,721.0,,,VALERIIA BALVANOVA,138946,True,7053
WSC2019,22,Painting and Decorating,IT,"South Tyrol, Italy",7,Medallion for Excellence,719.0,,,DOMINIK MIRIBUNG,137202,True,7054
WSC2019,22,Painting and Decorating,TW,Chinese Taipei,8,Medallion for Excellence,718.0,,,CHIH-HENG LIU,136594,True,7055
WSC2019,22,Painting and Decorating,UK,United Kingdom,9,Medallion for Excellence,707.0,,,CALLUM BONNER,137082,True,7056
WSC2019,23,Mobile Robotics,CN,China,1,Gold,763.0,,,GENGJUN HU; QIYUAN ZHENG,138059; 138060,True,7070
WSC2019,23,Mobile Robotics,HK,"Hong Kong, China",10,Medallion for Excellence,712.0,,,SIU LEUNG LAW; WAI KIT RICKY LEE,137607; 137608,True,7079
WSC2019,23,Mobile Robotics,CA,Canada,11,Medallion for Excellence,705.0,,,KARIM AIT-ALLAOUA; HERMAN MULLER,138889; 138898,True,7081
WSC2019,23,Mobile Robotics,IN,India,11,Medallion for Excellence,705.0,,,OMKAR SHIVALING GURAV; ROHAN RAVINDRA HANAGI,138758; 138635,True,7080
WSC2019,23,Mobile Robotics,SG,Singapore,13,Medallion for Excellence,700.0,,,TERRENCE YOONG; AQUILA NG,133542; 133543,True,7082
WSC2019,23,Mobile Robotics,TH,Thailand,14,,694.0,,,KAN NAKAIAM; KIATTISAK SALEEWONG,137487; 137488,True,7083
WSC2019,23,Mobile Robotics,CO,Colombia,15,,693.0,,,EMIRO JOSÉ BELTRÁN DÍAZ; CRISTIAN STIVEN CALLE PÉREZ,136605; 136606,True,7084
WSC2019,23,Mobile Robotics,ID,Indonesia,16,,690.0,,,WAHYU ARGA PRATAMA; MUHAMAD RIZQI PRATAMA,135070; 135071,True,7085
WSC2019,23,Mobile Robotics,AE,United Arab Emirates,17,,689.0,,,ALI MONIR; MOHAMMAD ALHASHMI,138695; 138698,True,7086
WSC2019,23,Mobile Robotics,OM,Oman,18,,687.0,,,ABRAR AL-SHAAILI; SHUROOQ AL-HABSI,138854; 138855,True,7087
WSC2019,23,Mobile Robotics,KZ,Kazakhstan,19,,682.0,,,ANTON POMORZIN; VITALIY LYUBENKO,139044; 139110,True,7088
WSC2019,23,Mobile Robotics,KR,Korea,2,Silver,760.0,,,DONG-CHAN JEON; HYUN-WOO AN,134872; 134873,True,7071
WSC2019,23,Mobile Robotics,BY,Belarus,20,,680.0,,,IVAN DUKHOVICH; VADZIM PADLIPSKOU,138503; 138504,True,7089
WSC2019,23,Mobile Robotics,MA,Morocco,21,,679.0,,,MOUAD CHIT; ADAM KHECHCHAB,139260; 139262,True,7090
WSC2019,23,Mobile Robotics,FI,Finland,22,,678.0,,,ALEXANDER GOLDHILL; EETU SILVENNOINEN,134604; 134605,True,7091
WSC2019,23,Mobile Robotics,JM,Jamaica,23,,675.0,True,,JENELLE CORRONE HINDS; DIHANROY MITCHELL,132672; 132673,True,7093
WSC2019,23,Mobile Robotics,ZA,South Africa,23,,675.0,,,MTHOKOZISI MABENA; FRANK MOLEHA,138230; 138231,True,7092
WSC2019,23,Mobile Robotics,MX,Mexico,25,,673.0,,,ALEXIS DE LA TEJERA REYES; MIGUEL GONZALEZ GONZALEZ,242140; 137795,True,7094
WSC2019,23,Mobile Robotics,RU,Russia,3,Bronze,757.0,,,OSKAR ARSLANOV; EMIL MIFTAKHOV,138930; 138931,True,7072
WSC2019,23,Mobile Robotics,JP,Japan,4,Medallion for Excellence,751.0,,,YUTO SHIMIZU; JUN NAKANISHI,134563; 134564,True,7073
WSC2019,23,Mobile Robotics,MO,"Macao, China",5,Medallion for Excellence,745.0,True,,ZHANYANG LIN; HIO CHENG CHONG,137567; 137568,True,7074
WSC2019,23,Mobile Robotics,TW,Chinese Taipei,6,Medallion for Excellence,742.0,,,CHIA-HSIANG HO; PO-SHENG HUANG,136761; 137685,True,7075
WSC2019,23,Mobile Robotics,BR,Brazil,7,Medallion for Excellence,738.0,,,ÉMERSON MORAES; CRISTIANO NUNES,136381; 136382,True,7076
WSC2019,23,Mobile Robotics,PT,Portugal,8,Medallion for Excellence,715.0,True,,PEDRO PEREIRA; LUKA ZANDARASHVILI,138197; 138198,True,7077
WSC2019,23,Mobile Robotics,AT,Austria,9,Medallion for Excellence,714.0,,,ALEXANDER KAPPLER; LEO MICHAEL MOSER,135343; 135344,True,7078
WSC2019,24,Cabinetmaking,HU,Hungary,1,Gold,737.0,True,,KRISZTIAN SIMON,136496,True,7095
WSC2019,24,Cabinetmaking,CA,Canada,10,Medallion for Excellence,717.0,,,TAYLOR DESJARDINS,138350,True,7104
WSC2019,24,Cabinetmaking,TW,Chinese Taipei,11,Medallion for Excellence,715.0,,,TENG-FENG CHIANG,136592,True,7105
WSC2019,24,Cabinetmaking,BR,Brazil,12,Medallion for Excellence,713.0,,,JOÃO OLIVEIRA,136349,True,7106
WSC2019,24,Cabinetmaking,DE,Germany,13,Medallion for Excellence,707.0,,,JOHANNES BÄNSCH,137051,True,7107
WSC2019,24,Cabinetmaking,BE,Belgium,14,Medallion for Excellence,704.0,,,ROBBE MEYVIS,137908,True,7108
WSC2019,24,Cabinetmaking,NL,Netherlands,15,Medallion for Excellence,703.0,,,GUUS VAN VELTHUIJSEN,137399,True,7109
WSC2019,24,Cabinetmaking,RU,Russia,16,,697.0,,,ALEKSEI SEVASTIANOV,138972,True,7110
WSC2019,24,Cabinetmaking,IR,Iran,17,,688.0,,,MAHDI MORADMAND,138145,True,7111
WSC2019,24,Cabinetmaking,LV,Latvia,18,,686.0,,,KRISTAPS EGLITIS,138986,True,7112
WSC2019,24,Cabinetmaking,ID,Indonesia,19,,682.0,,,ARDAN FAIS RAMADHAN,135147,True,7113
WSC2019,24,Cabinetmaking,CH,Switzerland,2,Silver,732.0,,,SAMANTA TATJANA KÄMPF,134919,True,7096
WSC2019,24,Cabinetmaking,CN,China,2,Silver,732.0,,,JINQING WU,138013,True,7097
WSC2019,24,Cabinetmaking,DK,Denmark,20,,681.0,,,SNORRE STEENSTRUP DYHR,137121,True,7114
WSC2019,24,Cabinetmaking,UK,United Kingdom,21,,680.0,,,OWEN ALDOUS,137076,True,7115
WSC2019,24,Cabinetmaking,AT,Austria,22,,675.0,,,MARTIN GOLAUTSCHNIK,135287,True,7116
WSC2019,24,Cabinetmaking,IN,India,23,,673.0,,,KESHAR SINGH RAJPUT,138607,True,7117
WSC2019,24,Cabinetmaking,TH,Thailand,24,,667.0,,,PIYARACH JARA,137468,True,7118
WSC2019,24,Cabinetmaking,ES,Spain,25,,665.0,,,BRAIS MOSQUERA,137651,True,7119
WSC2019,24,Cabinetmaking,BY,Belarus,26,,664.0,,,YURY NAKHODZKA,138511,True,7120
WSC2019,24,Cabinetmaking,US,United States of America,27,,663.0,,,ETHAN HARRISON,134706,True,7121
WSC2019,24,Cabinetmaking,FI,Finland,28,,655.0,,,EEMELI POLVELA,134587,True,7122
WSC2019,24,Cabinetmaking,MY,Malaysia,29,,650.0,,,JOERDAN JESSELLY JAMES,135399,True,7123
WSC2019,24,Cabinetmaking,OM,Oman,30,,616.0,,,HANI AL-SAIBAI,138709,True,7124
WSC2019,24,Cabinetmaking,FR,France,4,Medallion for Excellence,728.0,,,ROBIN FRANCOISE,136093,True,7098
WSC2019,24,Cabinetmaking,KR,Korea,5,Medallion for Excellence,725.0,,,EUN-YOUNG CHOI,134843,True,7099
WSC2019,24,Cabinetmaking,AU,Australia,6,Medallion for Excellence,720.0,,,JOSHUA BOON,137367,True,7100
WSC2019,24,Cabinetmaking,IE,Ireland,7,Medallion for Excellence,719.0,,,JACK LYNCH,136996,True,7101
WSC2019,24,Cabinetmaking,IT,"South Tyrol, Italy",7,Medallion for Excellence,719.0,,,MANUEL STEINER,137185,True,7102
WSC2019,24,Cabinetmaking,JP,Japan,9,Medallion for Excellence,718.0,,,TOMOHIRO YAMAGUCHI,134528,True,7103
WSC2019,25,Joinery,FR,France,1,Gold,740.0,,,ALEXIS NUE,136098,True,7125
WSC2019,25,Joinery,UK,United Kingdom,12,Medallion for Excellence,704.0,,,CHRISTOPHER CAINE,137079,True,7136
WSC2019,25,Joinery,ID,Indonesia,13,,696.0,,,FERDI NURFIANSYAH,135118,True,7137
WSC2019,25,Joinery,MY,Malaysia,14,,691.0,,,MUHAMMAD YUSRI AIMAN NASIR,135461,True,7138
WSC2019,25,Joinery,IE,Ireland,15,,686.0,,,MARK WASSON,137327,True,7139
WSC2019,25,Joinery,BY,Belarus,16,,685.0,,,ARTUR KARALKOU,138513,True,7140
WSC2019,25,Joinery,JP,Japan,17,,684.0,,,KOKI AKUTSU,134531,True,7141
WSC2019,25,Joinery,HK,"Hong Kong, China",18,,681.0,,,CHEUK HEI WU,137633,True,7142
WSC2019,25,Joinery,DK,Denmark,19,,680.0,,,STEFFEN SLOTT JØRGENSEN,137119,True,7144
WSC2019,25,Joinery,MN,Mongolia,19,,680.0,,,BATBUYAN NAMSRAI,137312,True,7143
WSC2019,25,Joinery,KR,Korea,2,Silver,735.0,,,SANG-HYEON LEE,134846,True,7126
WSC2019,25,Joinery,ES,Spain,21,,679.0,,,OIER NEOL,137943,True,7145
WSC2019,25,Joinery,BE,Belgium,22,,677.0,,,ALLAN DENEUKER,137909,True,7146
WSC2019,25,Joinery,IN,India,23,,675.0,,,VIKASH KUMAR NAGA,138609,True,7147
WSC2019,25,Joinery,NA,Namibia,24,,656.0,True,,HISKIA MALAKIA,136984,True,7148
WSC2019,25,Joinery,AT,Austria,3,Bronze,730.0,,,JULIAN HANNES FINK,135317,True,7128
WSC2019,25,Joinery,CH,Switzerland,3,Bronze,732.0,,,JÉRÉMIE DROZ,134922,True,7127
WSC2019,25,Joinery,DE,Germany,5,Medallion for Excellence,728.0,,,FLORIAN MEIGEL,136667,True,7129
WSC2019,25,Joinery,CN,China,6,Medallion for Excellence,724.0,,,ZIXI ZHAI,138019,True,7131
WSC2019,25,Joinery,TW,Chinese Taipei,6,Medallion for Excellence,724.0,,,CHIEN-HSIN LIN,137686,True,7130
WSC2019,25,Joinery,RU,Russia,8,Medallion for Excellence,715.0,,,ANDREI POTAPOV,139347,True,7132
WSC2019,25,Joinery,AU,Australia,9,Medallion for Excellence,709.0,,,THOMAS NEAVE,137319,True,7134
WSC2019,25,Joinery,BR,Brazil,9,Medallion for Excellence,709.0,,,MARCOS AURELIO JR.,136395,True,7135
WSC2019,25,Joinery,HU,Hungary,9,Medallion for Excellence,709.0,,,MARTIN FEKETE,136498,True,7133
WSC2019,26,Carpentry,DE,Germany,1,Gold,725.0,,,ALEXANDER BRUNS,137722,True,7149
WSC2019,26,Carpentry,DK,Denmark,10,,685.0,,,MIKKEL VICTOR LARSEN,137120,True,7158
WSC2019,26,Carpentry,AU,Australia,11,,660.0,,,HAYDEN DILLON,137317,True,7159
WSC2019,26,Carpentry,BR,Brazil,12,,649.0,,,LUCAS ABDON,136396,True,7160
WSC2019,26,Carpentry,NL,Netherlands,13,,635.0,,,ROBIN BERKHOUT,137389,True,7161
WSC2019,26,Carpentry,UK,United Kingdom,14,,632.0,,,JACK GOODRUM,137077,True,7162
WSC2019,26,Carpentry,BY,Belarus,15,,568.0,,,DZIANIS SHYNKEVICH,138510,True,7163
WSC2019,26,Carpentry,CH,Switzerland,2,Silver,720.0,,,RAFAEL BIELER,134920,True,7151
WSC2019,26,Carpentry,FR,France,2,Silver,719.0,,,BAPTISTE MENESTRELLO,136094,True,7153
WSC2019,26,Carpentry,IT,"South Tyrol, Italy",2,Silver,720.0,,,MATTHIAS GRUNSER,137186,True,7152
WSC2019,26,Carpentry,KR,Korea,2,Silver,720.0,,,O-HYEON KWON,136250,True,7150
WSC2019,26,Carpentry,RU,Russia,6,Medallion for Excellence,711.0,,,DANIIL SINITCYN,138971,True,7154
WSC2019,26,Carpentry,CN,China,7,Medallion for Excellence,708.0,,,PAN YONGJIAN,138014,True,7155
WSC2019,26,Carpentry,AT,Austria,8,Medallion for Excellence,700.0,,,THOMAS FRIESENECKER,135288,True,7156
WSC2019,26,Carpentry,JP,Japan,9,,687.0,,,DAIKI IWAHARA,134529,True,7157
WSC2019,27,Jewellery,RU,Russia,1,Gold,750.0,,,ALEKSANDR EMELIN,139004,True,7164
WSC2019,27,Jewellery,JP,Japan,11,,678.0,,,YUTA KOJIMA,134540,True,7174
WSC2019,27,Jewellery,CH,Switzerland,12,,675.0,,,NINA PETRA KAHL,134932,True,7175
WSC2019,27,Jewellery,SE,Sweden,13,,631.0,,,SIGNE SKOGSTJÄRNA,133837,True,7176
WSC2019,27,Jewellery,MY,Malaysia,14,,614.0,,,NUR FATIHAH HASSAN,135411,True,7177
WSC2019,27,Jewellery,NO,Norway,15,,612.0,,,MI THI THAO LE,135184,True,7178
WSC2019,27,Jewellery,AM,Armenia,16,,579.0,,,MNATSAKAN GALSTYAN,135272,True,7179
WSC2019,27,Jewellery,CN,China,2,Silver,741.0,,,QILIANG CHEN,138033,True,7165
WSC2019,27,Jewellery,IN,India,3,Bronze,718.0,,,SANJOY PRAMANIK,138620,True,7166
WSC2019,27,Jewellery,IR,Iran,3,Bronze,716.0,,,REZA ABATIZADEH,137960,True,7167
WSC2019,27,Jewellery,KR,Korea,5,Medallion for Excellence,712.0,,,BAE-YUN LEE,134854,True,7168
WSC2019,27,Jewellery,AU,Australia,6,Medallion for Excellence,708.0,,,NATHAN KETTLE,137370,True,7169
WSC2019,27,Jewellery,TW,Chinese Taipei,7,Medallion for Excellence,706.0,,,PING-HAN SHEN,136769,True,7170
WSC2019,27,Jewellery,HK,"Hong Kong, China",8,Medallion for Excellence,703.0,,,WING LONG CHAN,137598,True,7171
WSC2019,27,Jewellery,BR,Brazil,9,,697.0,,,VICTOR RIBEIRO,136356,True,7172
WSC2019,27,Jewellery,FR,France,9,,697.0,,,LOUIS DAUXAIS-DE RYCK,136106,True,7173
WSC2019,28,Floristry,AT,Austria,1,Gold,746.0,,,JULIA KATHARINA LEITGEB,135329,True,7180
WSC2019,28,Floristry,CN,China,1,Gold,744.0,,,YIWEI LU,138030,True,7183
WSC2019,28,Floristry,IT,"South Tyrol, Italy",1,Gold,745.0,,,LISA HILPOLD,137218,True,7181
WSC2019,28,Floristry,RU,Russia,1,Gold,744.0,,,ELIZAVETA SHKIMBOVA,139003,True,7182
WSC2019,28,Floristry,NL,Netherlands,10,Medallion for Excellence,701.0,,,CARLINE REFUGE,137388,True,7189
WSC2019,28,Floristry,TH,Thailand,10,Medallion for Excellence,701.0,,,SURIYAN ROMHIRAN,137471,True,7190
WSC2019,28,Floristry,FI,Finland,12,,699.0,,,MARIA YRJÖLÄ,134592,True,7191
WSC2019,28,Floristry,HU,Hungary,13,,698.0,,,SZABOLCS KATO,136524,True,7192
WSC2019,28,Floristry,KR,Korea,14,,696.0,,,YE-SUL SEO,136068,True,7193
WSC2019,28,Floristry,MO,"Macao, China",15,,692.0,,,SUT I SI TOU,137558,True,7194
WSC2019,28,Floristry,PL,Poland,15,,692.0,,,SYLWIA LESZCZYŃSKA,137285,True,7195
WSC2019,28,Floristry,EE,Estonia,17,,682.0,,,MARIS PAAS,138099,True,7196
WSC2019,28,Floristry,JP,Japan,18,,680.0,,,YUNA IGARI,134538,True,7197
WSC2019,28,Floristry,BR,Brazil,19,,665.0,,,JESSICA CRISTINA CAMPOS,136872,True,7198
WSC2019,28,Floristry,IN,India,20,,656.0,,,JIBIN WILLIAMS,138618,True,7199
WSC2019,28,Floristry,MY,Malaysia,21,,647.0,,,AMIR HAMIZAN KAMAL,135410,True,7200
WSC2019,28,Floristry,ES,Spain,22,,617.0,,,CARLOS MONTES,137660,True,7201
WSC2019,28,Floristry,UK,United Kingdom,5,Medallion for Excellence,722.0,,,ELIZABETH NEWCOMBE,137087,True,7184
WSC2019,28,Floristry,FR,France,6,Medallion for Excellence,721.0,,,AUDRIC RONFORT,136104,True,7185
WSC2019,28,Floristry,CH,Switzerland,7,Medallion for Excellence,720.0,,,CHANTAL WIEDMER,134930,True,7186
WSC2019,28,Floristry,DE,Germany,8,Medallion for Excellence,718.0,,,INES SENFT,136673,True,7187
WSC2019,28,Floristry,TW,Chinese Taipei,9,Medallion for Excellence,707.0,,,HAO-CHUN LIU,136765,True,7188
WSC2019,29,Hairdressing,CN,China,1,Gold,808.0,,,DAN SHI,138064,True,7202
WSC2019,29,Hairdressing,BY,Belarus,10,Medallion for Excellence,714.0,True,,KSENIYA SHAFRANSKAYA,138518,True,7211
WSC2019,29,Hairdressing,BE,Belgium,11,Medallion for Excellence,710.0,,,ALEXANDRE STAMATIADIS,137916,True,7213
WSC2019,29,Hairdressing,US,United States of America,11,Medallion for Excellence,710.0,,,REBEKAH HAGBERG,134718,True,7212
WSC2019,29,Hairdressing,ID,Indonesia,13,Medallion for Excellence,708.0,,,MIFTAKUL JANNAH RAHMADHANI,135122,True,7214
WSC2019,29,Hairdressing,NL,Netherlands,14,Medallion for Excellence,705.0,,,ESRA VAN DER MEER,137396,True,7215
WSC2019,29,Hairdressing,TH,Thailand,15,Medallion for Excellence,703.0,,,VILAVAL CHANTRARIT,137500,True,7216
WSC2019,29,Hairdressing,IT,"South Tyrol, Italy",16,Medallion for Excellence,702.0,,,MARTINA RUZZENE,137207,True,7218
WSC2019,29,Hairdressing,JP,Japan,16,Medallion for Excellence,702.0,,,HARUKA MIZAWA,134576,True,7217
WSC2019,29,Hairdressing,SE,Sweden,18,,698.0,,,WILMA AUGUSTSSON,133853,True,7219
WSC2019,29,Hairdressing,AT,Austria,19,,695.0,,,SEDA TÜRKOGLU,135354,True,7220
WSC2019,29,Hairdressing,RU,Russia,2,Silver,765.0,,,MILANA MIKHEEVA,138991,True,7203
WSC2019,29,Hairdressing,NO,Norway,20,,692.0,,,ELINE HENRIKSEN,135192,True,7221
WSC2019,29,Hairdressing,SG,Singapore,21,,690.0,,,NOORASYIQAH BINTE ROSELI,132206,True,7222
WSC2019,29,Hairdressing,IN,India,22,,683.0,,,UTKARSH KUMAR,138643,True,7223
WSC2019,29,Hairdressing,ES,Spain,23,,682.0,,,CRISTIAN FERRER,137671,True,7224
WSC2019,29,Hairdressing,FI,Finland,23,,682.0,,,TIIA MÖKKÖNEN,134610,True,7225
WSC2019,29,Hairdressing,PH,Philippines,25,,674.0,,,JOHN LEONARD RAMOS,136006,True,7226
WSC2019,29,Hairdressing,CA,Canada,26,,657.0,,,RICHÈRE BÉRUBÉ,138386,True,7227
WSC2019,29,Hairdressing,KZ,Kazakhstan,27,,643.0,,,LYUDMILA UPOROVA,138768,True,7228
WSC2019,29,Hairdressing,MN,Mongolia,28,,635.0,,,GERELT-OD NARSSAIKHAN,136631,True,7229
WSC2019,29,Hairdressing,CO,Colombia,29,,574.0,,,JUAN ESTEBAN TABARES VILLADA,137542,True,7230
WSC2019,29,Hairdressing,UK,United Kingdom,3,Bronze,758.0,,,PHOEBE MCLAVY,137107,True,7204
WSC2019,29,Hairdressing,MO,"Macao, China",30,,554.0,,,WAI TAT HAO,137572,True,7231
WSC2019,29,Hairdressing,NA,Namibia,31,,534.0,,,MUNINGANDU KAPUKARE,137060,True,7232
WSC2019,29,Hairdressing,BB,Barbados,32,,498.0,,,ZARIA ARCHER,134649,True,7233
WSC2019,29,Hairdressing,OM,Oman,33,,481.0,,,MARAM ALRAWAHI,138715,True,7234
WSC2019,29,Hairdressing,ZA,South Africa,34,,237.0,,,NICOLE THEBUS,138242,True,7235
WSC2019,29,Hairdressing,KR,Korea,4,Medallion for Excellence,753.0,,,SEUNG-HA YU,135641,True,7205
WSC2019,29,Hairdressing,BR,Brazil,5,Medallion for Excellence,734.0,,,BRUNA SILVA RUPOLO,136827,True,7206
WSC2019,29,Hairdressing,HU,Hungary,6,Medallion for Excellence,724.0,,,NIKOLETT NAGY,136516,True,7207
WSC2019,29,Hairdressing,TW,Chinese Taipei,7,Medallion for Excellence,722.0,,,JR-YUN NING,137733,True,7208
WSC2019,29,Hairdressing,HK,"Hong Kong, China",8,Medallion for Excellence,719.0,,,PUN SHING WONG,137611,True,7209
WSC2019,29,Hairdressing,FR,France,9,Medallion for Excellence,718.0,,,SARAH LEROYER,136121,True,7210
WSC2019,30,Beauty Therapy,UK,United Kingdom,1,Gold,766.0,,,REBECCA WEST,137105,True,7236
WSC2019,30,Beauty Therapy,SE,Sweden,11,Medallion for Excellence,707.0,,,EMMIE LINDBLAD,133954,True,7246
WSC2019,30,Beauty Therapy,CA,Canada,12,Medallion for Excellence,704.0,,,MARIE-SOLEIL PERREAULT,138384,True,7247
WSC2019,30,Beauty Therapy,PT,Portugal,13,,696.0,,,CARLA RIBEIRO,138187,True,7248
WSC2019,30,Beauty Therapy,IN,India,14,,693.0,,,MAHIMA GANDHI,138640,True,7250
WSC2019,30,Beauty Therapy,SG,Singapore,14,,693.0,,,VANESSA KOW,132204,True,7249
WSC2019,30,Beauty Therapy,ES,Spain,16,,691.0,,,PAULA ROSA,137669,True,7251
WSC2019,30,Beauty Therapy,IE,Ireland,17,,681.0,,,ALLANAGH O'SULLIVAN,137002,True,7252
WSC2019,30,Beauty Therapy,ID,Indonesia,18,,680.0,,,CAHYA FARADIBA RAMADHANIA,135091,True,7253
WSC2019,30,Beauty Therapy,NL,Netherlands,19,,679.0,,,ESMÉ HEMMES,137384,True,7254
WSC2019,30,Beauty Therapy,CN,China,2,Silver,762.0,,,ZHENQIN LI,138062,True,7237
WSC2019,30,Beauty Therapy,CH,Switzerland,20,,678.0,,,VANESSA TSCHÜMPERLIN,134946,True,7255
WSC2019,30,Beauty Therapy,IT,"South Tyrol, Italy",21,,677.0,,,LAURA CANEVOTTI,137225,True,7256
WSC2019,30,Beauty Therapy,HR,Croatia,22,,667.0,,,PAULA IVANKOVIĆ,135600,True,7257
WSC2019,30,Beauty Therapy,TH,Thailand,23,,662.0,,,WICHARAPORN HUNCHAROEN,137476,True,7258
WSC2019,30,Beauty Therapy,ZA,South Africa,24,,588.0,,,BRIDNEY CLOETE,138239,True,7259
WSC2019,30,Beauty Therapy,KR,Korea,3,Bronze,738.0,,,YOUJIN SEO,134880,True,7238
WSC2019,30,Beauty Therapy,MO,"Macao, China",4,Medallion for Excellence,727.0,,,KA KEI HONG,137570,True,7239
WSC2019,30,Beauty Therapy,RU,Russia,5,Medallion for Excellence,723.0,,,ELIZAVETA SOPLINA,138996,True,7240
WSC2019,30,Beauty Therapy,TW,Chinese Taipei,6,Medallion for Excellence,720.0,,,CHU-HSIN TSAI,136718,True,7241
WSC2019,30,Beauty Therapy,JP,Japan,7,Medallion for Excellence,712.0,,,SAWAKO NISHIMURA,134574,True,7242
WSC2019,30,Beauty Therapy,FR,France,8,Medallion for Excellence,711.0,,,JESSICA DEBONG,136119,True,7243
WSC2019,30,Beauty Therapy,BR,Brazil,9,Medallion for Excellence,708.0,,,ISADORA BERTI GUEDES PEREIRA,136829,True,7244
WSC2019,30,Beauty Therapy,HU,Hungary,9,Medallion for Excellence,708.0,,,LAURA CSÁGOLY,136514,True,7245
WSC2019,31,Fashion Technology,CN,China,1,Gold,733.0,,,CAIYUN WEN,138029,True,7260
WSC2019,31,Fashion Technology,KR,Korea,10,Medallion for Excellence,717.0,,,GEUN-HYE BAK,134851,True,7269
WSC2019,31,Fashion Technology,JP,Japan,11,Medallion for Excellence,706.0,,,HARUKA MIKAMI,134536,True,7270
WSC2019,31,Fashion Technology,BY,Belarus,12,Medallion for Excellence,703.0,,,YULIYA MARKEVICH,138525,True,7272
WSC2019,31,Fashion Technology,FI,Finland,12,Medallion for Excellence,703.0,,,MELISSA KUISMA,134591,True,7271
WSC2019,31,Fashion Technology,ID,Indonesia,14,Medallion for Excellence,702.0,,,ISNAINI WULANDARI,135090,True,7273
WSC2019,31,Fashion Technology,CO,Colombia,15,Medallion for Excellence,701.0,,,ANDREA SANDOVAL MORALES,136607,True,7274
WSC2019,31,Fashion Technology,AT,Austria,16,Medallion for Excellence,700.0,,,LAURA TSCHILTSCH,135328,True,7276
WSC2019,31,Fashion Technology,BE,Belgium,16,Medallion for Excellence,700.0,,,ALICE BARÉ,137912,True,7275
WSC2019,31,Fashion Technology,AU,Australia,18,,698.0,,,COURTNEY NEW,137323,True,7277
WSC2019,31,Fashion Technology,IN,India,19,,697.0,,,MEDHA DEVGAN,138617,True,7278
WSC2019,31,Fashion Technology,BR,Brazil,2,Silver,730.0,,,GABRIELLA LOUISE DOS SANTOS SILVA,139831,True,7261
WSC2019,31,Fashion Technology,TW,Chinese Taipei,2,Silver,728.0,,,YOU-SYUAN KE,136728,True,7262
WSC2019,31,Fashion Technology,TH,Thailand,20,,693.0,,,PATTANAPONG MANGNOI,137473,True,7279
WSC2019,31,Fashion Technology,HK,"Hong Kong, China",21,,692.0,,,PUI YU NG,137596,True,7282
WSC2019,31,Fashion Technology,HR,Croatia,21,,692.0,,,TENA ŠUMSKI,135594,True,7280
WSC2019,31,Fashion Technology,SG,Singapore,21,,692.0,,,FARHAN BIN HANIS,132188,True,7281
WSC2019,31,Fashion Technology,PL,Poland,24,,681.0,,,AGNIESZKA MARYNOWSKA,137284,True,7283
WSC2019,31,Fashion Technology,PT,Portugal,25,,680.0,,,BEATRIZ SOARES,138182,True,7284
WSC2019,31,Fashion Technology,ES,Spain,26,,676.0,,,MARTA LÓPEZ,137659,True,7285
WSC2019,31,Fashion Technology,BB,Barbados,27,,672.0,,,PEABO SAMPSON,134651,True,7286
WSC2019,31,Fashion Technology,OM,Oman,28,,668.0,,,SHARIFA AL BULUSHI,139442,True,7287
WSC2019,31,Fashion Technology,MA,Morocco,29,,662.0,,,OUMAIMA HARZEM,139005,True,7288
WSC2019,31,Fashion Technology,AM,Armenia,30,,643.0,True,,VIKTORIA KARAPETYAN,135277,True,7289
WSC2019,31,Fashion Technology,BD,Bangladesh,31,,637.0,True,,NAFISA SADAF ANCHOL,138570,True,7290
WSC2019,31,Fashion Technology,KZ,Kazakhstan,32,,631.0,,,ZHANAIYM MAKSUT,139104,True,7291
WSC2019,31,Fashion Technology,FR,France,4,Medallion for Excellence,724.0,,,GAËL HUNAULT,136103,True,7264
WSC2019,31,Fashion Technology,MY,Malaysia,4,Medallion for Excellence,724.0,True,,HANAFI BIN OSMAN,135404,True,7265
WSC2019,31,Fashion Technology,RU,Russia,4,Medallion for Excellence,724.0,,,EVELINA ALTUNIAN,139001,True,7263
WSC2019,31,Fashion Technology,CH,Switzerland,7,Medallion for Excellence,723.0,,,DENISE ANDREA STÖCKLI,134929,True,7266
WSC2019,31,Fashion Technology,MO,"Macao, China",8,Medallion for Excellence,722.0,,,WAN I CHEONG,137556,True,7267
WSC2019,31,Fashion Technology,CA,Canada,9,Medallion for Excellence,721.0,,,LISA AERNOUDTS,138370,True,7268
WSC2019,32,Pâtisserie and Confectionery,KR,Korea,1,Gold,746.0,,,JI-YUN HAN,134881,True,7292
WSC2019,32,Pâtisserie and Confectionery,IN,India,10,Medallion for Excellence,701.0,,,SAURABH BAGHEL,138794,True,7301
WSC2019,32,Pâtisserie and Confectionery,AT,Austria,11,Medallion for Excellence,700.0,,,ANJUTA ELSE MIRJAM BERGMANN,135356,True,7302
WSC2019,32,Pâtisserie and Confectionery,MO,"Macao, China",11,Medallion for Excellence,700.0,,,WA KIN CHANG,137573,True,7304
WSC2019,32,Pâtisserie and Confectionery,MY,Malaysia,11,Medallion for Excellence,700.0,,,MUHAMMAD IRFAN HADI SULAIMAN,135462,True,7303
WSC2019,32,Pâtisserie and Confectionery,BR,Brazil,14,,697.0,,,LUCAS ROCHA,136393,True,7305
WSC2019,32,Pâtisserie and Confectionery,CH,Switzerland,14,,697.0,,,RAHEL WEBER,134945,True,7306
WSC2019,32,Pâtisserie and Confectionery,NL,Netherlands,16,,682.0,,,BAS KLARENBEEK,137395,True,7307
WSC2019,32,Pâtisserie and Confectionery,BY,Belarus,17,,676.0,,,ANASTASIYA DANILAVA,138517,True,7308
WSC2019,32,Pâtisserie and Confectionery,ID,Indonesia,18,,675.0,,,YOGI SAPUTRO,135088,True,7309
WSC2019,32,Pâtisserie and Confectionery,MA,Morocco,19,,664.0,,,ZAKIA MIDA,139002,True,7310
WSC2019,32,Pâtisserie and Confectionery,CN,China,2,Silver,740.0,,,LINGYI ZHONG,138069,True,7293
WSC2019,32,Pâtisserie and Confectionery,DK,Denmark,20,,661.0,,,CAROLINE AMALIE FLYVENRING ANDERSEN,137125,True,7311
WSC2019,32,Pâtisserie and Confectionery,BE,Belgium,21,,626.0,,,ALEXANDRA GENIN,137918,True,7312
WSC2019,32,Pâtisserie and Confectionery,KZ,Kazakhstan,22,,622.0,,,KAMILA KABIYEVA,139103,True,7313
WSC2019,32,Pâtisserie and Confectionery,BD,Bangladesh,23,,620.0,,,TANJIM TABASSUM ISLAM,138549,True,7314
WSC2019,32,Pâtisserie and Confectionery,TW,Chinese Taipei,3,Bronze,736.0,,,YU-HSIANG HUNG,136727,True,7294
WSC2019,32,Pâtisserie and Confectionery,FR,France,4,Medallion for Excellence,728.0,,,ROMAIN BERT,136123,True,7295
WSC2019,32,Pâtisserie and Confectionery,CA,Canada,5,Medallion for Excellence,720.0,,,CLARISSA ROQUE,136700,True,7296
WSC2019,32,Pâtisserie and Confectionery,HK,"Hong Kong, China",5,Medallion for Excellence,720.0,,,YIN WAH CHAN,137612,True,7298
WSC2019,32,Pâtisserie and Confectionery,JP,Japan,5,Medallion for Excellence,720.0,,,REINA KAWAI,134637,True,7297
WSC2019,32,Pâtisserie and Confectionery,DE,Germany,8,Medallion for Excellence,712.0,,,THERESA NOACK,136684,True,7299
WSC2019,32,Pâtisserie and Confectionery,RU,Russia,9,Medallion for Excellence,710.0,,,EVGENII KRASNOV,138988,True,7300
WSC2019,33,Automobile Technology,RU,Russia,1,Gold,764.0,,,NIKOLAI DONCHAK,139011,True,7315
WSC2019,33,Automobile Technology,ID,Indonesia,10,Medallion for Excellence,720.0,,,MUSTAQIM MUSTAQIM,135073,True,7325
WSC2019,33,Automobile Technology,MA,Morocco,10,Medallion for Excellence,720.0,,,SOUFIANE LAHLOU,139008,True,7324
WSC2019,33,Automobile Technology,NO,Norway,12,Medallion for Excellence,718.0,,,JON SINDRE LUND GABRIELSEN,135197,True,7326
WSC2019,33,Automobile Technology,CA,Canada,13,Medallion for Excellence,712.0,,,PASCAL DOIRON,133396,True,7327
WSC2019,33,Automobile Technology,PT,Portugal,13,Medallion for Excellence,712.0,,,DANIEL STELMACH,138185,True,7328
WSC2019,33,Automobile Technology,IN,India,15,Medallion for Excellence,710.0,,,TUSHAR TUKARAM PHADATARE,138650,True,7329
WSC2019,33,Automobile Technology,AU,Australia,16,Medallion for Excellence,708.0,,,ANTHONY TERS,137374,True,7330
WSC2019,33,Automobile Technology,BR,Brazil,17,Medallion for Excellence,700.0,,,EDUARDO BENVEGNIR,136391,True,7332
WSC2019,33,Automobile Technology,PH,Philippines,17,Medallion for Excellence,700.0,True,,JOEMINEL CUTCHARO,136009,True,7331
WSC2019,33,Automobile Technology,DE,Germany,19,,697.0,,,SIMON KAZIMIROWICZ,136685,True,7333
WSC2019,33,Automobile Technology,CN,China,2,Silver,755.0,,,ZHEN WANG,138073,True,7316
WSC2019,33,Automobile Technology,TW,Chinese Taipei,2,Silver,753.0,,,ZU-YI LU,136736,True,7317
WSC2019,33,Automobile Technology,IR,Iran,20,,696.0,,,HOSSEIN NASIRI,137959,True,7334
WSC2019,33,Automobile Technology,BE,Belgium,21,,695.0,,,ANTOINE MARÉCHAL,137919,True,7335
WSC2019,33,Automobile Technology,TH,Thailand,22,,694.0,,,ANUWAT FANLOED,137474,True,7336
WSC2019,33,Automobile Technology,UK,United Kingdom,23,,693.0,,,DECLAN PORTER,137869,True,7337
WSC2019,33,Automobile Technology,NZ,New Zealand,24,,690.0,,,ROGER LAING,135661,True,7339
WSC2019,33,Automobile Technology,OM,Oman,24,,690.0,True,,SAIF AL-HOUSNI,138714,True,7338
WSC2019,33,Automobile Technology,AT,Austria,26,,689.0,,,FELIX FOIDL,135359,True,7340
WSC2019,33,Automobile Technology,ZA,South Africa,27,,686.0,,,MELGEOR HANEKOM,138244,True,7341
WSC2019,33,Automobile Technology,BY,Belarus,28,,680.0,,,ALEKSANDR FILIPOV,138527,True,7342
WSC2019,33,Automobile Technology,CO,Colombia,29,,677.0,,,DAVID SEBASTIAN SIERRA LARA,137543,True,7343
WSC2019,33,Automobile Technology,SG,Singapore,30,,676.0,,,ABDUL SYAFIQ BIN ABDULLAH,132210,True,7344
WSC2019,33,Automobile Technology,ES,Spain,31,,671.0,,,FELIPE MARTÍN,137676,True,7345
WSC2019,33,Automobile Technology,HU,Hungary,32,,662.0,,,LASZLO NAGY,136519,True,7346
WSC2019,33,Automobile Technology,KZ,Kazakhstan,33,,654.0,,,KIRILL BULAT,139081,True,7347
WSC2019,33,Automobile Technology,NA,Namibia,34,,635.0,,,LUCIANO NAMASEB,137059,True,7348
WSC2019,33,Automobile Technology,EG,Egypt,35,,633.0,True,,ABDULLAH YOUSSRY NABWY ELSAYED,138870,True,7349
WSC2019,33,Automobile Technology,JP,Japan,4,Medallion for Excellence,748.0,,,SAKITO UCHIO,134580,True,7318
WSC2019,33,Automobile Technology,CH,Switzerland,5,Medallion for Excellence,746.0,,,DAMIAN SCHMID,134953,True,7319
WSC2019,33,Automobile Technology,FR,France,6,Medallion for Excellence,744.0,,,KÉVIN MULLER,136126,True,7320
WSC2019,33,Automobile Technology,KR,Korea,7,Medallion for Excellence,734.0,,,JONG-MIN CHOI,134884,True,7321
WSC2019,33,Automobile Technology,AE,United Arab Emirates,8,Medallion for Excellence,727.0,,,ABDULAZIZ BU ABDULLA,138691,True,7322
WSC2019,33,Automobile Technology,US,United States of America,9,Medallion for Excellence,721.0,,,PAUL DANENBERG,134702,True,7323
WSC2019,34,Cooking,RU,Russia,1,Gold,754.0,,,ISKANDAR SLAEV,138992,True,7350
WSC2019,34,Cooking,FI,Finland,10,Medallion for Excellence,721.0,,,KAISLA HEIMALA,134611,True,7359
WSC2019,34,Cooking,CA,Canada,11,Medallion for Excellence,719.0,,,LEAH PATITUCCI,138385,True,7360
WSC2019,34,Cooking,DE,Germany,12,Medallion for Excellence,716.0,,,ALJOSCHA BURKHARD KNOBLICH,138330,True,7361
WSC2019,34,Cooking,AU,Australia,13,Medallion for Excellence,715.0,,,CRISTOPHER MATKOWSKI,137373,True,7363
WSC2019,34,Cooking,FR,France,13,Medallion for Excellence,715.0,,,FRANÇOIS EUSTACE,136120,True,7362
WSC2019,34,Cooking,AT,Austria,15,Medallion for Excellence,713.0,,,MARCO PANHÖLZL,135353,True,7365
WSC2019,34,Cooking,MY,Malaysia,15,Medallion for Excellence,713.0,,,EDWARD ENG SHENG PEI,135396,True,7364
WSC2019,34,Cooking,TW,Chinese Taipei,17,Medallion for Excellence,712.0,,,CHIEN-HUI FAN,136722,True,7366
WSC2019,34,Cooking,LV,Latvia,18,Medallion for Excellence,710.0,,,NILS GEVELE,138959,True,7367
WSC2019,34,Cooking,NO,Norway,19,Medallion for Excellence,704.0,,,ELISABETH ALETTE ØFSTI,135449,True,7368
WSC2019,34,Cooking,SG,Singapore,19,Medallion for Excellence,704.0,,,JEROME LIM,133904,True,7369
WSC2019,34,Cooking,PL,Poland,2,Silver,740.0,True,,MACIEJ PISAREK,134315,True,7351
WSC2019,34,Cooking,IE,Ireland,21,Medallion for Excellence,702.0,,,HANNA MATHE,137345,True,7370
WSC2019,34,Cooking,HK,"Hong Kong, China",22,Medallion for Excellence,701.0,,,HON FAI LEE,137610,True,7371
WSC2019,34,Cooking,EE,Estonia,23,Medallion for Excellence,700.0,,,MÄRTEN KADU,138104,True,7372
WSC2019,34,Cooking,SE,Sweden,23,Medallion for Excellence,700.0,,,WILLIAM BRITTSJÖ,134102,True,7373
WSC2019,34,Cooking,IN,India,25,,698.0,,,ANGAD SINGH RANA,138641,True,7374
WSC2019,34,Cooking,ZA,South Africa,26,,696.0,,,MELANIE DE LANGE,138240,True,7375
WSC2019,34,Cooking,PT,Portugal,27,,695.0,,,ANA COELHO,138186,True,7376
WSC2019,34,Cooking,BB,Barbados,28,,693.0,True,,SHAE WHITE,134648,True,7377
WSC2019,34,Cooking,BY,Belarus,29,,691.0,,,PETR ANUFRYIENKA,138519,True,7378
WSC2019,34,Cooking,CN,China,3,Bronze,733.0,,,YONGKANG LIN,138063,True,7352
WSC2019,34,Cooking,JP,Japan,30,,689.0,,,NANA KONDO,134640,True,7379
WSC2019,34,Cooking,NL,Netherlands,30,,689.0,,,JASPER PANIS,137383,True,7380
WSC2019,34,Cooking,ES,Spain,32,,684.0,,,PEDRO CORRAL,137670,True,7381
WSC2019,34,Cooking,BE,Belgium,33,,680.0,,,KENZO CHEN,137915,True,7382
WSC2019,34,Cooking,CO,Colombia,34,,679.0,,,MARIA MAYERLY GALVIS BAYONA,136608,True,7383
WSC2019,34,Cooking,US,United States of America,35,,677.0,,,JULIA SPONDIKE,134717,True,7384
WSC2019,34,Cooking,MO,"Macao, China",36,,674.0,,,KEI NAM CHOI,137571,True,7386
WSC2019,34,Cooking,NZ,New Zealand,36,,674.0,,,SAM HEAVEN,135660,True,7385
WSC2019,34,Cooking,HU,Hungary,38,,666.0,,,ZSUZSANNA SZEMENDREY,136515,True,7387
WSC2019,34,Cooking,HR,Croatia,39,,665.0,,,TONI GRGIĆ,135601,True,7388
WSC2019,34,Cooking,DK,Denmark,4,Medallion for Excellence,730.0,True,,MAGNUS ROSENDAHL,137124,True,7354
WSC2019,34,Cooking,KR,Korea,4,Medallion for Excellence,730.0,,,MIN-JAE HA,134908,True,7353
WSC2019,34,Cooking,NA,Namibia,40,,661.0,,,RONALDO KATJIHEVE,136980,True,7389
WSC2019,34,Cooking,CL,Chile,41,,655.0,,,LUCAS RODRIGO MERA CATALÁN,139330,True,7390
WSC2019,34,Cooking,MN,Mongolia,42,,649.0,,,CHIBAYAR LKHAGVA-OCHIR,136630,True,7391
WSC2019,34,Cooking,MA,Morocco,43,,647.0,,,KHAOULA NASIB,138999,True,7392
WSC2019,34,Cooking,KZ,Kazakhstan,44,,646.0,,,SAYAT TOKTARKANOV,139083,True,7393
WSC2019,34,Cooking,JM,Jamaica,45,,628.0,,,SAVANNAH PETERKIN,132676,True,7394
WSC2019,34,Cooking,AM,Armenia,46,,607.0,,,MERI HAKOBYAN,137466,True,7395
WSC2019,34,Cooking,TH,Thailand,6,Medallion for Excellence,725.0,,,PHUMIN HIRUNSOONTORN,137477,True,7355
WSC2019,34,Cooking,UK,United Kingdom,6,Medallion for Excellence,725.0,,,SAM EVERTON,137106,True,7356
WSC2019,34,Cooking,CH,Switzerland,8,Medallion for Excellence,723.0,,,MARTIN AMSTUTZ,134947,True,7357
WSC2019,34,Cooking,BR,Brazil,9,Medallion for Excellence,722.0,,,SOFIA LERNER,136832,True,7358
WSC2019,35,Restaurant Service,CH,Switzerland,1,Gold,777.0,True,,MARTINA WICK,134951,True,7396
WSC2019,35,Restaurant Service,ID,Indonesia,10,Medallion for Excellence,718.0,,,INDRIANI PUTRI YUDIANTI,135089,True,7405
WSC2019,35,Restaurant Service,RU,Russia,11,Medallion for Excellence,717.0,,,TIMUR KAYUMOV,138993,True,7407
WSC2019,35,Restaurant Service,SG,Singapore,11,Medallion for Excellence,717.0,,,VANESIA ERICO TAN,132208,True,7406
WSC2019,35,Restaurant Service,EE,Estonia,13,Medallion for Excellence,714.0,,,KARL-KEVIN MIINPUU,138106,True,7408
WSC2019,35,Restaurant Service,TW,Chinese Taipei,14,Medallion for Excellence,711.0,,,TZU-HSUAN YEN,136749,True,7409
WSC2019,35,Restaurant Service,DK,Denmark,15,Medallion for Excellence,706.0,,,FREJA STAGHØJ MORTENSEN,137126,True,7411
WSC2019,35,Restaurant Service,UK,United Kingdom,15,Medallion for Excellence,706.0,,,COLLETTE GORVETT,137110,True,7410
WSC2019,35,Restaurant Service,ES,Spain,17,Medallion for Excellence,700.0,True,,GUILLEM MARROIG,137673,True,7412
WSC2019,35,Restaurant Service,HK,"Hong Kong, China",18,,698.0,,,PUI KEI YU,137613,True,7413
WSC2019,35,Restaurant Service,AT,Austria,19,,696.0,,,MICHAELA EHGARTNER,135357,True,7414
WSC2019,35,Restaurant Service,FR,France,2,Silver,745.0,,,LOUIS COZETTE,136124,True,7397
WSC2019,35,Restaurant Service,IN,India,20,,689.0,,,VAIDEHI PANT,138648,True,7415
WSC2019,35,Restaurant Service,MO,"Macao, China",21,,688.0,,,KA KEI LEI,137575,True,7416
WSC2019,35,Restaurant Service,CO,Colombia,22,,685.0,,,LORAINES PATRICIA CADENA CANTILLO,136609,True,7417
WSC2019,35,Restaurant Service,BR,Brazil,23,,684.0,,,GUSTAVO FELIPE ALMEIDA CARLOS,136831,True,7418
WSC2019,35,Restaurant Service,PH,Philippines,23,,684.0,,,MARC DAVE PEREZ,136647,True,7419
WSC2019,35,Restaurant Service,NO,Norway,25,,680.0,,,BIRK TORP,135195,True,7420
WSC2019,35,Restaurant Service,KR,Korea,26,,676.0,,,SE-LIM MOON,134882,True,7421
WSC2019,35,Restaurant Service,JP,Japan,27,,670.0,,,SHIOKO CHINEN,134578,True,7422
WSC2019,35,Restaurant Service,BY,Belarus,28,,652.0,,,DARYA YERAFEYENKA,138520,True,7423
WSC2019,35,Restaurant Service,HU,Hungary,28,,652.0,,,GABOR JANOS FABIAN,136518,True,7424
WSC2019,35,Restaurant Service,TH,Thailand,3,Bronze,742.0,,,CHATVARIN KLONGNOY,137479,True,7398
WSC2019,35,Restaurant Service,KZ,Kazakhstan,30,,631.0,,,ANUAR SARBASSOV,139084,True,7425
WSC2019,35,Restaurant Service,BB,Barbados,31,,605.0,,,DANNY MAYERS,134650,True,7426
WSC2019,35,Restaurant Service,ZA,South Africa,32,,604.0,,,NTSAKO SHIDZINGA,138241,True,7427
WSC2019,35,Restaurant Service,US,United States of America,33,,598.0,,,ROBERT SCHULTZ,134719,True,7428
WSC2019,35,Restaurant Service,IE,Ireland,4,Medallion for Excellence,737.0,,,RUAIRÍ GREALISH,137003,True,7399
WSC2019,35,Restaurant Service,FI,Finland,5,Medallion for Excellence,735.0,,,SUVI MINKKINEN,134609,True,7400
WSC2019,35,Restaurant Service,LV,Latvia,6,Medallion for Excellence,724.0,True,,MADARA MININA,138980,True,7401
WSC2019,35,Restaurant Service,NL,Netherlands,7,Medallion for Excellence,720.0,,,FABIENNE BAKKER,137394,True,7402
WSC2019,35,Restaurant Service,SE,Sweden,7,Medallion for Excellence,720.0,,,JOLANDA EDVARDSSON,133951,True,7403
WSC2019,35,Restaurant Service,CN,China,9,Medallion for Excellence,719.0,,,JIANI WU,138070,True,7404
WSC2019,36,Car Painting,TW,Chinese Taipei,1,Gold,755.0,True,,TING-YU YANG,136745,True,7429
WSC2019,36,Car Painting,FR,France,11,Medallion for Excellence,710.0,,,ANTHONY BOURGEADE,136127,True,7439
WSC2019,36,Car Painting,ZA,South Africa,12,Medallion for Excellence,709.0,True,,ROETS TREVOR,138245,True,7440
WSC2019,36,Car Painting,DK,Denmark,13,Medallion for Excellence,705.0,,,PHILIP BANG,137128,True,7441
WSC2019,36,Car Painting,TH,Thailand,14,Medallion for Excellence,700.0,,,SILANON NIMITCHAIKUN,137475,True,7442
WSC2019,36,Car Painting,SE,Sweden,15,,693.0,,,ANNA WIDHOLM,133844,True,7443
WSC2019,36,Car Painting,DE,Germany,16,,692.0,,,JOHANNA KAISER,136686,True,7444
WSC2019,36,Car Painting,HK,"Hong Kong, China",16,,692.0,,,KAM HUNG LI,137614,True,7445
WSC2019,36,Car Painting,MY,Malaysia,18,,687.0,,,MOHAMAD RIDZUAN WAHID,135409,True,7446
WSC2019,36,Car Painting,NO,Norway,19,,684.0,,,TWAN BOGERS,135198,True,7447
WSC2019,36,Car Painting,UK,United Kingdom,2,Silver,745.0,True,,CONOR MCKEVITT,137112,True,7430
WSC2019,36,Car Painting,CA,Canada,20,,670.0,,,MAGGIE FRIESEN,138391,True,7448
WSC2019,36,Car Painting,FI,Finland,21,,668.0,,,EMILIA PÄÄKKÖNEN,134598,True,7449
WSC2019,36,Car Painting,JP,Japan,21,,668.0,,,MASAYA YAGISAWA,134581,True,7450
WSC2019,36,Car Painting,ID,Indonesia,23,,659.0,,,USMAN ROSID MASHURI,135066,True,7451
WSC2019,36,Car Painting,ES,Spain,24,,658.0,,,ÁLVARO VELASCO,137677,True,7452
WSC2019,36,Car Painting,NZ,New Zealand,25,,647.0,,,CALLUM DODDS,135662,True,7453
WSC2019,36,Car Painting,BB,Barbados,26,,638.0,,,TERRIQUE WARD,134647,True,7454
WSC2019,36,Car Painting,VN,Vietnam,27,,620.0,,,NGUYEN XUAN LUC,136583,True,7455
WSC2019,36,Car Painting,AU,Australia,3,Bronze,740.0,True,,MAXINE COLLIGAN,137375,True,7431
WSC2019,36,Car Painting,BR,Brazil,4,Medallion for Excellence,731.0,,,MARCELO SANTOS,136390,True,7432
WSC2019,36,Car Painting,RU,Russia,5,Medallion for Excellence,726.0,,,PAVEL IAKOVLEV,139010,True,7433
WSC2019,36,Car Painting,CH,Switzerland,6,Medallion for Excellence,720.0,,,AURÉLIE FAWER,134954,True,7434
WSC2019,36,Car Painting,CN,China,7,Medallion for Excellence,718.0,,,BIN HU,138074,True,7435
WSC2019,36,Car Painting,US,United States of America,7,Medallion for Excellence,718.0,,,DYLAN WERTZ,134725,True,7436
WSC2019,36,Car Painting,IN,India,9,Medallion for Excellence,716.0,,,GOVIND KUMAR SONKAR,138651,True,7437
WSC2019,36,Car Painting,KR,Korea,9,Medallion for Excellence,716.0,,,CHEOL-MIN SON,134885,True,7438
WSC2019,37,Landscape Gardening,CH,Switzerland,1,Gold,757.0,,,MARIO LORIS ENZ; FABIAN HODEL,134923; 134924,True,7456
WSC2019,37,Landscape Gardening,NL,Netherlands,11,Medallion for Excellence,706.0,,,MARIO NEDERLOF; LUCAS MUILWIJK,137378; 137392,True,7466
WSC2019,37,Landscape Gardening,HU,Hungary,12,Medallion for Excellence,701.0,,,ADAM HOMOKAY; GERGO STUMMER,136499; 136500,True,7467
WSC2019,37,Landscape Gardening,EE,Estonia,13,,699.0,,,MARKUS VAINU; MATTHIAS VESKI,138095; 138096,True,7468
WSC2019,37,Landscape Gardening,NO,Norway,14,,695.0,,,NILS KARJETTA; MARTIN JOHANSEN,135182; 135183,True,7469
WSC2019,37,Landscape Gardening,CA,Canada,15,,691.0,,,ALEXANDRA BOIVIN; SÉBASTIEN BRISSETTE,138352; 138359,True,7470
WSC2019,37,Landscape Gardening,BE,Belgium,16,,678.0,,,DYLAN LEKEUX; JONAS MENSCHAERT,137910; 137911,True,7471
WSC2019,37,Landscape Gardening,BR,Brazil,17,,677.0,,,RUAN SANTOS; BRUNO SOARES,138133; 138134,True,7472
WSC2019,37,Landscape Gardening,RU,Russia,18,,676.0,,,GLEB PLAKHOTNYUK; KOZYREV STANISLAV,138968; 140109,True,7473
WSC2019,37,Landscape Gardening,SE,Sweden,18,,676.0,,,DAVID ANDERSSON; FREDRIK EMANUELSSON,133952; 134007,True,7474
WSC2019,37,Landscape Gardening,IT,"South Tyrol, Italy",2,Silver,735.0,,,DANIEL PERKMANN; PATRICK STASCHITZ,137188; 137190,True,7457
WSC2019,37,Landscape Gardening,ES,Spain,20,,674.0,,,FRANCESC FERRÉ; ANDER BENAIGES,137654; 137655,True,7475
WSC2019,37,Landscape Gardening,AT,Austria,21,,663.0,,,JOHANNES SCHÖLER; PASCAL WEGSCHEIDER,135318; 135319,True,7476
WSC2019,37,Landscape Gardening,KR,Korea,22,,633.0,,,EUN-SEONG BAE; JAE-WAN JU,134847; 135548,True,7477
WSC2019,37,Landscape Gardening,ID,Indonesia,23,,624.0,,,FEBRI AFIANTORO; EKO PADI NUGROHO,135092; 135093,True,7478
WSC2019,37,Landscape Gardening,CL,Chile,24,,603.0,True,,OLGA GONZALEZ; MATIAS SANCHEZ,139323; 139324,True,7479
WSC2019,37,Landscape Gardening,CO,Colombia,3,Bronze,726.0,,,LUIS CARLOS FIGUEROA FIGUEROA; NELSON ALEJANDRO ROJAS DUARTE,136610; 136611,True,7458
WSC2019,37,Landscape Gardening,FR,France,4,Medallion for Excellence,718.0,,,BAPTISTE FABRE; LOUIS SOLIGNAC,136228; 136229,True,7460
WSC2019,37,Landscape Gardening,JP,Japan,4,Medallion for Excellence,718.0,,,MASATAKA ISHIZAKA; MEI UTSUNOMIYA,134532; 134533,True,7459
WSC2019,37,Landscape Gardening,UK,United Kingdom,4,Medallion for Excellence,718.0,,,SHEA MCFERRAN; SAMUEL TAYLOR,137080; 137081,True,7461
WSC2019,37,Landscape Gardening,CN,China,7,Medallion for Excellence,713.0,,,KANG WEN; DI YAN,138021; 138022,True,7462
WSC2019,37,Landscape Gardening,TW,Chinese Taipei,8,Medallion for Excellence,711.0,,,SHEN-YU XUAN; YAN-LIANG LIN,137730; 138123,True,7463
WSC2019,37,Landscape Gardening,DE,Germany,9,Medallion for Excellence,709.0,,,JULIAN MAIER; NIKLAS STADLMAYR,136668; 136669,True,7464
WSC2019,37,Landscape Gardening,FI,Finland,9,Medallion for Excellence,709.0,,,WILHELMIINA SAARIJÄRVI; VEIKKO TAHVANAINEN,139390; 134093,True,7465
WSC2019,38,Refrigeration and Air Conditioning,KR,Korea,1,Gold,745.0,,,JUHWAN GO,136064,True,7481
WSC2019,38,Refrigeration and Air Conditioning,RU,Russia,1,Gold,747.0,,,ALEKSANDR LEUSHIN,138979,True,7480
WSC2019,38,Refrigeration and Air Conditioning,HK,"Hong Kong, China",10,Medallion for Excellence,709.0,,,CHUN MING KWOK,137591,True,7489
WSC2019,38,Refrigeration and Air Conditioning,DE,Germany,11,Medallion for Excellence,704.0,,,LUKAS BRENNE,136671,True,7490
WSC2019,38,Refrigeration and Air Conditioning,CA,Canada,12,Medallion for Excellence,702.0,,,ZACHARY WILLIAM WALSH,138368,True,7491
WSC2019,38,Refrigeration and Air Conditioning,MY,Malaysia,12,Medallion for Excellence,702.0,,,HAZIQ FAUZI ABDUL JALIL,135397,True,7492
WSC2019,38,Refrigeration and Air Conditioning,PT,Portugal,14,Medallion for Excellence,700.0,,,FRANCISCO CAMPOS,138181,True,7493
WSC2019,38,Refrigeration and Air Conditioning,UK,United Kingdom,14,Medallion for Excellence,700.0,,,ORLANDO JAMES RAWLINGS,137084,True,7494
WSC2019,38,Refrigeration and Air Conditioning,IN,India,16,,695.0,,,RAHUL JANGRA,138767,True,7495
WSC2019,38,Refrigeration and Air Conditioning,PH,Philippines,17,,691.0,,,LEONIDO LOMOLJO,136005,True,7496
WSC2019,38,Refrigeration and Air Conditioning,ZA,South Africa,18,,689.0,,,DAVID LA GRANGE,138222,True,7497
WSC2019,38,Refrigeration and Air Conditioning,CO,Colombia,19,,685.0,,,ORLEY ALEJANDRO GOMEZ YALI,137544,True,7498
WSC2019,38,Refrigeration and Air Conditioning,ES,Spain,20,,683.0,,,IZAN ELIAS BARRETTO,137657,True,7499
WSC2019,38,Refrigeration and Air Conditioning,JP,Japan,21,,680.0,,,MISUZU KITAZAWA,134582,True,7500
WSC2019,38,Refrigeration and Air Conditioning,VN,Vietnam,21,,680.0,,,NGUYEN VAN HUNG,136487,True,7501
WSC2019,38,Refrigeration and Air Conditioning,OM,Oman,23,,677.0,,,ABDUL RAHMAN AL-ABOUDI,138712,True,7502
WSC2019,38,Refrigeration and Air Conditioning,AE,United Arab Emirates,24,,675.0,,,AMMAR ALZAROONI,138683,True,7503
WSC2019,38,Refrigeration and Air Conditioning,MA,Morocco,25,,670.0,,,ANASS TAHIRI,139273,True,7504
WSC2019,38,Refrigeration and Air Conditioning,KZ,Kazakhstan,26,,663.0,,,ALEXANDR MINAYEV,139053,True,7505
WSC2019,38,Refrigeration and Air Conditioning,NA,Namibia,27,,654.0,,,ANDREAS SHIGWEDHA,136986,True,7506
WSC2019,38,Refrigeration and Air Conditioning,KW,Kuwait,28,,652.0,True,,MOHAMMED ALAZMI,138601,True,7507
WSC2019,38,Refrigeration and Air Conditioning,AU,Australia,3,Bronze,739.0,,,PATRICK BRENNAN,137321,True,7482
WSC2019,38,Refrigeration and Air Conditioning,TW,Chinese Taipei,4,Medallion for Excellence,734.0,,,BING-RU WU,136740,True,7483
WSC2019,38,Refrigeration and Air Conditioning,AT,Austria,5,Medallion for Excellence,729.0,,,ANDREAS KEPLINGER,135324,True,7484
WSC2019,38,Refrigeration and Air Conditioning,CN,China,6,Medallion for Excellence,728.0,,,ZIHAO YANG,138026,True,7486
WSC2019,38,Refrigeration and Air Conditioning,FR,France,6,Medallion for Excellence,728.0,,,THOMAS JOUBERT,136101,True,7485
WSC2019,38,Refrigeration and Air Conditioning,TH,Thailand,8,Medallion for Excellence,713.0,,,WARAKORN BUTJAN,137470,True,7487
WSC2019,38,Refrigeration and Air Conditioning,BR,Brazil,9,Medallion for Excellence,710.0,,,ÍTALO CRUZ,136351,True,7488
WSC2019,39,IT Network Systems Administration,KR,Korea,1,Gold,738.0,,,ISEOP KIM,134855,True,7508
WSC2019,39,IT Network Systems Administration,RU,Russia,10,Medallion for Excellence,710.0,,,VLADISLAV TETIUSHKIN,138912,True,7517
WSC2019,39,IT Network Systems Administration,FR,France,11,Medallion for Excellence,707.0,,,BAPTISTE GEDALGE,136107,True,7518
WSC2019,39,IT Network Systems Administration,CR,Costa Rica,12,Medallion for Excellence,704.0,True,,DIEGO ANDRÉS LOPEZ GARRO,137548,True,7520
WSC2019,39,IT Network Systems Administration,HR,Croatia,12,Medallion for Excellence,704.0,,,JOSIP STANEŠIĆ,135596,True,7519
WSC2019,39,IT Network Systems Administration,HU,Hungary,14,Medallion for Excellence,703.0,,,BALINT MESZAROS,136510,True,7521
WSC2019,39,IT Network Systems Administration,LI,Principality of Liechtenstein,15,,697.0,,,LUCA HOGGE,134025,True,7522
WSC2019,39,IT Network Systems Administration,EE,Estonia,16,,689.0,,,GEN LEE,138101,True,7523
WSC2019,39,IT Network Systems Administration,AT,Austria,17,,685.0,,,NIKOLAUS WALTHER,135331,True,7524
WSC2019,39,IT Network Systems Administration,CO,Colombia,18,,684.0,,,WILMAR AGUILAR CASTRO,136612,True,7525
WSC2019,39,IT Network Systems Administration,DE,Germany,19,,681.0,,,STEFFEN WEISSMANN,137841,True,7526
WSC2019,39,IT Network Systems Administration,ID,Indonesia,2,Silver,732.0,,,RIZKY MUHAMMAD,135113,True,7509
WSC2019,39,IT Network Systems Administration,IR,Iran,2,Silver,730.0,,,PARSA YOUSEFI,138154,True,7510
WSC2019,39,IT Network Systems Administration,KZ,Kazakhstan,20,,678.0,,,ANDREY STEPANYUK,139047,True,7527
WSC2019,39,IT Network Systems Administration,PT,Portugal,21,,675.0,,,PAULO FERREIRA,133489,True,7528
WSC2019,39,IT Network Systems Administration,CA,Canada,22,,672.0,,,ANJESH SHRESTHA,137009,True,7529
WSC2019,39,IT Network Systems Administration,SE,Sweden,23,,664.0,,,VICTOR NYBERG,133953,True,7530
WSC2019,39,IT Network Systems Administration,OM,Oman,24,,663.0,,,AHMED AL-JABRI,138845,True,7531
WSC2019,39,IT Network Systems Administration,ES,Spain,25,,655.0,,,JOEL LORENZ,137661,True,7532
WSC2019,39,IT Network Systems Administration,BY,Belarus,26,,652.0,,,ALIAKSANDR KAVALIOU,138498,True,7533
WSC2019,39,IT Network Systems Administration,ZA,South Africa,27,,649.0,,,BRANDO WELGEMOED,138224,True,7534
WSC2019,39,IT Network Systems Administration,EG,Egypt,28,,648.0,,,ALI IBRAHIM YEHIA SAYED,138866,True,7535
WSC2019,39,IT Network Systems Administration,JP,Japan,4,Medallion for Excellence,725.0,,,KAZUMA KAWASHIMA,134546,True,7511
WSC2019,39,IT Network Systems Administration,SG,Singapore,4,Medallion for Excellence,725.0,,,WEN XUAN LIONG,134917,True,7512
WSC2019,39,IT Network Systems Administration,CN,China,6,Medallion for Excellence,718.0,,,HAOKUN LIANG,138038,True,7513
WSC2019,39,IT Network Systems Administration,BR,Brazil,7,Medallion for Excellence,715.0,,,EDUARDO HERMANN,136359,True,7514
WSC2019,39,IT Network Systems Administration,TW,Chinese Taipei,7,Medallion for Excellence,715.0,,,XUAN-CHEN GUO,136720,True,7515
WSC2019,39,IT Network Systems Administration,MO,"Macao, China",9,Medallion for Excellence,712.0,,,MAN SAN WONG,137561,True,7516
WSC2019,40,Graphic Design Technology,TW,Chinese Taipei,1,Gold,750.0,,,YI-TING LIAO,136716,True,7536
WSC2019,40,Graphic Design Technology,EE,Estonia,10,Medallion for Excellence,716.0,True,,JAAGUP SUSI,138100,True,7546
WSC2019,40,Graphic Design Technology,SG,Singapore,10,Medallion for Excellence,716.0,,,JAMIE JESSICA LEONG,134893,True,7545
WSC2019,40,Graphic Design Technology,DE,Germany,12,Medallion for Excellence,712.0,,,ANTON CHERTKOV,136674,True,7547
WSC2019,40,Graphic Design Technology,KR,Korea,12,Medallion for Excellence,712.0,,,YULIM NOH,134852,True,7548
WSC2019,40,Graphic Design Technology,CH,Switzerland,14,Medallion for Excellence,710.0,,,ILONA ZÜST,134931,True,7549
WSC2019,40,Graphic Design Technology,IT,"South Tyrol, Italy",14,Medallion for Excellence,710.0,,,CLAUDIA GRUBER,137221,True,7550
WSC2019,40,Graphic Design Technology,HK,"Hong Kong, China",16,Medallion for Excellence,709.0,,,HOI TUNG MAN,137597,True,7551
WSC2019,40,Graphic Design Technology,BR,Brazil,17,Medallion for Excellence,701.0,,,BIANCA KLEMPE CORRÊA,136355,True,7552
WSC2019,40,Graphic Design Technology,AU,Australia,18,Medallion for Excellence,700.0,,,INDY GRIFFITHS,137368,True,7554
WSC2019,40,Graphic Design Technology,PH,Philippines,18,Medallion for Excellence,700.0,,,RAMON BONG BAUTISTA,136002,True,7553
WSC2019,40,Graphic Design Technology,AT,Austria,2,Silver,742.0,,,MARTIN JOSEF STRAIF,135330,True,7537
WSC2019,40,Graphic Design Technology,FR,France,2,Silver,740.0,,,CORENTIN ECHIVARD,136105,True,7538
WSC2019,40,Graphic Design Technology,NL,Netherlands,20,,695.0,,,MYRON KOUFFELD,137393,True,7555
WSC2019,40,Graphic Design Technology,CO,Colombia,21,,694.0,,,ANA MANUELA RODRIGUEZ HIDALGO,136613,True,7556
WSC2019,40,Graphic Design Technology,IR,Iran,22,,686.0,,,AVIN RASHIDIROSTAMI,138152,True,7557
WSC2019,40,Graphic Design Technology,US,United States of America,23,,685.0,,,ANTHONY MOORE,134708,True,7558
WSC2019,40,Graphic Design Technology,FI,Finland,24,,681.0,,,ATTE KARPPINEN,134593,True,7559
WSC2019,40,Graphic Design Technology,LV,Latvia,25,,680.0,,,LAINE ZVIRGZDINA,139038,True,7560
WSC2019,40,Graphic Design Technology,JP,Japan,26,,679.0,,,SENA AMBO,134539,True,7561
WSC2019,40,Graphic Design Technology,BY,Belarus,27,,673.0,,,MARYNA HAYEL,138523,True,7562
WSC2019,40,Graphic Design Technology,ZA,South Africa,28,,669.0,,,HANNAH SMITH,138223,True,7563
WSC2019,40,Graphic Design Technology,BB,Barbados,29,,649.0,,,KRISTINA PATRICK,134646,True,7564
WSC2019,40,Graphic Design Technology,HU,Hungary,30,,643.0,,,ANNA SARA NAGY,136508,True,7565
WSC2019,40,Graphic Design Technology,KZ,Kazakhstan,31,,631.0,,,DAIANA BOLAT,139049,True,7566
WSC2019,40,Graphic Design Technology,AE,United Arab Emirates,32,,626.0,,,JAWAHER AL-ALI,138685,True,7568
WSC2019,40,Graphic Design Technology,RO,Romania,32,,626.0,,,ANDREEA-CORINA RUS,137986,True,7567
WSC2019,40,Graphic Design Technology,JM,Jamaica,34,,609.0,,,SHANICE BROMFIELD,132696,True,7569
WSC2019,40,Graphic Design Technology,OM,Oman,35,,576.0,,,AHMED AL ALAWI,138841,True,7570
WSC2019,40,Graphic Design Technology,IN,India,4,Bronze,738.0,,,SHWETA RATANPURA,138757,True,7539
WSC2019,40,Graphic Design Technology,CA,Canada,5,Medallion for Excellence,735.0,,,JOSEPH'S YIN THOONG,138371,True,7540
WSC2019,40,Graphic Design Technology,TH,Thailand,6,Medallion for Excellence,726.0,,,WATTANACHAI CHOOSUP,137472,True,7541
WSC2019,40,Graphic Design Technology,CN,China,7,Medallion for Excellence,723.0,,,JUNRONG WU,138032,True,7542
WSC2019,40,Graphic Design Technology,ID,Indonesia,8,Medallion for Excellence,717.0,,,LUKY WIRANDA,135082,True,7543
WSC2019,40,Graphic Design Technology,RU,Russia,8,Medallion for Excellence,717.0,,,IAROSLAV VELIKANOV,139000,True,7544
WSC2019,41,Health and Social Care,SG,Singapore,1,Gold,751.0,,,REGINA CHIA,132207,True,7571
WSC2019,41,Health and Social Care,IT,"South Tyrol, Italy",10,Medallion for Excellence,700.0,,,VIVIEN SANTER,137226,True,7580
WSC2019,41,Health and Social Care,CH,Switzerland,11,,689.0,,,AMÉLIA BROSSY,134948,True,7581
WSC2019,41,Health and Social Care,CN,China,12,,686.0,,,MENGJING YANG,138065,True,7583
WSC2019,41,Health and Social Care,NO,Norway,12,,686.0,,,SILJE KJÆRNLI,135193,True,7582
WSC2019,41,Health and Social Care,LI,Principality of Liechtenstein,14,,685.0,,,LENA SCHÄDLER,134029,True,7584
WSC2019,41,Health and Social Care,RU,Russia,15,,680.0,,,ADELINA VUKOLOVA,138990,True,7585
WSC2019,41,Health and Social Care,BH,Kingdom of Bahrain,16,,678.0,True,,GHADEER HUSAIN,138826,True,7586
WSC2019,41,Health and Social Care,HR,Croatia,17,,668.0,,,DAVID MLAKIĆ,135603,True,7587
WSC2019,41,Health and Social Care,ES,Spain,18,,647.0,,,ALBA MARTÍNEZ,137672,True,7588
WSC2019,41,Health and Social Care,KW,Kuwait,19,,587.0,,,BANDAR ALOTIBI,138602,True,7589
WSC2019,41,Health and Social Care,BR,Brazil,2,Silver,740.0,,,MIRIAM DA SILVA,155972,True,7572
WSC2019,41,Health and Social Care,SE,Sweden,3,Bronze,730.0,,,JONNA MJÖRNELL,133839,True,7573
WSC2019,41,Health and Social Care,AE,United Arab Emirates,4,Medallion for Excellence,725.0,True,,LAMEES BIN KALBAN,138692,True,7574
WSC2019,41,Health and Social Care,TW,Chinese Taipei,5,Medallion for Excellence,724.0,,,YU-HAN YANG,136954,True,7575
WSC2019,41,Health and Social Care,HU,Hungary,6,Medallion for Excellence,709.0,,,NIKOLETT OROSZ,136517,True,7576
WSC2019,41,Health and Social Care,IN,India,6,Medallion for Excellence,709.0,,,THASLEEM MOHIDEEN,138645,True,7577
WSC2019,41,Health and Social Care,CO,Colombia,8,Medallion for Excellence,706.0,True,,BRANDOL OSDARWIN TRUJILLO GUTIERREZ,137545,True,7579
WSC2019,41,Health and Social Care,DE,Germany,8,Medallion for Excellence,706.0,,,ELISABETH HÖLSCHER,243616,True,7578
WSC2019,42,Construction Metal Work,KR,Korea,1,Gold,730.0,,,DONG-MIN SEEN,134863,True,7590
WSC2019,42,Construction Metal Work,UK,United Kingdom,11,,669.0,,,TYLER ATKINSON,137097,True,7600
WSC2019,42,Construction Metal Work,FI,Finland,12,,649.0,,,VALTTERI SOININEN,134601,True,7601
WSC2019,42,Construction Metal Work,VN,Vietnam,13,,601.0,,,PHAM VIET DUY,136476,True,7602
WSC2019,42,Construction Metal Work,AT,Austria,2,Silver,718.0,,,JOHANNES KALSS,135337,True,7592
WSC2019,42,Construction Metal Work,CN,China,2,Silver,720.0,,,HAO LIU,138047,True,7591
WSC2019,42,Construction Metal Work,BR,Brazil,4,Medallion for Excellence,714.0,,,LUCAS CARNEIRO,136365,True,7593
WSC2019,42,Construction Metal Work,FR,France,5,Medallion for Excellence,704.0,,,FRANCIS PERROT-MINNOT,136113,True,7595
WSC2019,42,Construction Metal Work,JP,Japan,5,Medallion for Excellence,704.0,,,TOMOYA MAKINO,134553,True,7594
WSC2019,42,Construction Metal Work,IE,Ireland,7,Medallion for Excellence,700.0,,,PATRICK TWOMEY,137000,True,7596
WSC2019,42,Construction Metal Work,TW,Chinese Taipei,8,,684.0,,,ZHE-MING LIN,138296,True,7597
WSC2019,42,Construction Metal Work,CH,Switzerland,9,,670.0,,,RÉMY MORNOD,134935,True,7598
WSC2019,42,Construction Metal Work,RU,Russia,9,,670.0,,,ILNUR DAVLETSHIN,138934,True,7599
WSC2019,43,Plastic Die Engineering,RU,Russia,1,Gold,726.0,,,VLADISLAV ROZOV,138914,True,7603
WSC2019,43,Plastic Die Engineering,VN,Vietnam,10,,616.0,,,TRUONG NGUYEN XUAN,139130,True,7612
WSC2019,43,Plastic Die Engineering,MX,Mexico,11,,595.0,,,ADRIANA ENRIQUETA VELAZQUEZ ROMERO,132800,True,7613
WSC2019,43,Plastic Die Engineering,BR,Brazil,2,Silver,720.0,,,VITOR GALDINO,136369,True,7604
WSC2019,43,Plastic Die Engineering,CN,China,3,Bronze,703.0,,,SENRUI LU,138120,True,7605
WSC2019,43,Plastic Die Engineering,ID,Indonesia,3,Bronze,701.0,,,MOCHAMMAD HAFID MIFTAH FAUZI,135072,True,7606
WSC2019,43,Plastic Die Engineering,TW,Chinese Taipei,3,Bronze,701.0,,,CHEN-HAO KAO,137769,True,7607
WSC2019,43,Plastic Die Engineering,KR,Korea,6,Medallion for Excellence,700.0,,,HAN-KWON KIM,134874,True,7608
WSC2019,43,Plastic Die Engineering,IN,India,7,,684.0,,,VISHWANATHAN MUTHUPANDY,138783,True,7609
WSC2019,43,Plastic Die Engineering,JP,Japan,8,,660.0,,,HIROAKI ITO,134565,True,7610
WSC2019,43,Plastic Die Engineering,TH,Thailand,9,,646.0,,,SUKANYA THONGSAM,137489,True,7611
WSC2019,44,Visual Merchandising,RU,Russia,1,Gold,770.0,,,ANASTASIA RASPOPOVA,138998,True,7614
WSC2019,44,Visual Merchandising,BY,Belarus,10,,680.0,,,PALINA HURYNOVICH,138522,True,7624
WSC2019,44,Visual Merchandising,IE,Ireland,10,,680.0,,,JENNIFER MANGAN,136999,True,7623
WSC2019,44,Visual Merchandising,UK,United Kingdom,12,,678.0,,,KONNAR DOYLE,137089,True,7625
WSC2019,44,Visual Merchandising,BR,Brazil,13,,677.0,,,GABRIELE RAISER,136358,True,7626
WSC2019,44,Visual Merchandising,HU,Hungary,14,,670.0,,,KRISTOF FEJES,136509,True,7627
WSC2019,44,Visual Merchandising,KZ,Kazakhstan,15,,640.0,,,TATYANA ANTONOVA,139055,True,7628
WSC2019,44,Visual Merchandising,CN,China,2,Silver,736.0,,,LIPING LUO,138119,True,7615
WSC2019,44,Visual Merchandising,SE,Sweden,3,Bronze,727.0,,,VENDELA LUNDIN PIKNER,133838,True,7616
WSC2019,44,Visual Merchandising,LV,Latvia,4,Medallion for Excellence,714.0,,,LUIZE MIHAILOVA,138984,True,7617
WSC2019,44,Visual Merchandising,HK,"Hong Kong, China",5,Medallion for Excellence,711.0,,,KEI KWAN LUI,137599,True,7618
WSC2019,44,Visual Merchandising,NL,Netherlands,6,Medallion for Excellence,707.0,,,JOËLLE WEENING,137398,True,7619
WSC2019,44,Visual Merchandising,IN,India,7,Medallion for Excellence,700.0,,,ANKIT ANAND,138286,True,7621
WSC2019,44,Visual Merchandising,SG,Singapore,7,Medallion for Excellence,700.0,,,ELYSIA TJANDERAWASI,132189,True,7620
WSC2019,44,Visual Merchandising,MO,"Macao, China",9,,695.0,,,WENG I PUN,137560,True,7622
WSC2019,45,Prototype Modelling,RU,Russia,1,Gold,728.0,,,AIDAR MINEEV,138915,True,7629
WSC2019,45,Prototype Modelling,VN,Vietnam,10,,675.0,,,DOAN MINH TUAN,136808,True,7637
WSC2019,45,Prototype Modelling,TW,Chinese Taipei,11,,671.0,,,PING-HUNG CHEN,136750,True,7639
WSC2019,45,Prototype Modelling,HR,Croatia,12,,603.0,,,ROBERT LEŠKOVIĆ,135599,True,7640
WSC2019,45,Prototype Modelling,KR,Korea,2,Silver,721.0,,,MINSEOK KIM,134876,True,7630
WSC2019,45,Prototype Modelling,JP,Japan,3,Bronze,717.0,,,MIUMI MATSUZOE,134572,True,7631
WSC2019,45,Prototype Modelling,BR,Brazil,4,Medallion for Excellence,706.0,,,HENRIQUE SOBRINHO MENEZES,136379,True,7632
WSC2019,45,Prototype Modelling,TH,Thailand,5,Medallion for Excellence,705.0,,,PIYATHEP DEEKHONG,137490,True,7633
WSC2019,45,Prototype Modelling,CN,China,6,Medallion for Excellence,703.0,,,JUNKAI WEN,138089,True,7634
WSC2019,45,Prototype Modelling,IN,India,7,,697.0,,,ABHISHEK ATHIHALLI NARASIMHEGOWDA,138287,True,7635
WSC2019,45,Prototype Modelling,ID,Indonesia,8,,680.0,,,SLAMET SARWO EDI,135075,True,7638
WSC2019,45,Prototype Modelling,CH,Switzerland,9,,676.0,,,ALEXANDER RETO GROSSNIKLAUS,134943,True,7636
WSC2019,46,Concrete Construction Work,AT,Austria,1,Gold,723.0,,,ALEXANDER KRUTZLER; MATEO GRGIC,135289; 135290,True,7642
WSC2019,46,Concrete Construction Work,CN,China,1,Gold,723.0,,,JUNHUI CHEN; JUNHONG LI,138015; 138016,True,7641
WSC2019,46,Concrete Construction Work,DE,Germany,3,Bronze,719.0,,,NIKLAS BERROTH; JULIAN KIESL,138080; 138081,True,7643
WSC2019,46,Concrete Construction Work,FR,France,4,Medallion for Excellence,714.0,,,GAËTAN ARTUSO; CLÉMENT DRONNE,136095; 136096,True,7644
WSC2019,46,Concrete Construction Work,RU,Russia,5,Medallion for Excellence,700.0,,,NIKITA KOMAROV; ANDREY KORPACHEV,140341; 138966,True,7645
WSC2019,46,Concrete Construction Work,BR,Brazil,6,,689.0,,,BRUMELL DOS ANJOS; LUCAS VIGIANO,136339; 139479,True,7646
WSC2019,46,Concrete Construction Work,IN,India,7,,680.0,,,NARESH DHARAVATH; AMIT YADAV,138280; 138756,True,7647
WSC2019,46,Concrete Construction Work,SE,Sweden,8,,670.0,,,OSCAR ERIKSSON; ERIK LARSSON,133852; 134054,True,7648
WSC2019,46,Concrete Construction Work,KZ,Kazakhstan,9,,664.0,,,BOGDANOV ILDAR; ABRAM ESLINGER,139052; 139087,True,7649
WSC2019,47,Bakery,CH,Switzerland,1,Gold,739.0,,,SONJA DURRER,134950,True,7650
WSC2019,47,Bakery,TW,Chinese Taipei,1,Gold,739.0,,,HSIEH-YI HSIEH,136721,True,7651
WSC2019,47,Bakery,MY,Malaysia,10,Medallion for Excellence,700.0,,,TIMOTHY KON KEEN YI,135412,True,7659
WSC2019,47,Bakery,FR,France,11,,697.0,,,ANTOINE HEURTEUX,136118,True,7660
WSC2019,47,Bakery,DK,Denmark,12,,695.0,,,LINDA KATRINE HOLST KJELDSEN,137123,True,7661
WSC2019,47,Bakery,NL,Netherlands,13,,694.0,,,TIM BIENEFELT,137397,True,7662
WSC2019,47,Bakery,US,United States of America,14,,685.0,,,DAYLAN TORRES,134716,True,7663
WSC2019,47,Bakery,BY,Belarus,15,,680.0,,,TATSIANA PRAKHARENKA,138521,True,7664
WSC2019,47,Bakery,NZ,New Zealand,16,,678.0,,,NEROLI LANCASTER,135664,True,7665
WSC2019,47,Bakery,FI,Finland,17,,667.0,,,MIA TAMMELIN,134607,True,7666
WSC2019,47,Bakery,ES,Spain,18,,636.0,,,YAMILA SIDATI,137668,True,7667
WSC2019,47,Bakery,KZ,Kazakhstan,19,,594.0,,,ASSEM MARKABAY,139274,True,7668
WSC2019,47,Bakery,CN,China,3,Bronze,734.0,,,ZIYANG ZHANG,138061,True,7652
WSC2019,47,Bakery,RU,Russia,4,Medallion for Excellence,729.0,,,DARIA MALTSEVA,138994,True,7653
WSC2019,47,Bakery,MO,"Macao, China",5,Medallion for Excellence,725.0,,,KA KEI CHOI,137569,True,7654
WSC2019,47,Bakery,IN,India,6,Medallion for Excellence,710.0,,,FARUK AHMED,138639,True,7655
WSC2019,47,Bakery,BR,Brazil,7,Medallion for Excellence,707.0,,,BRUNA PINTO VIEIRA,136392,True,7657
WSC2019,47,Bakery,KR,Korea,7,Medallion for Excellence,707.0,,,YOO-HEE KIM,134879,True,7656
WSC2019,47,Bakery,AT,Austria,9,Medallion for Excellence,702.0,,,JASMIN ANGERER,135352,True,7658
WSC2019,48,Industrial Mechanic Millwright,JP,Japan,1,Gold,744.0,,,YUJIRO SAKAMOTO,134556,True,7669
WSC2019,48,Industrial Mechanic Millwright,BR,Brazil,10,,680.0,,,LEONARDO MORAES,136375,True,7678
WSC2019,48,Industrial Mechanic Millwright,NO,Norway,11,,641.0,,,TOBIAS BUEIE,135187,True,7680
WSC2019,48,Industrial Mechanic Millwright,NZ,New Zealand,11,,641.0,,,LLOYD DYER,135665,True,7679
WSC2019,48,Industrial Mechanic Millwright,AU,Australia,2,Silver,736.0,,,CLINTON LARKINGS,137372,True,7670
WSC2019,48,Industrial Mechanic Millwright,CN,China,3,Bronze,721.0,,,WEIYU ZHANG,138049,True,7671
WSC2019,48,Industrial Mechanic Millwright,IE,Ireland,3,Bronze,720.0,,,ADAM FLYNN,138344,True,7672
WSC2019,48,Industrial Mechanic Millwright,RU,Russia,5,Medallion for Excellence,716.0,,,IGNATII EVDOKIMOV,138936,True,7673
WSC2019,48,Industrial Mechanic Millwright,CA,Canada,6,Medallion for Excellence,704.0,,,JAKE DOAN,138379,True,7674
WSC2019,48,Industrial Mechanic Millwright,KR,Korea,7,,696.0,,,CHAE-WON LIM,134866,True,7675
WSC2019,48,Industrial Mechanic Millwright,FI,Finland,8,,690.0,,,ANTTI ROSSI,134603,True,7676
WSC2019,48,Industrial Mechanic Millwright,TW,Chinese Taipei,9,,685.0,,,TZU-YI CHAN,136705,True,7677
WSC2019,49,Heavy Vehicle Technology,BR,Brazil,1,Gold,745.0,,,PAULO FRATTA,136389,True,7681
WSC2019,49,Heavy Vehicle Technology,NL,Netherlands,10,,696.0,,,PETER VAN ANDEL,137379,True,7690
WSC2019,49,Heavy Vehicle Technology,FR,France,11,,687.0,,,GRÉGOIRE BOUFFART,136128,True,7691
WSC2019,49,Heavy Vehicle Technology,LV,Latvia,12,,683.0,,,ANDIS KARKLINS,139039,True,7692
WSC2019,49,Heavy Vehicle Technology,DK,Denmark,13,,669.0,,,ANDERS STENSGAARD SØRENSEN,137129,True,7693
WSC2019,49,Heavy Vehicle Technology,HU,Hungary,14,,662.0,,,BENCE APAGYI,136520,True,7694
WSC2019,49,Heavy Vehicle Technology,KZ,Kazakhstan,15,,648.0,,,MIKHAIL NAZARENKO,139041,True,7695
WSC2019,49,Heavy Vehicle Technology,CA,Canada,2,Silver,736.0,True,,JACK DUPUIS,138392,True,7682
WSC2019,49,Heavy Vehicle Technology,US,United States of America,3,Bronze,728.0,True,,RYAN MEPPELINK,134726,True,7683
WSC2019,49,Heavy Vehicle Technology,CH,Switzerland,4,Medallion for Excellence,722.0,,,CHRISTOF RÖLLIN,134955,True,7684
WSC2019,49,Heavy Vehicle Technology,KR,Korea,5,Medallion for Excellence,720.0,,,JEONG-RYONG RYU,134886,True,7685
WSC2019,49,Heavy Vehicle Technology,CN,China,6,Medallion for Excellence,710.0,,,ZHENAN MO,138075,True,7686
WSC2019,49,Heavy Vehicle Technology,AT,Austria,7,Medallion for Excellence,708.0,,,THOMAS TRAUSNITZ,135361,True,7687
WSC2019,49,Heavy Vehicle Technology,MA,Morocco,8,Medallion for Excellence,700.0,,,YOUSSEF HARBALA,139285,True,7689
WSC2019,49,Heavy Vehicle Technology,RU,Russia,8,Medallion for Excellence,700.0,,,DANIL PRONIN,139064,True,7688
WSC2019,50,3D Digital Game Art,SG,Singapore,1,Gold,753.0,True,,YING YING TAN,132187,True,7696
WSC2019,50,3D Digital Game Art,TW,Chinese Taipei,10,,691.0,,,YU ZHEN CHEN,138630,True,7705
WSC2019,50,3D Digital Game Art,UK,United Kingdom,11,,661.0,,,PATRICK BUCKLEY,137086,True,7706
WSC2019,50,3D Digital Game Art,ES,Spain,12,,557.0,,,MARÍA ENRÍQUEZ,137658,True,7707
WSC2019,50,3D Digital Game Art,CN,China,2,Silver,748.0,,,DINGJUN HE,138028,True,7697
WSC2019,50,3D Digital Game Art,RU,Russia,3,Bronze,734.0,,,ALEXEY ARTEMASOV,138997,True,7698
WSC2019,50,3D Digital Game Art,KR,Korea,4,Medallion for Excellence,731.0,,,DONG-HYUN JUNG,134841,True,7699
WSC2019,50,3D Digital Game Art,IN,India,5,Medallion for Excellence,709.0,,,NIDHIN PREM,138616,True,7700
WSC2019,50,3D Digital Game Art,BR,Brazil,6,Medallion for Excellence,705.0,,,GABRIEL VIEIRA,136398,True,7701
WSC2019,50,3D Digital Game Art,CA,Canada,7,,695.0,,,JUSTIN BUCHANAN,138369,True,7702
WSC2019,50,3D Digital Game Art,FI,Finland,8,,692.0,,,JOUNI HEIKKINEN,134590,True,7704
WSC2019,50,3D Digital Game Art,HK,"Hong Kong, China",8,,692.0,,,MARK LUDOVICO PROTUSADA,137595,True,7703
WSC2019,51,Freight Forwarding,IE,Ireland,1,Gold,728.0,,,MEGAN YEATES,137005,True,7708
WSC2019,51,Freight Forwarding,SG,Singapore,2,Silver,724.0,,,REBECCA SIM,132211,True,7709
WSC2019,51,Freight Forwarding,RU,Russia,3,Bronze,715.0,,,ELIZAVETA NEKRASOVA,139014,True,7710
WSC2019,51,Freight Forwarding,DE,Germany,4,Medallion for Excellence,700.0,,,PHILIP LANG,136687,True,7711
WSC2019,51,Freight Forwarding,AT,Austria,5,,696.0,,,NADINE ALTMANN,135360,True,7712
WSC2019,51,Freight Forwarding,BR,Brazil,6,,680.0,,,GABRIELLI KRETSCHMER,140312,True,7713
WSC2019,51,Freight Forwarding,CN,China,7,,670.0,,,HUIWEN WANG,138107,True,7714
WSC2019,52,Chemical Laboratory Technology,RU,Russia,1,Gold,845.0,,True,ANASTASIIA KAMNEVA,138920,True,7715
WSC2019,52,Chemical Laboratory Technology,FI,Finland,2,Silver,727.0,True,,PINJA HARAKKAMÄKI,134600,True,7716
WSC2019,52,Chemical Laboratory Technology,BR,Brazil,3,Bronze,720.0,,,DANIELA CARNEIRO,136364,True,7717
WSC2019,52,Chemical Laboratory Technology,UK,United Kingdom,4,Medallion for Excellence,702.0,,,TONICHA ROBERTS,137867,True,7718
WSC2019,52,Chemical Laboratory Technology,AT,Austria,5,Medallion for Excellence,700.0,,,PETER GÜNTHER WAKONIGG,135336,True,7719
WSC2019,52,Chemical Laboratory Technology,CN,China,5,Medallion for Excellence,700.0,,,HUAJIAN LI,138046,True,7720
WSC2019,52,Chemical Laboratory Technology,CO,Colombia,7,,683.0,,,LAURA PATRICIA BARRETO AGUIRRE,137538,True,7721
WSC2019,52,Chemical Laboratory Technology,SG,Singapore,8,,679.0,,,ZI XUAN NG,135546,True,7722
WSC2019,52,Chemical Laboratory Technology,KZ,Kazakhstan,9,,579.0,,,VENERA ZAULEKENOVA,139040,True,7723
WSC2019,53,Cloud Computing,IE,Ireland,1,Gold,740.0,True,,OLIVIER BAL-PETRE,137343,True,7724
WSC2019,53,Cloud Computing,TW,Chinese Taipei,10,,683.0,,,YOU AN JHAN,138338,True,7733
WSC2019,53,Cloud Computing,NZ,New Zealand,11,,632.0,,,MICHAEL LOVE,135658,True,7734
WSC2019,53,Cloud Computing,MY,Malaysia,12,,608.0,,,KOGILAN KRISHNANSAMY,135759,True,7735
WSC2019,53,Cloud Computing,UK,United Kingdom,13,,593.0,,,EDUARD ADAM,137864,True,7736
WSC2019,53,Cloud Computing,CA,Canada,14,,555.0,,,EVAN RIDEOUT,138373,True,7737
WSC2019,53,Cloud Computing,OM,Oman,15,,552.0,,,ABDUL RAHMAN AL SAIDI,138842,True,7738
WSC2019,53,Cloud Computing,BR,Brazil,2,Silver,726.0,,,LEANDRO MOREIRA,137519,True,7725
WSC2019,53,Cloud Computing,JP,Japan,3,Bronze,720.0,,,TOMOHIRO HAMASAKI,134545,True,7726
WSC2019,53,Cloud Computing,KR,Korea,4,Medallion for Excellence,717.0,,,MOO-HYUN SONG,135630,True,7727
WSC2019,53,Cloud Computing,AU,Australia,5,Medallion for Excellence,708.0,,,ANDREW BROWN,137371,True,7728
WSC2019,53,Cloud Computing,SG,Singapore,5,Medallion for Excellence,708.0,,,MILTON SIM,134915,True,7729
WSC2019,53,Cloud Computing,RU,Russia,7,Medallion for Excellence,706.0,,,DIANA KASABOVA,138911,True,7730
WSC2019,53,Cloud Computing,BE,Belgium,8,Medallion for Excellence,700.0,,,BENJAMIN NICODÈME,137913,True,7731
WSC2019,53,Cloud Computing,CN,China,9,,692.0,,,JIN YAO,138037,True,7732
WSC2019,54,Cyber Security,RU,Russia,1,Gold,749.0,,,VIKTOR LEGOSTAEV; DMITRII TITOV,140106; 140107,True,7739
WSC2019,54,Cyber Security,US,United States of America,10,,658.0,,,MAWADDA ABUHAMDA; JASON MCGEE,134743; 134744,True,7748
WSC2019,54,Cyber Security,MX,Mexico,11,,638.0,,,JUAN GERARDO MARTINEZ RANGEL; ARTURO CAMACHO DIAZ,137883; 137884,True,7749
WSC2019,54,Cyber Security,CN,China,2,Silver,745.0,,,ZITONG XIAO; ZHUTIAN FENG,138091; 138092,True,7740
WSC2019,54,Cyber Security,BR,Brazil,3,Bronze,713.0,,,RAISSA MARCON CONSTANTE; JEAN CARLOS NICOLETTI NOVAK,137711; 137712,True,7741
WSC2019,54,Cyber Security,SG,Singapore,3,Bronze,713.0,,,DEVESH LOGENDRAN; CHAN HONG KOH,132190; 132191,True,7742
WSC2019,54,Cyber Security,IN,India,5,Medallion for Excellence,710.0,,,SHUBHAM SINGH; SWAPNIL XXX,138622; 138656,True,7743
WSC2019,54,Cyber Security,JP,Japan,6,Medallion for Excellence,700.0,,,YOSHINORI HAYASHI; YUTARO SHIMIZU,134542; 134543,True,7744
WSC2019,54,Cyber Security,OM,Oman,7,,685.0,,,MOHAMMED AL KALBANI; BASSAM AL-ZADJALI,138843; 138844,True,7745
WSC2019,54,Cyber Security,UK,United Kingdom,8,,680.0,,,KYLE WOODWARD; ADRIAN CYBULSKI,137865; 137866,True,7746
WSC2019,54,Cyber Security,PH,Philippines,9,,665.0,,,CHJOHNNE MA JESUS CALIWARA; VINCENT BRYCE GARCIA,136270; 136272,True,7747
WSC2019,55,Water Technology,CN,China,1,Gold,721.0,,,LUFENG ZENG,138122,True,7750
WSC2019,55,Water Technology,IN,India,1,Gold,720.0,True,,ASWATHA NARAYANA SANAGAVARAPU,138637,True,7751
WSC2019,55,Water Technology,BY,Belarus,10,,626.0,,,ULADZISLAU SAVITSKI,138499,True,7759
WSC2019,55,Water Technology,ZA,South Africa,11,,624.0,,,THABISO MATLOU,138237,True,7760
WSC2019,55,Water Technology,SG,Singapore,3,Bronze,715.0,,,JOHN CHEN,132203,True,7752
WSC2019,55,Water Technology,KR,Korea,4,Medallion for Excellence,705.0,,,HYUN-GOO KANG,134877,True,7753
WSC2019,55,Water Technology,DE,Germany,5,Medallion for Excellence,701.0,,,LUKAS KOHL,136682,True,7754
WSC2019,55,Water Technology,VN,Vietnam,6,Medallion for Excellence,700.0,,,NGUYEN THAI PHUONG,136491,True,7755
WSC2019,55,Water Technology,RU,Russia,7,,682.0,,,NIKITA GVOZDEV,138913,True,7756
WSC2019,55,Water Technology,IR,Iran,8,,668.0,,,AMIRREZA DEHGHANI SANIJ,138420,True,7757
WSC2019,55,Water Technology,BR,Brazil,9,,651.0,,,THIAGO FELIPE SALKOVSKI,137515,True,7758
WSC2019,56,Hotel Reception,RU,Russia,1,Gold,775.0,,,VITALIYA IAKOVENKO,138987,True,7761
WSC2019,56,Hotel Reception,NL,Netherlands,10,,697.0,,,NOHELIS VAN DER WIELE,137390,True,7770
WSC2019,56,Hotel Reception,IN,India,11,,692.0,,,ABHINAV VINTA,138646,True,7771
WSC2019,56,Hotel Reception,BR,Brazil,12,,688.0,,,PAULA SENNA,136830,True,7772
WSC2019,56,Hotel Reception,EE,Estonia,12,,688.0,,,LIISA MEIDLA,138105,True,7773
WSC2019,56,Hotel Reception,FI,Finland,14,,666.0,,,JAANA SÄKKI,134608,True,7774
WSC2019,56,Hotel Reception,CN,China,15,,658.0,,,ZHI CHEN,138066,True,7775
WSC2019,56,Hotel Reception,KZ,Kazakhstan,16,,653.0,,,SERVANA SANAILOVA,139051,True,7776
WSC2019,56,Hotel Reception,AT,Austria,2,Silver,741.0,,,OLIVER LANG,135355,True,7762
WSC2019,56,Hotel Reception,SE,Sweden,3,Bronze,738.0,,,ELIAS LARSSON,134103,True,7763
WSC2019,56,Hotel Reception,SG,Singapore,4,Medallion for Excellence,728.0,,,SHERVONNE PAN,135247,True,7764
WSC2019,56,Hotel Reception,HR,Croatia,5,Medallion for Excellence,722.0,True,,MARINA KOVAČIĆ,135605,True,7765
WSC2019,56,Hotel Reception,BE,Belgium,6,Medallion for Excellence,719.0,True,,MAXIME CABO,137917,True,7766
WSC2019,56,Hotel Reception,IT,"South Tyrol, Italy",7,Medallion for Excellence,703.0,,,DENISE GIACOSA,137228,True,7767
WSC2019,56,Hotel Reception,NO,Norway,8,Medallion for Excellence,701.0,,,MORTEN RIDDERSETH,135194,True,7768
WSC2019,56,Hotel Reception,CH,Switzerland,9,,699.0,,,JULIAN FERRANTE,134949,True,7769
