edition,skill,skill_name,member_code,member_name,position,medal,mark,best_of_nation,albert_vidal_award,competitor_names,person_ids,published,result_id
WSC2026,01,Industrial Mechanics,CN,China,1,Gold,728.0,,,KE CHEN,245373,True,12934
WSC2026,01,Industrial Mechanics,CA,Canada,10,,698.0,,,TYLER GUNTHER,227501,True,12943
WSC2026,01,Industrial Mechanics,FI,Finland,11,,683.0,,,VÄINÖ RAUTAKOSKI,192036,True,12944
WSC2026,01,Industrial Mechanics,FR,France,11,,683.0,,,QUENTIN PESEYRE,240236,True,12945
WSC2026,01,Industrial Mechanics,CL,Chile,13,,673.0,,,AGUSTIN ACEVEDO,226877,True,12946
WSC2026,01,Industrial Mechanics,NO,Norway,14,,669.0,,,ANE ROVDE,240882,True,12947
WSC2026,01,Industrial Mechanics,IN,India,15,,664.0,,,JAGANNATH MISHRA,244723,True,12948
WSC2026,01,Industrial Mechanics,KR,Korea,2,Silver,724.0,,,JEONGYUN CHOI,239827,True,12935
WSC2026,01,Industrial Mechanics,AT,Austria,3,Bronze,722.0,,,KEANU FRICK,240160,True,12936
WSC2026,01,Industrial Mechanics,AU,Australia,4,Medal for Excellence,721.0,,,BAILEY LOWES,243929,True,12937
WSC2026,01,Industrial Mechanics,TW,Chinese Taipei,5,Medal for Excellence,720.0,,,BO-CHENG PAN,236149,True,12938
WSC2026,01,Industrial Mechanics,JP,Japan,6,Medal for Excellence,712.0,,,CHISATO IZUMI,240605,True,12939
WSC2026,01,Industrial Mechanics,IE,Ireland,7,Medal for Excellence,701.0,,,JACK O'KEEFFE,243325,True,12940
WSC2026,01,Industrial Mechanics,BR,Brazil,8,Medal for Excellence,700.0,,,GUSTAVO CARVALHO SANTOS,221730,True,12941
WSC2026,01,Industrial Mechanics,CH,Switzerland,9,,699.0,,,BJÖRN ULRICH,240030,True,12942
WSC2026,02,ICT Network Infrastructure,JP,Japan,1,Gold,765.0,True,,KOTA TOKOEDA,240606,True,12949
WSC2026,02,ICT Network Infrastructure,RO,Romania,10,,693.0,,,TUDOR BUGNAR,250846,True,12958
WSC2026,02,ICT Network Infrastructure,PH,Philippines,11,,681.0,,,ROY JHUN PADECIO,225556,True,12959
WSC2026,02,ICT Network Infrastructure,JM,Jamaica,12,,665.0,,,COURTENAY FERGUSON,240555,True,12960
WSC2026,02,ICT Network Infrastructure,BB,Barbados,13,,663.0,,,MARIO BEST,244302,True,12961
WSC2026,02,ICT Network Infrastructure,MX,Mexico,14,,656.0,,,SANDRA GUADALUPE DIAZ URUETA,245830,True,12962
WSC2026,02,ICT Network Infrastructure,CN,China,2,Silver,761.0,,,YUXUAN LIU,245375,True,12950
WSC2026,02,ICT Network Infrastructure,KR,Korea,3,Bronze,731.0,,,HAEGANG GEUM,234648,True,12951
WSC2026,02,ICT Network Infrastructure,SG,Singapore,4,Medal for Excellence,721.0,,,JIE YING TAN,225666,True,12952
WSC2026,02,ICT Network Infrastructure,TW,Chinese Taipei,5,Medal for Excellence,717.0,,,PAN CHANGYI,220658,True,12953
WSC2026,02,ICT Network Infrastructure,BR,Brazil,6,Medal for Excellence,703.0,,,LUIZ FERNANDO BARBOSA SANTOS,222089,True,12954
WSC2026,02,ICT Network Infrastructure,HK,"Hong Kong, China",7,Medal for Excellence,701.0,,,YAT HONG WONG,241632,True,12955
WSC2026,02,ICT Network Infrastructure,MO,"Macao, China",8,,699.0,,,KA KIT WONG,243859,True,12956
WSC2026,02,ICT Network Infrastructure,IN,India,9,,697.0,,,SHUBHAM KUMAWAT,241145,True,12957
WSC2026,03,Intelligent Security Technology,CN,China,1,Gold,743.0,,,JINZE LI,245376,True,12963
WSC2026,03,Intelligent Security Technology,JP,Japan,2,Silver,727.0,,,TEPPEI INOKOSHI,239439,True,12964
WSC2026,03,Intelligent Security Technology,BB,Barbados,3,Bronze,703.0,True,,KHAJON ALBERT,244303,True,12965
WSC2026,03,Intelligent Security Technology,IN,India,4,Medal for Excellence,700.0,,,RAGUL KANTHAMMA BALRAJ,244724,True,12966
WSC2026,03,Intelligent Security Technology,BR,Brazil,5,,698.0,,,ERICK DA CRUZ FANKA,226002,True,12967
WSC2026,03,Intelligent Security Technology,ZM,Zambia,6,,680.0,True,,MARTHA CHOOKA,240876,True,12968
WSC2026,03,Intelligent Security Technology,MX,Mexico,7,,670.0,,,DULCE MERITXEL GARCÍA ORTEGA,243417,True,12969
WSC2026,04,Mechatronics,HU,Hungary,1,Gold,766.0,True,,DÉNES GUTAI; MÁTYÁS MIKLÓS PAPP,241467; 241468,True,12970
WSC2026,04,Mechatronics,SG,Singapore,10,Medal for Excellence,717.0,,,BRANDON YAP; CEDRIC JUN YANG YAU,185492; 225671,True,12979
WSC2026,04,Mechatronics,ID,Indonesia,11,Medal for Excellence,715.0,,,RENO SURYA PERMANA; ROUF AUFA RIFQI,218928; 241935,True,12980
WSC2026,04,Mechatronics,KR,Korea,12,Medal for Excellence,714.0,,,HONGJAE JOO; SEHUN JEONG,239767; 239772,True,12981
WSC2026,04,Mechatronics,HK,"Hong Kong, China",13,Medal for Excellence,710.0,,,ZHIXIAN CHAO; HO SING MOK,244561; 241635,True,12982
WSC2026,04,Mechatronics,DE,Germany,14,Medal for Excellence,709.0,,,LUIS PREISSINGER; MARKUS LOBER,244439; 244440,True,12983
WSC2026,04,Mechatronics,NO,Norway,15,Medal for Excellence,708.0,,,EIRIK RØD; TEODOR KOLSTAD HELLA,224086; 224087,True,12984
WSC2026,04,Mechatronics,KZ,Kazakhstan,16,Medal for Excellence,700.0,,,RAMAZAN NURLAN; DENIS PANIN,241879; 241880,True,12986
WSC2026,04,Mechatronics,UK,United Kingdom,16,Medal for Excellence,700.0,,,EMILY BETTRIDGE; ELIZABETH HOPKINSON,243482; 243596,True,12985
WSC2026,04,Mechatronics,CA,Canada,18,,696.0,,,COLE HUNTER; GRANT MADDOCK,227478; 227479,True,12987
WSC2026,04,Mechatronics,RO,Romania,18,,696.0,,,DUMITRU VLAD CREPSE; MIRUNA-IOANA UNGUREANU,226905; 244428,True,12988
WSC2026,04,Mechatronics,TW,Chinese Taipei,2,Silver,763.0,,,CHIN-TA CHEN; YU-HAN SIE,241199; 241202,True,12971
WSC2026,04,Mechatronics,AU,Australia,20,,695.0,,,ARNOLD SHANAHAN; JOAO BOULOMYTIS CORREA,243930; 243931,True,12989
WSC2026,04,Mechatronics,JP,Japan,21,,690.0,,,OGA KAROJI; SODAI YAMASAKI,240608; 240609,True,12990
WSC2026,04,Mechatronics,US,United States of America,22,,685.0,True,,EVAN CHOW; JAMES SUTHERLAND,239751; 239752,True,12991
WSC2026,04,Mechatronics,PH,Philippines,23,,684.0,,,ABRAHAM BADAR; RONEIL ARRIESGADO,225566; 225565,True,12992
WSC2026,04,Mechatronics,NL,Netherlands,24,,681.0,,,RIECO VAN ASSELT; SYBO MARTENS,243108; 152351,True,12993
WSC2026,04,Mechatronics,ZA,South Africa,25,,680.0,,,SICELO BHOLO; LWAZI MULOMBO,241513; 241514,True,12994
WSC2026,04,Mechatronics,AT,Austria,26,,679.0,,,DAVID SEIDL; PAUL WOHLESSER,240161; 240162,True,12995
WSC2026,04,Mechatronics,VN,Vietnam,27,,673.0,,,NHUT AN NGUYEN; NHAT HAO LUU,243098; 243099,True,12996
WSC2026,04,Mechatronics,PL,Poland,28,,672.0,,,BARTŁOMIEJ STEFAŃSKI; JAKUB SŁUPCZEWSKI,241569; 241570,True,12997
WSC2026,04,Mechatronics,MA,Morocco,29,,669.0,,,MOHAMMED MOUSSAOUI; AYOUB ROUDANI,236555; 240751,True,12998
WSC2026,04,Mechatronics,CN,China,3,Bronze,762.0,,,ZONGYAO DENG; ZHANRUI ZHANG,245446; 245388,True,12972
WSC2026,04,Mechatronics,ES,Spain,30,,655.0,,,ÁLVARO JUNCIEL MARTIN; RAFAEL GONZÁLEZ GAGO,243240; 243241,True,13001
WSC2026,04,Mechatronics,MX,Mexico,30,,655.0,,,XIMENA JOSELINE SALAZAR ESPARZA; MIGUEL ANGEL RESENDIZ LLAMAS,241733; 241734,True,12999
WSC2026,04,Mechatronics,NA,Namibia,30,,655.0,,,VICTOR NESHILA; PHILEMON MENGELA,229531; 188897,True,13000
WSC2026,04,Mechatronics,BR,Brazil,4,Medal for Excellence,751.0,,,ARTHUR MAIA; DANIEL OLIVEIRA,200013; 199306,True,12973
WSC2026,04,Mechatronics,PT,Portugal,5,Medal for Excellence,746.0,True,,SIMÃO ALVES; DIOGO BOTELHO,227385; 227384,True,12974
WSC2026,04,Mechatronics,IN,India,6,Medal for Excellence,744.0,,,DEEPU MUDIGEREPALYA SRINIVASA; JAYANTH KARIYAPPA,244725; 244727,True,12975
WSC2026,04,Mechatronics,SE,Sweden,7,Medal for Excellence,741.0,True,,HUGO BOUSTEDT; ELIAS NILSSON,221704; 221705,True,12976
WSC2026,04,Mechatronics,TH,Thailand,8,Medal for Excellence,737.0,,,PIYANGKOOL MARATSAMEE; TEERAPAT TEACHACHOMPOOWET,225424; 225425,True,12977
WSC2026,04,Mechatronics,CH,Switzerland,9,Medal for Excellence,721.0,,,MASSIMILIANO PELLEGRINI; GIANIN SCHNELLER,227342; 227341,True,12978
WSC2026,05,Mechanical Engineering CAD,CN,China,1,Gold,841.0,,,JUNYE SONG,245390,True,13002
WSC2026,05,Mechanical Engineering CAD,HK,"Hong Kong, China",10,Medal for Excellence,708.0,,,YING KUEN SHAO,241636,True,13011
WSC2026,05,Mechanical Engineering CAD,FR,France,11,Medal for Excellence,704.0,,,RAPHAEL POTELOUIN,240237,True,13013
WSC2026,05,Mechanical Engineering CAD,TH,Thailand,11,Medal for Excellence,704.0,,,SORAWIT KANGTANYAGAM,225416,True,13012
WSC2026,05,Mechanical Engineering CAD,AT,Austria,13,Medal for Excellence,701.0,,,SANDRO FLATZ,201257,True,13015
WSC2026,05,Mechanical Engineering CAD,MY,Malaysia,13,Medal for Excellence,701.0,,,MUHAMMAD HUZAIRY BIN MOHAMAD THES,225737,True,13014
WSC2026,05,Mechanical Engineering CAD,IR,Iran,15,Medal for Excellence,700.0,,,SAJAD SAFARIGHIASABAD,246003,True,13018
WSC2026,05,Mechanical Engineering CAD,IT,"South Tyrol, Italy",15,Medal for Excellence,700.0,,,MICHAEL BENEDUCE,239382,True,13017
WSC2026,05,Mechanical Engineering CAD,NO,Norway,15,Medal for Excellence,700.0,,,ANTONI SZPAK,240883,True,13019
WSC2026,05,Mechanical Engineering CAD,SG,Singapore,15,Medal for Excellence,700.0,,,ZHENG RONG SEAMUS LIEW,225677,True,13016
WSC2026,05,Mechanical Engineering CAD,IN,India,19,,699.0,,,SIDDHARUDHA BASAVARAJ KALLIHAL,244728,True,13021
WSC2026,05,Mechanical Engineering CAD,UK,United Kingdom,19,,699.0,,,STUART LYONS,224338,True,13020
WSC2026,05,Mechanical Engineering CAD,KR,Korea,2,Silver,835.0,,,GEUNMO YANG,239768,True,13003
WSC2026,05,Mechanical Engineering CAD,VN,Vietnam,21,,685.0,,,TIEN PHAT NGUYEN,243100,True,13022
WSC2026,05,Mechanical Engineering CAD,PL,Poland,22,,681.0,,,JAKUB MARKOWSKI,241588,True,13023
WSC2026,05,Mechanical Engineering CAD,ES,Spain,23,,680.0,,,ANDRÉS AMBROSIO GARCÍA,243242,True,13025
WSC2026,05,Mechanical Engineering CAD,KZ,Kazakhstan,23,,680.0,,,YASMIN AUBAKIROVA,242061,True,13024
WSC2026,05,Mechanical Engineering CAD,DE,Germany,25,,679.0,,,OLIWIA POLNIK,243227,True,13026
WSC2026,05,Mechanical Engineering CAD,IE,Ireland,26,,678.0,,,BEN LANGFORD,243326,True,13027
WSC2026,05,Mechanical Engineering CAD,SE,Sweden,27,,666.0,,,ROBIN JOHANSSON,240292,True,13028
WSC2026,05,Mechanical Engineering CAD,MN,Mongolia,28,,663.0,,,TUVSHINSANAA MUNKH-OCHIR,241968,True,13029
WSC2026,05,Mechanical Engineering CAD,MA,Morocco,29,,659.0,,,BAHEDDIS MOHAMED,238942,True,13030
WSC2026,05,Mechanical Engineering CAD,TW,Chinese Taipei,3,Bronze,804.0,True,,CHEN BO LIN,241021,True,13004
WSC2026,05,Mechanical Engineering CAD,SA,Saudi Arabia,30,,654.0,,,MAJD BAKER,244403,True,13031
WSC2026,05,Mechanical Engineering CAD,RO,Romania,31,,652.0,,,DAVID BALLA,243796,True,13032
WSC2026,05,Mechanical Engineering CAD,NA,Namibia,32,,646.0,,,JOY MBUMBA,229528,True,13033
WSC2026,05,Mechanical Engineering CAD,ZA,South Africa,33,,643.0,,,PRECIOUS THEMBEKILE MHLANGA,241515,True,13034
WSC2026,05,Mechanical Engineering CAD,JP,Japan,4,Medal for Excellence,766.0,,,RYUKI YAMAMOTO,240610,True,13005
WSC2026,05,Mechanical Engineering CAD,AE,United Arab Emirates,5,Medal for Excellence,758.0,True,,MAITHA ALMESSABI,243971,True,13006
WSC2026,05,Mechanical Engineering CAD,CH,Switzerland,6,Medal for Excellence,732.0,,,LARS BLUMER,227320,True,13007
WSC2026,05,Mechanical Engineering CAD,CA,Canada,7,Medal for Excellence,727.0,,,SAMUEL BOLDUC,227565,True,13008
WSC2026,05,Mechanical Engineering CAD,BR,Brazil,8,Medal for Excellence,715.0,,,WELINTON STALENG MENDONÇA,239736,True,13009
WSC2026,05,Mechanical Engineering CAD,NL,Netherlands,9,Medal for Excellence,713.0,,,GUUS KRAMER,243109,True,13010
WSC2026,06,CNC Turning,CN,China,1,Gold,752.0,,,JUNJIE LIAO,245391,True,13035
WSC2026,06,CNC Turning,AE,United Arab Emirates,10,Medal for Excellence,704.0,,,ESSA ALNABHANI,243972,True,13044
WSC2026,06,CNC Turning,TH,Thailand,11,Medal for Excellence,700.0,,,WORACHAT TAENGRUEN,237354,True,13045
WSC2026,06,CNC Turning,KZ,Kazakhstan,12,,698.0,,,DANIYAL SAGYNAY,242254,True,13046
WSC2026,06,CNC Turning,FI,Finland,13,,695.0,,,ALEKSI VALJAKKA,182324,True,13047
WSC2026,06,CNC Turning,SE,Sweden,14,,686.0,,,MÅNS KRONMAR,240293,True,13048
WSC2026,06,CNC Turning,MN,Mongolia,15,,684.0,,,ERKHEMBILEG SOYOL-ERDENE,241966,True,13049
WSC2026,06,CNC Turning,IN,India,16,,680.0,,,PARSURAM MAJHI,235937,True,13050
WSC2026,06,CNC Turning,CA,Canada,17,,676.0,,,FÉLIX LAFRANCE,227498,True,13051
WSC2026,06,CNC Turning,MX,Mexico,18,,675.0,,,RICHARD ALEJANDRO BRIONES CAMPOS,241735,True,13052
WSC2026,06,CNC Turning,FR,France,19,,673.0,,,JULIEN BARRY,240238,True,13053
WSC2026,06,CNC Turning,JP,Japan,2,Silver,736.0,,,RYOTO KATANO,240611,True,13036
WSC2026,06,CNC Turning,SG,Singapore,20,,668.0,,,STANLEY ZHI HANG CHING,237669,True,13054
WSC2026,06,CNC Turning,ZA,South Africa,21,,663.0,,,KARLI WILKEN,241516,True,13055
WSC2026,06,CNC Turning,KR,Korea,3,Bronze,732.0,,,MUHED ALI MIRZA,239830,True,13037
WSC2026,06,CNC Turning,VN,Vietnam,4,Medal for Excellence,729.0,True,,VAN DUC DO,243046,True,13038
WSC2026,06,CNC Turning,TW,Chinese Taipei,5,Medal for Excellence,722.0,,,DE LONG WU,241205,True,13039
WSC2026,06,CNC Turning,BR,Brazil,6,Medal for Excellence,714.0,,,LEONARDO ENRIQUE CRUZ,239737,True,13040
WSC2026,06,CNC Turning,AT,Austria,7,Medal for Excellence,710.0,,,FABIAN SPITZER,240143,True,13042
WSC2026,06,CNC Turning,CH,Switzerland,7,Medal for Excellence,710.0,,,ARNO ZEHNDER,240031,True,13041
WSC2026,06,CNC Turning,DE,Germany,9,Medal for Excellence,707.0,,,DANIEL MEYR,241386,True,13043
WSC2026,07,CNC Milling,CN,China,1,Gold,756.0,,,ZHUOPING LI,245393,True,13056
WSC2026,07,CNC Milling,UK,United Kingdom,10,Medal for Excellence,705.0,,,TOMAS ANKERS,224333,True,13065
WSC2026,07,CNC Milling,VN,Vietnam,11,Medal for Excellence,703.0,,,NGOC DUOC NGUYEN,243047,True,13066
WSC2026,07,CNC Milling,AE,United Arab Emirates,12,Medal for Excellence,700.0,,,SHAMMA ALMARZOOQI,243973,True,13067
WSC2026,07,CNC Milling,DK,Denmark,13,,698.0,,,CASPER ANDERSEN,243043,True,13068
WSC2026,07,CNC Milling,LI,Principality of Liechtenstein,14,,695.0,,,HANNAH OBERPARLEITER,221182,True,13069
WSC2026,07,CNC Milling,DE,Germany,15,,690.0,,,NICO BOSCH,241387,True,13070
WSC2026,07,CNC Milling,MX,Mexico,16,,681.0,True,,LUIS GABRIEL ESPINO ARGUIJO,241736,True,13071
WSC2026,07,CNC Milling,IN,India,17,,680.0,,,K S CHARAN,243085,True,13072
WSC2026,07,CNC Milling,KZ,Kazakhstan,18,,668.0,,,VASSILIY SHABANOV,242349,True,13073
WSC2026,07,CNC Milling,SG,Singapore,19,,650.0,,,YU SHU TAN,237670,True,13074
WSC2026,07,CNC Milling,CH,Switzerland,2,Silver,735.0,,,MANUEL NUSSBAUMER,227491,True,13057
WSC2026,07,CNC Milling,PL,Poland,20,,649.0,,,DAWID ZDUŃSKI,241582,True,13075
WSC2026,07,CNC Milling,US,United States of America,21,,643.0,,,ALEXIS SQUYRES,240943,True,13076
WSC2026,07,CNC Milling,ES,Spain,22,,630.0,,,DAVID INIESTA ORENES,243243,True,13077
WSC2026,07,CNC Milling,CR,Costa Rica,23,,622.0,,,JORDY ONIL TERCERO AMADOR,235623,True,13078
WSC2026,07,CNC Milling,BR,Brazil,3,Bronze,729.0,,,ALISSON GABRIEL GENOVA DE OLIVEIRA,201961,True,13058
WSC2026,07,CNC Milling,KR,Korea,4,Medal for Excellence,724.0,,,WONGYU JEON,239819,True,13059
WSC2026,07,CNC Milling,TW,Chinese Taipei,4,Medal for Excellence,724.0,,,CHUN YI LAI,241206,True,13060
WSC2026,07,CNC Milling,CA,Canada,6,Medal for Excellence,718.0,,,JACOB MCCLELLAND,227502,True,13061
WSC2026,07,CNC Milling,JP,Japan,7,Medal for Excellence,717.0,,,YUTO YAMADA,240612,True,13062
WSC2026,07,CNC Milling,PT,Portugal,8,Medal for Excellence,714.0,,,DMITRY ZHIVITSA,227381,True,13063
WSC2026,07,CNC Milling,AT,Austria,9,Medal for Excellence,707.0,,,DENIZ MUTUN,229261,True,13064
WSC2026,08,Mobile Applications Development,CN,China,1,Gold,738.0,,,XIAOHANG ZHU,245513,True,13079
WSC2026,08,Mobile Applications Development,MO,"Macao, China",10,,699.0,,,HOU SENG CHAN,243845,True,13088
WSC2026,08,Mobile Applications Development,NL,Netherlands,11,,697.0,,,NIEK GEERLIGS,243110,True,13089
WSC2026,08,Mobile Applications Development,JP,Japan,12,,696.0,,,SHOGO UEDA,240613,True,13090
WSC2026,08,Mobile Applications Development,AM,Armenia,13,,683.0,,,ARAMAYIS HAYRAPETYAN,241297,True,13091
WSC2026,08,Mobile Applications Development,KZ,Kazakhstan,14,,677.0,,,YERNAR ALMASSULY,242364,True,13092
WSC2026,08,Mobile Applications Development,BD,Bangladesh,15,,674.0,,,ISMAIL HOSSAIN,228822,True,13093
WSC2026,08,Mobile Applications Development,DZ,Algeria,16,,658.0,True,,YASSER HAOUES,240787,True,13094
WSC2026,08,Mobile Applications Development,SA,Saudi Arabia,17,,641.0,,,HASSAN SALEH ALLUHAYBI,239699,True,13095
WSC2026,08,Mobile Applications Development,KG,Kyrgyzstan,18,,636.0,,,AKAI AVASKULOV,244906,True,13096
WSC2026,08,Mobile Applications Development,KR,Korea,2,Silver,736.0,,,GAON LIM,239841,True,13080
WSC2026,08,Mobile Applications Development,TW,Chinese Taipei,3,Bronze,727.0,,,O YUAN CHENG,220717,True,13081
WSC2026,08,Mobile Applications Development,IR,Iran,4,Medal for Excellence,724.0,,,MEHRAN RASOLZADEH,244937,True,13082
WSC2026,08,Mobile Applications Development,BR,Brazil,5,Medal for Excellence,717.0,,,RENAN GABRIEL BERNARDES COELHO,201118,True,13083
WSC2026,08,Mobile Applications Development,DE,Germany,5,Medal for Excellence,717.0,,,NILS JAKUBZICK,241388,True,13084
WSC2026,08,Mobile Applications Development,SG,Singapore,7,Medal for Excellence,710.0,,,JAYADITHYA PERAKAM,237671,True,13085
WSC2026,08,Mobile Applications Development,HK,"Hong Kong, China",8,Medal for Excellence,701.0,,,YEE LING CHAU,241637,True,13086
WSC2026,08,Mobile Applications Development,IN,India,8,Medal for Excellence,701.0,,,ARJUN SUMATHI VIJAYABASHKAR,244863,True,13087
WSC2026,09,Software Applications Development,TW,Chinese Taipei,1,Gold,731.0,,,ZHIKUAN LU,206391,True,13097
WSC2026,09,Software Applications Development,DE,Germany,10,Medal for Excellence,700.0,,,DENNIS HILFINGER,244353,True,13107
WSC2026,09,Software Applications Development,KR,Korea,10,Medal for Excellence,700.0,,,YURIM CHOI,239825,True,13106
WSC2026,09,Software Applications Development,IR,Iran,12,,696.0,,,SHAHABODIN BAKHTIARI,236150,True,13108
WSC2026,09,Software Applications Development,AU,Australia,13,,690.0,,,ZACK BUDAI,240405,True,13109
WSC2026,09,Software Applications Development,JP,Japan,14,,689.0,,,SHOGO YAMAMOTO,220681,True,13110
WSC2026,09,Software Applications Development,IN,India,15,,686.0,,,MOHAMED MAFAZ POONAIKANNAN RABI AHAMED,244729,True,13111
WSC2026,09,Software Applications Development,KZ,Kazakhstan,16,,672.0,,,ILYA KRIVOSHAPOV,243908,True,13112
WSC2026,09,Software Applications Development,CR,Costa Rica,17,,645.0,,,KELVIN FELIPE OROZCO RODRÍGUEZ,244295,True,13113
WSC2026,09,Software Applications Development,HK,"Hong Kong, China",18,,637.0,,,KA LOK CHOY,241638,True,13114
WSC2026,09,Software Applications Development,SA,Saudi Arabia,19,,629.0,,,AHMED SALEH MUALA ALSAEDI S ALSAEDI,249511,True,13115
WSC2026,09,Software Applications Development,ID,Indonesia,2,Silver,729.0,,,EDSEL PARAMA MUSTAPA,226152,True,13098
WSC2026,09,Software Applications Development,ZA,South Africa,20,,615.0,,,ANGELA PHILIP,241517,True,13116
WSC2026,09,Software Applications Development,CH,Switzerland,3,Bronze,726.0,,,LOUANA BERGER,173068,True,13100
WSC2026,09,Software Applications Development,SG,Singapore,3,Bronze,726.0,,,JACKIE SOON,225663,True,13099
WSC2026,09,Software Applications Development,HU,Hungary,5,Medal for Excellence,722.0,,,DÁVID HORVÁTH,241469,True,13101
WSC2026,09,Software Applications Development,CN,China,6,Medal for Excellence,718.0,,,RUI FENG,245394,True,13102
WSC2026,09,Software Applications Development,MO,"Macao, China",7,Medal for Excellence,708.0,,,NGOU HIN CHEANG,243846,True,13103
WSC2026,09,Software Applications Development,BR,Brazil,8,Medal for Excellence,707.0,,,ARTUR FIORENTINO,222677,True,13104
WSC2026,09,Software Applications Development,FR,France,9,Medal for Excellence,705.0,,,LUIS - JUNIOR ARAUJO DA COSTA,240239,True,13105
WSC2026,10,Welding,CN,China,1,Gold,735.0,,,QIANSEN ZHAO,245395,True,13117
WSC2026,10,Welding,MY,Malaysia,10,Medal for Excellence,717.0,,,MUHAMMAD AMMAR BIN AZLI,225746,True,13126
WSC2026,10,Welding,HK,"Hong Kong, China",11,Medal for Excellence,716.0,,,YU LOK TSE,241639,True,13127
WSC2026,10,Welding,TW,Chinese Taipei,11,Medal for Excellence,716.0,,,PO-YU YANG,241207,True,13128
WSC2026,10,Welding,AU,Australia,13,Medal for Excellence,715.0,,,COOPER THORNELY,243935,True,13129
WSC2026,10,Welding,AE,United Arab Emirates,14,Medal for Excellence,707.0,,,ZAYED NASER,243974,True,13130
WSC2026,10,Welding,AT,Austria,15,Medal for Excellence,706.0,,,SIMON ÖSTERLE,240172,True,13131
WSC2026,10,Welding,KZ,Kazakhstan,15,Medal for Excellence,706.0,,,VADIM VITKOVSKIKH,242885,True,13132
WSC2026,10,Welding,FI,Finland,17,Medal for Excellence,705.0,,,LAURI MUTKA,180480,True,13133
WSC2026,10,Welding,CH,Switzerland,18,Medal for Excellence,703.0,,,JULIAN FÜRER,224292,True,13134
WSC2026,10,Welding,SE,Sweden,19,Medal for Excellence,700.0,,,MELCER STENBERG,240295,True,13135
WSC2026,10,Welding,KR,Korea,2,Silver,728.0,,,CHANGYONG AN,239823,True,13118
WSC2026,10,Welding,TH,Thailand,2,Silver,728.0,,,RATCHANON THIPRUECHA,225431,True,13119
WSC2026,10,Welding,IE,Ireland,20,,698.0,,,OISIN ALEXANDER,243327,True,13136
WSC2026,10,Welding,NL,Netherlands,21,,697.0,,,MATHIJS DE WOLFF,243111,True,13137
WSC2026,10,Welding,NO,Norway,22,,695.0,,,ANDREAS OMMEDAL AA,243143,True,13138
WSC2026,10,Welding,DE,Germany,23,,691.0,,,FABIAN SCHULDT,241390,True,13139
WSC2026,10,Welding,MN,Mongolia,24,,688.0,True,,NOMIN GANBAT,241955,True,13140
WSC2026,10,Welding,ZA,South Africa,25,,686.0,,,PROMISE MPONTSHANE,241518,True,13141
WSC2026,10,Welding,ES,Spain,26,,682.0,,,JON AROZENA ZUBIZARRETA,243244,True,13142
WSC2026,10,Welding,CR,Costa Rica,27,,680.0,,,HANIEL MEDRANO,241865,True,13143
WSC2026,10,Welding,SA,Saudi Arabia,28,,676.0,,,ANAS S ALQAHTANI,244407,True,13144
WSC2026,10,Welding,IN,India,29,,674.0,,,PRAVEEN YANKAPPA HUNAKUNTI,244951,True,13145
WSC2026,10,Welding,AZ,Azerbaijan,30,,658.0,,,JAHID GULAHMADOV,247835,True,13146
WSC2026,10,Welding,NA,Namibia,31,,657.0,True,,GEORGE P VICTOR,229679,True,13147
WSC2026,10,Welding,RO,Romania,32,,655.0,,,ADRIAN-MARIAN LEAȚĂ,244429,True,13148
WSC2026,10,Welding,CL,Chile,33,,652.0,,,VICENTE BUSTOS,226886,True,13149
WSC2026,10,Welding,MX,Mexico,34,,649.0,,,FERNANDO AGUIÑAGA CERVANTES,242200,True,13150
WSC2026,10,Welding,ZM,Zambia,35,,648.0,,,BLESSINGS CHILONGO,244278,True,13151
WSC2026,10,Welding,ET,Ethiopia,36,,645.0,,,TAMIRAT SHAMENA SHAKADA,237315,True,13152
WSC2026,10,Welding,KG,Kyrgyzstan,37,,644.0,,,MARLEN MAKSATOVICH MAKSATOV,244338,True,13153
WSC2026,10,Welding,JP,Japan,4,Bronze,723.0,,,OOKI FUKUI,240614,True,13120
WSC2026,10,Welding,US,United States of America,4,Bronze,723.0,,,MIKALA SPOSITO,241701,True,13121
WSC2026,10,Welding,CA,Canada,6,Medal for Excellence,722.0,,,LUCAS STANG,227499,True,13122
WSC2026,10,Welding,PT,Portugal,6,Medal for Excellence,722.0,,,MARCO MALHEIRO,227388,True,13123
WSC2026,10,Welding,BE,Belgium,8,Medal for Excellence,721.0,,,YENTE BECK,220871,True,13124
WSC2026,10,Welding,BR,Brazil,9,Medal for Excellence,718.0,,,FELIPE DE SOUZA ROCHA,221748,True,13125
WSC2026,11,Software Testing,CN,China,1,Gold,767.0,,,DUANCHENG LAN,245396,True,13154
WSC2026,11,Software Testing,BD,Bangladesh,10,,659.0,True,,MASHFI REJOAN SAIKAT,244772,True,13163
WSC2026,11,Software Testing,KR,Korea,2,Silver,745.0,,,JUWON LEE,239822,True,13155
WSC2026,11,Software Testing,MY,Malaysia,3,Bronze,724.0,True,,SIA XIN WAN,229891,True,13156
WSC2026,11,Software Testing,SG,Singapore,4,Medal for Excellence,722.0,,,JIAXIN YI,240128,True,13157
WSC2026,11,Software Testing,JP,Japan,5,Medal for Excellence,703.0,,,RYO IMAMURA,240616,True,13158
WSC2026,11,Software Testing,BR,Brazil,6,,697.0,,,GABRIEL SPINOLA,222885,True,13159
WSC2026,11,Software Testing,HK,"Hong Kong, China",7,,688.0,,,CHUN KI CHAN,241640,True,13160
WSC2026,11,Software Testing,IN,India,8,,683.0,,,ASWIN SURESH,244861,True,13161
WSC2026,11,Software Testing,SA,Saudi Arabia,9,,682.0,,,YAHYA SULTAN ALSHARIF,244411,True,13162
WSC2026,12,Wall and Floor Tiling,CN,China,1,Gold,743.0,,,YUHAO FU,245397,True,13164
WSC2026,12,Wall and Floor Tiling,BR,Brazil,10,Medal for Excellence,700.0,,,BRUNO CANUTO DE SOUZA,223963,True,13173
WSC2026,12,Wall and Floor Tiling,HK,"Hong Kong, China",11,,688.0,,,HSIN I TAI,241641,True,13175
WSC2026,12,Wall and Floor Tiling,SE,Sweden,11,,688.0,,,AUGUST MARKNE,240296,True,13174
WSC2026,12,Wall and Floor Tiling,PL,Poland,13,,683.0,,,HUBERT JARZĄB,241579,True,13176
WSC2026,12,Wall and Floor Tiling,TW,Chinese Taipei,13,,683.0,,,CHUN-HSIANG TSAI,241231,True,13177
WSC2026,12,Wall and Floor Tiling,IN,India,15,,672.0,,,RODINSANGA HAUHNAR,244732,True,13178
WSC2026,12,Wall and Floor Tiling,KZ,Kazakhstan,15,,672.0,,,SHUKURILLA YUSSUPOV,242236,True,13179
WSC2026,12,Wall and Floor Tiling,AU,Australia,17,,649.0,,,LOGAN HARRISON,243937,True,13180
WSC2026,12,Wall and Floor Tiling,JP,Japan,18,,642.0,,,HAYATO IKARI,240617,True,13181
WSC2026,12,Wall and Floor Tiling,NA,Namibia,19,,608.0,,,NESTOR L HEITA,229608,True,13182
WSC2026,12,Wall and Floor Tiling,AT,Austria,2,Silver,740.0,True,,ANDREAS LANDL,240149,True,13165
WSC2026,12,Wall and Floor Tiling,FR,France,3,Bronze,739.0,,,NATHANAEL BALL,240240,True,13166
WSC2026,12,Wall and Floor Tiling,CH,Switzerland,4,Medal for Excellence,723.0,,,NOAH HESS,173437,True,13167
WSC2026,12,Wall and Floor Tiling,DE,Germany,5,Medal for Excellence,720.0,,,NIKO SCHLEICHER,244441,True,13168
WSC2026,12,Wall and Floor Tiling,DK,Denmark,5,Medal for Excellence,720.0,,,TJALFE KASTER MORTENSEN,224432,True,13169
WSC2026,12,Wall and Floor Tiling,TH,Thailand,7,Medal for Excellence,719.0,,,THANAPON THAWINMAT,225414,True,13170
WSC2026,12,Wall and Floor Tiling,KR,Korea,8,Medal for Excellence,709.0,,,JEONGMIN YEOM,239860,True,13171
WSC2026,12,Wall and Floor Tiling,NL,Netherlands,9,Medal for Excellence,704.0,,,JESSE HEES,243112,True,13172
WSC2026,13,Autobody Repair,CN,China,1,Gold,759.0,True,,JIAO JIAO,245400,True,13183
WSC2026,13,Autobody Repair,FI,Finland,10,Medal for Excellence,700.0,,,ALEX PUURUNEN,180340,True,13192
WSC2026,13,Autobody Repair,BR,Brazil,11,,695.0,,,LUCAS EDUARDO MORTARI,223317,True,13193
WSC2026,13,Autobody Repair,IN,India,12,,692.0,,,TEJAS BACHENAHALLI SHANTHAKUMARA,244952,True,13194
WSC2026,13,Autobody Repair,AU,Australia,13,,689.0,,,JACK RICHARDS,243938,True,13195
WSC2026,13,Autobody Repair,NO,Norway,14,,680.0,,,ELIAS JOHANNESSEN,242288,True,13196
WSC2026,13,Autobody Repair,CA,Canada,15,,672.0,,,ETHAN ALMEIDA,227757,True,13197
WSC2026,13,Autobody Repair,SE,Sweden,16,,653.0,,,NOWA LI OLSSON NELSON,240297,True,13198
WSC2026,13,Autobody Repair,ES,Spain,17,,627.0,,,CARLOS GABRIEL MANTU,243245,True,13199
WSC2026,13,Autobody Repair,ZA,South Africa,18,,626.0,,,MESULI GXALABA,241520,True,13200
WSC2026,13,Autobody Repair,ID,Indonesia,19,,578.0,,,DEWANGGA PRATAMA PUTRA,241937,True,13201
WSC2026,13,Autobody Repair,JP,Japan,2,Silver,732.0,,,SHO YOSHIDA,240618,True,13184
WSC2026,13,Autobody Repair,CH,Switzerland,3,Bronze,725.0,,,GILLES GLAUSER,225380,True,13185
WSC2026,13,Autobody Repair,KR,Korea,4,Medal for Excellence,722.0,,,TEAJUN JANG,239821,True,13186
WSC2026,13,Autobody Repair,UK,United Kingdom,5,Medal for Excellence,720.0,,,JOE WILTON,243760,True,13187
WSC2026,13,Autobody Repair,TW,Chinese Taipei,6,Medal for Excellence,713.0,,,YEN-CHUN LU,241232,True,13188
WSC2026,13,Autobody Repair,FR,France,7,Medal for Excellence,712.0,,,EVAN WACHBAR,240241,True,13189
WSC2026,13,Autobody Repair,TH,Thailand,8,Medal for Excellence,711.0,,,THIRAPHONG BUNRUEAN,245662,True,13190
WSC2026,13,Autobody Repair,DK,Denmark,9,Medal for Excellence,701.0,,,MARCUS BUGGE RAASDAL JENSEN,243019,True,13191
WSC2026,14,Aircraft Maintenance,CN,China,1,Gold,792.0,,,GUOTAI SUN,245402,True,13202
WSC2026,14,Aircraft Maintenance,KR,Korea,10,,696.0,,,SEOUNGHYUN YOON,239774,True,13211
WSC2026,14,Aircraft Maintenance,FR,France,11,,694.0,,,AXEL MARQUÈZE-POUEY,240242,True,13212
WSC2026,14,Aircraft Maintenance,LU,Luxembourg,12,,684.0,,,JONAH GASPER,242742,True,13213
WSC2026,14,Aircraft Maintenance,AE,United Arab Emirates,13,,683.0,,,SULTAN ALWAHEDI,243975,True,13214
WSC2026,14,Aircraft Maintenance,HK,"Hong Kong, China",14,,680.0,,,KIT HANG CHUNG,241642,True,13215
WSC2026,14,Aircraft Maintenance,FI,Finland,15,,679.0,,,EINARI SALMI,236141,True,13216
WSC2026,14,Aircraft Maintenance,JP,Japan,16,,665.0,,,KOKI TAKAHASHI,236695,True,13217
WSC2026,14,Aircraft Maintenance,IR,Iran,17,,655.0,,,ERFAN KAZEMI,246005,True,13218
WSC2026,14,Aircraft Maintenance,IN,India,18,,650.0,,,AASHISH RAJVANSH,244885,True,13219
WSC2026,14,Aircraft Maintenance,UK,United Kingdom,2,Silver,738.0,,,ELYOT HARMSTON,243483,True,13204
WSC2026,14,Aircraft Maintenance,ZA,South Africa,2,Silver,738.0,True,,MATTHEW BOWEN,218038,True,13203
WSC2026,14,Aircraft Maintenance,CA,Canada,4,Bronze,723.0,,,BENJAMIN JAMISON,227504,True,13205
WSC2026,14,Aircraft Maintenance,BR,Brazil,5,Medal for Excellence,720.0,,,DAVI DA SILVA PADILHA,240186,True,13206
WSC2026,14,Aircraft Maintenance,TW,Chinese Taipei,6,Medal for Excellence,719.0,,,YAO-AN YANG,241239,True,13207
WSC2026,14,Aircraft Maintenance,NZ,New Zealand,7,Medal for Excellence,715.0,True,,JACK ELVY,243414,True,13208
WSC2026,14,Aircraft Maintenance,SG,Singapore,8,Medal for Excellence,708.0,,,AIDAN KIN ONN WONG,238935,True,13209
WSC2026,14,Aircraft Maintenance,SE,Sweden,9,Medal for Excellence,704.0,,,RASMUS ENGSTRÖM,240298,True,13210
WSC2026,15,Plumbing and Heating,CH,Switzerland,1,Gold,745.0,,,MATTHIAS STEINER,240032,True,13220
WSC2026,15,Plumbing and Heating,CA,Canada,10,Medal for Excellence,710.0,,,KYLAR BLOOMBERG,227654,True,13229
WSC2026,15,Plumbing and Heating,FR,France,11,Medal for Excellence,709.0,,,LOUIS SONTOT,240243,True,13230
WSC2026,15,Plumbing and Heating,AU,Australia,12,Medal for Excellence,706.0,,,ARCHIE WILKINSON,243940,True,13233
WSC2026,15,Plumbing and Heating,KZ,Kazakhstan,12,Medal for Excellence,706.0,,,NODIRBEK RUSTAMKHANOV,227762,True,13231
WSC2026,15,Plumbing and Heating,TW,Chinese Taipei,12,Medal for Excellence,706.0,,,DUNG-CHI WU,241240,True,13232
WSC2026,15,Plumbing and Heating,KR,Korea,15,Medal for Excellence,704.0,,,JONGSEOK KIM,241276,True,13234
WSC2026,15,Plumbing and Heating,US,United States of America,15,Medal for Excellence,704.0,,,CHARLES GOEDE,239750,True,13235
WSC2026,15,Plumbing and Heating,NL,Netherlands,17,,696.0,,,BRYAN SMIT,224444,True,13236
WSC2026,15,Plumbing and Heating,IR,Iran,18,,695.0,,,MOBIN OZBAKI,246006,True,13237
WSC2026,15,Plumbing and Heating,PH,Philippines,18,,695.0,,,ALEXIS JOSEPH ANUTA,225567,True,13238
WSC2026,15,Plumbing and Heating,AT,Austria,2,Silver,737.0,,,MARCEL RIENER,240171,True,13221
WSC2026,15,Plumbing and Heating,HK,"Hong Kong, China",20,,692.0,,,CHAK FANG,241643,True,13239
WSC2026,15,Plumbing and Heating,FI,Finland,21,,686.0,,,JONE HOLOPAINEN,191929,True,13240
WSC2026,15,Plumbing and Heating,MN,Mongolia,22,,685.0,,,UUGANBAYAR BAYARSAIKHAN,241965,True,13241
WSC2026,15,Plumbing and Heating,IN,India,23,,681.0,,,GOKULAKANNAN KRISHNASAMY,244862,True,13242
WSC2026,15,Plumbing and Heating,ES,Spain,24,,678.0,,,GONZALO GALLO FERNÁNDEZ,243246,True,13243
WSC2026,15,Plumbing and Heating,BR,Brazil,25,,661.0,,,ESTEFANY BARBOSA,223964,True,13244
WSC2026,15,Plumbing and Heating,NA,Namibia,26,,656.0,,,JONAS AMBAMBI,229555,True,13245
WSC2026,15,Plumbing and Heating,JP,Japan,27,,654.0,,,HAJIME SUENAGA,240619,True,13246
WSC2026,15,Plumbing and Heating,ZA,South Africa,28,,645.0,,,ROHAN BEZUIDENHOUT,241522,True,13247
WSC2026,15,Plumbing and Heating,RO,Romania,29,,641.0,,,VICTOR-ANDREI CONSTANTIN,243874,True,13248
WSC2026,15,Plumbing and Heating,CN,China,3,Bronze,736.0,,,XIAORUI ZHANG,245404,True,13222
WSC2026,15,Plumbing and Heating,ET,Ethiopia,30,,626.0,,,ERISTU  ATINAF NEGISO,237316,True,13249
WSC2026,15,Plumbing and Heating,ZM,Zambia,31,,623.0,,,FELIX SAKALA,244837,True,13250
WSC2026,15,Plumbing and Heating,AR,Argentina,32,,607.0,,,DANIEL CALIZAYA MOROCHI,248457,True,13251
WSC2026,15,Plumbing and Heating,UK,United Kingdom,4,Medal for Excellence,729.0,,,ANDREW MCCANN,224329,True,13223
WSC2026,15,Plumbing and Heating,DE,Germany,5,Medal for Excellence,724.0,,,LARS WAGNER,243491,True,13224
WSC2026,15,Plumbing and Heating,HU,Hungary,6,Medal for Excellence,723.0,,,TAMÁS VADNAY,241470,True,13225
WSC2026,15,Plumbing and Heating,IT,"South Tyrol, Italy",6,Medal for Excellence,723.0,,,FLORIAN FEICHTER,239383,True,13226
WSC2026,15,Plumbing and Heating,LU,Luxembourg,8,Medal for Excellence,718.0,True,,JANNIK BARES,221389,True,13227
WSC2026,15,Plumbing and Heating,PL,Poland,9,Medal for Excellence,712.0,,,SŁAWOMIR WYSOCKI,241585,True,13228
WSC2026,16,Electronics,CN,China,1,Gold,762.0,,,TONG WU,245405,True,13252
WSC2026,16,Electronics,AT,Austria,10,Medal for Excellence,700.0,,,CHRISTOPH SCHÖNDORFER,240147,True,13261
WSC2026,16,Electronics,AE,United Arab Emirates,11,,698.0,,,MANSOOR MANSOORI,243976,True,13263
WSC2026,16,Electronics,IN,India,11,,698.0,,,MOHANRAJ ARUMUGAM,241604,True,13262
WSC2026,16,Electronics,AZ,Azerbaijan,13,,686.0,True,,ORKHAN MUSTAFAYEV,244668,True,13264
WSC2026,16,Electronics,MO,"Macao, China",14,,684.0,,,KA MENG LEI,243824,True,13265
WSC2026,16,Electronics,IR,Iran,15,,682.0,,,EMAD HAGH SHENAS ANZABI,246007,True,13266
WSC2026,16,Electronics,KZ,Kazakhstan,16,,673.0,,,AYAN AITKAZIN,243985,True,13267
WSC2026,16,Electronics,CL,Chile,17,,652.0,,,FELIPE FUENZALIDA,241519,True,13268
WSC2026,16,Electronics,ES,Spain,18,,648.0,,,HÉCTOR NAVARRO DOMÍNGUEZ,243247,True,13269
WSC2026,16,Electronics,SA,Saudi Arabia,19,,644.0,,,FAHAD ALTHAQAFI,239151,True,13270
WSC2026,16,Electronics,KR,Korea,2,Silver,751.0,,,HYUNJUN SONG,239770,True,13253
WSC2026,16,Electronics,CH,Switzerland,3,Bronze,745.0,,,ANDRIN KÄSTLI,227310,True,13254
WSC2026,16,Electronics,TW,Chinese Taipei,4,Medal for Excellence,730.0,,,RONG-SHENG LIAO,241241,True,13255
WSC2026,16,Electronics,MY,Malaysia,5,Medal for Excellence,722.0,,,AMIRUL SHARIF BIN SHARIFUDIN,225731,True,13256
WSC2026,16,Electronics,ID,Indonesia,6,Medal for Excellence,720.0,,,NOVANDA PUTRA WIDYA ARDHI,226136,True,13257
WSC2026,16,Electronics,JP,Japan,7,Medal for Excellence,709.0,,,YUSEI KAMEDA,240620,True,13258
WSC2026,16,Electronics,BR,Brazil,8,Medal for Excellence,706.0,,,JOÃO LUCAS RAMOS BATISTA,221735,True,13259
WSC2026,16,Electronics,SG,Singapore,9,Medal for Excellence,704.0,,,KAH HONG JOHNATHON WOO,225652,True,13260
WSC2026,17,Web Technologies,CN,China,1,Gold,743.0,,,SHUHENG GAO,245406,True,13271
WSC2026,17,Web Technologies,KR,Korea,1,Gold,743.0,,,HYEONBEEN SON,239837,True,13272
WSC2026,17,Web Technologies,BR,Brazil,10,Medal for Excellence,722.0,,,ANDRÉ BASILIO,194884,True,13280
WSC2026,17,Web Technologies,KZ,Kazakhstan,11,Medal for Excellence,713.0,,,AGYBAY MUKHAMETZHAN,216835,True,13281
WSC2026,17,Web Technologies,JP,Japan,12,Medal for Excellence,712.0,,,YU SUGISHITA,240621,True,13282
WSC2026,17,Web Technologies,HK,"Hong Kong, China",13,Medal for Excellence,708.0,,,WAN CHAK LI,241644,True,13284
WSC2026,17,Web Technologies,MO,"Macao, China",13,Medal for Excellence,708.0,,,IAO SENG LUO,243840,True,13283
WSC2026,17,Web Technologies,IR,Iran,15,Medal for Excellence,705.0,,,TAHA SHAMELI,218355,True,13285
WSC2026,17,Web Technologies,UK,United Kingdom,16,Medal for Excellence,704.0,,,FINN GALLAGHER,224332,True,13286
WSC2026,17,Web Technologies,NL,Netherlands,17,Medal for Excellence,700.0,,,WESSEL VAN DER A,224454,True,13287
WSC2026,17,Web Technologies,LV,Latvia,18,,698.0,True,,KRISJANIS KLAVS KANTANS,227923,True,13288
WSC2026,17,Web Technologies,AE,United Arab Emirates,19,,694.0,,,SHAHAD ALHAMMADI,243977,True,13289
WSC2026,17,Web Technologies,AT,Austria,19,,694.0,,,FELIX WOLLMANN,240176,True,13291
WSC2026,17,Web Technologies,MY,Malaysia,19,,694.0,,,MUHAMMAD ZAHIDI BIN MOHD ZAIDI,223936,True,13290
WSC2026,17,Web Technologies,CA,Canada,22,,691.0,,,COOPER ROSS,228000,True,13292
WSC2026,17,Web Technologies,AU,Australia,23,,689.0,,,RAJEEV JAWAJI,243941,True,13293
WSC2026,17,Web Technologies,ES,Spain,23,,689.0,,,VICENTE RODRÍGUEZ MANJÓN,243248,True,13294
WSC2026,17,Web Technologies,SA,Saudi Arabia,25,,686.0,True,,YOUSEF ALHASANI,239701,True,13295
WSC2026,17,Web Technologies,AZ,Azerbaijan,26,,685.0,,,EMIL HUSEYNOV,244684,True,13296
WSC2026,17,Web Technologies,IN,India,27,,680.0,,,PRIYANSHU DE,244734,True,13297
WSC2026,17,Web Technologies,MA,Morocco,28,,679.0,,,OMAR ZERHOUNI,246588,True,13298
WSC2026,17,Web Technologies,TH,Thailand,29,,672.0,,,ATASIT SAENGSAK,243928,True,13299
WSC2026,17,Web Technologies,HU,Hungary,3,Silver,742.0,,,MARCELL GYÖRFI,241471,True,13273
WSC2026,17,Web Technologies,KG,Kyrgyzstan,30,,665.0,,,BEKNUR ZHEENKULOVICH ZHEENKULOV,243906,True,13300
WSC2026,17,Web Technologies,CR,Costa Rica,31,,664.0,,,NATALIA PICADO FERNÁNDEZ,244296,True,13301
WSC2026,17,Web Technologies,NA,Namibia,32,,659.0,,,BEVIN N KABUWANWA,229665,True,13302
WSC2026,17,Web Technologies,GE,Georgia,33,,658.0,,,NIKOLOZ OSIEVI,243581,True,13303
WSC2026,17,Web Technologies,CH,Switzerland,4,Bronze,739.0,,,WILLIAM WIGGINTON,225953,True,13274
WSC2026,17,Web Technologies,SG,Singapore,5,Medal for Excellence,736.0,,,KEIRA KOH,225674,True,13275
WSC2026,17,Web Technologies,BE,Belgium,6,Medal for Excellence,728.0,,,EMILIEN MARQUEGNIES,220872,True,13276
WSC2026,17,Web Technologies,ID,Indonesia,7,Medal for Excellence,727.0,,,ANDI AHMAD YUSUP,190974,True,13277
WSC2026,17,Web Technologies,TW,Chinese Taipei,8,Medal for Excellence,726.0,,,SHUO-BIN LIN,241242,True,13278
WSC2026,17,Web Technologies,DE,Germany,9,Medal for Excellence,724.0,,,MIKLAS SCHMIDT,243228,True,13279
WSC2026,18,Electrical Installations,CN,China,1,Gold,749.0,,,BO XU,245407,True,13304
WSC2026,18,Electrical Installations,BR,Brazil,10,Medal for Excellence,706.0,,,RHUAN FERREIRA BARRA,221737,True,13313
WSC2026,18,Electrical Installations,NL,Netherlands,10,Medal for Excellence,706.0,,,JOEP HUBERS,243114,True,13315
WSC2026,18,Electrical Installations,PH,Philippines,10,Medal for Excellence,706.0,,,JAMES SAYAGO,225549,True,13314
WSC2026,18,Electrical Installations,ES,Spain,13,Medal for Excellence,704.0,,,ERIC BALLESTER BARREDA,243249,True,13316
WSC2026,18,Electrical Installations,FR,France,13,Medal for Excellence,704.0,,,SWANN CLAMART,240244,True,13317
WSC2026,18,Electrical Installations,CA,Canada,15,Medal for Excellence,703.0,,,KEEGAN STURGE,227503,True,13318
WSC2026,18,Electrical Installations,DE,Germany,16,Medal for Excellence,702.0,,,LEO KLOFT,244442,True,13319
WSC2026,18,Electrical Installations,AE,United Arab Emirates,17,Medal for Excellence,700.0,,,IBRAHIM ALSAFFAR,243978,True,13322
WSC2026,18,Electrical Installations,IN,India,17,Medal for Excellence,700.0,,,DHANUSH MADHUGIRI GOVINDARAJU,188099,True,13320
WSC2026,18,Electrical Installations,MO,"Macao, China",17,Medal for Excellence,700.0,,,LEONG KIT AO IEONG,243818,True,13321
WSC2026,18,Electrical Installations,KR,Korea,2,Silver,736.0,,,SINUK BAE,199101,True,13305
WSC2026,18,Electrical Installations,IR,Iran,20,,699.0,,,MOSTAFA CHEHREGHANI,246008,True,13323
WSC2026,18,Electrical Installations,UZ,Uzbekistan,21,,697.0,,,IQBOLMIRZO ABDUSAMADOV,244286,True,13324
WSC2026,18,Electrical Installations,HK,"Hong Kong, China",22,,691.0,,,PARCO WONG,236789,True,13325
WSC2026,18,Electrical Installations,KZ,Kazakhstan,23,,680.0,,,MAXIM SOROZIDINOV,242686,True,13326
WSC2026,18,Electrical Installations,RO,Romania,24,,676.0,,,DUMITRU-SEBASTIAN TOADER,243648,True,13328
WSC2026,18,Electrical Installations,ZA,South Africa,24,,676.0,,,SIPHOSIHLE KAMOGELO KUNENE,199397,True,13327
WSC2026,18,Electrical Installations,MN,Mongolia,26,,675.0,,,TUVSHINBUYAN ULAMBAYAR,241958,True,13329
WSC2026,18,Electrical Installations,MA,Morocco,27,,673.0,,,ILIAS IGANE,236247,True,13331
WSC2026,18,Electrical Installations,PK,Pakistan,27,,673.0,True,,MUDASSAR HUSSAIN,245645,True,13332
WSC2026,18,Electrical Installations,VN,Vietnam,27,,673.0,,,VAN VI DANG,243312,True,13330
WSC2026,18,Electrical Installations,CH,Switzerland,3,Bronze,732.0,,,KILIAN MOSER,230212,True,13306
WSC2026,18,Electrical Installations,HU,Hungary,30,,670.0,,,JÓZSEF MAKKAI,241472,True,13333
WSC2026,18,Electrical Installations,NA,Namibia,31,,669.0,,,ASHIMBANGA A MBEPO,229210,True,13334
WSC2026,18,Electrical Installations,ZM,Zambia,32,,668.0,,,JOSEPH CHILAMBWE,244281,True,13335
WSC2026,18,Electrical Installations,AR,Argentina,33,,667.0,True,,EVANDO SAMUEL AMARILLA,248222,True,13336
WSC2026,18,Electrical Installations,ET,Ethiopia,34,,656.0,,,MERED MERESA ALEMAYOH,237317,True,13337
WSC2026,18,Electrical Installations,SA,Saudi Arabia,34,,656.0,,,SHUJAA ALSUBAIE,244412,True,13338
WSC2026,18,Electrical Installations,IE,Ireland,4,Medal for Excellence,722.0,,,JAMES HUNT,243328,True,13307
WSC2026,18,Electrical Installations,JP,Japan,5,Medal for Excellence,721.0,,,TATSUYA ADACHI,240622,True,13308
WSC2026,18,Electrical Installations,UK,United Kingdom,6,Medal for Excellence,718.0,,,JONATHAN GOUGH,224326,True,13309
WSC2026,18,Electrical Installations,TW,Chinese Taipei,7,Medal for Excellence,710.0,,,CHUN YEN CHI,239636,True,13310
WSC2026,18,Electrical Installations,MY,Malaysia,8,Medal for Excellence,709.0,,,MUHAMMAD HAZIQ BIN LAILLA ZAMRI,225730,True,13311
WSC2026,18,Electrical Installations,TH,Thailand,9,Medal for Excellence,707.0,,,AMONRIT CHAOWIRAT,227760,True,13312
WSC2026,19,Industrial Control,KR,Korea,1,Gold,766.0,True,,JIMIN PARK,239816,True,13339
WSC2026,19,Industrial Control,PT,Portugal,10,Medal for Excellence,700.0,,,NELSON RIBEIRO,227382,True,13348
WSC2026,19,Industrial Control,BR,Brazil,11,,699.0,,,KAWAN COSTA ALVES DE SOUZA,221738,True,13349
WSC2026,19,Industrial Control,ES,Spain,12,,693.0,,,TEODOR MITREA DUMITRESCU,243250,True,13350
WSC2026,19,Industrial Control,AU,Australia,13,,692.0,,,TASMAN HENRY,243943,True,13351
WSC2026,19,Industrial Control,DE,Germany,14,,685.0,,,MARLON BAYER,243229,True,13352
WSC2026,19,Industrial Control,FI,Finland,15,,683.0,,,CHRISTOFER NISSINEN,218840,True,13353
WSC2026,19,Industrial Control,IN,India,15,,683.0,,,SUMIT BHUJABALA,188239,True,13354
WSC2026,19,Industrial Control,IR,Iran,17,,680.0,,,REZA YAZDANKHAH,246009,True,13355
WSC2026,19,Industrial Control,NO,Norway,18,,676.0,,,ERLAND TEIGUM AAMOT,239311,True,13356
WSC2026,19,Industrial Control,KZ,Kazakhstan,19,,675.0,,,ZHASSULAN AMANJOL,242134,True,13357
WSC2026,19,Industrial Control,JP,Japan,2,Silver,755.0,,,REIYA IKEMURA,240623,True,13340
WSC2026,19,Industrial Control,CN,China,3,Bronze,754.0,,,JIASHUO YI,245408,True,13341
WSC2026,19,Industrial Control,TW,Chinese Taipei,4,Medal for Excellence,740.0,,,YOU-RONG LIN,241243,True,13342
WSC2026,19,Industrial Control,AE,United Arab Emirates,5,Medal for Excellence,733.0,,,SHAHAD ALMESSABI,243979,True,13343
WSC2026,19,Industrial Control,CA,Canada,6,Medal for Excellence,729.0,,,ERIC WU,227566,True,13344
WSC2026,19,Industrial Control,ID,Indonesia,7,Medal for Excellence,722.0,,,GALANG ZAKI ARKANA,224809,True,13345
WSC2026,19,Industrial Control,AT,Austria,8,Medal for Excellence,719.0,,,JANICK GEHRER,240135,True,13346
WSC2026,19,Industrial Control,SE,Sweden,9,Medal for Excellence,707.0,,,PHILIP SVENSSON,221703,True,13347
WSC2026,20,Bricklaying,CN,China,1,Gold,749.0,,,RUIQIANG HUANG,245409,True,13358
WSC2026,20,Bricklaying,IT,"South Tyrol, Italy",10,Medal for Excellence,702.0,,,MATTHIAS WIDMANN,239384,True,13367
WSC2026,20,Bricklaying,BR,Brazil,11,Medal for Excellence,701.0,,,DAVI DA SILVA ALEIXO IGNACIO,221734,True,13368
WSC2026,20,Bricklaying,AU,Australia,12,Medal for Excellence,700.0,,,JASON SEILER,243944,True,13369
WSC2026,20,Bricklaying,TW,Chinese Taipei,12,Medal for Excellence,700.0,,,SHENG-HUA SHI,241244,True,13370
WSC2026,20,Bricklaying,DK,Denmark,14,,684.0,,,FREJ LØNTOFT EGHOLM,243313,True,13371
WSC2026,20,Bricklaying,CA,Canada,15,,680.0,,,MAXIMILIAN DE BELLE-HOLOWKA,227507,True,13372
WSC2026,20,Bricklaying,KZ,Kazakhstan,16,,676.0,,,NURSULTAN ABDUMAZHIDOV,242235,True,13373
WSC2026,20,Bricklaying,HK,"Hong Kong, China",17,,666.0,,,CHUN HO LAW,241645,True,13374
WSC2026,20,Bricklaying,ZA,South Africa,18,,659.0,,,NDIALIVHUWA NETSHIREMBE,241523,True,13375
WSC2026,20,Bricklaying,IN,India,19,,644.0,,,AJAY AHIRWAR,245368,True,13376
WSC2026,20,Bricklaying,CH,Switzerland,2,Silver,734.0,,,ROBIN HOLLENSTEIN,240033,True,13359
WSC2026,20,Bricklaying,SE,Sweden,20,,643.0,,,ELIAS TIEVA DULLBO,240299,True,13377
WSC2026,20,Bricklaying,NA,Namibia,21,,638.0,,,IMMANUEL PK NATANAEL,229180,True,13378
WSC2026,20,Bricklaying,MN,Mongolia,22,,633.0,,,BATTUVSHIN TSOGBADRAKH,241963,True,13379
WSC2026,20,Bricklaying,ET,Ethiopia,23,,619.0,,,YOHANNIS MENGISTU CHERINET,237318,True,13380
WSC2026,20,Bricklaying,FR,France,3,Bronze,725.0,,,EMILIEN GALLOT,240245,True,13360
WSC2026,20,Bricklaying,NL,Netherlands,4,Medal for Excellence,719.0,True,,NIEK ROVERS,224453,True,13362
WSC2026,20,Bricklaying,UK,United Kingdom,4,Medal for Excellence,719.0,,,JOE SHINGLER,243438,True,13361
WSC2026,20,Bricklaying,DE,Germany,6,Medal for Excellence,714.0,,,LEONHARD EHAM,244443,True,13363
WSC2026,20,Bricklaying,TH,Thailand,7,Medal for Excellence,707.0,,,SUPPHAKRIT SAENGTHUP,242747,True,13364
WSC2026,20,Bricklaying,LI,Principality of Liechtenstein,8,Medal for Excellence,705.0,,,NOAH OEHRY,218060,True,13365
WSC2026,20,Bricklaying,AT,Austria,9,Medal for Excellence,704.0,,,NOAH-SAMUEL TRETTENBREIN,240154,True,13366
WSC2026,21,Plastering and Drywall Systems,CN,China,1,Gold,734.0,,,HAOXIN XUE,245411,True,13381
WSC2026,21,Plastering and Drywall Systems,PL,Poland,10,,673.0,,,STANISŁAW HEJDUK,241578,True,13390
WSC2026,21,Plastering and Drywall Systems,KZ,Kazakhstan,11,,668.0,,,YELDOS ILYAS,242402,True,13391
WSC2026,21,Plastering and Drywall Systems,MN,Mongolia,12,,655.0,,,BATBAATAR BAYANBAATAR,241964,True,13392
WSC2026,21,Plastering and Drywall Systems,GE,Georgia,13,,646.0,,,GIORGI BURDILADZE,243578,True,13393
WSC2026,21,Plastering and Drywall Systems,AR,Argentina,14,,645.0,,,JUAN MARTÍN PALMA,248220,True,13394
WSC2026,21,Plastering and Drywall Systems,FR,France,2,Silver,719.0,,,ENZO DELPECH,240246,True,13382
WSC2026,21,Plastering and Drywall Systems,BR,Brazil,3,Bronze,713.0,,,GUILHERME RODRIGUES LUNARDI,193943,True,13383
WSC2026,21,Plastering and Drywall Systems,TW,Chinese Taipei,4,Medal for Excellence,711.0,,,YU-EN LIU,241245,True,13384
WSC2026,21,Plastering and Drywall Systems,JP,Japan,5,Medal for Excellence,707.0,,,TOI MIZOE,240624,True,13385
WSC2026,21,Plastering and Drywall Systems,CH,Switzerland,6,Medal for Excellence,705.0,,,LUNA SCHALLER,230784,True,13386
WSC2026,21,Plastering and Drywall Systems,IN,India,7,Medal for Excellence,701.0,,,SURENTHIRAN MANI,244784,True,13387
WSC2026,21,Plastering and Drywall Systems,AT,Austria,8,,699.0,,,JONAS LEITNER,240174,True,13388
WSC2026,21,Plastering and Drywall Systems,DE,Germany,9,,679.0,,,MAXIMILIAN BUERGER,256735,True,13389
WSC2026,22,Painting and Decorating,CN,China,1,Gold,740.0,,,ZHAOXI YANG,245413,True,13395
WSC2026,22,Painting and Decorating,IN,India,10,Medal for Excellence,700.0,,,MUSKAN MUSKAN,244796,True,13404
WSC2026,22,Painting and Decorating,IT,"South Tyrol, Italy",11,,688.0,,,NOAH PILLON,239385,True,13405
WSC2026,22,Painting and Decorating,SE,Sweden,11,,688.0,,,LEON THORBY LÖFBERG,240300,True,13406
WSC2026,22,Painting and Decorating,DE,Germany,13,,687.0,,,TIM SCHÄFER,244445,True,13407
WSC2026,22,Painting and Decorating,NL,Netherlands,14,,683.0,,,SOPHIE HAARHUIS,243115,True,13408
WSC2026,22,Painting and Decorating,AU,Australia,15,,680.0,,,JEMMA GLATZ,243946,True,13409
WSC2026,22,Painting and Decorating,JP,Japan,16,,677.0,,,MAHIRO ISHIDA,240625,True,13411
WSC2026,22,Painting and Decorating,KZ,Kazakhstan,16,,677.0,,,AKMARAL RYSKHAN,242151,True,13410
WSC2026,22,Painting and Decorating,FI,Finland,18,,676.0,,,LAURA VARIS,218843,True,13412
WSC2026,22,Painting and Decorating,PL,Poland,19,,665.0,,,MIKOŁAJ DRYJA,241589,True,13413
WSC2026,22,Painting and Decorating,AT,Austria,2,Silver,733.0,,,LUCA LADLER,240159,True,13396
WSC2026,22,Painting and Decorating,HU,Hungary,2,Silver,733.0,,,ZOLTÁN CZIMMER,200665,True,13397
WSC2026,22,Painting and Decorating,FR,France,4,Bronze,731.0,,,YANN MERCIER,240247,True,13398
WSC2026,22,Painting and Decorating,TW,Chinese Taipei,5,Medal for Excellence,723.0,,,JIN-WEI HONG,240289,True,13399
WSC2026,22,Painting and Decorating,CH,Switzerland,6,Medal for Excellence,719.0,,,NADINE BÜNZLI,230803,True,13400
WSC2026,22,Painting and Decorating,UK,United Kingdom,7,Medal for Excellence,709.0,,,SHELBY FITZAKERLY,224328,True,13401
WSC2026,22,Painting and Decorating,BR,Brazil,8,Medal for Excellence,707.0,,,IZABELA LOPES LIMA,222210,True,13402
WSC2026,22,Painting and Decorating,HK,"Hong Kong, China",9,Medal for Excellence,702.0,,,CHAK SUM LAW,241646,True,13403
WSC2026,23,Autonomous Mobile Robotics,CN,China,1,Gold,833.0,,,BOWEN LIU; JINCHEN FAN,245518; 245519,True,13414
WSC2026,23,Autonomous Mobile Robotics,AE,United Arab Emirates,10,,697.0,,,HANADI ALJEAIDI; MARYAM ALQARNI,243981; 243982,True,13423
WSC2026,23,Autonomous Mobile Robotics,SG,Singapore,11,,696.0,,,RAY CHU; JUNRUI ESBEN MONG,225647; 225644,True,13424
WSC2026,23,Autonomous Mobile Robotics,TH,Thailand,12,,693.0,,,SUWIJAK JAKKAWACHOTE; RATCHANAT SIRIKHUN,225441; 243159,True,13425
WSC2026,23,Autonomous Mobile Robotics,IR,Iran,13,,692.0,,,AMIRHOSSEIN TATAR; MOHAMMADHANI BIDOUEINEJAD,246010; 246011,True,13426
WSC2026,23,Autonomous Mobile Robotics,KZ,Kazakhstan,14,,687.0,,,ARTEM SHISHKANOV; ROMAN SAPOV,243912; 243913,True,13427
WSC2026,23,Autonomous Mobile Robotics,ZA,South Africa,15,,683.0,,,PHENYO MAKALELA; KGALALELO MASOKO,241524; 241525,True,13428
WSC2026,23,Autonomous Mobile Robotics,JM,Jamaica,16,,681.0,,,RAYON-JAI PUSEY; ANTONIO ROLONG,240552; 240553,True,13429
WSC2026,23,Autonomous Mobile Robotics,SA,Saudi Arabia,17,,678.0,,,RAGHAD ALMULHEM; FATIMAH AL-BASHAR,239146; 239147,True,13430
WSC2026,23,Autonomous Mobile Robotics,AT,Austria,18,,675.0,,,KONSTANTIN HAUSER; MARWIN KREMSER,240136; 240137,True,13431
WSC2026,23,Autonomous Mobile Robotics,KR,Korea,2,Silver,794.0,,,BUYI OH; KIM JINWON,239284; 239432,True,13415
WSC2026,23,Autonomous Mobile Robotics,BR,Brazil,3,Bronze,771.0,True,,ARTHUR BARUD; GUSTAVO GABRIEL DUTRA ALVES,199371; 223971,True,13416
WSC2026,23,Autonomous Mobile Robotics,JP,Japan,4,Medal for Excellence,746.0,,,KAISEI TAKEUCHI; TAIKI SHUTO,240626; 240627,True,13417
WSC2026,23,Autonomous Mobile Robotics,IN,India,5,Medal for Excellence,738.0,,,ADITYA PRAKASH; DEBASISH PANDA,242093; 242187,True,13418
WSC2026,23,Autonomous Mobile Robotics,PT,Portugal,6,Medal for Excellence,729.0,,,DUARTE SERRA; DANIEL SILVA,235607; 232721,True,13419
WSC2026,23,Autonomous Mobile Robotics,TW,Chinese Taipei,7,Medal for Excellence,727.0,,,SHUO-YI LIN; MING-CHENG TSAI,241246; 241247,True,13420
WSC2026,23,Autonomous Mobile Robotics,MO,"Macao, China",8,Medal for Excellence,713.0,,,U HIN CHAN; PAK NGAI HO,243854; 243855,True,13421
WSC2026,23,Autonomous Mobile Robotics,HK,"Hong Kong, China",9,Medal for Excellence,703.0,,,LOK YIN CHAN; HO WAI FAN,240933; 241647,True,13422
WSC2026,24,Cabinetmaking,DE,Germany,1,Gold,731.0,,,TOBIAS KELZ,242370,True,13432
WSC2026,24,Cabinetmaking,AT,Austria,10,Medal for Excellence,705.0,,,ELIAS STEPHAN,240163,True,13442
WSC2026,24,Cabinetmaking,IN,India,10,Medal for Excellence,705.0,,,YASHWANTH CHARY KESHOJU,244740,True,13441
WSC2026,24,Cabinetmaking,HU,Hungary,12,Medal for Excellence,701.0,,,BENCE SIPOS,241473,True,13443
WSC2026,24,Cabinetmaking,KR,Korea,13,Medal for Excellence,700.0,,,JOUNGMIN YOON,239221,True,13444
WSC2026,24,Cabinetmaking,MY,Malaysia,14,,696.0,,,KHAIRUL IDHAM BIN BAHARI,225720,True,13446
WSC2026,24,Cabinetmaking,UK,United Kingdom,14,,696.0,,,STANLEY MACKINTOSH,224325,True,13445
WSC2026,24,Cabinetmaking,IE,Ireland,16,,692.0,,,EOIN DALTON,243329,True,13447
WSC2026,24,Cabinetmaking,PL,Poland,16,,692.0,,,KONRAD WOJEWODZIC,224987,True,13448
WSC2026,24,Cabinetmaking,BR,Brazil,18,,685.0,,,ENZO THOMAZ PASITO,222699,True,13449
WSC2026,24,Cabinetmaking,HK,"Hong Kong, China",19,,671.0,,,LUNG WAI TO,241648,True,13450
WSC2026,24,Cabinetmaking,TW,Chinese Taipei,2,Silver,730.0,,,QI SHENG CHEN,241248,True,13433
WSC2026,24,Cabinetmaking,TH,Thailand,20,,669.0,,,SITTIKARN LUANGNA,225421,True,13451
WSC2026,24,Cabinetmaking,NL,Netherlands,21,,666.0,,,FINN VAN BAAREN,243116,True,13452
WSC2026,24,Cabinetmaking,CR,Costa Rica,22,,648.0,,,ADRIÁN ALONSO LÓPEZ GÓMEZ,244297,True,13453
WSC2026,24,Cabinetmaking,ET,Ethiopia,23,,645.0,,,YAIKOB NEGA DUGUMA,237319,True,13454
WSC2026,24,Cabinetmaking,ES,Spain,24,,639.0,,,DAVID ROMERO CIVERA,243251,True,13455
WSC2026,24,Cabinetmaking,ZA,South Africa,25,,634.0,,,THATO NHLAPO,241526,True,13456
WSC2026,24,Cabinetmaking,IT,"South Tyrol, Italy",3,Bronze,727.0,,,JONAS WENTER,239454,True,13434
WSC2026,24,Cabinetmaking,CN,China,4,Medal for Excellence,723.0,,,SIJIA ZHANG,245417,True,13435
WSC2026,24,Cabinetmaking,FI,Finland,5,Medal for Excellence,722.0,,,ALEXANDER HÄGGMAN,181187,True,13436
WSC2026,24,Cabinetmaking,CA,Canada,6,Medal for Excellence,720.0,,,TATE MCGARRY,227564,True,13437
WSC2026,24,Cabinetmaking,CH,Switzerland,7,Medal for Excellence,719.0,,,SILVAN REICHEN,240034,True,13438
WSC2026,24,Cabinetmaking,FR,France,8,Medal for Excellence,716.0,,,ANTONIN MAGNAT,240248,True,13439
WSC2026,24,Cabinetmaking,JP,Japan,9,Medal for Excellence,706.0,,,KYOJI KUSUMOTO,240628,True,13440
WSC2026,25,Joinery,CN,China,1,Gold,771.0,,,ZU'AN OU,245522,True,13457
WSC2026,25,Joinery,IE,Ireland,10,Medal for Excellence,702.0,,,DARRAGH BRETT,243343,True,13466
WSC2026,25,Joinery,HU,Hungary,11,,698.0,,,CSANÁD GARAJSZKI,241474,True,13467
WSC2026,25,Joinery,UK,United Kingdom,12,,696.0,,,JAMIE MATTHEWS,224327,True,13468
WSC2026,25,Joinery,BR,Brazil,13,,695.0,,,JOÃO VITOR CORREA MAUL,226628,True,13469
WSC2026,25,Joinery,HK,"Hong Kong, China",14,,691.0,,,TSZ HO HUANG,241649,True,13470
WSC2026,25,Joinery,PL,Poland,15,,685.0,,,SZCZEPAN BYNDAS,241576,True,13471
WSC2026,25,Joinery,IN,India,16,,683.0,,,PRAKASH SUTHAR,244742,True,13472
WSC2026,25,Joinery,MN,Mongolia,17,,677.0,,,UUGANBAYAR PUREVSUREN,241957,True,13473
WSC2026,25,Joinery,JP,Japan,18,,658.0,,,MIRI ASANO,240688,True,13474
WSC2026,25,Joinery,ES,Spain,19,,650.0,,,MATIAS ALEJO SEGOVIA,243252,True,13475
WSC2026,25,Joinery,BE,Belgium,2,Silver,749.0,True,,SERVANE BOUCARD,221205,True,13458
WSC2026,25,Joinery,NA,Namibia,20,,607.0,,,MUVATERE NGAUJAKE,188750,True,13476
WSC2026,25,Joinery,CH,Switzerland,3,Bronze,739.0,,,AUGUSTIN METTRAUX,227710,True,13459
WSC2026,25,Joinery,DK,Denmark,4,Medal for Excellence,735.0,True,,LUKAS DANMARK SØRENSEN,223154,True,13460
WSC2026,25,Joinery,DE,Germany,5,Medal for Excellence,733.0,,,FINN LOUIS GÜCKER,243230,True,13461
WSC2026,25,Joinery,FR,France,6,Medal for Excellence,726.0,,,THIBAULT LANDAIS,240251,True,13462
WSC2026,25,Joinery,KR,Korea,7,Medal for Excellence,718.0,,,DAEUN LEE,239829,True,13463
WSC2026,25,Joinery,AT,Austria,8,Medal for Excellence,705.0,,,PAUL MEISTERHOFER,240139,True,13464
WSC2026,25,Joinery,TW,Chinese Taipei,9,Medal for Excellence,704.0,,,LIANG-WEI CHEN,241249,True,13465
WSC2026,26,Carpentry,FR,France,1,Gold,730.0,,,BENJAMIN BLEGEAN,240252,True,13477
WSC2026,26,Carpentry,CN,China,10,,698.0,,,DEXIANG LIU,245419,True,13486
WSC2026,26,Carpentry,NL,Netherlands,11,,687.0,,,JOCHEM KEPPELINK,243117,True,13487
WSC2026,26,Carpentry,AU,Australia,12,,685.0,,,LACHLAN KING,243947,True,13488
WSC2026,26,Carpentry,US,United States of America,13,,680.0,,,TRISTAN COATES,242202,True,13489
WSC2026,26,Carpentry,IN,India,14,,673.0,,,PANKAJ JANGRA .,239510,True,13490
WSC2026,26,Carpentry,BR,Brazil,15,,666.0,,,PHELIPE SANTANA GALINDO,223318,True,13491
WSC2026,26,Carpentry,ZA,South Africa,16,,650.0,,,MATETE SIBANDA,240824,True,13492
WSC2026,26,Carpentry,DE,Germany,2,Silver,726.0,,,FLORIAN DORER,243232,True,13478
WSC2026,26,Carpentry,AT,Austria,3,Bronze,724.0,,,LUCA REITBÖCK,240177,True,13479
WSC2026,26,Carpentry,CH,Switzerland,4,Medal for Excellence,722.0,,,LUCA WISSLER,228051,True,13480
WSC2026,26,Carpentry,DK,Denmark,5,Medal for Excellence,720.0,,,LARS CORNELIUSSEN,223152,True,13481
WSC2026,26,Carpentry,KR,Korea,6,Medal for Excellence,704.0,,,JIYUN SHIN,235439,True,13482
WSC2026,26,Carpentry,HU,Hungary,7,Medal for Excellence,702.0,,,MILÁN BALOGH,241475,True,13483
WSC2026,26,Carpentry,CA,Canada,8,Medal for Excellence,700.0,,,LOGAN PETERS,229643,True,13485
WSC2026,26,Carpentry,JP,Japan,8,Medal for Excellence,700.0,,,KOSUKE INAGAKI,240629,True,13484
WSC2026,27,Jewellery,CN,China,1,Gold,822.0,,,SHUBIN QIU,245420,True,13493
WSC2026,27,Jewellery,AU,Australia,10,,685.0,,,CLAIRE BEXTREAM,243948,True,13502
WSC2026,27,Jewellery,TW,Chinese Taipei,11,,680.0,,,CHUN-CHI SU,241250,True,13503
WSC2026,27,Jewellery,HK,"Hong Kong, China",12,,669.0,,,WAI YU WONG,241650,True,13504
WSC2026,27,Jewellery,NO,Norway,13,,647.0,,,AURORA HOLGERSEN,240396,True,13505
WSC2026,27,Jewellery,KR,Korea,2,Silver,800.0,,,SEUNGBIN LEE,239773,True,13494
WSC2026,27,Jewellery,JP,Japan,3,Bronze,748.0,,,RISAKO TSUCHIDA,240630,True,13495
WSC2026,27,Jewellery,CH,Switzerland,4,Medal for Excellence,726.0,,,ELIOTT VADI,228219,True,13496
WSC2026,27,Jewellery,FR,France,5,Medal for Excellence,707.0,,,FANTIN VERGNE,240253,True,13497
WSC2026,27,Jewellery,BR,Brazil,6,Medal for Excellence,700.0,,,RONIE ALMEIDA,175488,True,13498
WSC2026,27,Jewellery,IN,India,6,Medal for Excellence,700.0,,,JOY DAS,244782,True,13499
WSC2026,27,Jewellery,IR,Iran,8,,692.0,,,ALIREZA VALIPOUR,246012,True,13500
WSC2026,27,Jewellery,SE,Sweden,9,,688.0,,,EDVIN SANDSTRÖM,240301,True,13501
WSC2026,28,Floristry,TW,Chinese Taipei,1,Gold,753.0,,,YU-CHUN YANG,241251,True,13506
WSC2026,28,Floristry,AU,Australia,10,,696.0,,,CHARLOTTE FOLLETT,244010,True,13515
WSC2026,28,Floristry,IN,India,11,,692.0,,,LAWMNAKIMA LAWMNAKIMA,244794,True,13516
WSC2026,28,Floristry,BR,Brazil,12,,688.0,,,KAROL CASIQUE DA SILVA,239738,True,13517
WSC2026,28,Floristry,MO,"Macao, China",13,,681.0,,,XINYU ZHAI,243853,True,13518
WSC2026,28,Floristry,HU,Hungary,14,,678.0,,,DÁVID BARASITS,226193,True,13519
WSC2026,28,Floristry,NL,Netherlands,15,,661.0,,,SCHARISSA BLOMSMA,243118,True,13520
WSC2026,28,Floristry,ES,Spain,16,,392.0,,,EKIÑE ROSADO ALONSO,243254,True,13521
WSC2026,28,Floristry,CN,China,2,Silver,737.0,,,MINGTIAN ZHANG,245421,True,13507
WSC2026,28,Floristry,FR,France,3,Bronze,724.0,,,LILYAN FRANQUIN MAHE,240254,True,13509
WSC2026,28,Floristry,KR,Korea,3,Bronze,724.0,,,YUNHEE NAM,239893,True,13508
WSC2026,28,Floristry,CH,Switzerland,5,Medal for Excellence,723.0,,,SVENJA SIMMERLE,240035,True,13510
WSC2026,28,Floristry,AT,Austria,6,Medal for Excellence,711.0,,,JULIA GSCHWANDTNER,240150,True,13511
WSC2026,28,Floristry,JP,Japan,7,Medal for Excellence,710.0,,,MUTSUMI WATANABE,240631,True,13512
WSC2026,28,Floristry,IT,"South Tyrol, Italy",8,Medal for Excellence,702.0,,,FRANZISKA GSCHNITZER,239386,True,13513
WSC2026,28,Floristry,SE,Sweden,9,,698.0,,,MY TROTZIG,240302,True,13514
WSC2026,29,Hairdressing,FR,France,1,Gold,731.0,,,JULIETTE AVRILLON,240255,True,13522
WSC2026,29,Hairdressing,KR,Korea,1,Gold,731.0,,,JOYOUNG KIM,239820,True,13523
WSC2026,29,Hairdressing,MY,Malaysia,10,Medal for Excellence,716.0,,,WAN NUR AMILYA BINTI WAN ZOLKARNAINI,223937,True,13531
WSC2026,29,Hairdressing,UK,United Kingdom,11,Medal for Excellence,715.0,,,KATIE SIME,224343,True,13532
WSC2026,29,Hairdressing,BE,Belgium,12,Medal for Excellence,711.0,,,ANOUK WILLEMS,220860,True,13533
WSC2026,29,Hairdressing,CA,Canada,13,Medal for Excellence,707.0,,,MISHA MARIEN,227756,True,13534
WSC2026,29,Hairdressing,FI,Finland,14,Medal for Excellence,704.0,,,LOTTA LEHTOKUMPU,218527,True,13535
WSC2026,29,Hairdressing,IT,"South Tyrol, Italy",15,Medal for Excellence,701.0,,,ANNIKA KOFLER,239900,True,13536
WSC2026,29,Hairdressing,JP,Japan,15,Medal for Excellence,701.0,,,CHIZU MORI,240633,True,13537
WSC2026,29,Hairdressing,AU,Australia,17,,699.0,,,LARNI ROBERTS,244011,True,13538
WSC2026,29,Hairdressing,SE,Sweden,17,,699.0,,,ELLEN RUDD,240303,True,13539
WSC2026,29,Hairdressing,KZ,Kazakhstan,19,,697.0,,,GALINA MIKHAILOVA,228090,True,13540
WSC2026,29,Hairdressing,AT,Austria,20,,694.0,,,ANGELINA RAINER,241127,True,13541
WSC2026,29,Hairdressing,IN,India,20,,694.0,,,JUI SANTOSH SAPKE,244776,True,13542
WSC2026,29,Hairdressing,TH,Thailand,22,,691.0,,,SAKKARIN SANGKANUT,225423,True,13543
WSC2026,29,Hairdressing,PL,Poland,23,,688.0,,,KAMIL ADAMIEC,241583,True,13544
WSC2026,29,Hairdressing,CH,Switzerland,24,,679.0,,,MARINE KÄNZIG,225452,True,13545
WSC2026,29,Hairdressing,ES,Spain,25,,678.0,,,ALEJO ARROYO VACAS,243255,True,13546
WSC2026,29,Hairdressing,NO,Norway,26,,666.0,,,ISABELLA NGUYEN,221447,True,13547
WSC2026,29,Hairdressing,SA,Saudi Arabia,27,,662.0,,,RIOUF ABDULRAHMAN AL-ZAHRANI,239154,True,13548
WSC2026,29,Hairdressing,MO,"Macao, China",28,,651.0,,,CHI HIM CHAN,243852,True,13549
WSC2026,29,Hairdressing,ZA,South Africa,29,,645.0,,,MATUMELO MOFOKENG,241527,True,13550
WSC2026,29,Hairdressing,CN,China,3,Silver,729.0,,,XIN LI,245423,True,13524
WSC2026,29,Hairdressing,NA,Namibia,30,,641.0,,,MELVERINE DANIELS,231575,True,13551
WSC2026,29,Hairdressing,ET,Ethiopia,31,,604.0,,,KALIKIDAN FANTAHUN TEKA,237320,True,13552
WSC2026,29,Hairdressing,ZM,Zambia,32,,601.0,,,KALABA KAEMBA KOLALA,249508,True,13553
WSC2026,29,Hairdressing,TW,Chinese Taipei,4,Bronze,727.0,,,YI-HSUAN LIN,241252,True,13525
WSC2026,29,Hairdressing,PT,Portugal,5,Medal for Excellence,725.0,,,LEONOR SILVA,227379,True,13526
WSC2026,29,Hairdressing,HK,"Hong Kong, China",6,Medal for Excellence,721.0,,,KA HUNG LEE,241651,True,13528
WSC2026,29,Hairdressing,HU,Hungary,6,Medal for Excellence,721.0,,,NAGYPÁL DÓRA,241476,True,13527
WSC2026,29,Hairdressing,BR,Brazil,8,Medal for Excellence,720.0,,,ANGÉLICA CHINA MATSUDA,239739,True,13529
WSC2026,29,Hairdressing,NL,Netherlands,9,Medal for Excellence,718.0,,,GERRIE SMEDES,243119,True,13530
WSC2026,30,Beauty Therapy,CN,China,1,Gold,747.0,,,MIAOMIAO YAO,245424,True,13554
WSC2026,30,Beauty Therapy,AU,Australia,10,Medal for Excellence,702.0,,,RUBI EVERARD,244012,True,13563
WSC2026,30,Beauty Therapy,MY,Malaysia,11,Medal for Excellence,701.0,,,ANGELLIN A/P AI PIAN,225719,True,13564
WSC2026,30,Beauty Therapy,JP,Japan,12,,699.0,,,YUME TAHARA,240634,True,13565
WSC2026,30,Beauty Therapy,ES,Spain,13,,697.0,,,CARLA ALMARCHA VILLAESCUSA,243256,True,13566
WSC2026,30,Beauty Therapy,MO,"Macao, China",14,,690.0,,,HOI CHENG CHIU,243837,True,13567
WSC2026,30,Beauty Therapy,HK,"Hong Kong, China",15,,674.0,,,MEI SI MAYCE MAK,241652,True,13568
WSC2026,30,Beauty Therapy,CH,Switzerland,16,,668.0,,,JARA GALLI,240036,True,13569
WSC2026,30,Beauty Therapy,HR,Croatia,17,,666.0,,,JOSIPA PETRIĆ,225898,True,13570
WSC2026,30,Beauty Therapy,NL,Netherlands,18,,659.0,,,LINN KAPPEN,243120,True,13571
WSC2026,30,Beauty Therapy,PH,Philippines,19,,654.0,,,ALIYAH CHIECEL FERNANDEZ,224494,True,13572
WSC2026,30,Beauty Therapy,TW,Chinese Taipei,2,Silver,723.0,,,CHENG-TANG YEH,241253,True,13555
WSC2026,30,Beauty Therapy,BR,Brazil,20,,653.0,,,MARIA EDUARDA GUERREIRO DA SILVEIRA,239740,True,13573
WSC2026,30,Beauty Therapy,CA,Canada,21,,635.0,,,TAYLOR BREWSTER,227492,True,13574
WSC2026,30,Beauty Therapy,ZA,South Africa,22,,592.0,,,RORISANG MASHABELA,241528,True,13575
WSC2026,30,Beauty Therapy,UK,United Kingdom,3,Bronze,721.0,,,NEVE DUNN,243597,True,13556
WSC2026,30,Beauty Therapy,KR,Korea,4,Medal for Excellence,719.0,,,DAYEON LEE,241382,True,13557
WSC2026,30,Beauty Therapy,FI,Finland,5,Medal for Excellence,710.0,,,EERIKA RAUTIALA,181350,True,13558
WSC2026,30,Beauty Therapy,IE,Ireland,5,Medal for Excellence,710.0,,,ELLA GRAHAM HARVEY,243333,True,13559
WSC2026,30,Beauty Therapy,HU,Hungary,7,Medal for Excellence,707.0,,,EVELIN GRÓF,241477,True,13560
WSC2026,30,Beauty Therapy,IN,India,7,Medal for Excellence,707.0,,,TAHESIN SUTAR,240892,True,13561
WSC2026,30,Beauty Therapy,SG,Singapore,9,Medal for Excellence,704.0,,,WINNALYN TAY,226103,True,13562
WSC2026,31,Fashion Technology,CN,China,1,Gold,741.0,,,NA YU,245425,True,13576
WSC2026,31,Fashion Technology,CA,Canada,10,Medal for Excellence,719.0,,,GOH DHEFEN,227506,True,13585
WSC2026,31,Fashion Technology,SG,Singapore,11,Medal for Excellence,707.0,,,JIA ZHEN LIM,225653,True,13586
WSC2026,31,Fashion Technology,MO,"Macao, China",12,Medal for Excellence,706.0,,,WENG LAM LEONG,243836,True,13587
WSC2026,31,Fashion Technology,CR,Costa Rica,13,Medal for Excellence,703.0,True,,HELEN MARIAM JIMÉNEZ GONZÁLEZ,244298,True,13588
WSC2026,31,Fashion Technology,JP,Japan,13,Medal for Excellence,703.0,,,MAO IKEDA,240635,True,13589
WSC2026,31,Fashion Technology,AT,Austria,15,Medal for Excellence,701.0,,,JULIA KAUFMANN,240164,True,13590
WSC2026,31,Fashion Technology,FI,Finland,16,Medal for Excellence,700.0,,,ELJA SARALUOTO,182675,True,13591
WSC2026,31,Fashion Technology,KG,Kyrgyzstan,17,,699.0,True,,KHANIFA SYRGAKOVNA SYRGAKOVA,244332,True,13592
WSC2026,31,Fashion Technology,KZ,Kazakhstan,18,,698.0,,,GAZIZA KANAN,242088,True,13593
WSC2026,31,Fashion Technology,IR,Iran,19,,689.0,,,FATEMEH JAFARNIA,246013,True,13594
WSC2026,31,Fashion Technology,BR,Brazil,2,Silver,740.0,,,MYLLENA VITÓRIA DE ARRUDA NOGUEIRA,226622,True,13577
WSC2026,31,Fashion Technology,PL,Poland,20,,688.0,,,KACPER PIEŃCZUK,241577,True,13595
WSC2026,31,Fashion Technology,AU,Australia,21,,685.0,,,ELLA TAYLOR,244013,True,13596
WSC2026,31,Fashion Technology,HK,"Hong Kong, China",22,,680.0,,,CHEUK WA LIN,241653,True,13597
WSC2026,31,Fashion Technology,VN,Vietnam,23,,673.0,,,THI NGOC HUE PHAM,244322,True,13598
WSC2026,31,Fashion Technology,AM,Armenia,24,,663.0,,,LUIZA ZAKARYAN,241298,True,13599
WSC2026,31,Fashion Technology,ZA,South Africa,25,,661.0,,,MAMOTSHABO MODIBA,241529,True,13600
WSC2026,31,Fashion Technology,GE,Georgia,26,,658.0,,,NIA BERBERASHVILI,243579,True,13601
WSC2026,31,Fashion Technology,ET,Ethiopia,27,,652.0,,,FERON NEJIB ALI,237321,True,13602
WSC2026,31,Fashion Technology,SA,Saudi Arabia,28,,646.0,,,MAWDAH ALAMRI,239155,True,13603
WSC2026,31,Fashion Technology,HR,Croatia,29,,645.0,,,TAMARA ŠOŠTARIĆ,224851,True,13604
WSC2026,31,Fashion Technology,ES,Spain,3,Bronze,729.0,True,,JUAN GARCÍA ORTIZ,243257,True,13578
WSC2026,31,Fashion Technology,FR,France,3,Bronze,729.0,,,MANON POUIVET,240256,True,13580
WSC2026,31,Fashion Technology,KR,Korea,3,Bronze,729.0,,,BORAN CHOI,236051,True,13579
WSC2026,31,Fashion Technology,MA,Morocco,30,,639.0,,,SARA GHABRI,246606,True,13605
WSC2026,31,Fashion Technology,NA,Namibia,31,,638.0,,,WILHELMINA N M AMADHILA,229219,True,13606
WSC2026,31,Fashion Technology,CH,Switzerland,6,Medal for Excellence,727.0,,,LUISA KUNZ,227752,True,13581
WSC2026,31,Fashion Technology,IN,India,7,Medal for Excellence,720.0,,,VIDHI NIRAVKUMAR SUTHAR,244775,True,13584
WSC2026,31,Fashion Technology,MY,Malaysia,7,Medal for Excellence,720.0,,,NADRATULLIYANA BINTI AB MALEK,225734,True,13583
WSC2026,31,Fashion Technology,TW,Chinese Taipei,7,Medal for Excellence,720.0,,,YU-SHAN XIAO,241254,True,13582
WSC2026,32,Pâtisserie and Confectionery,CN,China,1,Gold,744.0,,,TIANXIANG WANG,245426,True,13607
WSC2026,32,Pâtisserie and Confectionery,AT,Austria,10,Medal for Excellence,707.0,,,VALENTINA OTZELBERGER,240157,True,13616
WSC2026,32,Pâtisserie and Confectionery,CH,Switzerland,11,Medal for Excellence,703.0,,,REGULA BASCHUNG,228685,True,13617
WSC2026,32,Pâtisserie and Confectionery,AU,Australia,12,,697.0,,,WILLIAM NICKL,244014,True,13618
WSC2026,32,Pâtisserie and Confectionery,BR,Brazil,13,,689.0,,,MARIA LUIZA SILVA ALVES,224024,True,13619
WSC2026,32,Pâtisserie and Confectionery,MY,Malaysia,13,,689.0,,,SANDEE CHURME,195204,True,13620
WSC2026,32,Pâtisserie and Confectionery,KZ,Kazakhstan,15,,688.0,,,YERALY SAYATOV,242233,True,13621
WSC2026,32,Pâtisserie and Confectionery,NL,Netherlands,16,,674.0,,,LIZE DE WILDT,243121,True,13622
WSC2026,32,Pâtisserie and Confectionery,IN,India,17,,672.0,,,KRISHNANJALI SAHOO,190434,True,13623
WSC2026,32,Pâtisserie and Confectionery,PL,Poland,18,,669.0,,,OLIWIA STELMACH,241581,True,13624
WSC2026,32,Pâtisserie and Confectionery,GE,Georgia,19,,666.0,,,GEGA JAVAKHISHVILI,243580,True,13625
WSC2026,32,Pâtisserie and Confectionery,KR,Korea,2,Silver,735.0,,,SEUNGHYE CHOI,239840,True,13608
WSC2026,32,Pâtisserie and Confectionery,MA,Morocco,20,,656.0,,,OUSSAMA TERRAF,239024,True,13626
WSC2026,32,Pâtisserie and Confectionery,AR,Argentina,21,,626.0,,,AZUL ABRIL DOMINGOS,248221,True,13627
WSC2026,32,Pâtisserie and Confectionery,ID,Indonesia,22,,565.0,True,,MELSY NASWA FITRIA,243088,True,13628
WSC2026,32,Pâtisserie and Confectionery,TW,Chinese Taipei,3,Bronze,729.0,,,CHENG-YU SHEN,241255,True,13609
WSC2026,32,Pâtisserie and Confectionery,CA,Canada,4,Medal for Excellence,722.0,,,MARIANNE MASSON,227657,True,13610
WSC2026,32,Pâtisserie and Confectionery,JP,Japan,5,Medal for Excellence,719.0,,,MINORI UNEDA,240636,True,13611
WSC2026,32,Pâtisserie and Confectionery,HK,"Hong Kong, China",6,Medal for Excellence,718.0,,,GUONG-YU TO,241654,True,13612
WSC2026,32,Pâtisserie and Confectionery,MO,"Macao, China",7,Medal for Excellence,717.0,,,HO I FU,243825,True,13613
WSC2026,32,Pâtisserie and Confectionery,DE,Germany,8,Medal for Excellence,714.0,,,LARA RIEDMAIR,243233,True,13614
WSC2026,32,Pâtisserie and Confectionery,FR,France,9,Medal for Excellence,710.0,,,ALEX BORDET,240257,True,13615
WSC2026,33,Automobile Technology,CN,China,1,Gold,759.0,,,JIALE LI,245427,True,13629
WSC2026,33,Automobile Technology,ES,Spain,11,Medal for Excellence,712.0,,,HÉCTOR SÁNCHEZ BELLÓN,243258,True,13639
WSC2026,33,Automobile Technology,DE,Germany,12,Medal for Excellence,711.0,,,HANNES WIRSING,241391,True,13640
WSC2026,33,Automobile Technology,IT,"South Tyrol, Italy",13,Medal for Excellence,709.0,,,FABIAN STOLZLECHNER,239388,True,13641
WSC2026,33,Automobile Technology,KR,Korea,14,Medal for Excellence,708.0,,,DAESEONG KIM,236034,True,13642
WSC2026,33,Automobile Technology,SE,Sweden,15,Medal for Excellence,705.0,,,FILIP HULT,240305,True,13643
WSC2026,33,Automobile Technology,ID,Indonesia,16,Medal for Excellence,704.0,,,EKA ANWAR FAUZI,226121,True,13644
WSC2026,33,Automobile Technology,NL,Netherlands,17,Medal for Excellence,702.0,,,NICK JOOSTEN,224441,True,13645
WSC2026,33,Automobile Technology,IN,India,18,Medal for Excellence,701.0,,,MD SERAJ,244792,True,13646
WSC2026,33,Automobile Technology,NO,Norway,19,,699.0,,,STIAN RAEN,242788,True,13647
WSC2026,33,Automobile Technology,HU,Hungary,2,Silver,730.0,,,MARTIN ALBRECHT,229349,True,13630
WSC2026,33,Automobile Technology,AE,United Arab Emirates,20,,696.0,,,SAOOD ALMESSABI,243983,True,13649
WSC2026,33,Automobile Technology,AT,Austria,20,,696.0,,,CHRISTIAN HIESBERGER,240156,True,13648
WSC2026,33,Automobile Technology,US,United States of America,22,,694.0,,,JAMES CAHILL,239749,True,13650
WSC2026,33,Automobile Technology,MY,Malaysia,23,,693.0,,,NURAISYAH BINTI AZLIN,225717,True,13651
WSC2026,33,Automobile Technology,AU,Australia,24,,691.0,,,EDIE THURTELL,244015,True,13652
WSC2026,33,Automobile Technology,CR,Costa Rica,25,,682.0,,,JUAN LORENZO ARTAVIA MORA,244304,True,13653
WSC2026,33,Automobile Technology,CL,Chile,26,,680.0,True,,ALONSO RIQUELME,226888,True,13654
WSC2026,33,Automobile Technology,DZ,Algeria,27,,676.0,,,AKRAM HAZIR,240796,True,13656
WSC2026,33,Automobile Technology,EG,Egypt,27,,676.0,True,,ABDELRAHMAN ALI,239326,True,13655
WSC2026,33,Automobile Technology,GE,Georgia,27,,676.0,True,,GIORGI NOZADZE,243582,True,13657
WSC2026,33,Automobile Technology,CA,Canada,3,Bronze,727.0,,,CARTER KOKOT,227655,True,13631
WSC2026,33,Automobile Technology,TW,Chinese Taipei,3,Bronze,727.0,,,YENFU LIU,204022,True,13632
WSC2026,33,Automobile Technology,KZ,Kazakhstan,30,,671.0,,,SANZHAR TLEKOV,242886,True,13658
WSC2026,33,Automobile Technology,NA,Namibia,31,,669.0,,,CHRISTOPHER S MBUNDU,229149,True,13660
WSC2026,33,Automobile Technology,ZA,South Africa,31,,669.0,,,BRENDEN WADE,241530,True,13659
WSC2026,33,Automobile Technology,AR,Argentina,33,,665.0,,,FACUNDO GARMENDIA,248219,True,13662
WSC2026,33,Automobile Technology,AZ,Azerbaijan,33,,665.0,,,CHARKAZ VALIYEV,248190,True,13661
WSC2026,33,Automobile Technology,RO,Romania,35,,661.0,,,CONSTANTIN-EDUARD CROITORU,243875,True,13663
WSC2026,33,Automobile Technology,MN,Mongolia,36,,655.0,,,DELGERMORON DAVAASUREN,241959,True,13664
WSC2026,33,Automobile Technology,MA,Morocco,5,Medal for Excellence,724.0,True,,YOUSSEF AABID,246594,True,13633
WSC2026,33,Automobile Technology,BR,Brazil,6,Medal for Excellence,722.0,,,KAUAN HENRIQUE MARTINELLO NAZARIO,221800,True,13635
WSC2026,33,Automobile Technology,JP,Japan,6,Medal for Excellence,722.0,,,SHOTA TAKAO,240637,True,13634
WSC2026,33,Automobile Technology,FR,France,8,Medal for Excellence,721.0,,,RÉMI SZENDROI,240258,True,13636
WSC2026,33,Automobile Technology,CH,Switzerland,9,Medal for Excellence,715.0,,,JANIK SCHUMACHER,228203,True,13637
WSC2026,33,Automobile Technology,IE,Ireland,9,Medal for Excellence,715.0,,,KALEM REDMOND,243331,True,13638
WSC2026,34,Cooking,CN,China,1,Gold,774.0,,,XIAOJIAN YANG,245428,True,13665
WSC2026,34,Cooking,MY,Malaysia,10,Medal for Excellence,719.0,,,GRACE ONG YI MEI,225724,True,13674
WSC2026,34,Cooking,SG,Singapore,11,Medal for Excellence,717.0,,,LIN NAYAN,186156,True,13675
WSC2026,34,Cooking,KR,Korea,12,Medal for Excellence,716.0,,,JAEYEON PARK,239818,True,13676
WSC2026,34,Cooking,SE,Sweden,13,Medal for Excellence,714.0,,,LUDWIG BORG,240306,True,13677
WSC2026,34,Cooking,AM,Armenia,14,Medal for Excellence,712.0,True,,ARSEN ARMENAKYAN,241299,True,13678
WSC2026,34,Cooking,AU,Australia,15,Medal for Excellence,710.0,,,ZAK RESUGGAN,244016,True,13680
WSC2026,34,Cooking,TW,Chinese Taipei,15,Medal for Excellence,710.0,,,PIN RUI CHEN,241256,True,13679
WSC2026,34,Cooking,MO,"Macao, China",17,Medal for Excellence,708.0,,,CHEOK LAM TOU,243826,True,13681
WSC2026,34,Cooking,BR,Brazil,18,Medal for Excellence,705.0,,,GUSTAVO RAMOS FREITAS ARGOUD,239741,True,13682
WSC2026,34,Cooking,US,United States of America,19,Medal for Excellence,704.0,,,ELIZABETH BROWN,239747,True,13683
WSC2026,34,Cooking,TH,Thailand,2,Silver,736.0,,,NAKARIN JAROONPUNVANICH,225428,True,13666
WSC2026,34,Cooking,JP,Japan,20,Medal for Excellence,703.0,,,JOO SHIMIZU,240087,True,13684
WSC2026,34,Cooking,FI,Finland,21,Medal for Excellence,700.0,,,VÄINÖ MIETTINEN,219974,True,13686
WSC2026,34,Cooking,PL,Poland,21,Medal for Excellence,700.0,,,JULIA WYDRA,241584,True,13685
WSC2026,34,Cooking,BE,Belgium,23,,697.0,,,ENZO PSARRAS,239271,True,13688
WSC2026,34,Cooking,LV,Latvia,23,,697.0,,,FJODORS NEKAZAKOVS,243432,True,13687
WSC2026,34,Cooking,RO,Romania,25,,692.0,,,VASILICA-IONELA SANDU,243649,True,13689
WSC2026,34,Cooking,NL,Netherlands,26,,691.0,,,BRAM EVRAETS,243122,True,13690
WSC2026,34,Cooking,MA,Morocco,27,,688.0,,,OTMAN ZEROUAL,246597,True,13691
WSC2026,34,Cooking,HK,"Hong Kong, China",28,,686.0,,,KA YAN TSANG,241655,True,13692
WSC2026,34,Cooking,HU,Hungary,29,,685.0,,,JÓZSEF FEKETE,241478,True,13693
WSC2026,34,Cooking,IE,Ireland,3,Bronze,730.0,True,,CHARLIE WARD,243332,True,13667
WSC2026,34,Cooking,BB,Barbados,30,,680.0,,,REESE-ANN ALLEYNE,244305,True,13694
WSC2026,34,Cooking,KG,Kyrgyzstan,31,,671.0,,,ELDAR OMUSHEV,244335,True,13695
WSC2026,34,Cooking,IN,India,32,,667.0,,,THANUSHREE MAGESH,244939,True,13696
WSC2026,34,Cooking,IR,Iran,33,,661.0,,,SEYEDARMIN FARSHCHI,246014,True,13697
WSC2026,34,Cooking,KZ,Kazakhstan,34,,659.0,,,NURTAS BAZARBEK,242987,True,13698
WSC2026,34,Cooking,ID,Indonesia,35,,656.0,,,DELILA SULISTYO,243087,True,13699
WSC2026,34,Cooking,NA,Namibia,36,,649.0,,,SAKEUS MWAALA IIFO,188715,True,13701
WSC2026,34,Cooking,PK,Pakistan,36,,649.0,,,MOHID MEHBOOB,245646,True,13700
WSC2026,34,Cooking,SA,Saudi Arabia,38,,648.0,,,HASSAN MASHRAQI,244495,True,13702
WSC2026,34,Cooking,MN,Mongolia,39,,646.0,,,USUKH-ERDENE TUMURBOLD,241967,True,13703
WSC2026,34,Cooking,AT,Austria,4,Medal for Excellence,727.0,,,HANNES SORTSCH,221135,True,13668
WSC2026,34,Cooking,DK,Denmark,4,Medal for Excellence,727.0,,,CASPER ERSTED MØRCH,240798,True,13669
WSC2026,34,Cooking,CR,Costa Rica,40,,639.0,,,DILLAN FERNANDO DÍAZ MC MURRAY,244299,True,13704
WSC2026,34,Cooking,AZ,Azerbaijan,41,,638.0,,,JAVID MAMMADOV,244768,True,13705
WSC2026,34,Cooking,EG,Egypt,42,,626.0,,,ABDELRAHMAN SHAHOUD,239656,True,13706
WSC2026,34,Cooking,ZA,South Africa,43,,622.0,,,LUSANE NESINDANDE,241531,True,13707
WSC2026,34,Cooking,ES,Spain,6,Medal for Excellence,726.0,,,ÁNGELA FONT OCHOGAVIA,243259,True,13670
WSC2026,34,Cooking,CH,Switzerland,7,Medal for Excellence,725.0,,,NICOLAS IMHOLZ,226822,True,13671
WSC2026,34,Cooking,CA,Canada,8,Medal for Excellence,722.0,,,LUCA ASSAD,227500,True,13672
WSC2026,34,Cooking,NO,Norway,9,Medal for Excellence,720.0,,,SEBASTIAN HEGGLI,240594,True,13673
WSC2026,35,Restaurant Service,CN,China,1,Gold,751.0,,,WENTAO LI,245429,True,13708
WSC2026,35,Restaurant Service,BE,Belgium,11,Medal for Excellence,713.0,,,LOÏC NOLLEVAUX,239272,True,13718
WSC2026,35,Restaurant Service,CH,Switzerland,12,Medal for Excellence,707.0,,,MELINA REUSSER,227573,True,13719
WSC2026,35,Restaurant Service,NL,Netherlands,13,Medal for Excellence,706.0,,,RHODÉ SMIT,243123,True,13720
WSC2026,35,Restaurant Service,BR,Brazil,14,Medal for Excellence,703.0,,,MATHEUS HENRIQUE DOS SANTOS DA SILVA,239742,True,13721
WSC2026,35,Restaurant Service,PH,Philippines,15,,697.0,,,LIANNA KRYZELLE VERANA,224506,True,13722
WSC2026,35,Restaurant Service,UK,United Kingdom,16,,696.0,,,YULIIA BATRAK,224224,True,13723
WSC2026,35,Restaurant Service,AT,Austria,17,,693.0,,,SARAH SCHÖFTNER,240168,True,13724
WSC2026,35,Restaurant Service,MO,"Macao, China",17,,693.0,,,BIANCA MAK CORREIA,243827,True,13725
WSC2026,35,Restaurant Service,AU,Australia,19,,691.0,,,GEMMA SCOTT,244017,True,13726
WSC2026,35,Restaurant Service,SG,Singapore,2,Silver,748.0,True,,"QIAN YU, CHARMAINE LEE",225672,True,13709
WSC2026,35,Restaurant Service,LV,Latvia,20,,689.0,,,MONA GABRIELA GORSVANE,227938,True,13727
WSC2026,35,Restaurant Service,NO,Norway,21,,681.0,,,EMMA JOHANNE TORPET,223543,True,13728
WSC2026,35,Restaurant Service,IN,India,22,,679.0,,,JHANSIRANI ROUT,244785,True,13729
WSC2026,35,Restaurant Service,KZ,Kazakhstan,23,,669.0,,,ZHAN ABILOV,242695,True,13730
WSC2026,35,Restaurant Service,HK,"Hong Kong, China",24,,668.0,,,HEI SHUN WONG,241656,True,13731
WSC2026,35,Restaurant Service,CR,Costa Rica,25,,661.0,,,GEANPIERRE ROJAS DELGADO,244300,True,13732
WSC2026,35,Restaurant Service,LU,Luxembourg,26,,660.0,,,KARIM A SPEIDEL,242255,True,13733
WSC2026,35,Restaurant Service,ZA,South Africa,27,,623.0,,,KARABELO SEQHOANG,241532,True,13734
WSC2026,35,Restaurant Service,NA,Namibia,28,,622.0,,,BEVERLY OASES,229592,True,13735
WSC2026,35,Restaurant Service,DK,Denmark,3,Bronze,727.0,,,LINNEA LIND LEHNER,240817,True,13711
WSC2026,35,Restaurant Service,ID,Indonesia,3,Bronze,727.0,,,FATIMA RANI AL HUSNA PRAMESWARA,226160,True,13710
WSC2026,35,Restaurant Service,ES,Spain,5,Medal for Excellence,725.0,,,LAURA DANIELA PUERTO OSORIO,243261,True,13714
WSC2026,35,Restaurant Service,HU,Hungary,5,Medal for Excellence,725.0,,,BERTA HORVÁTH,223514,True,13712
WSC2026,35,Restaurant Service,SE,Sweden,5,Medal for Excellence,725.0,,,RONJA ROOS,240307,True,13713
WSC2026,35,Restaurant Service,JP,Japan,8,Medal for Excellence,719.0,,,SANA YAMASHIRO,240638,True,13715
WSC2026,35,Restaurant Service,TH,Thailand,9,Medal for Excellence,714.0,,,PHATCHARAMON LIMTHONG,225437,True,13717
WSC2026,35,Restaurant Service,TW,Chinese Taipei,9,Medal for Excellence,714.0,,,CHIA-YU HSU,241257,True,13716
WSC2026,36,Car Painting,CN,China,1,Gold,774.0,,,LIBO DUAN,245430,True,13736
WSC2026,36,Car Painting,DE,Germany,10,Medal for Excellence,711.0,,,NOAH SEILER,244651,True,13745
WSC2026,36,Car Painting,IN,India,11,Medal for Excellence,707.0,,,KAIF KHAN,244750,True,13746
WSC2026,36,Car Painting,AU,Australia,12,Medal for Excellence,705.0,,,SAMUEL SHEDDEN,244018,True,13747
WSC2026,36,Car Painting,KR,Korea,13,,695.0,,,GEON LEE,239833,True,13748
WSC2026,36,Car Painting,HK,"Hong Kong, China",14,,694.0,,,YU FUNG WAN,241657,True,13749
WSC2026,36,Car Painting,NO,Norway,14,,694.0,,,ELINE GÅSLAND HUNDHAMMER,242789,True,13750
WSC2026,36,Car Painting,SE,Sweden,16,,683.0,,,HUGO DAWSON,240308,True,13751
WSC2026,36,Car Painting,CA,Canada,17,,681.0,,,ANIKA JONES,227508,True,13752
WSC2026,36,Car Painting,MY,Malaysia,18,,680.0,,,HAZIQ SYAHMI BIN NAZRI,234778,True,13753
WSC2026,36,Car Painting,ES,Spain,19,,678.0,,,RAÚL GIMENO SÁNCHEZ,243262,True,13754
WSC2026,36,Car Painting,TH,Thailand,2,Silver,730.0,,,PAWARET WOHANLUEK,243993,True,13737
WSC2026,36,Car Painting,AE,United Arab Emirates,20,,666.0,,,MAIS BARABBAA,243984,True,13755
WSC2026,36,Car Painting,HR,Croatia,21,,643.0,,,MATIJA ŠTEFINOVEC,239780,True,13756
WSC2026,36,Car Painting,VN,Vietnam,22,,638.0,,,QUOC TRUONG GIANG NGUYEN,243083,True,13757
WSC2026,36,Car Painting,ZA,South Africa,23,,633.0,,,STEPFANUS VAN DER BERG,241533,True,13758
WSC2026,36,Car Painting,IR,Iran,24,,604.0,,,AMIRHOSSEIN AMERIZADEH,252006,True,13759
WSC2026,36,Car Painting,UK,United Kingdom,3,Bronze,725.0,,,OISIN MCKERR,243761,True,13738
WSC2026,36,Car Painting,CH,Switzerland,4,Medal for Excellence,724.0,,,DAVIDE MANIERI,224323,True,13739
WSC2026,36,Car Painting,BR,Brazil,5,Medal for Excellence,723.0,,,LUCAS FONSECA MARQUES,221743,True,13740
WSC2026,36,Car Painting,DK,Denmark,6,Medal for Excellence,721.0,,,JONAS BACKHAUSEN,243042,True,13741
WSC2026,36,Car Painting,TW,Chinese Taipei,7,Medal for Excellence,720.0,,,PEI-JEN YU,241258,True,13742
WSC2026,36,Car Painting,JP,Japan,8,Medal for Excellence,719.0,,,SHOTA SUGATA,240639,True,13743
WSC2026,36,Car Painting,FR,France,9,Medal for Excellence,715.0,,,EWEN GOUEDARD,240259,True,13744
WSC2026,37,Landscape Gardening,FR,France,1,Gold,743.0,,,JUSTIN KRESS; CORENTIN MATHIEU,240260; 240261,True,13760
WSC2026,37,Landscape Gardening,LU,Luxembourg,10,,699.0,,,FLORIAN THEISEN; BJARNE WEBER,221388; 242175,True,13769
WSC2026,37,Landscape Gardening,TW,Chinese Taipei,11,,694.0,,,JHEN YU LIOU; RI-BAO LI,241259; 241260,True,13770
WSC2026,37,Landscape Gardening,HU,Hungary,12,,690.0,,,BALÁZS ERNŐ BARTL; ÁDÁM KAMPEL,223504; 223505,True,13771
WSC2026,37,Landscape Gardening,KR,Korea,13,,687.0,,,TAERIN KIM; MINSUB LEE,239617; 239828,True,13772
WSC2026,37,Landscape Gardening,NL,Netherlands,14,,681.0,,,DAAN BLONK; HIDDE KRUIT,242421; 243124,True,13773
WSC2026,37,Landscape Gardening,AU,Australia,15,,678.0,,,TULLY HILL; THOMAS DOWNING,244019; 244021,True,13774
WSC2026,37,Landscape Gardening,ES,Spain,16,,676.0,,,SEBASTIÁ SEGUÍ RIPOLL; SERGI OCHOGAVIA VILA,243263; 243264,True,13775
WSC2026,37,Landscape Gardening,BR,Brazil,17,,674.0,,,LETÍCIA GABRIELLE ROSA; JUAN PABLO SOUZA,224027; 224026,True,13776
WSC2026,37,Landscape Gardening,IN,India,18,,657.0,,,PRASAD KUMAR DAS; DEBASIS GOUDA,244787; 244891,True,13777
WSC2026,37,Landscape Gardening,CN,China,2,Silver,740.0,,,ZHU NIE; RUN CAI,245431; 245432,True,13761
WSC2026,37,Landscape Gardening,DE,Germany,3,Bronze,732.0,,,LENNARD WEITZMANN; MARC-AUREL SPALEK,242371; 243234,True,13762
WSC2026,37,Landscape Gardening,IT,"South Tyrol, Italy",4,Medal for Excellence,728.0,,,JANA MAIR; MANUELA KERSCHBAUMER,239898; 240531,True,13763
WSC2026,37,Landscape Gardening,CH,Switzerland,5,Medal for Excellence,725.0,,,SILAS NUSSBAUMER; ELIAS SCHÖPFER,225778; 225776,True,13764
WSC2026,37,Landscape Gardening,LI,Principality of Liechtenstein,6,Medal for Excellence,716.0,True,,LARISSA STINGL; ADRIAN LÄSSER,238929; 238931,True,13765
WSC2026,37,Landscape Gardening,AT,Austria,7,Medal for Excellence,713.0,,,MARCEL ORTNER; SIMON WEISS,240151; 240152,True,13766
WSC2026,37,Landscape Gardening,CA,Canada,8,Medal for Excellence,703.0,,,CHARLIE VÉRONNEAU; LOGAN POISSON,227494; 227656,True,13767
WSC2026,37,Landscape Gardening,JP,Japan,9,Medal for Excellence,701.0,,,HIROAKI NISHIKAWA; FUMINA KADONO,240640; 240641,True,13768
WSC2026,38,Refrigeration and Air Conditioning,UK,United Kingdom,1,Gold,747.0,True,,SAM JONES,243440,True,13778
WSC2026,38,Refrigeration and Air Conditioning,JP,Japan,10,Medal for Excellence,709.0,,,SHUNTA ARAKI,240642,True,13787
WSC2026,38,Refrigeration and Air Conditioning,TH,Thailand,10,Medal for Excellence,709.0,,,SAKSIT PHIMRAT,225436,True,13788
WSC2026,38,Refrigeration and Air Conditioning,ID,Indonesia,12,Medal for Excellence,706.0,,,TOGAR ANDREAS SILABAN,226157,True,13789
WSC2026,38,Refrigeration and Air Conditioning,MY,Malaysia,13,Medal for Excellence,705.0,,,MUHAMMAD AMIR FITRI BIN MOHD SEFULRIZAM,234775,True,13790
WSC2026,38,Refrigeration and Air Conditioning,DE,Germany,14,Medal for Excellence,700.0,,,TIMO JANSEN,241392,True,13791
WSC2026,38,Refrigeration and Air Conditioning,BR,Brazil,15,,693.0,,,KEYLA CARVALHO DIAS,222686,True,13792
WSC2026,38,Refrigeration and Air Conditioning,HU,Hungary,16,,692.0,,,UNGI MILÁN,234286,True,13793
WSC2026,38,Refrigeration and Air Conditioning,ES,Spain,17,,691.0,,,FRANCISCO BELTRÁN BLASCO,243265,True,13794
WSC2026,38,Refrigeration and Air Conditioning,PH,Philippines,18,,685.0,,,AGXILLE JADE LANGAMIN,225568,True,13795
WSC2026,38,Refrigeration and Air Conditioning,VN,Vietnam,18,,685.0,,,TIEN PHUC DAO,243101,True,13796
WSC2026,38,Refrigeration and Air Conditioning,KR,Korea,2,Silver,737.0,,,MINJE KIM,199191,True,13779
WSC2026,38,Refrigeration and Air Conditioning,IR,Iran,20,,682.0,,,AAMER AHMADI,246019,True,13797
WSC2026,38,Refrigeration and Air Conditioning,MA,Morocco,21,,670.0,,,MOHAMED EL AMRAOUI,240577,True,13798
WSC2026,38,Refrigeration and Air Conditioning,SA,Saudi Arabia,22,,660.0,,,HUSSEIN AL JABARA,239156,True,13800
WSC2026,38,Refrigeration and Air Conditioning,UZ,Uzbekistan,22,,660.0,True,,ALIJON EGAMOV,228031,True,13799
WSC2026,38,Refrigeration and Air Conditioning,NA,Namibia,24,,658.0,,,PENDUKENI SHAGANDJWA,231189,True,13801
WSC2026,38,Refrigeration and Air Conditioning,ZA,South Africa,25,,656.0,,,OREHOLELE MARUMO,241534,True,13802
WSC2026,38,Refrigeration and Air Conditioning,IN,India,26,,655.0,,,MD DILKHUSH,234793,True,13803
WSC2026,38,Refrigeration and Air Conditioning,CR,Costa Rica,27,,653.0,,,NEIGEL FABRICIO SANDOVAL ÁLVAREZ,244301,True,13804
WSC2026,38,Refrigeration and Air Conditioning,CA,Canada,3,Bronze,732.0,,,XAVIER BELANGER,227482,True,13780
WSC2026,38,Refrigeration and Air Conditioning,CN,China,4,Medal for Excellence,730.0,,,ZHANPENG YE,245515,True,13781
WSC2026,38,Refrigeration and Air Conditioning,AT,Austria,5,Medal for Excellence,728.0,,,JONAS DANNINGER,221119,True,13782
WSC2026,38,Refrigeration and Air Conditioning,AU,Australia,6,Medal for Excellence,723.0,,,ADAM MORGAN,244022,True,13783
WSC2026,38,Refrigeration and Air Conditioning,HK,"Hong Kong, China",7,Medal for Excellence,720.0,,,WING KIN LI,241658,True,13784
WSC2026,38,Refrigeration and Air Conditioning,TW,Chinese Taipei,7,Medal for Excellence,720.0,,,JIAN-KAI CHEN,241261,True,13785
WSC2026,38,Refrigeration and Air Conditioning,NZ,New Zealand,9,Medal for Excellence,710.0,,,CAMPBELL BROWN,242273,True,13786
WSC2026,39,IT Network Systems Administration,CN,China,1,Gold,754.0,,,GUOJIN XIA,245510,True,13805
WSC2026,39,IT Network Systems Administration,FR,France,10,Medal for Excellence,705.0,,,CHARLIE GOURDIEN,240262,True,13814
WSC2026,39,IT Network Systems Administration,IR,Iran,11,Medal for Excellence,704.0,,,MOHAMMADAMIN ARAB AMINABADI,246015,True,13815
WSC2026,39,IT Network Systems Administration,SG,Singapore,12,Medal for Excellence,702.0,,,ZHENG YI JOEL TAN,225662,True,13816
WSC2026,39,IT Network Systems Administration,MO,"Macao, China",13,Medal for Excellence,700.0,,,CHON WANG HOI,244769,True,13817
WSC2026,39,IT Network Systems Administration,BE,Belgium,14,,699.0,,,HARRY PIETERAERENS,220855,True,13818
WSC2026,39,IT Network Systems Administration,KZ,Kazakhstan,15,,692.0,,,IVAN CHOPOV,242594,True,13819
WSC2026,39,IT Network Systems Administration,DE,Germany,16,,689.0,,,NIKLAS BAMBOR,241393,True,13820
WSC2026,39,IT Network Systems Administration,AT,Austria,17,,684.0,,,TARIK BEGETA,221125,True,13822
WSC2026,39,IT Network Systems Administration,HK,"Hong Kong, China",17,,684.0,,,CHEUK HIM PUN,241659,True,13821
WSC2026,39,IT Network Systems Administration,CA,Canada,19,,677.0,,,VELJKO STEVANOVIC,227505,True,13823
WSC2026,39,IT Network Systems Administration,KR,Korea,2,Silver,743.0,,,LEE HYEONJUN,221775,True,13806
WSC2026,39,IT Network Systems Administration,CR,Costa Rica,20,,673.0,,,KEVIN DANIEL CAMPOS VEGA,235626,True,13824
WSC2026,39,IT Network Systems Administration,HR,Croatia,21,,672.0,,,BRUNO KOSTELAC,224853,True,13826
WSC2026,39,IT Network Systems Administration,SE,Sweden,21,,672.0,,,AXEL BORG,221700,True,13825
WSC2026,39,IT Network Systems Administration,ZA,South Africa,23,,657.0,,,TSHEPISO MOTLATLA,241535,True,13827
WSC2026,39,IT Network Systems Administration,ET,Ethiopia,24,,654.0,,,ATIKILIT TAYE MULATU,237322,True,13828
WSC2026,39,IT Network Systems Administration,SA,Saudi Arabia,25,,653.0,,,KHALED S AL-HARBI,249667,True,13829
WSC2026,39,IT Network Systems Administration,ID,Indonesia,3,Bronze,734.0,,,RASH ASYARI AMYRIS THALIB,226151,True,13807
WSC2026,39,IT Network Systems Administration,BR,Brazil,4,Medal for Excellence,733.0,,,LUAN BATISTA,195607,True,13809
WSC2026,39,IT Network Systems Administration,JP,Japan,4,Medal for Excellence,733.0,,,KOJIRO NISHIMURA,240643,True,13808
WSC2026,39,IT Network Systems Administration,HU,Hungary,6,Medal for Excellence,720.0,,,GERGO TERINGER,223508,True,13811
WSC2026,39,IT Network Systems Administration,IN,India,6,Medal for Excellence,720.0,,,KHUSHRAJ RATHOD,240527,True,13810
WSC2026,39,IT Network Systems Administration,ES,Spain,8,Medal for Excellence,717.0,,,MAX MARTÍNEZ ALTIMIRA,243266,True,13812
WSC2026,39,IT Network Systems Administration,UK,United Kingdom,9,Medal for Excellence,716.0,,,CHARLIE PRIESTLEY,243484,True,13813
WSC2026,40,Graphic Design Technology,IT,"South Tyrol, Italy",1,Gold,747.0,True,,LIAM FIECHTER,239392,True,13830
WSC2026,40,Graphic Design Technology,PH,Philippines,10,Medal for Excellence,712.0,,,HANNAH KRYSTELLE CAINTIC,224484,True,13839
WSC2026,40,Graphic Design Technology,SG,Singapore,11,Medal for Excellence,711.0,,,ATHENA CHENG YARN TONG,225655,True,13840
WSC2026,40,Graphic Design Technology,AE,United Arab Emirates,12,Medal for Excellence,705.0,,,MARIAM ALHASHMI,243987,True,13842
WSC2026,40,Graphic Design Technology,IR,Iran,12,Medal for Excellence,705.0,,,AMIRREZA BEIK MOHAMMADLOU,169780,True,13841
WSC2026,40,Graphic Design Technology,IN,India,14,Medal for Excellence,700.0,,,RAJEEB LOCHAN CHAND,194601,True,13843
WSC2026,40,Graphic Design Technology,KZ,Kazakhstan,14,Medal for Excellence,700.0,,,BAGYZHAN KOISHYBAYEV,228081,True,13844
WSC2026,40,Graphic Design Technology,HK,"Hong Kong, China",16,,695.0,,,SZE YI HUANG,241660,True,13845
WSC2026,40,Graphic Design Technology,FI,Finland,17,,693.0,,,JUSTUS SÄÄSKILAHTI,190768,True,13846
WSC2026,40,Graphic Design Technology,HU,Hungary,18,,689.0,,,AMY ANNE FUNNELL,226195,True,13847
WSC2026,40,Graphic Design Technology,TH,Thailand,19,,688.0,,,MAYTHARSIT WISAKACHAI,225412,True,13848
WSC2026,40,Graphic Design Technology,CA,Canada,2,Silver,737.0,True,,JORDA THOMAS,227998,True,13831
WSC2026,40,Graphic Design Technology,BE,Belgium,20,,684.0,,,LORIS MATHIEU,239273,True,13849
WSC2026,40,Graphic Design Technology,MN,Mongolia,21,,680.0,,,INDRA TSETSEGDELGER,187478,True,13850
WSC2026,40,Graphic Design Technology,AU,Australia,22,,673.0,,,EMILIE FLAVEL,244023,True,13851
WSC2026,40,Graphic Design Technology,LV,Latvia,23,,672.0,,,ELIZABETE ANCVERE,227919,True,13852
WSC2026,40,Graphic Design Technology,NL,Netherlands,24,,644.0,,,JULIA SMIT,243125,True,13853
WSC2026,40,Graphic Design Technology,JP,Japan,25,,632.0,,,HINA CHINEN,240644,True,13854
WSC2026,40,Graphic Design Technology,PK,Pakistan,26,,610.0,,,NABEED UL ARFEEN,245647,True,13855
WSC2026,40,Graphic Design Technology,SA,Saudi Arabia,27,,584.0,,,ALBATOOL GHANNAM,254586,True,13856
WSC2026,40,Graphic Design Technology,CL,Chile,28,,582.0,,,VALENTINA RAMOS,241521,True,13857
WSC2026,40,Graphic Design Technology,KG,Kyrgyzstan,29,,512.0,,,MELISSA OMURZAKOVA,243952,True,13858
WSC2026,40,Graphic Design Technology,KR,Korea,3,Bronze,730.0,,,YIGYEOM KWON,239862,True,13832
WSC2026,40,Graphic Design Technology,FR,France,4,Medal for Excellence,726.0,,,ENZO MOREAU,240263,True,13833
WSC2026,40,Graphic Design Technology,AT,Austria,5,Medal for Excellence,722.0,,,PAUL BÜRKI,240153,True,13834
WSC2026,40,Graphic Design Technology,TW,Chinese Taipei,5,Medal for Excellence,722.0,,,SIH-YU LAI,241262,True,13835
WSC2026,40,Graphic Design Technology,BR,Brazil,7,Medal for Excellence,719.0,,,BRENDA GOMES VIRGENS,222673,True,13836
WSC2026,40,Graphic Design Technology,CH,Switzerland,8,Medal for Excellence,717.0,,,ALISHA RAST,227533,True,13838
WSC2026,40,Graphic Design Technology,CN,China,8,Medal for Excellence,717.0,,,MEITING DU,245433,True,13837
WSC2026,41,Health and Social Care,CN,China,1,Gold,783.0,,,SIDA MIN,245435,True,13859
WSC2026,41,Health and Social Care,MO,"Macao, China",10,Medal for Excellence,700.0,,,IOK LAM CHONG,243832,True,13868
WSC2026,41,Health and Social Care,HR,Croatia,11,,699.0,True,,STEFAN RUŽIĆ,245932,True,13869
WSC2026,41,Health and Social Care,TW,Chinese Taipei,11,,699.0,,,SHU HAN CHANG,241263,True,13870
WSC2026,41,Health and Social Care,HU,Hungary,13,,696.0,,,NÓRA SZELEI,241479,True,13871
WSC2026,41,Health and Social Care,UK,United Kingdom,14,,694.0,,,GRACE LONGDEN,224344,True,13872
WSC2026,41,Health and Social Care,JP,Japan,15,,692.0,,,HINATA KAWASUMI,240645,True,13873
WSC2026,41,Health and Social Care,VN,Vietnam,16,,689.0,,,THI NHU Y NGUYEN,243080,True,13874
WSC2026,41,Health and Social Care,DE,Germany,17,,676.0,,,ISABELL ALINA KISCHKA,244465,True,13875
WSC2026,41,Health and Social Care,ZA,South Africa,18,,672.0,,,MECAYLA JOHNSON,241538,True,13876
WSC2026,41,Health and Social Care,ES,Spain,19,,669.0,,,AMIRA ACHOR HARIKA,243267,True,13877
WSC2026,41,Health and Social Care,TH,Thailand,2,Silver,742.0,True,,CHAYANIT SEESAWATPEN,242570,True,13860
WSC2026,41,Health and Social Care,NO,Norway,3,Bronze,734.0,True,,HENRIK SOLBERG BØLGENHAUGEN,224172,True,13861
WSC2026,41,Health and Social Care,AE,United Arab Emirates,4,Medal for Excellence,726.0,,,JENAN ALMURSHIDI,243988,True,13862
WSC2026,41,Health and Social Care,BR,Brazil,4,Medal for Excellence,726.0,,,CASSIA ELOÁ MARTINS DE OLIVEIRA,239743,True,13863
WSC2026,41,Health and Social Care,SG,Singapore,6,Medal for Excellence,724.0,,,YAN TONG MABEL TAN,237672,True,13864
WSC2026,41,Health and Social Care,IN,India,7,Medal for Excellence,720.0,,,VISHNUPRIYA SUNIL,244778,True,13865
WSC2026,41,Health and Social Care,AU,Australia,8,Medal for Excellence,707.0,,,JOHN RAY,244024,True,13866
WSC2026,41,Health and Social Care,CH,Switzerland,9,Medal for Excellence,706.0,,,LISA MAIBACH,227950,True,13867
WSC2026,42,Dental Prosthetics,CN,China,1,Gold,740.0,,,XIATING GUO,245439,True,13878
WSC2026,42,Dental Prosthetics,IN,India,2,Silver,701.0,,,MOHAMMED SALAM,244793,True,13879
WSC2026,42,Dental Prosthetics,KR,Korea,3,,699.0,,,JUNKYU LEE,239776,True,13880
WSC2026,42,Dental Prosthetics,BR,Brazil,4,,636.0,,,RAFAEL ALVES SCOTTI,240187,True,13881
WSC2026,43,Retail Sales,FI,Finland,1,Gold,747.0,True,,NEEA KERTTULA,218739,True,13882
WSC2026,43,Retail Sales,IN,India,2,Silver,720.0,,,SANIYA JOSHI,244864,True,13883
WSC2026,43,Retail Sales,MO,"Macao, China",3,Bronze,703.0,,,CLOE CARVALHO HOO,243830,True,13884
WSC2026,43,Retail Sales,AT,Austria,4,Medal for Excellence,700.0,,,ANNA TRITSCHER,240167,True,13885
WSC2026,43,Retail Sales,IE,Ireland,5,,687.0,,,LEON DOODY,243334,True,13886
WSC2026,43,Retail Sales,CN,China,6,,653.0,,,LIFU CHEN,245441,True,13887
WSC2026,43,Retail Sales,BR,Brazil,7,,635.0,,,GABRIEL MOREIRA DA SILVA,240713,True,13888
WSC2026,44,Visual Merchandising,MO,"Macao, China",1,Gold,732.0,True,,WENG KEI WONG,243839,True,13889
WSC2026,44,Visual Merchandising,SE,Sweden,10,,681.0,,,EVELINA ISAKSSON,240309,True,13898
WSC2026,44,Visual Merchandising,KZ,Kazakhstan,11,,680.0,,,DILNAZ SHAVDUN,242069,True,13899
WSC2026,44,Visual Merchandising,ES,Spain,12,,609.0,,,NEREA TÁRRAGA CALERO,243268,True,13900
WSC2026,44,Visual Merchandising,SG,Singapore,2,Silver,729.0,,,SHERYL SHI QI ONG,237681,True,13890
WSC2026,44,Visual Merchandising,CN,China,3,Bronze,722.0,,,CHUYIN LI,245442,True,13891
WSC2026,44,Visual Merchandising,TW,Chinese Taipei,3,Bronze,722.0,,,YU-HSUEH CHUANG,241264,True,13892
WSC2026,44,Visual Merchandising,HK,"Hong Kong, China",5,Medal for Excellence,721.0,,,HIU YAU WONG,241661,True,13893
WSC2026,44,Visual Merchandising,JP,Japan,6,Medal for Excellence,704.0,,,KOTONE GOTO,240646,True,13894
WSC2026,44,Visual Merchandising,IN,India,7,,696.0,,,ANUJA AJAY VARE,244786,True,13895
WSC2026,44,Visual Merchandising,KR,Korea,8,,687.0,,,SEOYEONG CHA,239267,True,13896
WSC2026,44,Visual Merchandising,BR,Brazil,9,,682.0,,,RYANA PACHECO,242083,True,13897
WSC2026,45,Digital Interactive Media Design,CN,China,1,Gold,739.0,,,KAIWEN LIU,245443,True,13901
WSC2026,45,Digital Interactive Media Design,IN,India,2,Silver,720.0,,,KOVID AJAY GANGRADE,244860,True,13902
WSC2026,45,Digital Interactive Media Design,RO,Romania,3,Bronze,707.0,True,,BOGDAN NIMERENCO,243795,True,13903
WSC2026,45,Digital Interactive Media Design,BR,Brazil,4,Medal for Excellence,700.0,,,ERAN MARTÍNEZ RAMOS,239744,True,13904
WSC2026,45,Digital Interactive Media Design,KZ,Kazakhstan,5,,699.0,True,,KAMILA ALIYEVA,242656,True,13905
WSC2026,45,Digital Interactive Media Design,ET,Ethiopia,6,,673.0,True,,ROBEL LEGESSE MEKICHA,240971,True,13907
WSC2026,45,Digital Interactive Media Design,ZM,Zambia,6,,673.0,,,MATHEWS CHEUPE,244275,True,13906
WSC2026,46,Concrete Construction Work,DE,Germany,1,Gold,726.0,,,TIM ARNOLD; JAKOB DISTLER,242372; 242373,True,13908
WSC2026,46,Concrete Construction Work,CN,China,2,Silver,724.0,,,WANGZE YAO; JUNHAO ZHANG,245460; 245506,True,13909
WSC2026,46,Concrete Construction Work,AT,Austria,3,Bronze,720.0,,,JULIAN GINTNER; MICHAEL POMASSL,240140; 240141,True,13910
WSC2026,46,Concrete Construction Work,HK,"Hong Kong, China",4,Medal for Excellence,713.0,,,TO KONG HUANG; TSZ HO WAN,241662; 241663,True,13911
WSC2026,46,Concrete Construction Work,DK,Denmark,5,Medal for Excellence,700.0,,,TUE NIKOLAI BUHL LARSEN; SILAS SKOVGAARD NØRR,221583; 223102,True,13912
WSC2026,46,Concrete Construction Work,FR,France,6,,698.0,True,,VALENTIN ETCHEVERRY; MATHÉO GRAFF,240264; 240265,True,13913
WSC2026,46,Concrete Construction Work,BR,Brazil,7,,680.0,,,GEOVANNY GABRILE QUIRINO DAS NEVES; PAULO EDUARDO NASCIMENTO DE JESUS,226638; 226639,True,13914
WSC2026,46,Concrete Construction Work,JP,Japan,8,,679.0,,,YUUKI ISHIDA; RYUKI IIDA,240647; 240648,True,13915
WSC2026,46,Concrete Construction Work,IN,India,9,,678.0,,,NAVADEEP ROMALA; RUDRA PRATAP,244892; 244950,True,13916
WSC2026,47,Bakery,CN,China,1,Gold,765.0,,,JINCHEN HOU,245445,True,13917
WSC2026,47,Bakery,FR,France,10,Medal for Excellence,707.0,,,ANTOINE NIVAULT,240266,True,13926
WSC2026,47,Bakery,CH,Switzerland,11,Medal for Excellence,706.0,,,GWENDA BÖSCH,228641,True,13927
WSC2026,47,Bakery,PH,Philippines,12,,694.0,,,BEA HERMOSORA,225541,True,13928
WSC2026,47,Bakery,AT,Austria,13,,687.0,,,JENNIFER LUEGER,240138,True,13929
WSC2026,47,Bakery,HU,Hungary,14,,686.0,,,MÁTYÁS TÖRGYEKES,241480,True,13930
WSC2026,47,Bakery,ES,Spain,15,,682.0,,,ÈRIK ORTEGA SISÓ,243269,True,13932
WSC2026,47,Bakery,KZ,Kazakhstan,15,,682.0,,,LYAZZAT ASLANKYZY,228116,True,13931
WSC2026,47,Bakery,BR,Brazil,17,,681.0,,,RAIANE VITORIA SUITH ALVES,222669,True,13933
WSC2026,47,Bakery,HK,"Hong Kong, China",18,,679.0,,,HOI YI WONG,241664,True,13934
WSC2026,47,Bakery,DE,Germany,19,,667.0,,,TOBIAS KARL MIKLOS,243235,True,13935
WSC2026,47,Bakery,IN,India,2,Silver,740.0,True,,SMRITI NAMBIAR,244748,True,13918
WSC2026,47,Bakery,PL,Poland,20,,651.0,,,PATRYK PODSIADŁO,241573,True,13936
WSC2026,47,Bakery,ZA,South Africa,21,,644.0,,,NIKITA FOURIE,241539,True,13937
WSC2026,47,Bakery,MX,Mexico,22,,642.0,,,FERNANDO ROJAS GÓMEZ,241737,True,13938
WSC2026,47,Bakery,TW,Chinese Taipei,3,Bronze,736.0,,,YU-XIAN LIN,241265,True,13919
WSC2026,47,Bakery,JP,Japan,4,Medal for Excellence,735.0,,,RIKA NAKATA,240649,True,13920
WSC2026,47,Bakery,MY,Malaysia,5,Medal for Excellence,730.0,,,HERMAN WONG XIU HONG,225718,True,13922
WSC2026,47,Bakery,NL,Netherlands,5,Medal for Excellence,730.0,,,WOUTER KAMPHORST,224445,True,13921
WSC2026,47,Bakery,AU,Australia,7,Medal for Excellence,716.0,,,CONNOR BEISLER,244025,True,13923
WSC2026,47,Bakery,KR,Korea,8,Medal for Excellence,710.0,,,JIHYUN SHIN,239775,True,13924
WSC2026,47,Bakery,MO,"Macao, China",9,Medal for Excellence,708.0,,,CHI IENG CHOI,243828,True,13925
WSC2026,48,Industry 4.0,CH,Switzerland,1,Gold,747.0,True,,IAN HOFER; CYRILL KOLLER,227332; 227333,True,13939
WSC2026,48,Industry 4.0,BE,Belgium,10,,694.0,,,STEFAN POPA; FABIAN HENRY,239274; 239275,True,13948
WSC2026,48,Industry 4.0,JP,Japan,11,,693.0,,,ITO KAZUMA; ISAO MITSUYAMA,240650; 240651,True,13949
WSC2026,48,Industry 4.0,ID,Indonesia,12,,686.0,,,BERKAH LANGIT RAMADHAN; RIJALUL ZACKY,226147; 226148,True,13950
WSC2026,48,Industry 4.0,AT,Austria,13,,678.0,,,RAPHAEL BEUTEL; OLIVER PAPE,221130; 240146,True,13951
WSC2026,48,Industry 4.0,HU,Hungary,14,,671.0,,,MARCELL HORVÁTH; MILÁN HORVÁTH,241481; 243871,True,13952
WSC2026,48,Industry 4.0,PL,Poland,15,,658.0,,,MAKSYMILIAN GRABOWY; JAKUB KAWALEC,241574; 241575,True,13953
WSC2026,48,Industry 4.0,AU,Australia,16,,631.0,,,FELIX MCPHAIL; MARTIN CRUZ,244026; 244027,True,13954
WSC2026,48,Industry 4.0,CN,China,2,Silver,742.0,,,ZHUO'ANG ZHANG; ZHONGMING ZHU,245448; 245534,True,13940
WSC2026,48,Industry 4.0,BR,Brazil,3,Bronze,740.0,,,GUSTAVO VITOR PEREIRA DE SOUSA; JOÃO VICTOR CALIARO,200258; 199535,True,13941
WSC2026,48,Industry 4.0,TW,Chinese Taipei,4,Medal for Excellence,737.0,,,TING-CHIA CHANG; SHENG-YUNG CHIN,241266; 241267,True,13942
WSC2026,48,Industry 4.0,IN,India,5,Medal for Excellence,719.0,,,SUHAN MASCARENHAS; MALLINATH MALLINATH,244788; 244795,True,13943
WSC2026,48,Industry 4.0,DK,Denmark,6,Medal for Excellence,715.0,,,MALTHE NAUNDRUP NIELSEN; ANDREAS SKELDAL WINTHER,223181; 223180,True,13944
WSC2026,48,Industry 4.0,UK,United Kingdom,7,Medal for Excellence,706.0,,,PATRICK SHEERIN; CAOLAN MCCARTAN,224336; 224337,True,13945
WSC2026,48,Industry 4.0,TH,Thailand,8,Medal for Excellence,705.0,,,KANATHIP KORNSUNTIA; SIRAPHOP KRAIKHUM,225417; 225418,True,13946
WSC2026,48,Industry 4.0,DE,Germany,9,,695.0,,,NICO SÜER; ARE SCHULENBURG,243236; 243237,True,13947
WSC2026,49,Heavy Vehicle Technology,CH,Switzerland,1,Gold,745.0,,,SANDRO AMRHEIN,225972,True,13955
WSC2026,49,Heavy Vehicle Technology,CA,Canada,10,,699.0,,,LUKE EMENY,227495,True,13964
WSC2026,49,Heavy Vehicle Technology,IN,India,11,,691.0,,,ROHIT THANGAM,244779,True,13965
WSC2026,49,Heavy Vehicle Technology,VN,Vietnam,12,,686.0,,,XUAN KHANH NGUYEN,243092,True,13966
WSC2026,49,Heavy Vehicle Technology,US,United States of America,13,,685.0,,,BENJAMIN STRUPP,239748,True,13967
WSC2026,49,Heavy Vehicle Technology,BR,Brazil,14,,667.0,,,DIOGO MATHIAS,223114,True,13968
WSC2026,49,Heavy Vehicle Technology,ES,Spain,15,,659.0,,,MANUEL PRADA PALMEIRO,243270,True,13969
WSC2026,49,Heavy Vehicle Technology,PL,Poland,16,,656.0,,,DAWID MANUSZAK,241590,True,13970
WSC2026,49,Heavy Vehicle Technology,MA,Morocco,17,,646.0,,,AYOUB AIT TALEB AHMAD,246640,True,13971
WSC2026,49,Heavy Vehicle Technology,ID,Indonesia,18,,643.0,,,TEGAR EKA FITRIANTO,241938,True,13972
WSC2026,49,Heavy Vehicle Technology,CN,China,2,Silver,742.0,,,LE ZHOU,245533,True,13956
WSC2026,49,Heavy Vehicle Technology,AU,Australia,3,Bronze,733.0,,,LACHLAN WRIGHT,244028,True,13957
WSC2026,49,Heavy Vehicle Technology,SE,Sweden,4,Medal for Excellence,722.0,,,NILS HOLM,221711,True,13958
WSC2026,49,Heavy Vehicle Technology,KR,Korea,5,Medal for Excellence,719.0,,,JANGWON SEO,190708,True,13959
WSC2026,49,Heavy Vehicle Technology,DK,Denmark,6,Medal for Excellence,717.0,,,NIKOLAJ NYMARK PEDERSEN,242817,True,13960
WSC2026,49,Heavy Vehicle Technology,FR,France,7,Medal for Excellence,716.0,,,ARTHUR BAUDRY,240267,True,13961
WSC2026,49,Heavy Vehicle Technology,NL,Netherlands,8,Medal for Excellence,707.0,,,AMBER VAN GOSLIGA,243126,True,13962
WSC2026,49,Heavy Vehicle Technology,AT,Austria,9,Medal for Excellence,701.0,,,BERNHARD MOSER,240158,True,13963
WSC2026,50,3D Digital Game Art,CN,China,1,Gold,765.0,,,QIXUAN TANG,245449,True,13973
WSC2026,50,3D Digital Game Art,CA,Canada,10,,693.0,,,BROOKE HEAMAN,227758,True,13982
WSC2026,50,3D Digital Game Art,ID,Indonesia,11,,690.0,,,KANYA ANGGREK GUNAWAN,242431,True,13983
WSC2026,50,3D Digital Game Art,HK,"Hong Kong, China",12,,680.0,,,YEUNG YEUNG GUO,241665,True,13984
WSC2026,50,3D Digital Game Art,IN,India,12,,680.0,,,HARSH RAMESH PAWAR,244746,True,13985
WSC2026,50,3D Digital Game Art,TH,Thailand,14,,677.0,,,AEKKAPHOP SITHON,225426,True,13986
WSC2026,50,3D Digital Game Art,HR,Croatia,15,,666.0,,,JANA PAHEL,239781,True,13987
WSC2026,50,3D Digital Game Art,JP,Japan,16,,651.0,,,ERIKA YAMAMOTO,240652,True,13988
WSC2026,50,3D Digital Game Art,ES,Spain,17,,648.0,,,NOEL CONTRERAS PLAZA,243271,True,13989
WSC2026,50,3D Digital Game Art,AU,Australia,2,Silver,740.0,True,,LACHLAN BASC,244029,True,13974
WSC2026,50,3D Digital Game Art,SG,Singapore,3,Bronze,734.0,,,NUR INSYIRAH HANNA BINTE NOR AZHAR,225643,True,13975
WSC2026,50,3D Digital Game Art,BR,Brazil,4,Medal for Excellence,723.0,,,GIOVANNA CANDIDO DA SILVA,186427,True,13976
WSC2026,50,3D Digital Game Art,UK,United Kingdom,5,Medal for Excellence,719.0,,,LOGAN COOK,243485,True,13977
WSC2026,50,3D Digital Game Art,MY,Malaysia,6,Medal for Excellence,716.0,,,LAM KAR CHUN,225713,True,13979
WSC2026,50,3D Digital Game Art,TW,Chinese Taipei,6,Medal for Excellence,716.0,,,YI-XUAN CHEN,241268,True,13978
WSC2026,50,3D Digital Game Art,KR,Korea,8,Medal for Excellence,706.0,,,MINJUNG KIM,237031,True,13980
WSC2026,50,3D Digital Game Art,FI,Finland,9,Medal for Excellence,700.0,,,ANNA KUIVALA,236139,True,13981
WSC2026,51,Logistics and Freight Forwarding,CN,China,1,Gold,793.0,,,XU ZHANG,245450,True,13990
WSC2026,51,Logistics and Freight Forwarding,IN,India,2,Silver,706.0,,,MEHRUNISSA BEGUM,239222,True,13991
WSC2026,51,Logistics and Freight Forwarding,SG,Singapore,2,Silver,706.0,,,NORWIN ZHONG HAN GOH,237680,True,13992
WSC2026,51,Logistics and Freight Forwarding,IE,Ireland,4,,694.0,,,ORLAITH MCGEOUGH,243335,True,13993
WSC2026,51,Logistics and Freight Forwarding,AT,Austria,5,,666.0,,,PAUL ZADRAVEC,240173,True,13994
WSC2026,51,Logistics and Freight Forwarding,BR,Brazil,6,,541.0,,,MARIA EDUARDA ALVES LOURENÇO,222680,True,13995
WSC2026,52,Chemical Laboratory Technology,UK,United Kingdom,1,Gold,741.0,,,RUTH DOUGLAS,243507,True,13996
WSC2026,52,Chemical Laboratory Technology,ZA,South Africa,10,,654.0,,,SIPHELELE DLAMINI,241540,True,14005
WSC2026,52,Chemical Laboratory Technology,SG,Singapore,2,Silver,726.0,,,SUM YONG YUKI LEE,237673,True,13997
WSC2026,52,Chemical Laboratory Technology,AT,Austria,3,Bronze,717.0,,,RENÉ BITSCHNAU,240142,True,13998
WSC2026,52,Chemical Laboratory Technology,CN,China,4,Medal for Excellence,716.0,,,NINGNING LYU,245656,True,13999
WSC2026,52,Chemical Laboratory Technology,IN,India,5,Medal for Excellence,701.0,,,SAMPADA DESAI,244884,True,14000
WSC2026,52,Chemical Laboratory Technology,JP,Japan,6,,699.0,,,HAYATA YOSHIDA,240653,True,14001
WSC2026,52,Chemical Laboratory Technology,BR,Brazil,7,,689.0,,,JOÃO VIEIRA,221825,True,14002
WSC2026,52,Chemical Laboratory Technology,FI,Finland,8,,676.0,,,ALEKSI MATTILA,236140,True,14003
WSC2026,52,Chemical Laboratory Technology,MN,Mongolia,9,,667.0,,,SARUULTUGULDUR ERDENEBAYAR,241961,True,14004
WSC2026,53,Cloud Computing,CN,China,1,Gold,754.0,,,ZHIWEI YIN,245451,True,14006
WSC2026,53,Cloud Computing,BR,Brazil,11,,693.0,,,GABRIEL HENRIQUE GOBATO DE OLIVEIRA,221727,True,14016
WSC2026,53,Cloud Computing,IE,Ireland,12,,692.0,,,RUÁN MURGATROYD,243337,True,14017
WSC2026,53,Cloud Computing,CA,Canada,13,,690.0,,,LOGAN BOWERS,227481,True,14018
WSC2026,53,Cloud Computing,ES,Spain,14,,680.0,,,MARIO GÓMEZ CAÑADAS,243272,True,14019
WSC2026,53,Cloud Computing,AU,Australia,15,,664.0,,,ETHAN ILOTT,244030,True,14020
WSC2026,53,Cloud Computing,SA,Saudi Arabia,16,,651.0,,,MOHAMMAD NEDHAL AL HUBAIL,244409,True,14021
WSC2026,53,Cloud Computing,KR,Korea,2,Silver,737.0,,,MINHYEOK PARK,222073,True,14007
WSC2026,53,Cloud Computing,SG,Singapore,3,Bronze,725.0,,,HAYDEN ZONG HAN HOW,237674,True,14008
WSC2026,53,Cloud Computing,JP,Japan,4,Medal for Excellence,722.0,,,OSUKE OYAIZU,240654,True,14009
WSC2026,53,Cloud Computing,HU,Hungary,5,Medal for Excellence,721.0,,,JANOS HIDVEGI,186138,True,14010
WSC2026,53,Cloud Computing,TW,Chinese Taipei,6,Medal for Excellence,720.0,,,CHEN-YI LIN,241269,True,14011
WSC2026,53,Cloud Computing,CH,Switzerland,7,Medal for Excellence,709.0,,,LINUS MOSER,225493,True,14012
WSC2026,53,Cloud Computing,IR,Iran,8,Medal for Excellence,701.0,,,MOHAMMAD SALEH BORHANI GILVAEI,188976,True,14013
WSC2026,53,Cloud Computing,HK,"Hong Kong, China",9,,699.0,,,KELVIN YIU,241666,True,14015
WSC2026,53,Cloud Computing,IN,India,9,,699.0,,,MAUSAM KUMAR GIRI,244752,True,14014
WSC2026,54,Cyber Security,TW,Chinese Taipei,1,Gold,777.0,,,YU HSIANG CHIU; YONG-XU YANG,241270; 235067,True,14022
WSC2026,54,Cyber Security,AZ,Azerbaijan,10,Medal for Excellence,702.0,,,MAHARRAMLI ALİ; KAZIMLI YUSİF,247828; 247829,True,14031
WSC2026,54,Cyber Security,AU,Australia,11,,698.0,,,DANIEL PETO; DYLAN WONDAL,244031; 244032,True,14032
WSC2026,54,Cyber Security,KR,Korea,12,,696.0,,,HEESUNG MOON; GEONMO RYU,186385; 225705,True,14033
WSC2026,54,Cyber Security,BR,Brazil,13,,684.0,,,ARTHUR ABREU; JOÃO CARLOS FARIAS,203338; 224034,True,14034
WSC2026,54,Cyber Security,TH,Thailand,14,,682.0,,,KORAWICH NAIKRATHOK; NUNTHORN JOMSILP,225409; 225410,True,14035
WSC2026,54,Cyber Security,IN,India,15,,681.0,,,SAITEJA GODAVARTHI; HARI SANKAR RAJESH KUMAR SINDHU,243966; 244621,True,14036
WSC2026,54,Cyber Security,MY,Malaysia,16,,680.0,,,MOHAMMAD EZALY IMAN BIN RAMLI; WANG TENG ZHENG,225728; 225727,True,14037
WSC2026,54,Cyber Security,JP,Japan,17,,673.0,,,YUKI SATO; MASAZUMI AZUMA,240655; 240656,True,14038
WSC2026,54,Cyber Security,MO,"Macao, China",18,,665.0,,,SON HON; CHAK IN TANG,243842; 243844,True,14039
WSC2026,54,Cyber Security,MA,Morocco,19,,661.0,,,OTHMANE EL AMINI; TAHA LACHKHAM,246604; 246605,True,14040
WSC2026,54,Cyber Security,CN,China,2,Silver,765.0,,,PENG CHEN; LIANGRUI YIN,245453; 245455,True,14023
WSC2026,54,Cyber Security,SA,Saudi Arabia,20,,652.0,,,ABDULLAH MUTAB ALOTAIBI; ABDULRAHMAN A ALHARKAN,239161; 254824,True,14041
WSC2026,54,Cyber Security,DE,Germany,3,Bronze,739.0,True,,LUKE FINN ZAMPONI; LUCAS ROTHER,243747; 224848,True,14024
WSC2026,54,Cyber Security,IR,Iran,4,Medal for Excellence,735.0,True,,HASAN SAFARI; AMIRHOSSEIN ZIBAEI,246017; 246016,True,14025
WSC2026,54,Cyber Security,CH,Switzerland,5,Medal for Excellence,729.0,,,GIAN KLUG; LUC FISCH,240038; 240039,True,14026
WSC2026,54,Cyber Security,FR,France,6,Medal for Excellence,721.0,,,RAYAN BOUYAICHE; MAHEL BROSSIER,240268; 240269,True,14027
WSC2026,54,Cyber Security,SG,Singapore,7,Medal for Excellence,713.0,,,YONGJUN EUGENE YANG; HOE YEONG SHUM,225649; 225650,True,14028
WSC2026,54,Cyber Security,IE,Ireland,8,Medal for Excellence,711.0,,,ALISON ADRIAANSEN; ALEX RINGHOFFER,243338; 243339,True,14029
WSC2026,54,Cyber Security,HK,"Hong Kong, China",9,Medal for Excellence,706.0,,,KA NOK CHENG; CHEUK HEI TANG,241667; 241668,True,14030
WSC2026,55,Water Technology,CN,China,1,Gold,734.0,,,YI LU,245508,True,14042
WSC2026,55,Water Technology,ZA,South Africa,10,,670.0,,,EDWARD RAMEETSE,241541,True,14051
WSC2026,55,Water Technology,NA,Namibia,11,,664.0,,,WILKKA STEFANUS,229657,True,14052
WSC2026,55,Water Technology,ZM,Zambia,12,,653.0,,,SHEREEN ANAYAWA MAYAMBA,244277,True,14053
WSC2026,55,Water Technology,AT,Austria,2,Silver,721.0,,,VINCENT TRACK,240175,True,14043
WSC2026,55,Water Technology,DE,Germany,3,Bronze,720.0,,,ELIAS SICHLER,243492,True,14044
WSC2026,55,Water Technology,KR,Korea,3,Bronze,720.0,,,SUHO CHOI,240109,True,14045
WSC2026,55,Water Technology,BR,Brazil,5,Medal for Excellence,705.0,,,LEONARDO SANTOS BERTHO,223929,True,14046
WSC2026,55,Water Technology,SG,Singapore,6,Medal for Excellence,701.0,,,KIAN MING CHOY,237675,True,14047
WSC2026,55,Water Technology,IN,India,7,,699.0,,,PITHAMBARAM RUSHIKESH,241900,True,14048
WSC2026,55,Water Technology,HU,Hungary,8,,698.0,,,KRISTÓF KURDI,241483,True,14050
WSC2026,55,Water Technology,JP,Japan,8,,698.0,,,KIMIYA MISAWA,239025,True,14049
WSC2026,56,Hotel Reception,CH,Switzerland,1,Gold,729.0,,,FINA NIEBERGALL,227331,True,14054
WSC2026,56,Hotel Reception,MO,"Macao, China",10,Medal for Excellence,704.0,,,HIO IAO CHAN,243829,True,14063
WSC2026,56,Hotel Reception,RO,Romania,11,Medal for Excellence,700.0,,,DAVID-GEORGE MUHULEȚ,243647,True,14064
WSC2026,56,Hotel Reception,HK,"Hong Kong, China",12,,694.0,,,LANY ANN DUPAYA,241669,True,14065
WSC2026,56,Hotel Reception,ES,Spain,13,,688.0,,,JOSÉ LUIS MARÍ AYLLÓN,243273,True,14066
WSC2026,56,Hotel Reception,FI,Finland,14,,687.0,,,ERIKA TAAVITSAINEN,192383,True,14067
WSC2026,56,Hotel Reception,SE,Sweden,15,,681.0,,,HANNA ROSÉN,240310,True,14068
WSC2026,56,Hotel Reception,IN,India,16,,673.0,,,RASHMEET KAUR HANSPAL,244780,True,14069
WSC2026,56,Hotel Reception,JP,Japan,17,,670.0,,,HANA HIROSE,240657,True,14070
WSC2026,56,Hotel Reception,HR,Croatia,18,,665.0,,,PETRA MARKOVIĆ,239782,True,14071
WSC2026,56,Hotel Reception,KZ,Kazakhstan,18,,665.0,,,DILNAZ KURALOVA,241876,True,14072
WSC2026,56,Hotel Reception,CN,China,2,Silver,727.0,,,JIAYI WANG,245456,True,14055
WSC2026,56,Hotel Reception,PL,Poland,20,,662.0,,,ALEKSANDRA CHOJNACKA,241925,True,14073
WSC2026,56,Hotel Reception,SA,Saudi Arabia,21,,619.0,,,AESHAH IBRAHIM HATTANI,244404,True,14074
WSC2026,56,Hotel Reception,PH,Philippines,3,Bronze,723.0,True,,CARLOS ANTONIO DELOS REYES,224503,True,14056
WSC2026,56,Hotel Reception,IT,"South Tyrol, Italy",4,Medal for Excellence,721.0,,,FELIX LARCHER,239901,True,14057
WSC2026,56,Hotel Reception,BR,Brazil,5,Medal for Excellence,720.0,,,NATÁLIA DA ROSA CORSO,240412,True,14058
WSC2026,56,Hotel Reception,TW,Chinese Taipei,5,Medal for Excellence,720.0,,,HENG YU LIN,241271,True,14059
WSC2026,56,Hotel Reception,AT,Austria,7,Medal for Excellence,716.0,,,ELENA MATHIS,221137,True,14060
WSC2026,56,Hotel Reception,SG,Singapore,8,Medal for Excellence,713.0,,,NUR FATIMAH BINTE KHUR SHEED AHMAD SHAH,225658,True,14061
WSC2026,56,Hotel Reception,DK,Denmark,9,Medal for Excellence,708.0,,,JOHANNE MARIE LINDHARD PEDERSEN,240788,True,14062
WSC2026,57,Additive Manufacturing,FR,France,1,Gold,740.0,,,ALEXIS AUBERT,240270,True,14075
WSC2026,57,Additive Manufacturing,IE,Ireland,10,,670.0,,,HARRY GREEN,243340,True,14084
WSC2026,57,Additive Manufacturing,MY,Malaysia,11,,602.0,,,MOHAMAD SHAAKIR,230776,True,14085
WSC2026,57,Additive Manufacturing,JP,Japan,2,Silver,723.0,,,NOBUTADA MIYADO,240658,True,14076
WSC2026,57,Additive Manufacturing,UK,United Kingdom,3,Bronze,720.0,,,OLIVER COOMBS,243486,True,14077
WSC2026,57,Additive Manufacturing,AU,Australia,4,Medal for Excellence,714.0,,,AKSEL VAN GASTEL-PECK,244033,True,14078
WSC2026,57,Additive Manufacturing,IN,India,5,Medal for Excellence,703.0,,,PAVAN BHADRAVATI SURESHA,244744,True,14079
WSC2026,57,Additive Manufacturing,CN,China,6,Medal for Excellence,700.0,,,XIANG CHENG,245457,True,14080
WSC2026,57,Additive Manufacturing,KR,Korea,7,,698.0,,,DOHUI LEE,230542,True,14081
WSC2026,57,Additive Manufacturing,BR,Brazil,8,,694.0,,,MARCUS VINICIUS SANTOS,200768,True,14082
WSC2026,57,Additive Manufacturing,SG,Singapore,9,,680.0,,,ALYSA RONG XIN YEO,237676,True,14083
WSC2026,58,Digital Construction,CN,China,1,Gold,746.0,,,YU LUO,245544,True,14086
WSC2026,58,Digital Construction,BR,Brazil,10,,693.0,,,CATARINA MATOS SANTOS FONSECA,224036,True,14095
WSC2026,58,Digital Construction,IE,Ireland,11,,686.0,,,ADAM LONG,185917,True,14096
WSC2026,58,Digital Construction,IT,"South Tyrol, Italy",12,,685.0,,,VERA UNTERFRAUNER,240208,True,14097
WSC2026,58,Digital Construction,IN,India,13,,680.0,,,SURESH KUMAR G M,243030,True,14098
WSC2026,58,Digital Construction,HK,"Hong Kong, China",14,,676.0,,,SZE HIN NG,241670,True,14099
WSC2026,58,Digital Construction,MA,Morocco,15,,668.0,,,YOUSSEF RHANNAM,236668,True,14100
WSC2026,58,Digital Construction,LU,Luxembourg,16,,662.0,,,WILLIAM CAO,238849,True,14101
WSC2026,58,Digital Construction,SA,Saudi Arabia,17,,657.0,,,MAQSOUD  JAHED TARIM,239158,True,14102
WSC2026,58,Digital Construction,KR,Korea,2,Silver,724.0,,,BAEK SEUNGBHIN,239226,True,14087
WSC2026,58,Digital Construction,SG,Singapore,3,Bronze,722.0,,,SAMUEL ZHI KAI TAN,237677,True,14088
WSC2026,58,Digital Construction,PL,Poland,4,Medal for Excellence,720.0,True,,KYRYLO ASTASHYN,241580,True,14089
WSC2026,58,Digital Construction,TW,Chinese Taipei,5,Medal for Excellence,719.0,,,TSENG PENG LIU,241272,True,14090
WSC2026,58,Digital Construction,MY,Malaysia,6,Medal for Excellence,718.0,,,MUHAMAD NASHRUL BIN ZULKIFLI,234774,True,14091
WSC2026,58,Digital Construction,DE,Germany,7,Medal for Excellence,709.0,,,CHIARA LAMMENETT,244645,True,14092
WSC2026,58,Digital Construction,AT,Austria,8,Medal for Excellence,703.0,,,ABDULKADIR ÖZEN,240145,True,14093
WSC2026,58,Digital Construction,FR,France,9,Medal for Excellence,700.0,,,AUDE CASTANHEIRA,240271,True,14094
WSC2026,59,Industrial Design Technology,CN,China,1,Gold,722.0,,,XIUTAO QIN,245461,True,14103
WSC2026,59,Industrial Design Technology,JP,Japan,10,,671.0,,,GAKU IZUMI,240462,True,14112
WSC2026,59,Industrial Design Technology,UZ,Uzbekistan,11,,651.0,,,SULAYMON KHUSHMURODOV,228040,True,14113
WSC2026,59,Industrial Design Technology,KG,Kyrgyzstan,12,,650.0,,,BINAZIR MAVLIANOVA,243953,True,14114
WSC2026,59,Industrial Design Technology,IN,India,2,Silver,721.0,,,PARTH VOHRA,241374,True,14104
WSC2026,59,Industrial Design Technology,BR,Brazil,3,Bronze,720.0,,,RAFAEL SEIKITI NISHIHARA CANDIDO,222679,True,14105
WSC2026,59,Industrial Design Technology,TW,Chinese Taipei,4,Medal for Excellence,718.0,,,TZU-YU WANG,241273,True,14106
WSC2026,59,Industrial Design Technology,AE,United Arab Emirates,5,Medal for Excellence,717.0,,,LEEN AJJA,243989,True,14107
WSC2026,59,Industrial Design Technology,KZ,Kazakhstan,6,Medal for Excellence,703.0,,,DARYA MELNIK,242361,True,14108
WSC2026,59,Industrial Design Technology,IR,Iran,7,,697.0,,,NEGAR EBRAHIMI FOROUSHANI,246018,True,14109
WSC2026,59,Industrial Design Technology,KR,Korea,8,,683.0,,,CHAEKYUNG KIM,239832,True,14110
WSC2026,59,Industrial Design Technology,SA,Saudi Arabia,9,,674.0,,,ABDULLAH H ALNASSER,239148,True,14111
WSC2026,60,Optoelectronic Technology,JM,Jamaica,1,Gold,726.0,,,BRANDON BROWN,240556,True,14116
WSC2026,60,Optoelectronic Technology,KR,Korea,1,Gold,726.0,,,YU YECHAN,222228,True,14115
WSC2026,60,Optoelectronic Technology,CN,China,3,Silver,709.0,,,WANLIN XIAO,245458,True,14117
WSC2026,60,Optoelectronic Technology,AT,Austria,4,Bronze,705.0,,,JONAS BALTUSKA,240165,True,14118
WSC2026,60,Optoelectronic Technology,BR,Brazil,5,Medal for Excellence,700.0,,,KAIQUE WILLIAM VENTURA CAMACHO,221802,True,14119
WSC2026,60,Optoelectronic Technology,IN,India,6,,685.0,,,DHANUSH MAHADEVAPPA,218353,True,14120
WSC2026,60,Optoelectronic Technology,JP,Japan,7,,680.0,,,HIROKI INOMATA,240660,True,14121
WSC2026,60,Optoelectronic Technology,BB,Barbados,8,,678.0,,,DEANDRE CARTER,244306,True,14122
WSC2026,60,Optoelectronic Technology,MX,Mexico,9,,675.0,,,MIGUEL GUADALUPE MEJÍA CHÁVEZ,244107,True,14123
WSC2026,61,Rail Vehicle Technology,CN,China,1,Gold,927.0,,True,XIAOMAN HE,245459,True,14124
WSC2026,61,Rail Vehicle Technology,HK,"Hong Kong, China",2,Silver,755.0,True,,KWONG TAI TANG,195539,True,14125
WSC2026,61,Rail Vehicle Technology,AT,Austria,3,Bronze,708.0,,,BENEDIKT PRITZ,241829,True,14126
WSC2026,61,Rail Vehicle Technology,MY,Malaysia,4,Medal for Excellence,705.0,,,WAN HAMIZ OZAI BIN WAN HAMIDZI,234782,True,14127
WSC2026,61,Rail Vehicle Technology,SG,Singapore,5,Medal for Excellence,700.0,,,ARFAN AMIRUN BIN ARFIEE,237678,True,14128
WSC2026,61,Rail Vehicle Technology,BR,Brazil,6,,693.0,,,JOÃO VITOR DA SILVA GOMES,226619,True,14129
WSC2026,61,Rail Vehicle Technology,ZM,Zambia,7,,680.0,,,SEAN BROWN,200255,True,14130
WSC2026,61,Rail Vehicle Technology,ID,Indonesia,8,,677.0,,,M. TURMUDI,241939,True,14131
WSC2026,61,Rail Vehicle Technology,AZ,Azerbaijan,9,,673.0,,,ELSEVAR YAGUBLU,234631,True,14132
WSC2026,62,Renewable Energy,JP,Japan,1,Gold,732.0,,,TOMOYA KAWAKAMI,240661,True,14133
WSC2026,62,Renewable Energy,EG,Egypt,10,,660.0,,,PHILIP YOUSSEF,239683,True,14142
WSC2026,62,Renewable Energy,CN,China,2,Silver,725.0,,,JINGCHUAN TANG,245521,True,14134
WSC2026,62,Renewable Energy,BR,Brazil,3,Bronze,718.0,,,KEVIN GABRIEL GONÇALVES SILVA,222675,True,14135
WSC2026,62,Renewable Energy,UK,United Kingdom,4,Medal for Excellence,717.0,,,MADELEINE WARBURTON,243439,True,14136
WSC2026,62,Renewable Energy,VN,Vietnam,5,Medal for Excellence,706.0,,,PHU QUY ONG,243163,True,14137
WSC2026,62,Renewable Energy,PL,Poland,6,,694.0,,,WOJCIECH KAPISZKA,241572,True,14138
WSC2026,62,Renewable Energy,KR,Korea,7,,680.0,,,JINSEO PARK,243781,True,14139
WSC2026,62,Renewable Energy,ZA,South Africa,7,,680.0,,,SIMISO BIYELA,241542,True,14140
WSC2026,62,Renewable Energy,IN,India,9,,675.0,,,VISHNU PRAJAPAT,244940,True,14141
WSC2026,63,Robot Systems Integration,CN,China,1,Gold,731.0,,,JIEWEI LUO; HAOYANG LI,245517; 245536,True,14143
WSC2026,63,Robot Systems Integration,IN,India,10,Medal for Excellence,701.0,,,ABHISHEK SOMANNA SHIGNALLI; VINAY MUTTAYYA HIREMATH,244738; 244739,True,14152
WSC2026,63,Robot Systems Integration,RO,Romania,11,,699.0,,,LARISA-GEORGIANA CHELARU; DANIEL STINERU,226906; 226907,True,14153
WSC2026,63,Robot Systems Integration,AT,Austria,12,,693.0,,,KRISTIJAN HRDZIC; GABRIEL ALDRIAN,240169; 240170,True,14154
WSC2026,63,Robot Systems Integration,UK,United Kingdom,13,,692.0,,,PETER JENKINS; PRATHAM LOHIA,243598; 243762,True,14155
WSC2026,63,Robot Systems Integration,PL,Poland,14,,690.0,,,WOJCIECH JANKOWSKI; MATEUSZ KUC,241586; 241587,True,14156
WSC2026,63,Robot Systems Integration,BE,Belgium,15,,680.0,,,CÉDRIC DEWOLF; SACHA VAN DER CUYLEN,239276; 239277,True,14157
WSC2026,63,Robot Systems Integration,IT,"South Tyrol, Italy",16,,668.0,,,MATTIAS CELANDRONI; MAXIMILIAN VON FERRARI,239394; 239395,True,14158
WSC2026,63,Robot Systems Integration,ES,Spain,17,,661.0,,,ÁLVARO MARTÍNEZ LÓPEZ; ADRIÀ HERNÁNDEZ FERRAGUD,243275; 243276,True,14159
WSC2026,63,Robot Systems Integration,ID,Indonesia,18,,660.0,,,MUHAMMAD HENRY AKMAL MUZAKKI; AYRTEEN SHEVA DIAGGI GAMLAMO,226126; 226124,True,14160
WSC2026,63,Robot Systems Integration,TH,Thailand,19,,649.0,,,PHAKHIN KLIANGMUEANG; THANAKIT SRIMAKUM,243954; 243955,True,14161
WSC2026,63,Robot Systems Integration,BR,Brazil,2,Silver,722.0,,,ALEXANDRE RODRIGUES; BRUNO GABRIEL OLIVEIRA,217418; 224040,True,14144
WSC2026,63,Robot Systems Integration,PT,Portugal,2,Silver,722.0,,,LORIS SGROJ; DIOGO PINTO,227387; 227386,True,14145
WSC2026,63,Robot Systems Integration,MX,Mexico,20,,641.0,,,MARIO MIGUEL DELGADILLO MERCADO; KEVIN ALFREDO GÓMEZ MARTÍNEZ,248224; 244106,True,14162
WSC2026,63,Robot Systems Integration,JP,Japan,4,Bronze,721.0,,,YUKIYA HIROTA; KAKERU FUKUSHIMA,240662; 240663,True,14146
WSC2026,63,Robot Systems Integration,TW,Chinese Taipei,5,Medal for Excellence,720.0,,,BAO XIAN XU; CHENG-HSIEN KUO,210782; 210783,True,14147
WSC2026,63,Robot Systems Integration,HU,Hungary,6,Medal for Excellence,717.0,,,KÁROLY ÁRPÁD KIS; DÁNIEL VÍGH,241484; 241485,True,14148
WSC2026,63,Robot Systems Integration,KR,Korea,7,Medal for Excellence,714.0,,,DONGHYEOK KIM; GYUBIN KIM,239824; 239826,True,14149
WSC2026,63,Robot Systems Integration,FR,France,8,Medal for Excellence,709.0,,,ALEXANDRE MORA; ANTONIN ESSEUL,240272; 237032,True,14150
WSC2026,63,Robot Systems Integration,NO,Norway,9,Medal for Excellence,706.0,,,PATRICK LEO JOHAN BROBAKKEN; LARS NICKLAS OLSEN,224291; 224290,True,14151
WSC2026,64,Unmanned Aerial Systems,CN,China,1,Gold,761.0,,,CHEN ZENG,245520,True,14163
WSC2026,64,Unmanned Aerial Systems,SA,Saudi Arabia,10,,659.0,,,MOHAMMED ALSALMAN,239188,True,14172
WSC2026,64,Unmanned Aerial Systems,BR,Brazil,11,,648.0,,,CAIO VINÍCIUS AZEVEDO,239235,True,14173
WSC2026,64,Unmanned Aerial Systems,MO,"Macao, China",2,Silver,740.0,,,CHI HOU CHAO,243857,True,14164
WSC2026,64,Unmanned Aerial Systems,KZ,Kazakhstan,3,Bronze,719.0,,,RUSLAN NESTERENKO,243910,True,14165
WSC2026,64,Unmanned Aerial Systems,JP,Japan,4,Medal for Excellence,715.0,,,RIKU NAGAO,240664,True,14166
WSC2026,64,Unmanned Aerial Systems,SG,Singapore,5,Medal for Excellence,707.0,,,SHAFRIEL NUR IMAN SHAMMUAIN,240509,True,14167
WSC2026,64,Unmanned Aerial Systems,AE,United Arab Emirates,6,Medal for Excellence,700.0,,,NORAH ALHAQAL,243990,True,14168
WSC2026,64,Unmanned Aerial Systems,IN,India,7,,689.0,,,NIKHILAN JAYAJOTHI MUTHUPANDI,244737,True,14169
WSC2026,64,Unmanned Aerial Systems,BB,Barbados,8,,680.0,,,SAMIYA ALLEN,244307,True,14170
WSC2026,64,Unmanned Aerial Systems,JM,Jamaica,9,,671.0,True,,OMAR COCKETT,242261,True,14171
