edition,edition_name,kind,skill,skill_name,stage,lang,filename,bytes,sha256,store_path,url,release,asset,state
WSC2024,WorldSkills Lyon 2024,DOC,xx,,,und,WSC2024_OR_Best_of_Nation_selections.pdf,192027,d541dcf195d5a4793a8610bd20e6f899c391f273b71b9333fe3978a1ea1d3ad2,WSC2024/DOC/xx/und/WSC2024_OR_Best_of_Nation_selections.pdf,https://api.worldskills.org/resources/download/23582/25616/26581?l=en,wsc-2024-lyon,wsc-2024-lyon-doc.zip,done
WSC2024,WorldSkills Lyon 2024,DOC,xx,,,und,WSC2024_OR_Member_Comparison_by_Average_Medal_Points.pdf,129631,80056a82e3256e20297e1241da19476778e970388c4c8524303827fc66b1a936,WSC2024/DOC/xx/und/WSC2024_OR_Member_Comparison_by_Average_Medal_Points.pdf,https://api.worldskills.org/resources/download/23577/26210/27260?l=en,wsc-2024-lyon,wsc-2024-lyon-doc.zip,done
WSC2024,WorldSkills Lyon 2024,DOC,xx,,,und,WSC2024_OR_Member_Comparison_by_Average_Point_Score.pdf,129799,31f8307f105cbce14ed583f8947743b9291f470d62f4faa92efd5a477230bc64,WSC2024/DOC/xx/und/WSC2024_OR_Member_Comparison_by_Average_Point_Score.pdf,https://api.worldskills.org/resources/download/23578/26211/27261?l=en,wsc-2024-lyon,wsc-2024-lyon-doc.zip,done
WSC2024,WorldSkills Lyon 2024,DOC,xx,,,und,WSC2024_OR_Member_Comparison_by_Member.pdf,129373,fdddee54f1479d3aa227ec9bef5ed56c4feaa1bd03ce78dc19abf30e62031c1a,WSC2024/DOC/xx/und/WSC2024_OR_Member_Comparison_by_Member.pdf,https://api.worldskills.org/resources/download/23579/26212/27262?l=en,wsc-2024-lyon,wsc-2024-lyon-doc.zip,done
WSC2024,WorldSkills Lyon 2024,DOC,xx,,,und,WSC2024_OR_Member_Comparison_by_Total_Medal_Points.pdf,129530,24a4d51b1aa2a90ac07280874214a470c277e87a62752413f14881d04ab17537,WSC2024/DOC/xx/und/WSC2024_OR_Member_Comparison_by_Total_Medal_Points.pdf,https://api.worldskills.org/resources/download/23580/25614/26579?l=en,wsc-2024-lyon,wsc-2024-lyon-doc.zip,done
WSC2024,WorldSkills Lyon 2024,DOC,xx,,,und,WSC2024_OR_Member_Comparison_by_Total_Point_Score.pdf,129760,c54fc3a0c12790a937fb17591319d053d914e729381217e00396f4617f058f57,WSC2024/DOC/xx/und/WSC2024_OR_Member_Comparison_by_Total_Point_Score.pdf,https://api.worldskills.org/resources/download/23581/26213/27263?l=en,wsc-2024-lyon,wsc-2024-lyon-doc.zip,done
WSC2024,WorldSkills Lyon 2024,DOC,xx,,,und,WSC2024_OR_all_skills.pdf,290769,d851de11710a04fe00ad274dd2a3d6ce87bb77ad36dda00c1ad36f3e27cefcfe,WSC2024/DOC/xx/und/WSC2024_OR_all_skills.pdf,https://api.worldskills.org/resources/download/23576/26214/27264?l=en,wsc-2024-lyon,wsc-2024-lyon-doc.zip,done
WSC2024,WorldSkills Lyon 2024,GEN,xx,,,und,Accreditation Terms and Conditions _ WorldSkills Lyon 2024 _ LEM _ Final Version FRENCH + ENG.pdf,718755,ee55f2c199f9d14aac9c1ed28367a7c2a101f9d781be5f2e252cd69f9b0a0a4c,WSC2024/GEN/xx/und/Accreditation Terms and Conditions _ WorldSkills Lyon 2024 _ LEM _ Final Version FRENCH + ENG.pdf,https://api.worldskills.org/resources/download/21730/23635/24600?l=en,wsc-2024-lyon,wsc-2024-lyon-gen.zip,done
WSC2024,WorldSkills Lyon 2024,IL,01,Industrial Mechanics,,und,WSC2024_IL01.xlsx,264826,db2d692014ea4609991af67252d2c7f9aacd38915fe37cd5797481587ab42545,WSC2024/IL/01/und/WSC2024_IL01.xlsx,https://api.worldskills.org/il/reports/requested/lists/579/1114?s=xlsx,wsc-2024-lyon,wsc-2024-lyon-il.zip,done
WSC2024,WorldSkills Lyon 2024,IL,02,Information Network Cabling,,und,WSC2024_IL02.xlsx,234883,4bb865c6e7648118b4397b1547569043b16491470aedc0eb354fe1b23c07798d,WSC2024/IL/02/und/WSC2024_IL02.xlsx,https://api.worldskills.org/il/reports/requested/lists/579/1119?s=xlsx,wsc-2024-lyon,wsc-2024-lyon-il.zip,done
WSC2024,WorldSkills Lyon 2024,IL,03,Manufacturing Team Challenge,,und,WSC2024_IL03.xlsx,262826,f501cd7cd932d626c0b495c1cd65f00c42df1d45114d554bda12c54bea1e86fc,WSC2024/IL/03/und/WSC2024_IL03.xlsx,https://api.worldskills.org/il/reports/requested/lists/579/1117?s=xlsx,wsc-2024-lyon,wsc-2024-lyon-il.zip,done
WSC2024,WorldSkills Lyon 2024,IL,04,Mechatronics,,und,WSC2024_IL04.xlsx,201782,a76a0e146386cb98fde08723ce4dd407191612f2057d1f382bd7ca660c09fca3,WSC2024/IL/04/und/WSC2024_IL04.xlsx,https://api.worldskills.org/il/reports/requested/lists/579/1122?s=xlsx,wsc-2024-lyon,wsc-2024-lyon-il.zip,done
WSC2024,WorldSkills Lyon 2024,IL,05,Mechanical Engineering CAD,,und,WSC2024_IL05.xlsx,212776,a2794df5d24ef051944c04bfccc86b7e82f32788d0b93ad5c347176cff133280,WSC2024/IL/05/und/WSC2024_IL05.xlsx,https://api.worldskills.org/il/reports/requested/lists/579/1118?s=xlsx,wsc-2024-lyon,wsc-2024-lyon-il.zip,done
WSC2024,WorldSkills Lyon 2024,IL,06,CNC Turning,,und,WSC2024_IL06.xlsx,247790,7e25a127f26cd1fe71c6865c032d9acee57dcb0e1e29d2ae070af7fa5af31af5,WSC2024/IL/06/und/WSC2024_IL06.xlsx,https://api.worldskills.org/il/reports/requested/lists/579/1115?s=xlsx,wsc-2024-lyon,wsc-2024-lyon-il.zip,done
WSC2024,WorldSkills Lyon 2024,IL,07,CNC Milling,,und,WSC2024_IL07.xlsx,252341,555eed8981a9d326b3d3db27042885f1e7d5a9162459dfba95ff762e818b6b5e,WSC2024/IL/07/und/WSC2024_IL07.xlsx,https://api.worldskills.org/il/reports/requested/lists/579/1116?s=xlsx,wsc-2024-lyon,wsc-2024-lyon-il.zip,done
WSC2024,WorldSkills Lyon 2024,IL,08,Mobile Applications Development,,und,WSC2024_IL08.xlsx,217514,567ccbbd79a0437c91fd40b6db031f2310624b45d81882c6b333ca85358e02a1,WSC2024/IL/08/und/WSC2024_IL08.xlsx,https://api.worldskills.org/il/reports/requested/lists/579/1121?s=xlsx,wsc-2024-lyon,wsc-2024-lyon-il.zip,done
WSC2024,WorldSkills Lyon 2024,IL,09,IT Software Solutions for Business,,und,WSC2024_IL09.xlsx,218162,761d63d74be2f3bb70264a0fb192d069182a923434a202d3eb27237c5b208fd0,WSC2024/IL/09/und/WSC2024_IL09.xlsx,https://api.worldskills.org/il/reports/requested/lists/579/1147?s=xlsx,wsc-2024-lyon,wsc-2024-lyon-il.zip,done
WSC2024,WorldSkills Lyon 2024,IL,10,Welding,,und,WSC2024_IL10.xlsx,228500,55385256c243689e63cccac5d09d70cf21c7f9d64dd672ade61386b4beb0596f,WSC2024/IL/10/und/WSC2024_IL10.xlsx,https://api.worldskills.org/il/reports/requested/lists/579/1127?s=xlsx,wsc-2024-lyon,wsc-2024-lyon-il.zip,done
WSC2024,WorldSkills Lyon 2024,IL,11,Print Media Technology,,und,WSC2024_IL11.xlsx,187836,c377952ed48e074e2847e7fca3c5a4013fdb130a3b4642800fb5e9d9fc592883,WSC2024/IL/11/und/WSC2024_IL11.xlsx,https://api.worldskills.org/il/reports/requested/lists/579/1132?s=xlsx,wsc-2024-lyon,wsc-2024-lyon-il.zip,done
WSC2024,WorldSkills Lyon 2024,IL,117,E03 Rail Vehicle Technology,,und,WSC2024_IL1170.xlsx,246756,8b9a2af0ac735b090b23f9edb60fe0cb42401e6c1499a67c846641e78841c802,WSC2024/IL/117/und/WSC2024_IL1170.xlsx,https://api.worldskills.org/il/reports/requested/lists/579/1170?s=xlsx,wsc-2024-lyon,wsc-2024-lyon-il.zip,done
WSC2024,WorldSkills Lyon 2024,IL,117,E01 Stonemasonry,,und,WSC2024_IL1175.xlsx,206499,05434a9ef7463b1df5ea8d2a3cce6ffe4a717541b1a110fe50ac1e76e111b0d3,WSC2024/IL/117/und/WSC2024_IL1175.xlsx,https://api.worldskills.org/il/reports/requested/lists/579/1175?s=xlsx,wsc-2024-lyon,wsc-2024-lyon-il.zip,done
WSC2024,WorldSkills Lyon 2024,IL,12,Wall and Floor Tiling,,und,WSC2024_IL12.xlsx,232129,96f7ec597502a69367da41491a1794e45858b9e2e59ceabdf8426e725884c477,WSC2024/IL/12/und/WSC2024_IL12.xlsx,https://api.worldskills.org/il/reports/requested/lists/579/1140?s=xlsx,wsc-2024-lyon,wsc-2024-lyon-il.zip,done
WSC2024,WorldSkills Lyon 2024,IL,129,E02 Heavy Truck Maintenance,,und,WSC2024_IL1291.xlsx,216454,628c624fe4d52e542ac88d413b7a9bc8118af08b8aaa7abd26b9d20063338a57,WSC2024/IL/129/und/WSC2024_IL1291.xlsx,https://api.worldskills.org/il/reports/requested/lists/579/1291?s=xlsx,wsc-2024-lyon,wsc-2024-lyon-il.zip,done
WSC2024,WorldSkills Lyon 2024,IL,13,Autobody Repair,,und,WSC2024_IL13.xlsx,245061,900c0760a80a98d6b58181349383f9fe341257ea3435c63bb98177ce409f1609,WSC2024/IL/13/und/WSC2024_IL13.xlsx,https://api.worldskills.org/il/reports/requested/lists/579/1138?s=xlsx,wsc-2024-lyon,wsc-2024-lyon-il.zip,done
WSC2024,WorldSkills Lyon 2024,IL,14,Aircraft Maintenance,,und,WSC2024_IL14.xlsx,309839,9fea98cf7fd97ccc93cc5587032a7a9081b606e6a9170418cafa994956b618a8,WSC2024/IL/14/und/WSC2024_IL14.xlsx,https://api.worldskills.org/il/reports/requested/lists/579/1126?s=xlsx,wsc-2024-lyon,wsc-2024-lyon-il.zip,done
WSC2024,WorldSkills Lyon 2024,IL,15,Plumbing and Heating,,und,WSC2024_IL15.xlsx,281899,852296629e59590d3a2a4ccff5a62c5757f3f58aef700e2bb1e5e579b6960750,WSC2024/IL/15/und/WSC2024_IL15.xlsx,https://api.worldskills.org/il/reports/requested/lists/579/1150?s=xlsx,wsc-2024-lyon,wsc-2024-lyon-il.zip,done
WSC2024,WorldSkills Lyon 2024,IL,16,Electronics,,und,WSC2024_IL16.xlsx,240223,9ba1861c1e34d29098df42038dfcc47905a794c540a3fe04dd637e3a1569189a,WSC2024/IL/16/und/WSC2024_IL16.xlsx,https://api.worldskills.org/il/reports/requested/lists/579/1151?s=xlsx,wsc-2024-lyon,wsc-2024-lyon-il.zip,done
WSC2024,WorldSkills Lyon 2024,IL,17,Web Technologies,,und,WSC2024_IL17.xlsx,213967,f5a05502dde356cd87654b499b1df8cf4135070af744e10849bce68fd11d274e,WSC2024/IL/17/und/WSC2024_IL17.xlsx,https://api.worldskills.org/il/reports/requested/lists/579/1156?s=xlsx,wsc-2024-lyon,wsc-2024-lyon-il.zip,done
WSC2024,WorldSkills Lyon 2024,IL,18,Electrical Installations,,und,WSC2024_IL18.xlsx,266192,dde320558f72d43fe91d0ab0eb6c3c9bf69ca35cbe57c978d0345763c43ed9bc,WSC2024/IL/18/und/WSC2024_IL18.xlsx,https://api.worldskills.org/il/reports/requested/lists/579/1146?s=xlsx,wsc-2024-lyon,wsc-2024-lyon-il.zip,done
WSC2024,WorldSkills Lyon 2024,IL,19,Industrial Control,,und,WSC2024_IL19.xlsx,286802,8f8cfee3c929d0cd2458d79aeda7d114360b17170573698445462f9a650f097c,WSC2024/IL/19/und/WSC2024_IL19.xlsx,https://api.worldskills.org/il/reports/requested/lists/579/1133?s=xlsx,wsc-2024-lyon,wsc-2024-lyon-il.zip,done
WSC2024,WorldSkills Lyon 2024,IL,20,Bricklaying,,und,WSC2024_IL20.xlsx,220063,9e1aaa6ac2b24688e19afb634d56f9a2989e6e501d666b1f15c5f572ccf7f2b9,WSC2024/IL/20/und/WSC2024_IL20.xlsx,https://api.worldskills.org/il/reports/requested/lists/579/1158?s=xlsx,wsc-2024-lyon,wsc-2024-lyon-il.zip,done
WSC2024,WorldSkills Lyon 2024,IL,21,Plastering and Drywall Systems,,und,WSC2024_IL21.xlsx,261846,3730c2d4ccbb3c326e194bc95fe9ef7486eee96044b0f5348746f7009585a8a1,WSC2024/IL/21/und/WSC2024_IL21.xlsx,https://api.worldskills.org/il/reports/requested/lists/579/1149?s=xlsx,wsc-2024-lyon,wsc-2024-lyon-il.zip,done
WSC2024,WorldSkills Lyon 2024,IL,22,Painting and Decorating,,und,WSC2024_IL22.xlsx,228640,b39698b8fda688e2c31c46aa4e7b52198634a9af8ce954fcfb6882041b8d75c8,WSC2024/IL/22/und/WSC2024_IL22.xlsx,https://api.worldskills.org/il/reports/requested/lists/579/1154?s=xlsx,wsc-2024-lyon,wsc-2024-lyon-il.zip,done
WSC2024,WorldSkills Lyon 2024,IL,23,Autonomous Mobile Robotics,,und,WSC2024_IL23.xlsx,225759,2a82ad9c642df6a375334527ca3e6b18c4b0cb23635288675d97cdb130b30447,WSC2024/IL/23/und/WSC2024_IL23.xlsx,https://api.worldskills.org/il/reports/requested/lists/579/1159?s=xlsx,wsc-2024-lyon,wsc-2024-lyon-il.zip,done
WSC2024,WorldSkills Lyon 2024,IL,24,Cabinetmaking,,und,WSC2024_IL24.xlsx,243929,9b30dd7b70f330fbe0b85b478bc1e903da3fff30a4fe705f976c502b22c59e06,WSC2024/IL/24/und/WSC2024_IL24.xlsx,https://api.worldskills.org/il/reports/requested/lists/579/1141?s=xlsx,wsc-2024-lyon,wsc-2024-lyon-il.zip,done
WSC2024,WorldSkills Lyon 2024,IL,25,Joinery,,und,WSC2024_IL25.xlsx,230845,00b2a9837046f0ae4323d982e29bda8fc473e9faac44d9f56dd13b5504aa51b3,WSC2024/IL/25/und/WSC2024_IL25.xlsx,https://api.worldskills.org/il/reports/requested/lists/579/1173?s=xlsx,wsc-2024-lyon,wsc-2024-lyon-il.zip,done
WSC2024,WorldSkills Lyon 2024,IL,26,Carpentry,,und,WSC2024_IL26.xlsx,223497,cf6c7ecd571811bfdcda84837f341dc605f7930ab085e54d3284e97cb11e2d9b,WSC2024/IL/26/und/WSC2024_IL26.xlsx,https://api.worldskills.org/il/reports/requested/lists/579/1137?s=xlsx,wsc-2024-lyon,wsc-2024-lyon-il.zip,done
WSC2024,WorldSkills Lyon 2024,IL,27,Jewellery,,und,WSC2024_IL27.xlsx,253320,f4d6b67a8745aa200a7d47a6552f47c614c86958015e34e102d7ac0dc2e44418,WSC2024/IL/27/und/WSC2024_IL27.xlsx,https://api.worldskills.org/il/reports/requested/lists/579/1148?s=xlsx,wsc-2024-lyon,wsc-2024-lyon-il.zip,done
WSC2024,WorldSkills Lyon 2024,IL,28,Floristry,,und,WSC2024_IL28.xlsx,273746,761e0274401fe49f6e600f960ee75a9ac9beb7e80d95a31643005479adcf8964,WSC2024/IL/28/und/WSC2024_IL28.xlsx,https://api.worldskills.org/il/reports/requested/lists/579/1153?s=xlsx,wsc-2024-lyon,wsc-2024-lyon-il.zip,done
WSC2024,WorldSkills Lyon 2024,IL,29,Hairdressing,,und,WSC2024_IL29.xlsx,224126,1770997ea162a12c390fd1a5ac39a70661307c45d41966a42ef98eb1a6c972c0,WSC2024/IL/29/und/WSC2024_IL29.xlsx,https://api.worldskills.org/il/reports/requested/lists/579/1135?s=xlsx,wsc-2024-lyon,wsc-2024-lyon-il.zip,done
WSC2024,WorldSkills Lyon 2024,IL,30,Beauty Therapy,,und,WSC2024_IL30.xlsx,251517,2bcb1c6c7ae85f32f82e6a74ceaf4695ccca861c8a87698d7440e8b140399765,WSC2024/IL/30/und/WSC2024_IL30.xlsx,https://api.worldskills.org/il/reports/requested/lists/579/1172?s=xlsx,wsc-2024-lyon,wsc-2024-lyon-il.zip,done
WSC2024,WorldSkills Lyon 2024,IL,31,Fashion Technology,,und,WSC2024_IL31.xlsx,212959,ef26956722b40fa03deb37b2bf4d9fc5204a48e4d5e8927425d927cce5fe5dee,WSC2024/IL/31/und/WSC2024_IL31.xlsx,https://api.worldskills.org/il/reports/requested/lists/579/1160?s=xlsx,wsc-2024-lyon,wsc-2024-lyon-il.zip,done
WSC2024,WorldSkills Lyon 2024,IL,32,Pâtisserie and Confectionery,,und,WSC2024_IL32.xlsx,242814,8af106dbfa27dbd390db926c15ce5ce2f0e26ed993d5e6a0beb49f15b99e5189,WSC2024/IL/32/und/WSC2024_IL32.xlsx,https://api.worldskills.org/il/reports/requested/lists/579/1142?s=xlsx,wsc-2024-lyon,wsc-2024-lyon-il.zip,done
WSC2024,WorldSkills Lyon 2024,IL,33,Automobile Technology,,und,WSC2024_IL33.xlsx,227127,cb62211285df65571eee00fcd988d1cf181fe5c33d63d2469ebe01201c98e41a,WSC2024/IL/33/und/WSC2024_IL33.xlsx,https://api.worldskills.org/il/reports/requested/lists/579/1124?s=xlsx,wsc-2024-lyon,wsc-2024-lyon-il.zip,done
WSC2024,WorldSkills Lyon 2024,IL,34,Cooking,,und,WSC2024_IL34.xlsx,297502,7bf6e4744c4643074fca2cde3a1d1e755551e70c7059edd59a28794a5989a65b,WSC2024/IL/34/und/WSC2024_IL34.xlsx,https://api.worldskills.org/il/reports/requested/lists/579/1128?s=xlsx,wsc-2024-lyon,wsc-2024-lyon-il.zip,done
WSC2024,WorldSkills Lyon 2024,IL,35,Restaurant Service,,und,WSC2024_IL35.xlsx,302897,b39be724e20395befd9284bcf5598b9b52a230e92e8c6f7680aa065a7111401b,WSC2024/IL/35/und/WSC2024_IL35.xlsx,https://api.worldskills.org/il/reports/requested/lists/579/1136?s=xlsx,wsc-2024-lyon,wsc-2024-lyon-il.zip,done
WSC2024,WorldSkills Lyon 2024,IL,36,Car Painting,,und,WSC2024_IL36.xlsx,246794,56a0217f78f18bd5fe1b245b0c858dd42eede289ab94c673ab236b4b40ce3ba3,WSC2024/IL/36/und/WSC2024_IL36.xlsx,https://api.worldskills.org/il/reports/requested/lists/579/1174?s=xlsx,wsc-2024-lyon,wsc-2024-lyon-il.zip,done
WSC2024,WorldSkills Lyon 2024,IL,37,Landscape Gardening,,und,WSC2024_IL37.xlsx,241513,5422ab88267f784a967e2f2872cdf33a0a16be7b489ea5348ff692c0d36241c6,WSC2024/IL/37/und/WSC2024_IL37.xlsx,https://api.worldskills.org/il/reports/requested/lists/579/1171?s=xlsx,wsc-2024-lyon,wsc-2024-lyon-il.zip,done
WSC2024,WorldSkills Lyon 2024,IL,38,Refrigeration and Air Conditioning,,und,WSC2024_IL38.xlsx,248436,d4fb963d5e0cc331f04313449bf75e65d245d3de9b5b5769f6f32f1912a21fc7,WSC2024/IL/38/und/WSC2024_IL38.xlsx,https://api.worldskills.org/il/reports/requested/lists/579/1130?s=xlsx,wsc-2024-lyon,wsc-2024-lyon-il.zip,done
WSC2024,WorldSkills Lyon 2024,IL,39,IT Network Systems Administration,,und,WSC2024_IL39.xlsx,212155,4b72e3b9d874999a65dfa51191852644a31d050995b982c7490a6bdc52e2cf15,WSC2024/IL/39/und/WSC2024_IL39.xlsx,https://api.worldskills.org/il/reports/requested/lists/579/1157?s=xlsx,wsc-2024-lyon,wsc-2024-lyon-il.zip,done
WSC2024,WorldSkills Lyon 2024,IL,40,Graphic Design Technology,,und,WSC2024_IL40.xlsx,205893,9b149a9eda66c06d0a3c6620a6c2da51f4d6fd8e86ff2063a520f99e4471c07f,WSC2024/IL/40/und/WSC2024_IL40.xlsx,https://api.worldskills.org/il/reports/requested/lists/579/1139?s=xlsx,wsc-2024-lyon,wsc-2024-lyon-il.zip,done
WSC2024,WorldSkills Lyon 2024,IL,41,Health and Social Care,,und,WSC2024_IL41.xlsx,265129,1a2b5448cd6c8542b4aa0c9f38770386fb6c2a1af5832ca92e7949ef9d11e611,WSC2024/IL/41/und/WSC2024_IL41.xlsx,https://api.worldskills.org/il/reports/requested/lists/579/1145?s=xlsx,wsc-2024-lyon,wsc-2024-lyon-il.zip,done
WSC2024,WorldSkills Lyon 2024,IL,42,Construction Metal Work,,und,WSC2024_IL42.xlsx,237608,271559d1bb1b92448d1c4feb72bae125fe007e8e9dca950abf6877b77f43a498,WSC2024/IL/42/und/WSC2024_IL42.xlsx,https://api.worldskills.org/il/reports/requested/lists/579/1143?s=xlsx,wsc-2024-lyon,wsc-2024-lyon-il.zip,done
WSC2024,WorldSkills Lyon 2024,IL,44,Visual Merchandising,,und,WSC2024_IL44.xlsx,240779,d15da685b62ce3d4904fc0b0a6986d786dc9f6f4368f9d143f02a9df3ae9a605,WSC2024/IL/44/und/WSC2024_IL44.xlsx,https://api.worldskills.org/il/reports/requested/lists/579/1134?s=xlsx,wsc-2024-lyon,wsc-2024-lyon-il.zip,done
WSC2024,WorldSkills Lyon 2024,IL,45,Prototype Modelling,,und,WSC2024_IL45.xlsx,187835,b5919be9573b7487e4aa6da3c47f43baed4c3d4b5cc3462504515140e1f59b73,WSC2024/IL/45/und/WSC2024_IL45.xlsx,https://api.worldskills.org/il/reports/requested/lists/579/1125?s=xlsx,wsc-2024-lyon,wsc-2024-lyon-il.zip,done
WSC2024,WorldSkills Lyon 2024,IL,46,Concrete Construction Work,,und,WSC2024_IL46.xlsx,251987,ffb1cf52cd75e20836d9bb0ae1efb78f012e3213b4ce68160753082d8e90fdcd,WSC2024/IL/46/und/WSC2024_IL46.xlsx,https://api.worldskills.org/il/reports/requested/lists/579/1155?s=xlsx,wsc-2024-lyon,wsc-2024-lyon-il.zip,done
WSC2024,WorldSkills Lyon 2024,IL,47,Bakery,,und,WSC2024_IL47.xlsx,254997,4d94ae03261cc06b064144dcca89603ae04ff72c50a5257aab96fa929049c63e,WSC2024/IL/47/und/WSC2024_IL47.xlsx,https://api.worldskills.org/il/reports/requested/lists/579/1123?s=xlsx,wsc-2024-lyon,wsc-2024-lyon-il.zip,done
WSC2024,WorldSkills Lyon 2024,IL,48,Industry 4.0,,und,WSC2024_IL48.xlsx,206074,d5892db0d0a9a4e339672bd204a3c3a39ce7cf970a19e711d1073c9f5dbcd324,WSC2024/IL/48/und/WSC2024_IL48.xlsx,https://api.worldskills.org/il/reports/requested/lists/579/1161?s=xlsx,wsc-2024-lyon,wsc-2024-lyon-il.zip,done
WSC2024,WorldSkills Lyon 2024,IL,49,Heavy Vehicle Technology,,und,WSC2024_IL49.xlsx,237271,3239b47c3e39b78093dab09b6a7f508103c7ccf70de4d5c6d894bdbfa327487b,WSC2024/IL/49/und/WSC2024_IL49.xlsx,https://api.worldskills.org/il/reports/requested/lists/579/1131?s=xlsx,wsc-2024-lyon,wsc-2024-lyon-il.zip,done
WSC2024,WorldSkills Lyon 2024,IL,50,3D Digital Game Art,,und,WSC2024_IL50.xlsx,204420,bd2b27a88ede66abcc43693bfb0bc8df074c452c83dca408a47d3658984c0953,WSC2024/IL/50/und/WSC2024_IL50.xlsx,https://api.worldskills.org/il/reports/requested/lists/579/1167?s=xlsx,wsc-2024-lyon,wsc-2024-lyon-il.zip,done
WSC2024,WorldSkills Lyon 2024,IL,51,Logistics and Freight Forwarding,,und,WSC2024_IL51.xlsx,198475,ac67f5434cca20be02fbbb8b1e9e826839bba060db5119ab97bab35254cfdf5b,WSC2024/IL/51/und/WSC2024_IL51.xlsx,https://api.worldskills.org/il/reports/requested/lists/579/1152?s=xlsx,wsc-2024-lyon,wsc-2024-lyon-il.zip,done
WSC2024,WorldSkills Lyon 2024,IL,52,Chemical Laboratory Technology,,und,WSC2024_IL52.xlsx,241706,2ac552604dd7d02b846e01bb694ba1154694c63b15e269a238a24f6192f96c0c,WSC2024/IL/52/und/WSC2024_IL52.xlsx,https://api.worldskills.org/il/reports/requested/lists/579/1129?s=xlsx,wsc-2024-lyon,wsc-2024-lyon-il.zip,done
WSC2024,WorldSkills Lyon 2024,IL,53,Cloud Computing,,und,WSC2024_IL53.xlsx,206188,7c9e18e1e763adeaca7ffdfd162a2a5c1a9db7d5c34980bc7a51b5ba60cff79c,WSC2024/IL/53/und/WSC2024_IL53.xlsx,https://api.worldskills.org/il/reports/requested/lists/579/1165?s=xlsx,wsc-2024-lyon,wsc-2024-lyon-il.zip,done
WSC2024,WorldSkills Lyon 2024,IL,54,Cyber Security,,und,WSC2024_IL54.xlsx,201414,dace1dfcc98e1861f6309a7c260caac05113486658c2c8e4d97002e4a4709781,WSC2024/IL/54/und/WSC2024_IL54.xlsx,https://api.worldskills.org/il/reports/requested/lists/579/1144?s=xlsx,wsc-2024-lyon,wsc-2024-lyon-il.zip,done
WSC2024,WorldSkills Lyon 2024,IL,55,Water Technology,,und,WSC2024_IL55.xlsx,226569,c55fc86a0698b475194f6fd4f1ecf23fe1cc0359a59f8f432d6e389d7cbe0a48,WSC2024/IL/55/und/WSC2024_IL55.xlsx,https://api.worldskills.org/il/reports/requested/lists/579/1166?s=xlsx,wsc-2024-lyon,wsc-2024-lyon-il.zip,done
WSC2024,WorldSkills Lyon 2024,IL,56,Hotel Reception,,und,WSC2024_IL56.xlsx,216061,ac2f1cf7f048e74f0891f2e17bb6319758911124b68756548855b01585b468d6,WSC2024/IL/56/und/WSC2024_IL56.xlsx,https://api.worldskills.org/il/reports/requested/lists/579/1120?s=xlsx,wsc-2024-lyon,wsc-2024-lyon-il.zip,done
WSC2024,WorldSkills Lyon 2024,IL,57,Additive Manufacturing,,und,WSC2024_IL57.xlsx,209914,45cb860447213560ef374da6abf747d06f7a08fca8321f44f22d9fe9072bc290,WSC2024/IL/57/und/WSC2024_IL57.xlsx,https://api.worldskills.org/il/reports/requested/lists/579/1162?s=xlsx,wsc-2024-lyon,wsc-2024-lyon-il.zip,done
WSC2024,WorldSkills Lyon 2024,IL,58,Digital Construction,,und,WSC2024_IL58.xlsx,209610,8c2d55da78ae3065e87dfea5b0f7b9538e1f4c771d4c40f320535aabdb9294d6,WSC2024/IL/58/und/WSC2024_IL58.xlsx,https://api.worldskills.org/il/reports/requested/lists/579/1168?s=xlsx,wsc-2024-lyon,wsc-2024-lyon-il.zip,done
WSC2024,WorldSkills Lyon 2024,IL,59,Industrial Design Technology,,und,WSC2024_IL59.xlsx,202417,1ecca57526fc577f88444d02d03a58faccad2ecfc195844704934d93cdad051e,WSC2024/IL/59/und/WSC2024_IL59.xlsx,https://api.worldskills.org/il/reports/requested/lists/579/1164?s=xlsx,wsc-2024-lyon,wsc-2024-lyon-il.zip,done
WSC2024,WorldSkills Lyon 2024,IL,60,Optoelectronic Technology,,und,WSC2024_IL60.xlsx,211088,522a716c65499529ffab5f8c4856dec88c20d67ead8927380415cd17d7305c98,WSC2024/IL/60/und/WSC2024_IL60.xlsx,https://api.worldskills.org/il/reports/requested/lists/579/1163?s=xlsx,wsc-2024-lyon,wsc-2024-lyon-il.zip,done
WSC2024,WorldSkills Lyon 2024,IL,62,Renewable Energy,,und,WSC2024_IL62.xlsx,247661,26a863a76d13e6423af811dd9c2ad370890e9b133c35b2bf330e1508ccd6694a,WSC2024/IL/62/und/WSC2024_IL62.xlsx,https://api.worldskills.org/il/reports/requested/lists/579/1169?s=xlsx,wsc-2024-lyon,wsc-2024-lyon-il.zip,done
WSC2024,WorldSkills Lyon 2024,IL,63,Robot Systems Integration,,und,WSC2024_IL63.xlsx,202197,cf7c4348bbc9ac3695a59b1055b7bd54bdcc816cb01b6ddf50179d9b267cc282,WSC2024/IL/63/und/WSC2024_IL63.xlsx,https://api.worldskills.org/il/reports/requested/lists/579/1113?s=xlsx,wsc-2024-lyon,wsc-2024-lyon-il.zip,done
WSC2024,WorldSkills Lyon 2024,MKT,xx,,,und,Animated Banner ADs.zip,1300992,4ef1689036b99f38d58ce205c9e8fca5589578b6eab5fab7734de42416cb0b02,WSC2024/MKT/xx/und/Animated Banner ADs.zip,https://api.worldskills.org/resources/download/21530/23431/24396?l=en,wsc-2024-lyon,wsc-2024-lyon-mkt.zip,done
WSC2024,WorldSkills Lyon 2024,MKT,xx,,,und,Email Footers.zip,187756,a4e0918993a48450e9f9ef8e46a504b57778944748baf3938ece36cedca01733,WSC2024/MKT/xx/und/Email Footers.zip,https://api.worldskills.org/resources/download/21531/23432/24397?l=en,wsc-2024-lyon,wsc-2024-lyon-mkt.zip,done
WSC2024,WorldSkills Lyon 2024,MKT,xx,,,und,Invitation letter : email template.zip,23515,3f756fd2013d49a7b404050dba01616a2fe63152cbbe566f1a36654180cf6458,WSC2024/MKT/xx/und/Invitation letter _ email template.zip,https://api.worldskills.org/resources/download/21532/23433/24398?l=en,wsc-2024-lyon,wsc-2024-lyon-mkt.zip,done
WSC2024,WorldSkills Lyon 2024,MKT,xx,,,und,Photos.zip,145929489,2cde5dad9624a0f81ffedd14fe256498e0885151a3672604c6e935f41b68676d,WSC2024/MKT/xx/und/Photos.zip,https://api.worldskills.org/resources/download/21607/23509/24474?l=en,wsc-2024-lyon,wsc-2024-lyon-mkt.zip,done
WSC2024,WorldSkills Lyon 2024,MKT,xx,,,und,Social Cards.zip,6430827,1b8756289a8bf172cd00047de7553c9d3d271a5b74e26f7a931b418dc6417f10,WSC2024/MKT/xx/und/Social Cards.zip,https://api.worldskills.org/resources/download/21534/23435/24400?l=en,wsc-2024-lyon,wsc-2024-lyon-mkt.zip,done
WSC2024,WorldSkills Lyon 2024,MKT,xx,,,und,Website Banners.zip,867075,e76ed35bb9b92c00d15185d22199d24860fda6e57cc2ebf9330fae7cf1535d3e,WSC2024/MKT/xx/und/Website Banners.zip,https://api.worldskills.org/resources/download/21535/23436/24401?l=en,wsc-2024-lyon,wsc-2024-lyon-mkt.zip,done
WSC2024,WorldSkills Lyon 2024,MKT,xx,,,und,WorldSkills Conference 2024 Overview.pptx,31921261,8d67ff8304d787a96c100e0f134a13fc968721ff87a7a0f4fb2a0ee9bd80c43f,WSC2024/MKT/xx/und/WorldSkills Conference 2024 Overview.pptx,https://api.worldskills.org/resources/download/21533/23764/24729?l=en,wsc-2024-lyon,wsc-2024-lyon-mkt.zip,done
WSC2024,WorldSkills Lyon 2024,MKT,xx,,,und,WorldSkills_Conference_2024_Activation_Guide.pdf,3111880,33c8a3b2444ac31b1d7b692ad7f5c28cf1deeb7ec96bdfac9b103a51f8252919,WSC2024/MKT/xx/und/WorldSkills_Conference_2024_Activation_Guide.pdf,https://api.worldskills.org/resources/download/21529/24249/25214?l=en,wsc-2024-lyon,wsc-2024-lyon-mkt.zip,done
WSC2024,WorldSkills Lyon 2024,RES,xx,,,und,WSC2024_guidance_assessment_completion.pdf,92401,970cf13a104cbe2bfb30907046f4e68aafedc9f7d36505780ee2b1450c1bac88,WSC2024/RES/xx/und/WSC2024_guidance_assessment_completion.pdf,https://api.worldskills.org/resources/download/23275/25350/26315?l=en,wsc-2024-lyon,wsc-2024-lyon-res.zip,done
WSC2024,WorldSkills Lyon 2024,RES,xx,,,und,WSC2024_guidance_assessment_completion_tablet.pdf,88495,24ed567dec07fd20dfb57a76333488082a8e1b6543ad6b4fbb2bb8607182efce,WSC2024/RES/xx/und/WSC2024_guidance_assessment_completion_tablet.pdf,https://api.worldskills.org/resources/download/23276/25368/26333?l=en,wsc-2024-lyon,wsc-2024-lyon-res.zip,done
WSC2024,WorldSkills Lyon 2024,RES,xx,,,und,WSL2024_Impact_Report.pdf,28270444,919ec8ed6115f4b9004f9a0cc9cbef40cf045ec9ccce870ac4a4b7af8112f76c,WSC2024/RES/xx/und/WSL2024_Impact_Report.pdf,https://api.worldskills.org/resources/download/26473/28667/29717?l=en,wsc-2024-lyon,wsc-2024-lyon-res.zip,done
WSC2024,WorldSkills Lyon 2024,SKL,xx,,,und,WSC2024_Test_Project_ballot_paper.pdf,86135,32f19a088a437bc450a0d7c7740ef6707bbd6301fca0eccba75893a1057cb2fa,WSC2024/SKL/xx/und/WSC2024_Test_Project_ballot_paper.pdf,https://api.worldskills.org/resources/download/23277/25292/26257?l=en,wsc-2024-lyon,wsc-2024-lyon-skl.zip,done
WSC2024,WorldSkills Lyon 2024,TD,01,Industrial Mechanics,,ar,WSC2024_TD01_ar.pdf,511799,b99698d6747b5181a6b504a6c33f5bbc4060feb04dec11f649ecb3e71a6ee5c5,WSC2024/TD/01/ar/WSC2024_TD01_ar.pdf,https://api.worldskills.org/skillman/documents/1/skills/1660/pdf?l=ar,wsc-2024-lyon,wsc-2024-lyon-td.zip,done
WSC2024,WorldSkills Lyon 2024,TD,01,Industrial Mechanics,,de,WSC2024_TD01_de.pdf,511996,f5f239d01832eb2a57b2a46ff6d19db70fa23fa3e48facef5872896a67ba28ec,WSC2024/TD/01/de/WSC2024_TD01_de.pdf,https://api.worldskills.org/skillman/documents/1/skills/1660/pdf?l=de,wsc-2024-lyon,wsc-2024-lyon-td.zip,done
WSC2024,WorldSkills Lyon 2024,TD,01,Industrial Mechanics,,en,WSC2024_TD01_en.pdf,726878,ab05ae104653889d797290e64bd9b8471736f4aef45433a0c1b498eecc983792,WSC2024/TD/01/en/WSC2024_TD01_en.pdf,https://api.worldskills.org/skillman/documents/1/skills/1660/pdf?l=en,wsc-2024-lyon,wsc-2024-lyon-td.zip,done
WSC2024,WorldSkills Lyon 2024,TD,01,Industrial Mechanics,,es,WSC2024_TD01_es.pdf,511781,e25dbbbb88c0812be73ba79227e1a386dd227ddba269a4927d5a0da6118974fd,WSC2024/TD/01/es/WSC2024_TD01_es.pdf,https://api.worldskills.org/skillman/documents/1/skills/1660/pdf?l=es,wsc-2024-lyon,wsc-2024-lyon-td.zip,done
WSC2024,WorldSkills Lyon 2024,TD,01,Industrial Mechanics,,fi,WSC2024_TD01_fi.pdf,511799,da43a8c588a85cb8ab5dbfb8d74b83db6da2f0d1eea0b7a8728bfcb36c048def,WSC2024/TD/01/fi/WSC2024_TD01_fi.pdf,https://api.worldskills.org/skillman/documents/1/skills/1660/pdf?l=fi,wsc-2024-lyon,wsc-2024-lyon-td.zip,done
WSC2024,WorldSkills Lyon 2024,TD,01,Industrial Mechanics,,fr,WSC2024_TD01_fr.pdf,511893,d79f9ded8b36df01d9ff9a80de4d964266f14dd0022e7e0d9d4231c4184af473,WSC2024/TD/01/fr/WSC2024_TD01_fr.pdf,https://api.worldskills.org/skillman/documents/1/skills/1660/pdf?l=fr,wsc-2024-lyon,wsc-2024-lyon-td.zip,done
WSC2024,WorldSkills Lyon 2024,TD,01,Industrial Mechanics,,ja,WSC2024_TD01_ja.pdf,511819,4812a79a40904af69cd5ef30294cfce9192c7e0f72d238f8ef82fb518a54bf6e,WSC2024/TD/01/ja/WSC2024_TD01_ja.pdf,https://api.worldskills.org/skillman/documents/1/skills/1660/pdf?l=ja,wsc-2024-lyon,wsc-2024-lyon-td.zip,done
WSC2024,WorldSkills Lyon 2024,TD,01,Industrial Mechanics,,ko,WSC2024_TD01_ko.pdf,511820,aedb36fbdf5cd88ae42fd24816c8818095f56cc0117ecaf0b9b12301b531b311,WSC2024/TD/01/ko/WSC2024_TD01_ko.pdf,https://api.worldskills.org/skillman/documents/1/skills/1660/pdf?l=ko,wsc-2024-lyon,wsc-2024-lyon-td.zip,done
WSC2024,WorldSkills Lyon 2024,TD,01,Industrial Mechanics,,pt,WSC2024_TD01_pt.pdf,511806,db107796097c6d3a6293039b4f0fbe54ce78c20ec97e6fdaf51eb4496aff6442,WSC2024/TD/01/pt/WSC2024_TD01_pt.pdf,https://api.worldskills.org/skillman/documents/1/skills/1660/pdf?l=pt,wsc-2024-lyon,wsc-2024-lyon-td.zip,done
WSC2024,WorldSkills Lyon 2024,TD,01,Industrial Mechanics,,ru,WSC2024_TD01_ru.pdf,511810,893d0132bf91282bbc19a78bf27d18d5c28b2d62336c0255d85f3989201e0bc3,WSC2024/TD/01/ru/WSC2024_TD01_ru.pdf,https://api.worldskills.org/skillman/documents/1/skills/1660/pdf?l=ru,wsc-2024-lyon,wsc-2024-lyon-td.zip,done
WSC2024,WorldSkills Lyon 2024,TD,01,Industrial Mechanics,,zh,WSC2024_TD01_zh.pdf,511821,37decabe740af2c4fc018877f1b9e3aac49dee564062babdeca0dd21d4bc1c0c,WSC2024/TD/01/zh/WSC2024_TD01_zh.pdf,https://api.worldskills.org/skillman/documents/1/skills/1660/pdf?l=zh,wsc-2024-lyon,wsc-2024-lyon-td.zip,done
WSC2024,WorldSkills Lyon 2024,TD,02,Information Network Cabling,,ar,WSC2024_TD02_ar.pdf,511943,acaee14ee1388d495a8109a3b9743fbc595085d19a67cfb9a3808c518b99aa64,WSC2024/TD/02/ar/WSC2024_TD02_ar.pdf,https://api.worldskills.org/skillman/documents/1/skills/1662/pdf?l=ar,wsc-2024-lyon,wsc-2024-lyon-td.zip,done
WSC2024,WorldSkills Lyon 2024,TD,02,Information Network Cabling,,de,WSC2024_TD02_de.pdf,512038,7739a0db0938b8b61b73daf136a97dffa70db70d0d86fca03ecf16d91bc6bb4b,WSC2024/TD/02/de/WSC2024_TD02_de.pdf,https://api.worldskills.org/skillman/documents/1/skills/1662/pdf?l=de,wsc-2024-lyon,wsc-2024-lyon-td.zip,done
WSC2024,WorldSkills Lyon 2024,TD,02,Information Network Cabling,,en,WSC2024_TD02_en.pdf,915960,af723dff11554ef1b477ffff3ef506b1b4a81e017093681f787ec87e59551eb0,WSC2024/TD/02/en/WSC2024_TD02_en.pdf,https://api.worldskills.org/skillman/documents/1/skills/1662/pdf?l=en,wsc-2024-lyon,wsc-2024-lyon-td.zip,done
WSC2024,WorldSkills Lyon 2024,TD,02,Information Network Cabling,,es,WSC2024_TD02_es.pdf,511922,cc5a2bf752d08412fa81c080aa6acff6fd5922030d7491949d7f44469c2fbb94,WSC2024/TD/02/es/WSC2024_TD02_es.pdf,https://api.worldskills.org/skillman/documents/1/skills/1662/pdf?l=es,wsc-2024-lyon,wsc-2024-lyon-td.zip,done
WSC2024,WorldSkills Lyon 2024,TD,02,Information Network Cabling,,fi,WSC2024_TD02_fi.pdf,511941,210a0a9313f92b4c3f0d3c1dc0de07707292e25d0b70bc7a6184a87dd2077fdf,WSC2024/TD/02/fi/WSC2024_TD02_fi.pdf,https://api.worldskills.org/skillman/documents/1/skills/1662/pdf?l=fi,wsc-2024-lyon,wsc-2024-lyon-td.zip,done
WSC2024,WorldSkills Lyon 2024,TD,02,Information Network Cabling,,fr,WSC2024_TD02_fr.pdf,512724,bd1d1ef2ddbcac5e35e409ec25bb7f6d08f597ee6fbb83fe03d03707e79fad2e,WSC2024/TD/02/fr/WSC2024_TD02_fr.pdf,https://api.worldskills.org/skillman/documents/1/skills/1662/pdf?l=fr,wsc-2024-lyon,wsc-2024-lyon-td.zip,done
WSC2024,WorldSkills Lyon 2024,TD,02,Information Network Cabling,,ja,WSC2024_TD02_ja.pdf,511959,0eff58332f86f9e16125654cb3a3847cd4a7f8d56002fa1ccee8dddf4306d0fd,WSC2024/TD/02/ja/WSC2024_TD02_ja.pdf,https://api.worldskills.org/skillman/documents/1/skills/1662/pdf?l=ja,wsc-2024-lyon,wsc-2024-lyon-td.zip,done
WSC2024,WorldSkills Lyon 2024,TD,02,Information Network Cabling,,ko,WSC2024_TD02_ko.pdf,511963,6af9d945702cf8d498b18f5e53aa5b86ff0a109d460c733d00d424b9c2210da2,WSC2024/TD/02/ko/WSC2024_TD02_ko.pdf,https://api.worldskills.org/skillman/documents/1/skills/1662/pdf?l=ko,wsc-2024-lyon,wsc-2024-lyon-td.zip,done
WSC2024,WorldSkills Lyon 2024,TD,02,Information Network Cabling,,pt,WSC2024_TD02_pt.pdf,511943,b53b90b9f6d67c1f23b6edd9390347911fa1a17d18b58dac768f3b2656d9417b,WSC2024/TD/02/pt/WSC2024_TD02_pt.pdf,https://api.worldskills.org/skillman/documents/1/skills/1662/pdf?l=pt,wsc-2024-lyon,wsc-2024-lyon-td.zip,done
WSC2024,WorldSkills Lyon 2024,TD,02,Information Network Cabling,,ru,WSC2024_TD02_ru.pdf,511937,054234f3a70ef33bafa035b8d82fd950039bd7ba8be6ccbd59ffb9c358644b93,WSC2024/TD/02/ru/WSC2024_TD02_ru.pdf,https://api.worldskills.org/skillman/documents/1/skills/1662/pdf?l=ru,wsc-2024-lyon,wsc-2024-lyon-td.zip,done
WSC2024,WorldSkills Lyon 2024,TD,02,Information Network Cabling,,zh,WSC2024_TD02_zh.pdf,511962,cbff59411fcbc22480726885f9d3010edacb94e78b89d8e42d4d923be7dfcbd4,WSC2024/TD/02/zh/WSC2024_TD02_zh.pdf,https://api.worldskills.org/skillman/documents/1/skills/1662/pdf?l=zh,wsc-2024-lyon,wsc-2024-lyon-td.zip,done
WSC2024,WorldSkills Lyon 2024,TD,03,Manufacturing Team Challenge,,ar,WSC2024_TD03_ar.pdf,512306,71f37b6b1005f1d9d4fc566cd935212740e5b4d28a20885cca3dba0da90c3611,WSC2024/TD/03/ar/WSC2024_TD03_ar.pdf,https://api.worldskills.org/skillman/documents/1/skills/1663/pdf?l=ar,wsc-2024-lyon,wsc-2024-lyon-td.zip,done
WSC2024,WorldSkills Lyon 2024,TD,03,Manufacturing Team Challenge,,de,WSC2024_TD03_de.pdf,511805,2ccf754095494eed8f39588fde139fa32943ad506fda2e88b5b69accb32fb21a,WSC2024/TD/03/de/WSC2024_TD03_de.pdf,https://api.worldskills.org/skillman/documents/1/skills/1663/pdf?l=de,wsc-2024-lyon,wsc-2024-lyon-td.zip,done
WSC2024,WorldSkills Lyon 2024,TD,03,Manufacturing Team Challenge,,en,WSC2024_TD03_en.pdf,797111,b5c7951524fb38c811db7f2165291b1b866b8952def848024aa10cd7a1f5c001,WSC2024/TD/03/en/WSC2024_TD03_en.pdf,https://api.worldskills.org/skillman/documents/1/skills/1663/pdf?l=en,wsc-2024-lyon,wsc-2024-lyon-td.zip,done
WSC2024,WorldSkills Lyon 2024,TD,03,Manufacturing Team Challenge,,es,WSC2024_TD03_es.pdf,512282,9e447fc95b928e9896a2e321b1510e0337d47002de5b62f0b842ea47e45921ac,WSC2024/TD/03/es/WSC2024_TD03_es.pdf,https://api.worldskills.org/skillman/documents/1/skills/1663/pdf?l=es,wsc-2024-lyon,wsc-2024-lyon-td.zip,done
WSC2024,WorldSkills Lyon 2024,TD,03,Manufacturing Team Challenge,,fi,WSC2024_TD03_fi.pdf,512304,b32c3731d997094d12b55eaefb02317427d1f082db8545bbdfece1ad97dc5f9e,WSC2024/TD/03/fi/WSC2024_TD03_fi.pdf,https://api.worldskills.org/skillman/documents/1/skills/1663/pdf?l=fi,wsc-2024-lyon,wsc-2024-lyon-td.zip,done
WSC2024,WorldSkills Lyon 2024,TD,03,Manufacturing Team Challenge,,fr,WSC2024_TD03_fr.pdf,512426,101f2d3f3b24bf007d510c9c771f7cd0f70d363c03a22b5b90a5edf250d4a173,WSC2024/TD/03/fr/WSC2024_TD03_fr.pdf,https://api.worldskills.org/skillman/documents/1/skills/1663/pdf?l=fr,wsc-2024-lyon,wsc-2024-lyon-td.zip,done
WSC2024,WorldSkills Lyon 2024,TD,03,Manufacturing Team Challenge,,ja,WSC2024_TD03_ja.pdf,512321,9bc95043c90294bd31668fc7abb34320e1cbc4729f499beb98001bde76517cc1,WSC2024/TD/03/ja/WSC2024_TD03_ja.pdf,https://api.worldskills.org/skillman/documents/1/skills/1663/pdf?l=ja,wsc-2024-lyon,wsc-2024-lyon-td.zip,done
WSC2024,WorldSkills Lyon 2024,TD,03,Manufacturing Team Challenge,,ko,WSC2024_TD03_ko.pdf,512321,6e9afc7f324920262b9999b6859d794b8a4a339566b18e21f125f9a210f8ea6c,WSC2024/TD/03/ko/WSC2024_TD03_ko.pdf,https://api.worldskills.org/skillman/documents/1/skills/1663/pdf?l=ko,wsc-2024-lyon,wsc-2024-lyon-td.zip,done
WSC2024,WorldSkills Lyon 2024,TD,03,Manufacturing Team Challenge,,pt,WSC2024_TD03_pt.pdf,512306,40f0b001123af313a1e834f9b0ad08e29b256ce1bcb8a3725d370160f0499e20,WSC2024/TD/03/pt/WSC2024_TD03_pt.pdf,https://api.worldskills.org/skillman/documents/1/skills/1663/pdf?l=pt,wsc-2024-lyon,wsc-2024-lyon-td.zip,done
WSC2024,WorldSkills Lyon 2024,TD,03,Manufacturing Team Challenge,,ru,WSC2024_TD03_ru.pdf,512307,b23cd458b9ace7eec73789c135b2311150b1d8ccd276ea6a8365ca9d3da5d6d6,WSC2024/TD/03/ru/WSC2024_TD03_ru.pdf,https://api.worldskills.org/skillman/documents/1/skills/1663/pdf?l=ru,wsc-2024-lyon,wsc-2024-lyon-td.zip,done
WSC2024,WorldSkills Lyon 2024,TD,03,Manufacturing Team Challenge,,zh,WSC2024_TD03_zh.pdf,512318,41fe4686574bdff9c436633d00081d3cd0f01f850cacdca0aa8f1cb0ffe9416e,WSC2024/TD/03/zh/WSC2024_TD03_zh.pdf,https://api.worldskills.org/skillman/documents/1/skills/1663/pdf?l=zh,wsc-2024-lyon,wsc-2024-lyon-td.zip,done
WSC2024,WorldSkills Lyon 2024,TD,04,Mechatronics,,ar,WSC2024_TD04_ar.pdf,511687,e589937cc7bb7bbba6d1cb79f5cc1d42fd08a8d8447aeee4b176464c31aacfa5,WSC2024/TD/04/ar/WSC2024_TD04_ar.pdf,https://api.worldskills.org/skillman/documents/1/skills/1665/pdf?l=ar,wsc-2024-lyon,wsc-2024-lyon-td.zip,done
WSC2024,WorldSkills Lyon 2024,TD,04,Mechatronics,,de,WSC2024_TD04_de.pdf,511712,0bd16c444cd14f146488d3479ce6cc2ebed5993e47944cbf2049f960c1877171,WSC2024/TD/04/de/WSC2024_TD04_de.pdf,https://api.worldskills.org/skillman/documents/1/skills/1665/pdf?l=de,wsc-2024-lyon,wsc-2024-lyon-td.zip,done
WSC2024,WorldSkills Lyon 2024,TD,04,Mechatronics,,en,WSC2024_TD04_en.pdf,1446960,ded0e79653163f7b32a4b76a8a31777377768ed9106d74e50bedc3fe03c9274e,WSC2024/TD/04/en/WSC2024_TD04_en.pdf,https://api.worldskills.org/skillman/documents/1/skills/1665/pdf?l=en,wsc-2024-lyon,wsc-2024-lyon-td.zip,done
WSC2024,WorldSkills Lyon 2024,TD,04,Mechatronics,,es,WSC2024_TD04_es.pdf,511656,65911ff52774022705b3dabd2885c104b09b704fde25c1ac0ea66dcc392ac4b8,WSC2024/TD/04/es/WSC2024_TD04_es.pdf,https://api.worldskills.org/skillman/documents/1/skills/1665/pdf?l=es,wsc-2024-lyon,wsc-2024-lyon-td.zip,done
WSC2024,WorldSkills Lyon 2024,TD,04,Mechatronics,,fi,WSC2024_TD04_fi.pdf,511682,4f65dea28a158ee2aedca80938db7d7af0aa8bbb2b10f01edd9932d7b1d6ad51,WSC2024/TD/04/fi/WSC2024_TD04_fi.pdf,https://api.worldskills.org/skillman/documents/1/skills/1665/pdf?l=fi,wsc-2024-lyon,wsc-2024-lyon-td.zip,done
WSC2024,WorldSkills Lyon 2024,TD,04,Mechatronics,,fr,WSC2024_TD04_fr.pdf,511969,6707e3051c78d0544327e270958b605d9faca445a24f8d97545a4bcdc4bf9e3b,WSC2024/TD/04/fr/WSC2024_TD04_fr.pdf,https://api.worldskills.org/skillman/documents/1/skills/1665/pdf?l=fr,wsc-2024-lyon,wsc-2024-lyon-td.zip,done
WSC2024,WorldSkills Lyon 2024,TD,04,Mechatronics,,ja,WSC2024_TD04_ja.pdf,511703,ffaa2de188a7a8d71b2565751405d9c30ccb321cbce1ad8d788feac477ea07b5,WSC2024/TD/04/ja/WSC2024_TD04_ja.pdf,https://api.worldskills.org/skillman/documents/1/skills/1665/pdf?l=ja,wsc-2024-lyon,wsc-2024-lyon-td.zip,done
WSC2024,WorldSkills Lyon 2024,TD,04,Mechatronics,,ko,WSC2024_TD04_ko.pdf,511707,e227d140dc56644b8c2d15e3feddfed4bef22a93842fc9a1f3839f70a707dd60,WSC2024/TD/04/ko/WSC2024_TD04_ko.pdf,https://api.worldskills.org/skillman/documents/1/skills/1665/pdf?l=ko,wsc-2024-lyon,wsc-2024-lyon-td.zip,done
WSC2024,WorldSkills Lyon 2024,TD,04,Mechatronics,,pt,WSC2024_TD04_pt.pdf,511692,e040734de7d5810ba0a2611e5fac0dea7a7e991d91ee2ff1209077db951d9605,WSC2024/TD/04/pt/WSC2024_TD04_pt.pdf,https://api.worldskills.org/skillman/documents/1/skills/1665/pdf?l=pt,wsc-2024-lyon,wsc-2024-lyon-td.zip,done
WSC2024,WorldSkills Lyon 2024,TD,04,Mechatronics,,ru,WSC2024_TD04_ru.pdf,511689,b93877eee6cd89244546e0d11f585816279ea4e438833ec53b649a3f23eec74a,WSC2024/TD/04/ru/WSC2024_TD04_ru.pdf,https://api.worldskills.org/skillman/documents/1/skills/1665/pdf?l=ru,wsc-2024-lyon,wsc-2024-lyon-td.zip,done
WSC2024,WorldSkills Lyon 2024,TD,04,Mechatronics,,zh,WSC2024_TD04_zh.pdf,511705,61b9913ff6527d65ed960f1c9a3fbed83979a1d512e91a7b26246102cfebcc48,WSC2024/TD/04/zh/WSC2024_TD04_zh.pdf,https://api.worldskills.org/skillman/documents/1/skills/1665/pdf?l=zh,wsc-2024-lyon,wsc-2024-lyon-td.zip,done
WSC2024,WorldSkills Lyon 2024,TD,05,Mechanical Engineering CAD,,ar,WSC2024_TD05_ar.pdf,512043,48a24226b2bf5318668664d0fda3c323fcf30b40aa32291ba9cd46dc8aa18116,WSC2024/TD/05/ar/WSC2024_TD05_ar.pdf,https://api.worldskills.org/skillman/documents/1/skills/1664/pdf?l=ar,wsc-2024-lyon,wsc-2024-lyon-td.zip,done
WSC2024,WorldSkills Lyon 2024,TD,05,Mechanical Engineering CAD,,de,WSC2024_TD05_de.pdf,511966,a542e30556f88d7661043ab5cff2d7a2c99ee01c890aefbcc3b9dfa4d285a680,WSC2024/TD/05/de/WSC2024_TD05_de.pdf,https://api.worldskills.org/skillman/documents/1/skills/1664/pdf?l=de,wsc-2024-lyon,wsc-2024-lyon-td.zip,done
WSC2024,WorldSkills Lyon 2024,TD,05,Mechanical Engineering CAD,,en,WSC2024_TD05_en.pdf,720476,70de3edfc3d6f4985105fd9ef240e15725d5c8152f1b1d4c09e8f3df4653f24e,WSC2024/TD/05/en/WSC2024_TD05_en.pdf,https://api.worldskills.org/skillman/documents/1/skills/1664/pdf?l=en,wsc-2024-lyon,wsc-2024-lyon-td.zip,done
WSC2024,WorldSkills Lyon 2024,TD,05,Mechanical Engineering CAD,,es,WSC2024_TD05_es.pdf,512024,83665d3478b546d4b88b749aeecdaf9b65b392e12552cb9b94ed3485cd864a00,WSC2024/TD/05/es/WSC2024_TD05_es.pdf,https://api.worldskills.org/skillman/documents/1/skills/1664/pdf?l=es,wsc-2024-lyon,wsc-2024-lyon-td.zip,done
WSC2024,WorldSkills Lyon 2024,TD,05,Mechanical Engineering CAD,,fi,WSC2024_TD05_fi.pdf,512046,9d0a4401f9bfd8e86b3009ef7da0dc17c450e1bfce7bc81c2521d32356daec99,WSC2024/TD/05/fi/WSC2024_TD05_fi.pdf,https://api.worldskills.org/skillman/documents/1/skills/1664/pdf?l=fi,wsc-2024-lyon,wsc-2024-lyon-td.zip,done
WSC2024,WorldSkills Lyon 2024,TD,05,Mechanical Engineering CAD,,fr,WSC2024_TD05_fr.pdf,511945,43b9a50b4673969195e8130eedf2feac3c9d8aaff6293f90872d768fa3d9058d,WSC2024/TD/05/fr/WSC2024_TD05_fr.pdf,https://api.worldskills.org/skillman/documents/1/skills/1664/pdf?l=fr,wsc-2024-lyon,wsc-2024-lyon-td.zip,done
WSC2024,WorldSkills Lyon 2024,TD,05,Mechanical Engineering CAD,,ja,WSC2024_TD05_ja.pdf,512059,06dc7749f1fac65c374e9a6faf2aa130ce1f21afeb4027e7fed85d0cd04d17e5,WSC2024/TD/05/ja/WSC2024_TD05_ja.pdf,https://api.worldskills.org/skillman/documents/1/skills/1664/pdf?l=ja,wsc-2024-lyon,wsc-2024-lyon-td.zip,done
WSC2024,WorldSkills Lyon 2024,TD,05,Mechanical Engineering CAD,,ko,WSC2024_TD05_ko.pdf,512064,a0ebfa17b3a9b212cd1ad0822f9dde0228778bfcc67f0ed00825b1f09efc1f27,WSC2024/TD/05/ko/WSC2024_TD05_ko.pdf,https://api.worldskills.org/skillman/documents/1/skills/1664/pdf?l=ko,wsc-2024-lyon,wsc-2024-lyon-td.zip,done
WSC2024,WorldSkills Lyon 2024,TD,05,Mechanical Engineering CAD,,pt,WSC2024_TD05_pt.pdf,512047,dc48831a9192b9bd41e15295238adbfe0790ab0b21664123b948d29cfe603220,WSC2024/TD/05/pt/WSC2024_TD05_pt.pdf,https://api.worldskills.org/skillman/documents/1/skills/1664/pdf?l=pt,wsc-2024-lyon,wsc-2024-lyon-td.zip,done
WSC2024,WorldSkills Lyon 2024,TD,05,Mechanical Engineering CAD,,ru,WSC2024_TD05_ru.pdf,512053,0d1c5d12bd641d66ecaf0baebc7a33942c35b1fcfb1a25dde9bedd922fa31a45,WSC2024/TD/05/ru/WSC2024_TD05_ru.pdf,https://api.worldskills.org/skillman/documents/1/skills/1664/pdf?l=ru,wsc-2024-lyon,wsc-2024-lyon-td.zip,done
WSC2024,WorldSkills Lyon 2024,TD,05,Mechanical Engineering CAD,,zh,WSC2024_TD05_zh.pdf,512059,ef8ce6074e3cae1e6986234ce11baf22d8287def91d9d8310371c80d01c49e06,WSC2024/TD/05/zh/WSC2024_TD05_zh.pdf,https://api.worldskills.org/skillman/documents/1/skills/1664/pdf?l=zh,wsc-2024-lyon,wsc-2024-lyon-td.zip,done
WSC2024,WorldSkills Lyon 2024,TD,06,CNC Turning,,ar,WSC2024_TD06_ar.pdf,511866,531301b75cb96515bd33ea3bfb86a1654585e6da18a9e6e7f24bf49a8a40be16,WSC2024/TD/06/ar/WSC2024_TD06_ar.pdf,https://api.worldskills.org/skillman/documents/1/skills/1658/pdf?l=ar,wsc-2024-lyon,wsc-2024-lyon-td.zip,done
WSC2024,WorldSkills Lyon 2024,TD,06,CNC Turning,,de,WSC2024_TD06_de.pdf,511699,4f889290e9fed5e998f3b9df4e0e668eff48e68e5f2d4e5269f87ddadaf3ef50,WSC2024/TD/06/de/WSC2024_TD06_de.pdf,https://api.worldskills.org/skillman/documents/1/skills/1658/pdf?l=de,wsc-2024-lyon,wsc-2024-lyon-td.zip,done
WSC2024,WorldSkills Lyon 2024,TD,06,CNC Turning,,en,WSC2024_TD06_en.pdf,1594714,eb549e3a9662ed7052c56523125c38ab29b4cc24c9220613ec9fc09aaad8ce84,WSC2024/TD/06/en/WSC2024_TD06_en.pdf,https://api.worldskills.org/skillman/documents/1/skills/1658/pdf?l=en,wsc-2024-lyon,wsc-2024-lyon-td.zip,done
WSC2024,WorldSkills Lyon 2024,TD,06,CNC Turning,,es,WSC2024_TD06_es.pdf,511852,336f3169269eb1a5a03432fb5238c3c40054eee7e16ca320af137993b6feb8e7,WSC2024/TD/06/es/WSC2024_TD06_es.pdf,https://api.worldskills.org/skillman/documents/1/skills/1658/pdf?l=es,wsc-2024-lyon,wsc-2024-lyon-td.zip,done
WSC2024,WorldSkills Lyon 2024,TD,06,CNC Turning,,fi,WSC2024_TD06_fi.pdf,511861,5ce8d1cdcc89476014795401d3b261015db525cc2443076f18a6d48f03a6ed78,WSC2024/TD/06/fi/WSC2024_TD06_fi.pdf,https://api.worldskills.org/skillman/documents/1/skills/1658/pdf?l=fi,wsc-2024-lyon,wsc-2024-lyon-td.zip,done
WSC2024,WorldSkills Lyon 2024,TD,06,CNC Turning,,fr,WSC2024_TD06_fr.pdf,511766,26f342682e89017e80ff6c3d68a4bf1d0b4575bf1e37aa903d3109f62e327c5f,WSC2024/TD/06/fr/WSC2024_TD06_fr.pdf,https://api.worldskills.org/skillman/documents/1/skills/1658/pdf?l=fr,wsc-2024-lyon,wsc-2024-lyon-td.zip,done
WSC2024,WorldSkills Lyon 2024,TD,06,CNC Turning,,ja,WSC2024_TD06_ja.pdf,511890,ea08d2d577800e8207bab3d8b337172650f819c0706a373fef6ba1809ad4ca69,WSC2024/TD/06/ja/WSC2024_TD06_ja.pdf,https://api.worldskills.org/skillman/documents/1/skills/1658/pdf?l=ja,wsc-2024-lyon,wsc-2024-lyon-td.zip,done
WSC2024,WorldSkills Lyon 2024,TD,06,CNC Turning,,ko,WSC2024_TD06_ko.pdf,511893,a6e81d95b1156e813d2be49ab622378612a20ff12d65c2c73d243313f0992e76,WSC2024/TD/06/ko/WSC2024_TD06_ko.pdf,https://api.worldskills.org/skillman/documents/1/skills/1658/pdf?l=ko,wsc-2024-lyon,wsc-2024-lyon-td.zip,done
WSC2024,WorldSkills Lyon 2024,TD,06,CNC Turning,,pt,WSC2024_TD06_pt.pdf,511873,757300506bde871d6bb552ce6d7ee9f8cea37b819f7605013c24751f9135bb5e,WSC2024/TD/06/pt/WSC2024_TD06_pt.pdf,https://api.worldskills.org/skillman/documents/1/skills/1658/pdf?l=pt,wsc-2024-lyon,wsc-2024-lyon-td.zip,done
WSC2024,WorldSkills Lyon 2024,TD,06,CNC Turning,,ru,WSC2024_TD06_ru.pdf,511876,4092133934f4b58d05489a157cd5ac3f5c77ced6381d9f83293b13af640f0b79,WSC2024/TD/06/ru/WSC2024_TD06_ru.pdf,https://api.worldskills.org/skillman/documents/1/skills/1658/pdf?l=ru,wsc-2024-lyon,wsc-2024-lyon-td.zip,done
WSC2024,WorldSkills Lyon 2024,TD,06,CNC Turning,,zh,WSC2024_TD06_zh.pdf,511883,df6f9722f08d124f3713dc8e6dd2891e35f2f38b1962f85da845bbcea83b80dd,WSC2024/TD/06/zh/WSC2024_TD06_zh.pdf,https://api.worldskills.org/skillman/documents/1/skills/1658/pdf?l=zh,wsc-2024-lyon,wsc-2024-lyon-td.zip,done
WSC2024,WorldSkills Lyon 2024,TD,07,CNC Milling,,ar,WSC2024_TD07_ar.pdf,511923,90b3046ddf12ebecb6149571588157914162d8e0724e5b9b595372618a91376a,WSC2024/TD/07/ar/WSC2024_TD07_ar.pdf,https://api.worldskills.org/skillman/documents/1/skills/1661/pdf?l=ar,wsc-2024-lyon,wsc-2024-lyon-td.zip,done
WSC2024,WorldSkills Lyon 2024,TD,07,CNC Milling,,de,WSC2024_TD07_de.pdf,512121,4edc36b7a172fbc8817586d88825f4695bed91dcb52fe937b614f956cec003ae,WSC2024/TD/07/de/WSC2024_TD07_de.pdf,https://api.worldskills.org/skillman/documents/1/skills/1661/pdf?l=de,wsc-2024-lyon,wsc-2024-lyon-td.zip,done
WSC2024,WorldSkills Lyon 2024,TD,07,CNC Milling,,en,WSC2024_TD07_en.pdf,2010530,f81a623db1f7490194437143c552def62476a54482952cdc6a2461a4b6525792,WSC2024/TD/07/en/WSC2024_TD07_en.pdf,https://api.worldskills.org/skillman/documents/1/skills/1661/pdf?l=en,wsc-2024-lyon,wsc-2024-lyon-td.zip,done
WSC2024,WorldSkills Lyon 2024,TD,07,CNC Milling,,es,WSC2024_TD07_es.pdf,511904,1e0366bcb5c2dd741834e82c60cc7c91a95e6999b2ff77e995490a90a10523fe,WSC2024/TD/07/es/WSC2024_TD07_es.pdf,https://api.worldskills.org/skillman/documents/1/skills/1661/pdf?l=es,wsc-2024-lyon,wsc-2024-lyon-td.zip,done
WSC2024,WorldSkills Lyon 2024,TD,07,CNC Milling,,fi,WSC2024_TD07_fi.pdf,511922,b573ef4bd4403b8d02b4c133aac3d373110829ebb1e0619cefd72a39a28261b1,WSC2024/TD/07/fi/WSC2024_TD07_fi.pdf,https://api.worldskills.org/skillman/documents/1/skills/1661/pdf?l=fi,wsc-2024-lyon,wsc-2024-lyon-td.zip,done
WSC2024,WorldSkills Lyon 2024,TD,07,CNC Milling,,fr,WSC2024_TD07_fr.pdf,511838,00852abc904c6546bc4f50590841fd61284abaa664d21474f7c38adcd8372c60,WSC2024/TD/07/fr/WSC2024_TD07_fr.pdf,https://api.worldskills.org/skillman/documents/1/skills/1661/pdf?l=fr,wsc-2024-lyon,wsc-2024-lyon-td.zip,done
WSC2024,WorldSkills Lyon 2024,TD,07,CNC Milling,,ja,WSC2024_TD07_ja.pdf,511943,84fb32db3fc3a0ab105da01a4f7cca7e7f106737ea224738a54cc713ef559d91,WSC2024/TD/07/ja/WSC2024_TD07_ja.pdf,https://api.worldskills.org/skillman/documents/1/skills/1661/pdf?l=ja,wsc-2024-lyon,wsc-2024-lyon-td.zip,done
WSC2024,WorldSkills Lyon 2024,TD,07,CNC Milling,,ko,WSC2024_TD07_ko.pdf,511944,3e7794c7ec4f84ee58f2627830424971b0387f73d8185873fad2d8bab85f8d71,WSC2024/TD/07/ko/WSC2024_TD07_ko.pdf,https://api.worldskills.org/skillman/documents/1/skills/1661/pdf?l=ko,wsc-2024-lyon,wsc-2024-lyon-td.zip,done
WSC2024,WorldSkills Lyon 2024,TD,07,CNC Milling,,pt,WSC2024_TD07_pt.pdf,511925,99622d1d7470360500bcf041c05a1ed11ef4c37267962f4b66c4faaa0b8b5cf1,WSC2024/TD/07/pt/WSC2024_TD07_pt.pdf,https://api.worldskills.org/skillman/documents/1/skills/1661/pdf?l=pt,wsc-2024-lyon,wsc-2024-lyon-td.zip,done
WSC2024,WorldSkills Lyon 2024,TD,07,CNC Milling,,ru,WSC2024_TD07_ru.pdf,511929,acee96e8c58e51e0da670c83abd17edd73673ebc7e5813064949dd368f862f76,WSC2024/TD/07/ru/WSC2024_TD07_ru.pdf,https://api.worldskills.org/skillman/documents/1/skills/1661/pdf?l=ru,wsc-2024-lyon,wsc-2024-lyon-td.zip,done
WSC2024,WorldSkills Lyon 2024,TD,07,CNC Milling,,zh,WSC2024_TD07_zh.pdf,511936,6074b45d74e4a523ca3c214e479c1f1b91b430440416b1d6f18ae111e2eeaf50,WSC2024/TD/07/zh/WSC2024_TD07_zh.pdf,https://api.worldskills.org/skillman/documents/1/skills/1661/pdf?l=zh,wsc-2024-lyon,wsc-2024-lyon-td.zip,done
WSC2024,WorldSkills Lyon 2024,TD,08,Mobile Applications Development,,ar,WSC2024_TD08_ar.pdf,512138,48e0db46d9bff5753443759ba03bfb880eebdf05da48a551f1c3b367f490906d,WSC2024/TD/08/ar/WSC2024_TD08_ar.pdf,https://api.worldskills.org/skillman/documents/1/skills/1659/pdf?l=ar,wsc-2024-lyon,wsc-2024-lyon-td.zip,done
WSC2024,WorldSkills Lyon 2024,TD,08,Mobile Applications Development,,de,WSC2024_TD08_de.pdf,512139,17a7fb892b6623b3ea3c360dfa8839ca37a0818af6dea4c39dda6b25ed9ad145,WSC2024/TD/08/de/WSC2024_TD08_de.pdf,https://api.worldskills.org/skillman/documents/1/skills/1659/pdf?l=de,wsc-2024-lyon,wsc-2024-lyon-td.zip,done
WSC2024,WorldSkills Lyon 2024,TD,08,Mobile Applications Development,,en,WSC2024_TD08_en.pdf,653605,d4c81753e85501cbb441254e90c5f4726ffabc1f7853c08d67c9ecbfbcf487e0,WSC2024/TD/08/en/WSC2024_TD08_en.pdf,https://api.worldskills.org/skillman/documents/1/skills/1659/pdf?l=en,wsc-2024-lyon,wsc-2024-lyon-td.zip,done
WSC2024,WorldSkills Lyon 2024,TD,08,Mobile Applications Development,,es,WSC2024_TD08_es.pdf,512121,e798ebc27a04cb987c8c3be9ca466f29bd239b9620a1440149b519ab3a5769a8,WSC2024/TD/08/es/WSC2024_TD08_es.pdf,https://api.worldskills.org/skillman/documents/1/skills/1659/pdf?l=es,wsc-2024-lyon,wsc-2024-lyon-td.zip,done
WSC2024,WorldSkills Lyon 2024,TD,08,Mobile Applications Development,,fi,WSC2024_TD08_fi.pdf,512146,9a1fa82b1fd4838390b8849b3e2a93a7f4f3b4463992323d2e19c1b09a550d1e,WSC2024/TD/08/fi/WSC2024_TD08_fi.pdf,https://api.worldskills.org/skillman/documents/1/skills/1659/pdf?l=fi,wsc-2024-lyon,wsc-2024-lyon-td.zip,done
WSC2024,WorldSkills Lyon 2024,TD,08,Mobile Applications Development,,fr,WSC2024_TD08_fr.pdf,512497,e283cb4be894955562b1b7e392a647ddf790d4576c8e3e3d86b392f1e0aa56ce,WSC2024/TD/08/fr/WSC2024_TD08_fr.pdf,https://api.worldskills.org/skillman/documents/1/skills/1659/pdf?l=fr,wsc-2024-lyon,wsc-2024-lyon-td.zip,done
WSC2024,WorldSkills Lyon 2024,TD,08,Mobile Applications Development,,ja,WSC2024_TD08_ja.pdf,512152,cd5f6f6c053bf57ab67d53fb80eaeb64ba7073bf6054e76d4c211808d00fcafc,WSC2024/TD/08/ja/WSC2024_TD08_ja.pdf,https://api.worldskills.org/skillman/documents/1/skills/1659/pdf?l=ja,wsc-2024-lyon,wsc-2024-lyon-td.zip,done
WSC2024,WorldSkills Lyon 2024,TD,08,Mobile Applications Development,,ko,WSC2024_TD08_ko.pdf,512158,b3e1e9457cddc536bc0c26c17f124999b64c4e960b1d75f36b4ee88d0128f3bd,WSC2024/TD/08/ko/WSC2024_TD08_ko.pdf,https://api.worldskills.org/skillman/documents/1/skills/1659/pdf?l=ko,wsc-2024-lyon,wsc-2024-lyon-td.zip,done
WSC2024,WorldSkills Lyon 2024,TD,08,Mobile Applications Development,,pt,WSC2024_TD08_pt.pdf,512136,af9cf8c1987222ecde2b155852cde0407119ccd0805d1801c3beed845825406e,WSC2024/TD/08/pt/WSC2024_TD08_pt.pdf,https://api.worldskills.org/skillman/documents/1/skills/1659/pdf?l=pt,wsc-2024-lyon,wsc-2024-lyon-td.zip,done
WSC2024,WorldSkills Lyon 2024,TD,08,Mobile Applications Development,,ru,WSC2024_TD08_ru.pdf,512145,ce192a100bd4b01e469f381d8f420027808316e9539c8810917bc4aac8cea67e,WSC2024/TD/08/ru/WSC2024_TD08_ru.pdf,https://api.worldskills.org/skillman/documents/1/skills/1659/pdf?l=ru,wsc-2024-lyon,wsc-2024-lyon-td.zip,done
WSC2024,WorldSkills Lyon 2024,TD,08,Mobile Applications Development,,zh,WSC2024_TD08_zh.pdf,512157,862dd3adbe9495ce6552e39ad68dc3b8420cbf309671abe19a27318cc4b0dc2d,WSC2024/TD/08/zh/WSC2024_TD08_zh.pdf,https://api.worldskills.org/skillman/documents/1/skills/1659/pdf?l=zh,wsc-2024-lyon,wsc-2024-lyon-td.zip,done
WSC2024,WorldSkills Lyon 2024,TD,09,IT Software Solutions for Business,,ar,WSC2024_TD09_ar.pdf,512285,7431cb007dcd7569ed50e8143db167e0b4e415280870a1cc1750946a6b71a64f,WSC2024/TD/09/ar/WSC2024_TD09_ar.pdf,https://api.worldskills.org/skillman/documents/1/skills/1680/pdf?l=ar,wsc-2024-lyon,wsc-2024-lyon-td.zip,done
WSC2024,WorldSkills Lyon 2024,TD,09,IT Software Solutions for Business,,de,WSC2024_TD09_de.pdf,512702,438c243188f91ae6ee02bffbe813dea1ecd2ea7ac3a0388f50efe0716f7c94ab,WSC2024/TD/09/de/WSC2024_TD09_de.pdf,https://api.worldskills.org/skillman/documents/1/skills/1680/pdf?l=de,wsc-2024-lyon,wsc-2024-lyon-td.zip,done
WSC2024,WorldSkills Lyon 2024,TD,09,IT Software Solutions for Business,,en,WSC2024_TD09_en.pdf,854275,7a67e9a57907b3edd65d4b62a5e40be4c15b75a65cc3466ed76f9f5c6a8da251,WSC2024/TD/09/en/WSC2024_TD09_en.pdf,https://api.worldskills.org/skillman/documents/1/skills/1680/pdf?l=en,wsc-2024-lyon,wsc-2024-lyon-td.zip,done
WSC2024,WorldSkills Lyon 2024,TD,09,IT Software Solutions for Business,,es,WSC2024_TD09_es.pdf,512250,65328ff5ab88706df8a559c0129d2282b8b372fcd171149ae7fe7fbbea3117d7,WSC2024/TD/09/es/WSC2024_TD09_es.pdf,https://api.worldskills.org/skillman/documents/1/skills/1680/pdf?l=es,wsc-2024-lyon,wsc-2024-lyon-td.zip,done
WSC2024,WorldSkills Lyon 2024,TD,09,IT Software Solutions for Business,,fi,WSC2024_TD09_fi.pdf,512288,ceb19bbe0febdeb1fa3df9e86160853f0a8ad72235ee81bacf005dabcdacb06e,WSC2024/TD/09/fi/WSC2024_TD09_fi.pdf,https://api.worldskills.org/skillman/documents/1/skills/1680/pdf?l=fi,wsc-2024-lyon,wsc-2024-lyon-td.zip,done
WSC2024,WorldSkills Lyon 2024,TD,09,IT Software Solutions for Business,,fr,WSC2024_TD09_fr.pdf,507786,3a9d0699775eb0ac99b8c70c6f4d289a0a64cdb9a8ce3c63667bb4926251e43a,WSC2024/TD/09/fr/WSC2024_TD09_fr.pdf,https://api.worldskills.org/skillman/documents/1/skills/1680/pdf?l=fr,wsc-2024-lyon,wsc-2024-lyon-td.zip,done
WSC2024,WorldSkills Lyon 2024,TD,09,IT Software Solutions for Business,,ja,WSC2024_TD09_ja.pdf,512308,98d59ebcd326efbdc6854ef980c756bf6e19f0ee83d9d2472a90acbd8683b903,WSC2024/TD/09/ja/WSC2024_TD09_ja.pdf,https://api.worldskills.org/skillman/documents/1/skills/1680/pdf?l=ja,wsc-2024-lyon,wsc-2024-lyon-td.zip,done
WSC2024,WorldSkills Lyon 2024,TD,09,IT Software Solutions for Business,,ko,WSC2024_TD09_ko.pdf,512306,252209a7687dbbd8eadfa188288ef8dae1064dd6542135dca778efb6ba1eab2f,WSC2024/TD/09/ko/WSC2024_TD09_ko.pdf,https://api.worldskills.org/skillman/documents/1/skills/1680/pdf?l=ko,wsc-2024-lyon,wsc-2024-lyon-td.zip,done
WSC2024,WorldSkills Lyon 2024,TD,09,IT Software Solutions for Business,,pt,WSC2024_TD09_pt.pdf,512291,b995b4b31b3a98c0aa3ae45e0351dd8f73b5fceb08c0f587fa5291c4ae26d847,WSC2024/TD/09/pt/WSC2024_TD09_pt.pdf,https://api.worldskills.org/skillman/documents/1/skills/1680/pdf?l=pt,wsc-2024-lyon,wsc-2024-lyon-td.zip,done
WSC2024,WorldSkills Lyon 2024,TD,09,IT Software Solutions for Business,,ru,WSC2024_TD09_ru.pdf,512291,5de43f68f6e86102f5db12ddba17550caecf97ce57a0ef4bc9104fbc60c32eeb,WSC2024/TD/09/ru/WSC2024_TD09_ru.pdf,https://api.worldskills.org/skillman/documents/1/skills/1680/pdf?l=ru,wsc-2024-lyon,wsc-2024-lyon-td.zip,done
WSC2024,WorldSkills Lyon 2024,TD,09,IT Software Solutions for Business,,zh,WSC2024_TD09_zh.pdf,512303,e45d31bd4cf384e17eb357884b1f548bfc88c29ba9f65f4d09efa8ef2418e763,WSC2024/TD/09/zh/WSC2024_TD09_zh.pdf,https://api.worldskills.org/skillman/documents/1/skills/1680/pdf?l=zh,wsc-2024-lyon,wsc-2024-lyon-td.zip,done
WSC2024,WorldSkills Lyon 2024,TD,10,Welding,,ar,WSC2024_TD10_ar.pdf,511568,17fb5d31b10ae100914d8812eef300bbd6943b24d1e02fe89e4c4ef8b59b111c,WSC2024/TD/10/ar/WSC2024_TD10_ar.pdf,https://api.worldskills.org/skillman/documents/1/skills/1672/pdf?l=ar,wsc-2024-lyon,wsc-2024-lyon-td.zip,done
WSC2024,WorldSkills Lyon 2024,TD,10,Welding,,de,WSC2024_TD10_de.pdf,511660,e16f78eb697e2c25b1068dd65f45012d48e6c8b4d7f8d8cf1865793298f02b04,WSC2024/TD/10/de/WSC2024_TD10_de.pdf,https://api.worldskills.org/skillman/documents/1/skills/1672/pdf?l=de,wsc-2024-lyon,wsc-2024-lyon-td.zip,done
WSC2024,WorldSkills Lyon 2024,TD,10,Welding,,en,WSC2024_TD10_en.pdf,951215,3b5493d23197cd384d870c37d81c718bd64207982b6abd76822c42b085cfc591,WSC2024/TD/10/en/WSC2024_TD10_en.pdf,https://api.worldskills.org/skillman/documents/1/skills/1672/pdf?l=en,wsc-2024-lyon,wsc-2024-lyon-td.zip,done
WSC2024,WorldSkills Lyon 2024,TD,10,Welding,,es,WSC2024_TD10_es.pdf,511552,e9502a888f26695959ffcc0d38db50c64c21cf82af6d14ad9240d01f843a8ceb,WSC2024/TD/10/es/WSC2024_TD10_es.pdf,https://api.worldskills.org/skillman/documents/1/skills/1672/pdf?l=es,wsc-2024-lyon,wsc-2024-lyon-td.zip,done
WSC2024,WorldSkills Lyon 2024,TD,10,Welding,,fi,WSC2024_TD10_fi.pdf,511558,26aa930d1586ab207c123db8a44ee191140502649fed5476059805b4619c3b2b,WSC2024/TD/10/fi/WSC2024_TD10_fi.pdf,https://api.worldskills.org/skillman/documents/1/skills/1672/pdf?l=fi,wsc-2024-lyon,wsc-2024-lyon-td.zip,done
WSC2024,WorldSkills Lyon 2024,TD,10,Welding,,fr,WSC2024_TD10_fr.pdf,511506,9450fd4f43a76a26a8dc68354d83394666b2598fe8c0645ccbf7e4c8435abc53,WSC2024/TD/10/fr/WSC2024_TD10_fr.pdf,https://api.worldskills.org/skillman/documents/1/skills/1672/pdf?l=fr,wsc-2024-lyon,wsc-2024-lyon-td.zip,done
WSC2024,WorldSkills Lyon 2024,TD,10,Welding,,ja,WSC2024_TD10_ja.pdf,511577,d944da7f78fb2938bdbee9544fc8f9cc1a5f84aa10fbc085e4b6597ab147d375,WSC2024/TD/10/ja/WSC2024_TD10_ja.pdf,https://api.worldskills.org/skillman/documents/1/skills/1672/pdf?l=ja,wsc-2024-lyon,wsc-2024-lyon-td.zip,done
WSC2024,WorldSkills Lyon 2024,TD,10,Welding,,ko,WSC2024_TD10_ko.pdf,511586,3a230209784678c2fac767beef457ff3c908e52a9fa5d135e56a3cd8ce8fdad7,WSC2024/TD/10/ko/WSC2024_TD10_ko.pdf,https://api.worldskills.org/skillman/documents/1/skills/1672/pdf?l=ko,wsc-2024-lyon,wsc-2024-lyon-td.zip,done
WSC2024,WorldSkills Lyon 2024,TD,10,Welding,,pt,WSC2024_TD10_pt.pdf,511572,c7334f68ff18a936d66439f2a639bd2551331584b065524b7644cb1fa4ba0eda,WSC2024/TD/10/pt/WSC2024_TD10_pt.pdf,https://api.worldskills.org/skillman/documents/1/skills/1672/pdf?l=pt,wsc-2024-lyon,wsc-2024-lyon-td.zip,done
WSC2024,WorldSkills Lyon 2024,TD,10,Welding,,ru,WSC2024_TD10_ru.pdf,511568,93d2c3f3945c18d6d375e3ece15e7e8196dcbe409a33ca4fe3df476b844f70cc,WSC2024/TD/10/ru/WSC2024_TD10_ru.pdf,https://api.worldskills.org/skillman/documents/1/skills/1672/pdf?l=ru,wsc-2024-lyon,wsc-2024-lyon-td.zip,done
WSC2024,WorldSkills Lyon 2024,TD,10,Welding,,zh,WSC2024_TD10_zh.pdf,511580,715186f9b3a035af8ca7a4a93562d2301b254b483317e1548e25595a00625ec7,WSC2024/TD/10/zh/WSC2024_TD10_zh.pdf,https://api.worldskills.org/skillman/documents/1/skills/1672/pdf?l=zh,wsc-2024-lyon,wsc-2024-lyon-td.zip,done
WSC2024,WorldSkills Lyon 2024,TD,12,Wall and Floor Tiling,,ar,WSC2024_TD12_ar.pdf,512042,31705b6c1d0f6b302d012ce051534d2c1e5a9c760f9a2b0ab47f368edab0d2ff,WSC2024/TD/12/ar/WSC2024_TD12_ar.pdf,https://api.worldskills.org/skillman/documents/1/skills/1686/pdf?l=ar,wsc-2024-lyon,wsc-2024-lyon-td.zip,done
WSC2024,WorldSkills Lyon 2024,TD,12,Wall and Floor Tiling,,de,WSC2024_TD12_de.pdf,511713,29f8781cd2ee919340b9fb476b9e82b322b8868ce88de6c420819b14b93c925e,WSC2024/TD/12/de/WSC2024_TD12_de.pdf,https://api.worldskills.org/skillman/documents/1/skills/1686/pdf?l=de,wsc-2024-lyon,wsc-2024-lyon-td.zip,done
WSC2024,WorldSkills Lyon 2024,TD,12,Wall and Floor Tiling,,en,WSC2024_TD12_en.pdf,801882,681271621a4ad4a5693d99b7579aa7cfe3709aae1b21f64a843bec34bdea1819,WSC2024/TD/12/en/WSC2024_TD12_en.pdf,https://api.worldskills.org/skillman/documents/1/skills/1686/pdf?l=en,wsc-2024-lyon,wsc-2024-lyon-td.zip,done
WSC2024,WorldSkills Lyon 2024,TD,12,Wall and Floor Tiling,,es,WSC2024_TD12_es.pdf,512024,184fae29ff9a4c5114b3215bfa4ede8e02b07abb9da6c76b7caeb85f3894cf18,WSC2024/TD/12/es/WSC2024_TD12_es.pdf,https://api.worldskills.org/skillman/documents/1/skills/1686/pdf?l=es,wsc-2024-lyon,wsc-2024-lyon-td.zip,done
WSC2024,WorldSkills Lyon 2024,TD,12,Wall and Floor Tiling,,fi,WSC2024_TD12_fi.pdf,512034,887b92482459accece65d09ebb7c87a36d21bef832224f4f7bf9456b81b0aa2e,WSC2024/TD/12/fi/WSC2024_TD12_fi.pdf,https://api.worldskills.org/skillman/documents/1/skills/1686/pdf?l=fi,wsc-2024-lyon,wsc-2024-lyon-td.zip,done
WSC2024,WorldSkills Lyon 2024,TD,12,Wall and Floor Tiling,,fr,WSC2024_TD12_fr.pdf,511605,5dcb85e41385cbb8d45cca0c2808622fe8ba0282d16174392f05900c18c75d24,WSC2024/TD/12/fr/WSC2024_TD12_fr.pdf,https://api.worldskills.org/skillman/documents/1/skills/1686/pdf?l=fr,wsc-2024-lyon,wsc-2024-lyon-td.zip,done
WSC2024,WorldSkills Lyon 2024,TD,12,Wall and Floor Tiling,,ja,WSC2024_TD12_ja.pdf,512057,3e6ba92af02d2b53064acfe327bfe61b03802cefa3304087c6ac1a637255b254,WSC2024/TD/12/ja/WSC2024_TD12_ja.pdf,https://api.worldskills.org/skillman/documents/1/skills/1686/pdf?l=ja,wsc-2024-lyon,wsc-2024-lyon-td.zip,done
WSC2024,WorldSkills Lyon 2024,TD,12,Wall and Floor Tiling,,ko,WSC2024_TD12_ko.pdf,512061,e4ad9c7781daa3a68ac5b9de6a1a4ced9fa6e337e3e750a08777eef7b8eb1c42,WSC2024/TD/12/ko/WSC2024_TD12_ko.pdf,https://api.worldskills.org/skillman/documents/1/skills/1686/pdf?l=ko,wsc-2024-lyon,wsc-2024-lyon-td.zip,done
WSC2024,WorldSkills Lyon 2024,TD,12,Wall and Floor Tiling,,pt,WSC2024_TD12_pt.pdf,512043,5e8869c0ac8c41b01f1494afc9d524cb9b8ba49d5a02408ea1b7ca35fc526812,WSC2024/TD/12/pt/WSC2024_TD12_pt.pdf,https://api.worldskills.org/skillman/documents/1/skills/1686/pdf?l=pt,wsc-2024-lyon,wsc-2024-lyon-td.zip,done
WSC2024,WorldSkills Lyon 2024,TD,12,Wall and Floor Tiling,,ru,WSC2024_TD12_ru.pdf,512039,439aec68e40dcd7a3baca008364c873373028030b60be680ffc90e934b6d1ce0,WSC2024/TD/12/ru/WSC2024_TD12_ru.pdf,https://api.worldskills.org/skillman/documents/1/skills/1686/pdf?l=ru,wsc-2024-lyon,wsc-2024-lyon-td.zip,done
WSC2024,WorldSkills Lyon 2024,TD,12,Wall and Floor Tiling,,zh,WSC2024_TD12_zh.pdf,512063,c16cf5acab837cbdc33e435ef2f5683b7a9b66f18afc83774d99e5969226e7a4,WSC2024/TD/12/zh/WSC2024_TD12_zh.pdf,https://api.worldskills.org/skillman/documents/1/skills/1686/pdf?l=zh,wsc-2024-lyon,wsc-2024-lyon-td.zip,done
WSC2024,WorldSkills Lyon 2024,TD,13,Autobody Repair,,ar,WSC2024_TD13_ar.pdf,511797,0582f36943ae65db6c02c606204334722895c54537a2baa69b20cd68e8009872,WSC2024/TD/13/ar/WSC2024_TD13_ar.pdf,https://api.worldskills.org/skillman/documents/1/skills/1671/pdf?l=ar,wsc-2024-lyon,wsc-2024-lyon-td.zip,done
WSC2024,WorldSkills Lyon 2024,TD,13,Autobody Repair,,de,WSC2024_TD13_de.pdf,511977,90a3a9b2512e96b0e39395263525a4523aa3500f14e3c54acb7a8a3479067f28,WSC2024/TD/13/de/WSC2024_TD13_de.pdf,https://api.worldskills.org/skillman/documents/1/skills/1671/pdf?l=de,wsc-2024-lyon,wsc-2024-lyon-td.zip,done
WSC2024,WorldSkills Lyon 2024,TD,13,Autobody Repair,,en,WSC2024_TD13_en.pdf,779929,68d771240ff1392f8d1ea1d0981e3c135cc02601c054b87a6ad44add5dd96e0a,WSC2024/TD/13/en/WSC2024_TD13_en.pdf,https://api.worldskills.org/skillman/documents/1/skills/1671/pdf?l=en,wsc-2024-lyon,wsc-2024-lyon-td.zip,done
WSC2024,WorldSkills Lyon 2024,TD,13,Autobody Repair,,es,WSC2024_TD13_es.pdf,511780,1e7fa1bb07fc524feb5866bcf5c896a6b6fe7dc6675cc3c41c76178237f7ea72,WSC2024/TD/13/es/WSC2024_TD13_es.pdf,https://api.worldskills.org/skillman/documents/1/skills/1671/pdf?l=es,wsc-2024-lyon,wsc-2024-lyon-td.zip,done
WSC2024,WorldSkills Lyon 2024,TD,13,Autobody Repair,,fi,WSC2024_TD13_fi.pdf,511800,05bdda96f7afb641367272e5d5af2ff2e70e150f42b980810d0e6dff2cd615e9,WSC2024/TD/13/fi/WSC2024_TD13_fi.pdf,https://api.worldskills.org/skillman/documents/1/skills/1671/pdf?l=fi,wsc-2024-lyon,wsc-2024-lyon-td.zip,done
WSC2024,WorldSkills Lyon 2024,TD,13,Autobody Repair,,fr,WSC2024_TD13_fr.pdf,512121,b4607a115814968625182131517959f6adcf7b1d65cf1cc0e72f7df25b55ae44,WSC2024/TD/13/fr/WSC2024_TD13_fr.pdf,https://api.worldskills.org/skillman/documents/1/skills/1671/pdf?l=fr,wsc-2024-lyon,wsc-2024-lyon-td.zip,done
WSC2024,WorldSkills Lyon 2024,TD,13,Autobody Repair,,ja,WSC2024_TD13_ja.pdf,511818,57349de8aff9b51ea5f5294ab0cf8257e911974e74ee7fe167e8d2782dbfffb0,WSC2024/TD/13/ja/WSC2024_TD13_ja.pdf,https://api.worldskills.org/skillman/documents/1/skills/1671/pdf?l=ja,wsc-2024-lyon,wsc-2024-lyon-td.zip,done
WSC2024,WorldSkills Lyon 2024,TD,13,Autobody Repair,,ko,WSC2024_TD13_ko.pdf,511813,cf02c37b9aeef1e478deb205cac27037775d5544a1cda74dc6b5935505113e7e,WSC2024/TD/13/ko/WSC2024_TD13_ko.pdf,https://api.worldskills.org/skillman/documents/1/skills/1671/pdf?l=ko,wsc-2024-lyon,wsc-2024-lyon-td.zip,done
WSC2024,WorldSkills Lyon 2024,TD,13,Autobody Repair,,pt,WSC2024_TD13_pt.pdf,511796,6f7b7ced55819497d668967230e19aa29bbea396b5cf23f9fda9512e91df292f,WSC2024/TD/13/pt/WSC2024_TD13_pt.pdf,https://api.worldskills.org/skillman/documents/1/skills/1671/pdf?l=pt,wsc-2024-lyon,wsc-2024-lyon-td.zip,done
WSC2024,WorldSkills Lyon 2024,TD,13,Autobody Repair,,ru,WSC2024_TD13_ru.pdf,511802,e16cceb299d1a9a360acd459d3cdd3664b0f50f18f233b839fdd813b69fa552e,WSC2024/TD/13/ru/WSC2024_TD13_ru.pdf,https://api.worldskills.org/skillman/documents/1/skills/1671/pdf?l=ru,wsc-2024-lyon,wsc-2024-lyon-td.zip,done
WSC2024,WorldSkills Lyon 2024,TD,13,Autobody Repair,,zh,WSC2024_TD13_zh.pdf,511814,7b2b8ef125bd02b2157c7b0dd6ddb4dc38cda938e40ea0fa4d8f8e8eb63b7a5d,WSC2024/TD/13/zh/WSC2024_TD13_zh.pdf,https://api.worldskills.org/skillman/documents/1/skills/1671/pdf?l=zh,wsc-2024-lyon,wsc-2024-lyon-td.zip,done
WSC2024,WorldSkills Lyon 2024,TD,14,Aircraft Maintenance,,ar,WSC2024_TD14_ar.pdf,512013,29e60bd54286398c51a37e304a705d809bc1c0fa9f262d5a36e73be0206ce6a0,WSC2024/TD/14/ar/WSC2024_TD14_ar.pdf,https://api.worldskills.org/skillman/documents/1/skills/1673/pdf?l=ar,wsc-2024-lyon,wsc-2024-lyon-td.zip,done
WSC2024,WorldSkills Lyon 2024,TD,14,Aircraft Maintenance,,de,WSC2024_TD14_de.pdf,512069,da5e0116406317dfdb39bb63f20bd51d059f498e6289f5f5b91caf3540d97015,WSC2024/TD/14/de/WSC2024_TD14_de.pdf,https://api.worldskills.org/skillman/documents/1/skills/1673/pdf?l=de,wsc-2024-lyon,wsc-2024-lyon-td.zip,done
WSC2024,WorldSkills Lyon 2024,TD,14,Aircraft Maintenance,,en,WSC2024_TD14_en.pdf,729839,2761e3fe81babd70c4121b4aae3fb7c0ece361ecb9d12ca644a33b36bd365592,WSC2024/TD/14/en/WSC2024_TD14_en.pdf,https://api.worldskills.org/skillman/documents/1/skills/1673/pdf?l=en,wsc-2024-lyon,wsc-2024-lyon-td.zip,done
WSC2024,WorldSkills Lyon 2024,TD,14,Aircraft Maintenance,,es,WSC2024_TD14_es.pdf,511994,1c4030bbc41ff14471787b14d41410b32adfda326179af0464b760e094723cad,WSC2024/TD/14/es/WSC2024_TD14_es.pdf,https://api.worldskills.org/skillman/documents/1/skills/1673/pdf?l=es,wsc-2024-lyon,wsc-2024-lyon-td.zip,done
WSC2024,WorldSkills Lyon 2024,TD,14,Aircraft Maintenance,,fi,WSC2024_TD14_fi.pdf,512011,64d1f48a6ff5a5c355c24b2bcf7df5f16c6b739cca5e04967525335eb1f78592,WSC2024/TD/14/fi/WSC2024_TD14_fi.pdf,https://api.worldskills.org/skillman/documents/1/skills/1673/pdf?l=fi,wsc-2024-lyon,wsc-2024-lyon-td.zip,done
WSC2024,WorldSkills Lyon 2024,TD,14,Aircraft Maintenance,,fr,WSC2024_TD14_fr.pdf,512346,effe58241f11a577b185d8b79e70cf479fe01f156f9c820509d5ca66d239090e,WSC2024/TD/14/fr/WSC2024_TD14_fr.pdf,https://api.worldskills.org/skillman/documents/1/skills/1673/pdf?l=fr,wsc-2024-lyon,wsc-2024-lyon-td.zip,done
WSC2024,WorldSkills Lyon 2024,TD,14,Aircraft Maintenance,,ja,WSC2024_TD14_ja.pdf,512029,294c578081864ed9924d07b299637c1c3c4ca471d8abaaf077cafe56152d4d6a,WSC2024/TD/14/ja/WSC2024_TD14_ja.pdf,https://api.worldskills.org/skillman/documents/1/skills/1673/pdf?l=ja,wsc-2024-lyon,wsc-2024-lyon-td.zip,done
WSC2024,WorldSkills Lyon 2024,TD,14,Aircraft Maintenance,,ko,WSC2024_TD14_ko.pdf,512031,b1e916c158342fe780536e4713f38551946649d035d0df2fb877475576e4abd8,WSC2024/TD/14/ko/WSC2024_TD14_ko.pdf,https://api.worldskills.org/skillman/documents/1/skills/1673/pdf?l=ko,wsc-2024-lyon,wsc-2024-lyon-td.zip,done
WSC2024,WorldSkills Lyon 2024,TD,14,Aircraft Maintenance,,pt,WSC2024_TD14_pt.pdf,512016,d9693d64d699a0034b467bc79d9401d7fb34af84be6d732670bd6de6ef17f5e6,WSC2024/TD/14/pt/WSC2024_TD14_pt.pdf,https://api.worldskills.org/skillman/documents/1/skills/1673/pdf?l=pt,wsc-2024-lyon,wsc-2024-lyon-td.zip,done
WSC2024,WorldSkills Lyon 2024,TD,14,Aircraft Maintenance,,ru,WSC2024_TD14_ru.pdf,512018,8bd4e8026d7dea1376b9149133465a1101e2bd5eb141b3e394f588769cc24f31,WSC2024/TD/14/ru/WSC2024_TD14_ru.pdf,https://api.worldskills.org/skillman/documents/1/skills/1673/pdf?l=ru,wsc-2024-lyon,wsc-2024-lyon-td.zip,done
WSC2024,WorldSkills Lyon 2024,TD,14,Aircraft Maintenance,,zh,WSC2024_TD14_zh.pdf,512025,b9cb1a863a90f2378a0b408168d9d3bd07f0c7647939ee3775acd82faf7c6a21,WSC2024/TD/14/zh/WSC2024_TD14_zh.pdf,https://api.worldskills.org/skillman/documents/1/skills/1673/pdf?l=zh,wsc-2024-lyon,wsc-2024-lyon-td.zip,done
WSC2024,WorldSkills Lyon 2024,TD,15,Plumbing and Heating,,ar,WSC2024_TD15_ar.pdf,511859,858475ec5a026f445b73336ce28419b6adb90ece5dea005a4a7b71bcfb97c069,WSC2024/TD/15/ar/WSC2024_TD15_ar.pdf,https://api.worldskills.org/skillman/documents/1/skills/1687/pdf?l=ar,wsc-2024-lyon,wsc-2024-lyon-td.zip,done
WSC2024,WorldSkills Lyon 2024,TD,15,Plumbing and Heating,,de,WSC2024_TD15_de.pdf,512487,6c80da27cf4198349c6a0b7c0743d42cef642508cfa23b1fc0055ec7a3fe8e74,WSC2024/TD/15/de/WSC2024_TD15_de.pdf,https://api.worldskills.org/skillman/documents/1/skills/1687/pdf?l=de,wsc-2024-lyon,wsc-2024-lyon-td.zip,done
WSC2024,WorldSkills Lyon 2024,TD,15,Plumbing and Heating,,en,WSC2024_TD15_en.pdf,718145,cccd82acd8b18b239c052f74bc00f0a0608b7112e83a4b1c10e5d40a6a92135c,WSC2024/TD/15/en/WSC2024_TD15_en.pdf,https://api.worldskills.org/skillman/documents/1/skills/1687/pdf?l=en,wsc-2024-lyon,wsc-2024-lyon-td.zip,done
WSC2024,WorldSkills Lyon 2024,TD,15,Plumbing and Heating,,es,WSC2024_TD15_es.pdf,511839,08ce16e8254134d3f6e88d67bee2b719d708cd888dc515d8b689b1e4f5ee8c41,WSC2024/TD/15/es/WSC2024_TD15_es.pdf,https://api.worldskills.org/skillman/documents/1/skills/1687/pdf?l=es,wsc-2024-lyon,wsc-2024-lyon-td.zip,done
WSC2024,WorldSkills Lyon 2024,TD,15,Plumbing and Heating,,fi,WSC2024_TD15_fi.pdf,511859,2932d1da3deb3be2c3b35cbbc1600f0965df00ece91399482bf31e125d6ba0d8,WSC2024/TD/15/fi/WSC2024_TD15_fi.pdf,https://api.worldskills.org/skillman/documents/1/skills/1687/pdf?l=fi,wsc-2024-lyon,wsc-2024-lyon-td.zip,done
WSC2024,WorldSkills Lyon 2024,TD,15,Plumbing and Heating,,fr,WSC2024_TD15_fr.pdf,511981,89b4c35cb7599f7eec468f044f35d4f4ea8566ce743471c5a8b722ede3e96bc7,WSC2024/TD/15/fr/WSC2024_TD15_fr.pdf,https://api.worldskills.org/skillman/documents/1/skills/1687/pdf?l=fr,wsc-2024-lyon,wsc-2024-lyon-td.zip,done
WSC2024,WorldSkills Lyon 2024,TD,15,Plumbing and Heating,,ja,WSC2024_TD15_ja.pdf,511879,7f762f2c431c1c55036da5971732b452a000439cd3543554dfa9d9589fba36ad,WSC2024/TD/15/ja/WSC2024_TD15_ja.pdf,https://api.worldskills.org/skillman/documents/1/skills/1687/pdf?l=ja,wsc-2024-lyon,wsc-2024-lyon-td.zip,done
WSC2024,WorldSkills Lyon 2024,TD,15,Plumbing and Heating,,ko,WSC2024_TD15_ko.pdf,511875,61bdbbb821ac50190da7afc9cadd5fc46820ed62539e40c585f2564c24fd35fc,WSC2024/TD/15/ko/WSC2024_TD15_ko.pdf,https://api.worldskills.org/skillman/documents/1/skills/1687/pdf?l=ko,wsc-2024-lyon,wsc-2024-lyon-td.zip,done
WSC2024,WorldSkills Lyon 2024,TD,15,Plumbing and Heating,,pt,WSC2024_TD15_pt.pdf,511861,2cd52bded5d5e6fe9de739ce15b46bdf5b68b38b8233af4ba4dd21b37bab4671,WSC2024/TD/15/pt/WSC2024_TD15_pt.pdf,https://api.worldskills.org/skillman/documents/1/skills/1687/pdf?l=pt,wsc-2024-lyon,wsc-2024-lyon-td.zip,done
WSC2024,WorldSkills Lyon 2024,TD,15,Plumbing and Heating,,ru,WSC2024_TD15_ru.pdf,511862,27ca412121d37514dcf0891c81f2909462a022d9135343cfd33ccb102230e853,WSC2024/TD/15/ru/WSC2024_TD15_ru.pdf,https://api.worldskills.org/skillman/documents/1/skills/1687/pdf?l=ru,wsc-2024-lyon,wsc-2024-lyon-td.zip,done
WSC2024,WorldSkills Lyon 2024,TD,15,Plumbing and Heating,,zh,WSC2024_TD15_zh.pdf,511879,39c3ccc44fe312e9e186e3d3134a93083fc947a74547207908753ae48be17f71,WSC2024/TD/15/zh/WSC2024_TD15_zh.pdf,https://api.worldskills.org/skillman/documents/1/skills/1687/pdf?l=zh,wsc-2024-lyon,wsc-2024-lyon-td.zip,done
WSC2024,WorldSkills Lyon 2024,TD,16,Electronics,,ar,WSC2024_TD16_ar.pdf,511688,64875fe13fc633b77c1b97f126567cf93e9cc2315737e86892a6c099297e294f,WSC2024/TD/16/ar/WSC2024_TD16_ar.pdf,https://api.worldskills.org/skillman/documents/1/skills/1688/pdf?l=ar,wsc-2024-lyon,wsc-2024-lyon-td.zip,done
WSC2024,WorldSkills Lyon 2024,TD,16,Electronics,,de,WSC2024_TD16_de.pdf,511755,82314f222125087a560b172cf3ee47786cdc65dd76fa66b7883bd753265afddb,WSC2024/TD/16/de/WSC2024_TD16_de.pdf,https://api.worldskills.org/skillman/documents/1/skills/1688/pdf?l=de,wsc-2024-lyon,wsc-2024-lyon-td.zip,done
WSC2024,WorldSkills Lyon 2024,TD,16,Electronics,,en,WSC2024_TD16_en.pdf,794629,dcaf637848ae2d1f20d0b6c7981bd29fcadfbfd9392d0dd11f89ed6c1d831766,WSC2024/TD/16/en/WSC2024_TD16_en.pdf,https://api.worldskills.org/skillman/documents/1/skills/1688/pdf?l=en,wsc-2024-lyon,wsc-2024-lyon-td.zip,done
WSC2024,WorldSkills Lyon 2024,TD,16,Electronics,,es,WSC2024_TD16_es.pdf,511660,2989649ffe99b449cf564eb21377839b41d1625b292547e85fc9a6adef1b09de,WSC2024/TD/16/es/WSC2024_TD16_es.pdf,https://api.worldskills.org/skillman/documents/1/skills/1688/pdf?l=es,wsc-2024-lyon,wsc-2024-lyon-td.zip,done
WSC2024,WorldSkills Lyon 2024,TD,16,Electronics,,fi,WSC2024_TD16_fi.pdf,511681,d20f02353be0ec52ed5c45b0a6afd8cb5db2915604905ece828e7cf70c8063c8,WSC2024/TD/16/fi/WSC2024_TD16_fi.pdf,https://api.worldskills.org/skillman/documents/1/skills/1688/pdf?l=fi,wsc-2024-lyon,wsc-2024-lyon-td.zip,done
WSC2024,WorldSkills Lyon 2024,TD,16,Electronics,,fr,WSC2024_TD16_fr.pdf,511949,573acaec6984d066e869f42fe41d8e6ef36c7e3dd80223663c9e8561a6d440f1,WSC2024/TD/16/fr/WSC2024_TD16_fr.pdf,https://api.worldskills.org/skillman/documents/1/skills/1688/pdf?l=fr,wsc-2024-lyon,wsc-2024-lyon-td.zip,done
WSC2024,WorldSkills Lyon 2024,TD,16,Electronics,,ja,WSC2024_TD16_ja.pdf,511704,4a953dfd4174411ecf7819670917dfff7bb29e7454b67472521c9e822417d024,WSC2024/TD/16/ja/WSC2024_TD16_ja.pdf,https://api.worldskills.org/skillman/documents/1/skills/1688/pdf?l=ja,wsc-2024-lyon,wsc-2024-lyon-td.zip,done
WSC2024,WorldSkills Lyon 2024,TD,16,Electronics,,ko,WSC2024_TD16_ko.pdf,511712,80a2cd14194e6b22e562c64e80b427e1277484137fe0aaa77c7aad2ce7ec88a7,WSC2024/TD/16/ko/WSC2024_TD16_ko.pdf,https://api.worldskills.org/skillman/documents/1/skills/1688/pdf?l=ko,wsc-2024-lyon,wsc-2024-lyon-td.zip,done
WSC2024,WorldSkills Lyon 2024,TD,16,Electronics,,pt,WSC2024_TD16_pt.pdf,511693,f140e0f00478a16bde1f96e904ddc3d12eee6c137f4eff8fadaf399513615842,WSC2024/TD/16/pt/WSC2024_TD16_pt.pdf,https://api.worldskills.org/skillman/documents/1/skills/1688/pdf?l=pt,wsc-2024-lyon,wsc-2024-lyon-td.zip,done
WSC2024,WorldSkills Lyon 2024,TD,16,Electronics,,ru,WSC2024_TD16_ru.pdf,511687,e56d298356fad30c4e36820ed0e6e9dc44f975d108cab6189dd3917c994f0dec,WSC2024/TD/16/ru/WSC2024_TD16_ru.pdf,https://api.worldskills.org/skillman/documents/1/skills/1688/pdf?l=ru,wsc-2024-lyon,wsc-2024-lyon-td.zip,done
WSC2024,WorldSkills Lyon 2024,TD,16,Electronics,,zh,WSC2024_TD16_zh.pdf,511713,67eebc9802eceac4a8cd7d28b3fb9fe1aa2b43fc94d226a8fd91f06fa88c88a3,WSC2024/TD/16/zh/WSC2024_TD16_zh.pdf,https://api.worldskills.org/skillman/documents/1/skills/1688/pdf?l=zh,wsc-2024-lyon,wsc-2024-lyon-td.zip,done
WSC2024,WorldSkills Lyon 2024,TD,17,Web Technologies,,ar,WSC2024_TD17_ar.pdf,512082,fd1e2cfa752c35852af336d240800d20e8ef8c358ea4d5995b81c7423215a4d1,WSC2024/TD/17/ar/WSC2024_TD17_ar.pdf,https://api.worldskills.org/skillman/documents/1/skills/1693/pdf?l=ar,wsc-2024-lyon,wsc-2024-lyon-td.zip,done
WSC2024,WorldSkills Lyon 2024,TD,17,Web Technologies,,de,WSC2024_TD17_de.pdf,511783,927bad94a7d92050f3499c06e119f4e2080fed8d4e95fa0335f463f05606f551,WSC2024/TD/17/de/WSC2024_TD17_de.pdf,https://api.worldskills.org/skillman/documents/1/skills/1693/pdf?l=de,wsc-2024-lyon,wsc-2024-lyon-td.zip,done
WSC2024,WorldSkills Lyon 2024,TD,17,Web Technologies,,en,WSC2024_TD17_en.pdf,884400,484878c95ae06bbf13fdc5785bdbafe3a68f591d8070426d8dbd5b87320fc547,WSC2024/TD/17/en/WSC2024_TD17_en.pdf,https://api.worldskills.org/skillman/documents/1/skills/1693/pdf?l=en,wsc-2024-lyon,wsc-2024-lyon-td.zip,done
WSC2024,WorldSkills Lyon 2024,TD,17,Web Technologies,,es,WSC2024_TD17_es.pdf,512056,594b4ddd76bb459c2f1469d30aca9dec9be4faa68d6095dfd07369c96307ea9f,WSC2024/TD/17/es/WSC2024_TD17_es.pdf,https://api.worldskills.org/skillman/documents/1/skills/1693/pdf?l=es,wsc-2024-lyon,wsc-2024-lyon-td.zip,done
WSC2024,WorldSkills Lyon 2024,TD,17,Web Technologies,,fi,WSC2024_TD17_fi.pdf,512083,fcbb9b10b18e29d2f74925f77686fdcbee63dc8108efb6a1d43be29da5b8a108,WSC2024/TD/17/fi/WSC2024_TD17_fi.pdf,https://api.worldskills.org/skillman/documents/1/skills/1693/pdf?l=fi,wsc-2024-lyon,wsc-2024-lyon-td.zip,done
WSC2024,WorldSkills Lyon 2024,TD,17,Web Technologies,,fr,WSC2024_TD17_fr.pdf,512082,55082a522ac140872521bb5dd1574d79dd6f78ff3171234104f0feeadf7da537,WSC2024/TD/17/fr/WSC2024_TD17_fr.pdf,https://api.worldskills.org/skillman/documents/1/skills/1693/pdf?l=fr,wsc-2024-lyon,wsc-2024-lyon-td.zip,done
WSC2024,WorldSkills Lyon 2024,TD,17,Web Technologies,,ja,WSC2024_TD17_ja.pdf,512103,a507e5cc925782f1ae379fb7eb26f00452dc6a042236c2051ac03e2617535593,WSC2024/TD/17/ja/WSC2024_TD17_ja.pdf,https://api.worldskills.org/skillman/documents/1/skills/1693/pdf?l=ja,wsc-2024-lyon,wsc-2024-lyon-td.zip,done
WSC2024,WorldSkills Lyon 2024,TD,17,Web Technologies,,ko,WSC2024_TD17_ko.pdf,512102,ad8bb93d20b28dff1f747cc0d6d8cc6307071edaae93d1f38325421ffd1fd893,WSC2024/TD/17/ko/WSC2024_TD17_ko.pdf,https://api.worldskills.org/skillman/documents/1/skills/1693/pdf?l=ko,wsc-2024-lyon,wsc-2024-lyon-td.zip,done
WSC2024,WorldSkills Lyon 2024,TD,17,Web Technologies,,pt,WSC2024_TD17_pt.pdf,512084,cffec0eb39505516d9a55894c0dc8514e98f2edae2236044f605c2567700b390,WSC2024/TD/17/pt/WSC2024_TD17_pt.pdf,https://api.worldskills.org/skillman/documents/1/skills/1693/pdf?l=pt,wsc-2024-lyon,wsc-2024-lyon-td.zip,done
WSC2024,WorldSkills Lyon 2024,TD,17,Web Technologies,,ru,WSC2024_TD17_ru.pdf,512084,a96cc60cad48b3e9e58109250647da6e86b470805a12dab95b7abc1cc64c49b5,WSC2024/TD/17/ru/WSC2024_TD17_ru.pdf,https://api.worldskills.org/skillman/documents/1/skills/1693/pdf?l=ru,wsc-2024-lyon,wsc-2024-lyon-td.zip,done
WSC2024,WorldSkills Lyon 2024,TD,17,Web Technologies,,zh,WSC2024_TD17_zh.pdf,512095,5ed8a08089c988395d01cdfbc8165a9b5af9c8fc6c274c323c5875542c6c4b8a,WSC2024/TD/17/zh/WSC2024_TD17_zh.pdf,https://api.worldskills.org/skillman/documents/1/skills/1693/pdf?l=zh,wsc-2024-lyon,wsc-2024-lyon-td.zip,done
WSC2024,WorldSkills Lyon 2024,TD,18,Electrical Installations,,ar,WSC2024_TD18_ar.pdf,511895,3078c299cb947f926c93ae7b72c71ce9c39f82fa53bbfde4472c46faa75fed2f,WSC2024/TD/18/ar/WSC2024_TD18_ar.pdf,https://api.worldskills.org/skillman/documents/1/skills/1677/pdf?l=ar,wsc-2024-lyon,wsc-2024-lyon-td.zip,done
WSC2024,WorldSkills Lyon 2024,TD,18,Electrical Installations,,de,WSC2024_TD18_de.pdf,511755,c8674ba4937b8f06072356d072a1d8404136eb37150d87b3a0f59bd17cca3d88,WSC2024/TD/18/de/WSC2024_TD18_de.pdf,https://api.worldskills.org/skillman/documents/1/skills/1677/pdf?l=de,wsc-2024-lyon,wsc-2024-lyon-td.zip,done
WSC2024,WorldSkills Lyon 2024,TD,18,Electrical Installations,,en,WSC2024_TD18_en.pdf,854761,3beb8267e0c5908292cb348d0286b523c16c18c4d0f264173bf5a75b5c43d6b3,WSC2024/TD/18/en/WSC2024_TD18_en.pdf,https://api.worldskills.org/skillman/documents/1/skills/1677/pdf?l=en,wsc-2024-lyon,wsc-2024-lyon-td.zip,done
WSC2024,WorldSkills Lyon 2024,TD,18,Electrical Installations,,es,WSC2024_TD18_es.pdf,511870,5b1ba16473b5eadf8fbf146e8ae53bfa322782e4f349cfcef2007b511044ec8f,WSC2024/TD/18/es/WSC2024_TD18_es.pdf,https://api.worldskills.org/skillman/documents/1/skills/1677/pdf?l=es,wsc-2024-lyon,wsc-2024-lyon-td.zip,done
WSC2024,WorldSkills Lyon 2024,TD,18,Electrical Installations,,fi,WSC2024_TD18_fi.pdf,511886,c49fcea177ce9823778e71eac4026c6c6b2b644513bbb3317fd5189046fa199d,WSC2024/TD/18/fi/WSC2024_TD18_fi.pdf,https://api.worldskills.org/skillman/documents/1/skills/1677/pdf?l=fi,wsc-2024-lyon,wsc-2024-lyon-td.zip,done
WSC2024,WorldSkills Lyon 2024,TD,18,Electrical Installations,,fr,WSC2024_TD18_fr.pdf,512124,8af38b111eb711fe29946f45e5335b57416b345e4e75699a298b74431e7f7494,WSC2024/TD/18/fr/WSC2024_TD18_fr.pdf,https://api.worldskills.org/skillman/documents/1/skills/1677/pdf?l=fr,wsc-2024-lyon,wsc-2024-lyon-td.zip,done
WSC2024,WorldSkills Lyon 2024,TD,18,Electrical Installations,,ja,WSC2024_TD18_ja.pdf,511905,68b0aeb17821277043c5a0d6654933daa62f4e3540bba1c90aab6605de4b308b,WSC2024/TD/18/ja/WSC2024_TD18_ja.pdf,https://api.worldskills.org/skillman/documents/1/skills/1677/pdf?l=ja,wsc-2024-lyon,wsc-2024-lyon-td.zip,done
WSC2024,WorldSkills Lyon 2024,TD,18,Electrical Installations,,ko,WSC2024_TD18_ko.pdf,511912,0022a0a1f1f6096947e3c79f246721e759f6663382ed2cc992ed15469ef5eba2,WSC2024/TD/18/ko/WSC2024_TD18_ko.pdf,https://api.worldskills.org/skillman/documents/1/skills/1677/pdf?l=ko,wsc-2024-lyon,wsc-2024-lyon-td.zip,done
WSC2024,WorldSkills Lyon 2024,TD,18,Electrical Installations,,pt,WSC2024_TD18_pt.pdf,511896,8bf4fb62b1f84a52ed667c28bbcd680cc6f6fad1c578b35b7b6e71ed6f2b835b,WSC2024/TD/18/pt/WSC2024_TD18_pt.pdf,https://api.worldskills.org/skillman/documents/1/skills/1677/pdf?l=pt,wsc-2024-lyon,wsc-2024-lyon-td.zip,done
WSC2024,WorldSkills Lyon 2024,TD,18,Electrical Installations,,ru,WSC2024_TD18_ru.pdf,511900,3b2f3309e30cf36d412776e0ac8dfbc8e67dcec4078a13b8ea3291202a2b1009,WSC2024/TD/18/ru/WSC2024_TD18_ru.pdf,https://api.worldskills.org/skillman/documents/1/skills/1677/pdf?l=ru,wsc-2024-lyon,wsc-2024-lyon-td.zip,done
WSC2024,WorldSkills Lyon 2024,TD,18,Electrical Installations,,zh,WSC2024_TD18_zh.pdf,511914,7ff0f52dfc67a4d8d8450ba61dc0a72589a2b5aee3176e62c0bf544105c34135,WSC2024/TD/18/zh/WSC2024_TD18_zh.pdf,https://api.worldskills.org/skillman/documents/1/skills/1677/pdf?l=zh,wsc-2024-lyon,wsc-2024-lyon-td.zip,done
WSC2024,WorldSkills Lyon 2024,TD,19,Industrial Control,,ar,WSC2024_TD19_ar.pdf,511735,9a4bbde405ddd489857ad3e22a98c489a0f573b6bb35306e5babe42072bbdce1,WSC2024/TD/19/ar/WSC2024_TD19_ar.pdf,https://api.worldskills.org/skillman/documents/1/skills/1683/pdf?l=ar,wsc-2024-lyon,wsc-2024-lyon-td.zip,done
WSC2024,WorldSkills Lyon 2024,TD,19,Industrial Control,,de,WSC2024_TD19_de.pdf,511738,1a357b0bacbbd8de884944aa4fd2a663fa5e446c79d99fb98ac8ab4898502a23,WSC2024/TD/19/de/WSC2024_TD19_de.pdf,https://api.worldskills.org/skillman/documents/1/skills/1683/pdf?l=de,wsc-2024-lyon,wsc-2024-lyon-td.zip,done
WSC2024,WorldSkills Lyon 2024,TD,19,Industrial Control,,en,WSC2024_TD19_en.pdf,738603,7d26c3c6ef5005c7532e7bfbbccc0dd35b7277292cab931598b981fdb5508d7f,WSC2024/TD/19/en/WSC2024_TD19_en.pdf,https://api.worldskills.org/skillman/documents/1/skills/1683/pdf?l=en,wsc-2024-lyon,wsc-2024-lyon-td.zip,done
WSC2024,WorldSkills Lyon 2024,TD,19,Industrial Control,,es,WSC2024_TD19_es.pdf,511712,4054279cf2f9294ff519cd821c3c13a1d4d30a0af5a6008443f353d093fc50f6,WSC2024/TD/19/es/WSC2024_TD19_es.pdf,https://api.worldskills.org/skillman/documents/1/skills/1683/pdf?l=es,wsc-2024-lyon,wsc-2024-lyon-td.zip,done
WSC2024,WorldSkills Lyon 2024,TD,19,Industrial Control,,fi,WSC2024_TD19_fi.pdf,511735,566b0fdb1692f98ff172b0d7467f46b24f953ddc725fe9873b1a6ed6aedd2833,WSC2024/TD/19/fi/WSC2024_TD19_fi.pdf,https://api.worldskills.org/skillman/documents/1/skills/1683/pdf?l=fi,wsc-2024-lyon,wsc-2024-lyon-td.zip,done
WSC2024,WorldSkills Lyon 2024,TD,19,Industrial Control,,fr,WSC2024_TD19_fr.pdf,512037,742b44b6c380e6229cba15f8046ef1d8fb28161b80222410a3e31abfa1396ee1,WSC2024/TD/19/fr/WSC2024_TD19_fr.pdf,https://api.worldskills.org/skillman/documents/1/skills/1683/pdf?l=fr,wsc-2024-lyon,wsc-2024-lyon-td.zip,done
WSC2024,WorldSkills Lyon 2024,TD,19,Industrial Control,,ja,WSC2024_TD19_ja.pdf,511754,0aa6a38c1a6c745a4ee245c6214c06dc781df9a5e55321aedb2b2d535317c66b,WSC2024/TD/19/ja/WSC2024_TD19_ja.pdf,https://api.worldskills.org/skillman/documents/1/skills/1683/pdf?l=ja,wsc-2024-lyon,wsc-2024-lyon-td.zip,done
WSC2024,WorldSkills Lyon 2024,TD,19,Industrial Control,,ko,WSC2024_TD19_ko.pdf,511756,b7af3b171f22a59ce5bf699ad6d2bd9c6015295b9e88b4468ab011d29f9eaed7,WSC2024/TD/19/ko/WSC2024_TD19_ko.pdf,https://api.worldskills.org/skillman/documents/1/skills/1683/pdf?l=ko,wsc-2024-lyon,wsc-2024-lyon-td.zip,done
WSC2024,WorldSkills Lyon 2024,TD,19,Industrial Control,,pt,WSC2024_TD19_pt.pdf,511741,ccb1a034e1ac144c55b3cbdb47872baf08421ed77e2c95829fe46f314170f44f,WSC2024/TD/19/pt/WSC2024_TD19_pt.pdf,https://api.worldskills.org/skillman/documents/1/skills/1683/pdf?l=pt,wsc-2024-lyon,wsc-2024-lyon-td.zip,done
WSC2024,WorldSkills Lyon 2024,TD,19,Industrial Control,,ru,WSC2024_TD19_ru.pdf,511737,79f36d3ec7500cff6e3b0ff07e25203834cbb563cfdae48fa3997cae7060211e,WSC2024/TD/19/ru/WSC2024_TD19_ru.pdf,https://api.worldskills.org/skillman/documents/1/skills/1683/pdf?l=ru,wsc-2024-lyon,wsc-2024-lyon-td.zip,done
WSC2024,WorldSkills Lyon 2024,TD,19,Industrial Control,,zh,WSC2024_TD19_zh.pdf,511758,516c29854e79a924f65402cbbd7707f958a229395217d95ab9fa369c765b18ed,WSC2024/TD/19/zh/WSC2024_TD19_zh.pdf,https://api.worldskills.org/skillman/documents/1/skills/1683/pdf?l=zh,wsc-2024-lyon,wsc-2024-lyon-td.zip,done
WSC2024,WorldSkills Lyon 2024,TD,20,Bricklaying,,ar,WSC2024_TD20_ar.pdf,511811,ff8eb945d29cda4dac8fbcfbe016828fc885fc2bf30770d3d04337d16c59fbae,WSC2024/TD/20/ar/WSC2024_TD20_ar.pdf,https://api.worldskills.org/skillman/documents/1/skills/1695/pdf?l=ar,wsc-2024-lyon,wsc-2024-lyon-td.zip,done
WSC2024,WorldSkills Lyon 2024,TD,20,Bricklaying,,de,WSC2024_TD20_de.pdf,511624,70c05ce37b9af9189a1cfcdc808bd84fb9ebf72abbe0a4b1c8cf3949851c40e2,WSC2024/TD/20/de/WSC2024_TD20_de.pdf,https://api.worldskills.org/skillman/documents/1/skills/1695/pdf?l=de,wsc-2024-lyon,wsc-2024-lyon-td.zip,done
WSC2024,WorldSkills Lyon 2024,TD,20,Bricklaying,,en,WSC2024_TD20_en.pdf,1013715,c698e19a1ceba414001fc862408f0e50f46114cf59b714084d85d6d7f0a1ffe5,WSC2024/TD/20/en/WSC2024_TD20_en.pdf,https://api.worldskills.org/skillman/documents/1/skills/1695/pdf?l=en,wsc-2024-lyon,wsc-2024-lyon-td.zip,done
WSC2024,WorldSkills Lyon 2024,TD,20,Bricklaying,,es,WSC2024_TD20_es.pdf,511793,eb37934cd19b7c4d0f881afafba099dcfee3b198e632db0eef088c27697eb51b,WSC2024/TD/20/es/WSC2024_TD20_es.pdf,https://api.worldskills.org/skillman/documents/1/skills/1695/pdf?l=es,wsc-2024-lyon,wsc-2024-lyon-td.zip,done
WSC2024,WorldSkills Lyon 2024,TD,20,Bricklaying,,fi,WSC2024_TD20_fi.pdf,511809,95eb3184d59f9bc462ebd63dfb23c26e2bc7f048983f95dcadf751eae461fbe1,WSC2024/TD/20/fi/WSC2024_TD20_fi.pdf,https://api.worldskills.org/skillman/documents/1/skills/1695/pdf?l=fi,wsc-2024-lyon,wsc-2024-lyon-td.zip,done
WSC2024,WorldSkills Lyon 2024,TD,20,Bricklaying,,fr,WSC2024_TD20_fr.pdf,511934,70c8857c0a5f0163f62eef3964dbc3c87e94fc2ab180d30401da906ef80bbc9e,WSC2024/TD/20/fr/WSC2024_TD20_fr.pdf,https://api.worldskills.org/skillman/documents/1/skills/1695/pdf?l=fr,wsc-2024-lyon,wsc-2024-lyon-td.zip,done
WSC2024,WorldSkills Lyon 2024,TD,20,Bricklaying,,ja,WSC2024_TD20_ja.pdf,511816,e26a14c222d40bba0157126bffc9fc80d18a22f08d5ee4ddaa102611c892cc24,WSC2024/TD/20/ja/WSC2024_TD20_ja.pdf,https://api.worldskills.org/skillman/documents/1/skills/1695/pdf?l=ja,wsc-2024-lyon,wsc-2024-lyon-td.zip,done
WSC2024,WorldSkills Lyon 2024,TD,20,Bricklaying,,ko,WSC2024_TD20_ko.pdf,511830,f335e9b5d377beedfe2572dd47c229ab665bff85ca2cb3296510db65af72a09d,WSC2024/TD/20/ko/WSC2024_TD20_ko.pdf,https://api.worldskills.org/skillman/documents/1/skills/1695/pdf?l=ko,wsc-2024-lyon,wsc-2024-lyon-td.zip,done
WSC2024,WorldSkills Lyon 2024,TD,20,Bricklaying,,pt,WSC2024_TD20_pt.pdf,511809,0fb47ec1d16ee769619ed26c4aafdf4bc1d6676e68f24e38474d04e613bd80b5,WSC2024/TD/20/pt/WSC2024_TD20_pt.pdf,https://api.worldskills.org/skillman/documents/1/skills/1695/pdf?l=pt,wsc-2024-lyon,wsc-2024-lyon-td.zip,done
WSC2024,WorldSkills Lyon 2024,TD,20,Bricklaying,,ru,WSC2024_TD20_ru.pdf,511801,a3c464d32ad61252855399cc2ce770a716aff8e4daecee97ebaa5d6e1132febf,WSC2024/TD/20/ru/WSC2024_TD20_ru.pdf,https://api.worldskills.org/skillman/documents/1/skills/1695/pdf?l=ru,wsc-2024-lyon,wsc-2024-lyon-td.zip,done
WSC2024,WorldSkills Lyon 2024,TD,20,Bricklaying,,zh,WSC2024_TD20_zh.pdf,511816,8dcc2d4f3010f75b014df9dded5b0d4ba5e02252786f5e27a7ec57109e4fb0e1,WSC2024/TD/20/zh/WSC2024_TD20_zh.pdf,https://api.worldskills.org/skillman/documents/1/skills/1695/pdf?l=zh,wsc-2024-lyon,wsc-2024-lyon-td.zip,done
WSC2024,WorldSkills Lyon 2024,TD,21,Plastering and Drywall Systems,,ar,WSC2024_TD21_ar.pdf,512038,692ac09a2cfc3be37f019ac62a8b9e49f68f5b2ea5f4c295f8832245fefd7a7c,WSC2024/TD/21/ar/WSC2024_TD21_ar.pdf,https://api.worldskills.org/skillman/documents/1/skills/1685/pdf?l=ar,wsc-2024-lyon,wsc-2024-lyon-td.zip,done
WSC2024,WorldSkills Lyon 2024,TD,21,Plastering and Drywall Systems,,de,WSC2024_TD21_de.pdf,512390,ac4990fa15531fd92c60fb1b486a90e1c7b00d5aef3a7ce76bd1cac636dce044,WSC2024/TD/21/de/WSC2024_TD21_de.pdf,https://api.worldskills.org/skillman/documents/1/skills/1685/pdf?l=de,wsc-2024-lyon,wsc-2024-lyon-td.zip,done
WSC2024,WorldSkills Lyon 2024,TD,21,Plastering and Drywall Systems,,en,WSC2024_TD21_en.pdf,979951,1ed6b6db395b51713cfda359a6ecd2d089971720685f1052aef70ee32a43f144,WSC2024/TD/21/en/WSC2024_TD21_en.pdf,https://api.worldskills.org/skillman/documents/1/skills/1685/pdf?l=en,wsc-2024-lyon,wsc-2024-lyon-td.zip,done
WSC2024,WorldSkills Lyon 2024,TD,21,Plastering and Drywall Systems,,es,WSC2024_TD21_es.pdf,512016,c7087b50f8cebee277a571a50fb09cad365f5c0485abace1a696a25f2b8ff1b2,WSC2024/TD/21/es/WSC2024_TD21_es.pdf,https://api.worldskills.org/skillman/documents/1/skills/1685/pdf?l=es,wsc-2024-lyon,wsc-2024-lyon-td.zip,done
WSC2024,WorldSkills Lyon 2024,TD,21,Plastering and Drywall Systems,,fi,WSC2024_TD21_fi.pdf,512038,334f3207dd5d1daab88452ef247af1665784ed3dc9022cc2529cf219616314ff,WSC2024/TD/21/fi/WSC2024_TD21_fi.pdf,https://api.worldskills.org/skillman/documents/1/skills/1685/pdf?l=fi,wsc-2024-lyon,wsc-2024-lyon-td.zip,done
WSC2024,WorldSkills Lyon 2024,TD,21,Plastering and Drywall Systems,,fr,WSC2024_TD21_fr.pdf,512501,188bbda0a64f26a2197a778c9db73c5c7e5e303dd04e16a87e82e5e960901b62,WSC2024/TD/21/fr/WSC2024_TD21_fr.pdf,https://api.worldskills.org/skillman/documents/1/skills/1685/pdf?l=fr,wsc-2024-lyon,wsc-2024-lyon-td.zip,done
WSC2024,WorldSkills Lyon 2024,TD,21,Plastering and Drywall Systems,,ja,WSC2024_TD21_ja.pdf,512057,65ced663b0944c31421dd975a3e8aa5f27bb3c16d7823990f2ce9ec96fa548c4,WSC2024/TD/21/ja/WSC2024_TD21_ja.pdf,https://api.worldskills.org/skillman/documents/1/skills/1685/pdf?l=ja,wsc-2024-lyon,wsc-2024-lyon-td.zip,done
WSC2024,WorldSkills Lyon 2024,TD,21,Plastering and Drywall Systems,,ko,WSC2024_TD21_ko.pdf,512066,662044cd2061308614ccaa68c148d1ebbb9ac998bbb4538a44d1ab4d824c394b,WSC2024/TD/21/ko/WSC2024_TD21_ko.pdf,https://api.worldskills.org/skillman/documents/1/skills/1685/pdf?l=ko,wsc-2024-lyon,wsc-2024-lyon-td.zip,done
WSC2024,WorldSkills Lyon 2024,TD,21,Plastering and Drywall Systems,,pt,WSC2024_TD21_pt.pdf,512048,80d8ed55aa2bc08171c74062804541f49bea295ddf6bb2e4e8da6602121605e7,WSC2024/TD/21/pt/WSC2024_TD21_pt.pdf,https://api.worldskills.org/skillman/documents/1/skills/1685/pdf?l=pt,wsc-2024-lyon,wsc-2024-lyon-td.zip,done
WSC2024,WorldSkills Lyon 2024,TD,21,Plastering and Drywall Systems,,ru,WSC2024_TD21_ru.pdf,512048,93519339a9a0e1d1e1bcff1b343a11e0d7f9b5165f71b9e4df446c2f4897f3c2,WSC2024/TD/21/ru/WSC2024_TD21_ru.pdf,https://api.worldskills.org/skillman/documents/1/skills/1685/pdf?l=ru,wsc-2024-lyon,wsc-2024-lyon-td.zip,done
WSC2024,WorldSkills Lyon 2024,TD,21,Plastering and Drywall Systems,,zh,WSC2024_TD21_zh.pdf,512060,d5432b900012c97e9311eea44042a4c40537e794f2b29c4abd3faf8df18cc622,WSC2024/TD/21/zh/WSC2024_TD21_zh.pdf,https://api.worldskills.org/skillman/documents/1/skills/1685/pdf?l=zh,wsc-2024-lyon,wsc-2024-lyon-td.zip,done
WSC2024,WorldSkills Lyon 2024,TD,22,Painting and Decorating,,ar,WSC2024_TD22_ar.pdf,511781,6fb640e82530b6ca16f674cc4e7d63e75819dbad56ad4a87f256d8ad7f545632,WSC2024/TD/22/ar/WSC2024_TD22_ar.pdf,https://api.worldskills.org/skillman/documents/1/skills/1691/pdf?l=ar,wsc-2024-lyon,wsc-2024-lyon-td.zip,done
WSC2024,WorldSkills Lyon 2024,TD,22,Painting and Decorating,,de,WSC2024_TD22_de.pdf,511705,bbef83deb2a3bf553832d63aa90829a4e0959dfe61a52b9019834f04486c10cd,WSC2024/TD/22/de/WSC2024_TD22_de.pdf,https://api.worldskills.org/skillman/documents/1/skills/1691/pdf?l=de,wsc-2024-lyon,wsc-2024-lyon-td.zip,done
WSC2024,WorldSkills Lyon 2024,TD,22,Painting and Decorating,,en,WSC2024_TD22_en.pdf,1240365,7351071250e5b0b939635186d7ee9cde0666d60344a4a1f83b20e951b60efd15,WSC2024/TD/22/en/WSC2024_TD22_en.pdf,https://api.worldskills.org/skillman/documents/1/skills/1691/pdf?l=en,wsc-2024-lyon,wsc-2024-lyon-td.zip,done
WSC2024,WorldSkills Lyon 2024,TD,22,Painting and Decorating,,es,WSC2024_TD22_es.pdf,511766,e6e9bc4935c323d255dbf367edebdbe578e580d5e674745b4e7274714d34fb0d,WSC2024/TD/22/es/WSC2024_TD22_es.pdf,https://api.worldskills.org/skillman/documents/1/skills/1691/pdf?l=es,wsc-2024-lyon,wsc-2024-lyon-td.zip,done
WSC2024,WorldSkills Lyon 2024,TD,22,Painting and Decorating,,fi,WSC2024_TD22_fi.pdf,511784,ddc3672d007e3b9cd95a22dd41cef8938efcbb2c049a9e8868e429a6de3b2106,WSC2024/TD/22/fi/WSC2024_TD22_fi.pdf,https://api.worldskills.org/skillman/documents/1/skills/1691/pdf?l=fi,wsc-2024-lyon,wsc-2024-lyon-td.zip,done
WSC2024,WorldSkills Lyon 2024,TD,22,Painting and Decorating,,fr,WSC2024_TD22_fr.pdf,512041,8b557e081a86612bc8ab380dca2707dbb479ca4f92af2cdc584385058117f484,WSC2024/TD/22/fr/WSC2024_TD22_fr.pdf,https://api.worldskills.org/skillman/documents/1/skills/1691/pdf?l=fr,wsc-2024-lyon,wsc-2024-lyon-td.zip,done
WSC2024,WorldSkills Lyon 2024,TD,22,Painting and Decorating,,ja,WSC2024_TD22_ja.pdf,511802,a10b27a3716c16c5b059426d67c63bc1049c8fd5b7df36562dae444312cf4231,WSC2024/TD/22/ja/WSC2024_TD22_ja.pdf,https://api.worldskills.org/skillman/documents/1/skills/1691/pdf?l=ja,wsc-2024-lyon,wsc-2024-lyon-td.zip,done
WSC2024,WorldSkills Lyon 2024,TD,22,Painting and Decorating,,ko,WSC2024_TD22_ko.pdf,511802,f59ec5590c3598581cc1421e6b5b24ddd2636df192ae9faf1061110b209d5c17,WSC2024/TD/22/ko/WSC2024_TD22_ko.pdf,https://api.worldskills.org/skillman/documents/1/skills/1691/pdf?l=ko,wsc-2024-lyon,wsc-2024-lyon-td.zip,done
WSC2024,WorldSkills Lyon 2024,TD,22,Painting and Decorating,,pt,WSC2024_TD22_pt.pdf,511791,1d6aac02116193462f07505ea5c21c6459158eae7f3f27b63c0721b46921b8b6,WSC2024/TD/22/pt/WSC2024_TD22_pt.pdf,https://api.worldskills.org/skillman/documents/1/skills/1691/pdf?l=pt,wsc-2024-lyon,wsc-2024-lyon-td.zip,done
WSC2024,WorldSkills Lyon 2024,TD,22,Painting and Decorating,,ru,WSC2024_TD22_ru.pdf,511794,d817618d4cfaa51dcf38bafb64942d7cc368181969893e7e802384f82778b304,WSC2024/TD/22/ru/WSC2024_TD22_ru.pdf,https://api.worldskills.org/skillman/documents/1/skills/1691/pdf?l=ru,wsc-2024-lyon,wsc-2024-lyon-td.zip,done
WSC2024,WorldSkills Lyon 2024,TD,22,Painting and Decorating,,zh,WSC2024_TD22_zh.pdf,511791,224385ee7969e52e651dc9dc012c40be8bde20265310000b0ee5599f88c0078c,WSC2024/TD/22/zh/WSC2024_TD22_zh.pdf,https://api.worldskills.org/skillman/documents/1/skills/1691/pdf?l=zh,wsc-2024-lyon,wsc-2024-lyon-td.zip,done
WSC2024,WorldSkills Lyon 2024,TD,23,Autonomous Mobile Robotics,,ar,WSC2024_TD23_ar.pdf,512071,9276620ac83a1a3d13e9a382f99312e3d382d185110403c27499303469df7c8a,WSC2024/TD/23/ar/WSC2024_TD23_ar.pdf,https://api.worldskills.org/skillman/documents/1/skills/1696/pdf?l=ar,wsc-2024-lyon,wsc-2024-lyon-td.zip,done
WSC2024,WorldSkills Lyon 2024,TD,23,Autonomous Mobile Robotics,,de,WSC2024_TD23_de.pdf,511752,25d9b624f49da3c7e6345a4152140a6f05881a6fec6f767d04a07caab8dffa76,WSC2024/TD/23/de/WSC2024_TD23_de.pdf,https://api.worldskills.org/skillman/documents/1/skills/1696/pdf?l=de,wsc-2024-lyon,wsc-2024-lyon-td.zip,done
WSC2024,WorldSkills Lyon 2024,TD,23,Autonomous Mobile Robotics,,en,WSC2024_TD23_en.pdf,740804,93a339302aa2cd117012ecfaa1189c659b1486f60edb42656d45e02616a7a9df,WSC2024/TD/23/en/WSC2024_TD23_en.pdf,https://api.worldskills.org/skillman/documents/1/skills/1696/pdf?l=en,wsc-2024-lyon,wsc-2024-lyon-td.zip,done
WSC2024,WorldSkills Lyon 2024,TD,23,Autonomous Mobile Robotics,,es,WSC2024_TD23_es.pdf,512046,3c9fee7a40fb2400b510c4e3c0eebccc9537d48e0136e76eed1504bf67eef6e5,WSC2024/TD/23/es/WSC2024_TD23_es.pdf,https://api.worldskills.org/skillman/documents/1/skills/1696/pdf?l=es,wsc-2024-lyon,wsc-2024-lyon-td.zip,done
WSC2024,WorldSkills Lyon 2024,TD,23,Autonomous Mobile Robotics,,fi,WSC2024_TD23_fi.pdf,512077,64bc4a673d057fc316164269c407bf712d33060d770d89d8af25bdbd513692eb,WSC2024/TD/23/fi/WSC2024_TD23_fi.pdf,https://api.worldskills.org/skillman/documents/1/skills/1696/pdf?l=fi,wsc-2024-lyon,wsc-2024-lyon-td.zip,done
WSC2024,WorldSkills Lyon 2024,TD,23,Autonomous Mobile Robotics,,fr,WSC2024_TD23_fr.pdf,512025,167f0f95323ae6edecb162cbb32d9d114328dccde57652b1fd1b3b57276a67c6,WSC2024/TD/23/fr/WSC2024_TD23_fr.pdf,https://api.worldskills.org/skillman/documents/1/skills/1696/pdf?l=fr,wsc-2024-lyon,wsc-2024-lyon-td.zip,done
WSC2024,WorldSkills Lyon 2024,TD,23,Autonomous Mobile Robotics,,ja,WSC2024_TD23_ja.pdf,512087,7e2c887d4f6e90bbf7e1495a59da28c24a1948ff5023e467146dbf020323c658,WSC2024/TD/23/ja/WSC2024_TD23_ja.pdf,https://api.worldskills.org/skillman/documents/1/skills/1696/pdf?l=ja,wsc-2024-lyon,wsc-2024-lyon-td.zip,done
WSC2024,WorldSkills Lyon 2024,TD,23,Autonomous Mobile Robotics,,ko,WSC2024_TD23_ko.pdf,512085,2a20147c24255acf89cc70255b7c743e5112938ab7e013528f02372e41f1cf21,WSC2024/TD/23/ko/WSC2024_TD23_ko.pdf,https://api.worldskills.org/skillman/documents/1/skills/1696/pdf?l=ko,wsc-2024-lyon,wsc-2024-lyon-td.zip,done
WSC2024,WorldSkills Lyon 2024,TD,23,Autonomous Mobile Robotics,,pt,WSC2024_TD23_pt.pdf,512074,bcbb627c60ab2b77f3c0a10a0af12c951bc37f5942c8179480a37e3b6c463271,WSC2024/TD/23/pt/WSC2024_TD23_pt.pdf,https://api.worldskills.org/skillman/documents/1/skills/1696/pdf?l=pt,wsc-2024-lyon,wsc-2024-lyon-td.zip,done
WSC2024,WorldSkills Lyon 2024,TD,23,Autonomous Mobile Robotics,,ru,WSC2024_TD23_ru.pdf,512078,dbf0c6ec4ebf8e5364299c30536f31bbb9b7b946e508aeb3489f753904bffe88,WSC2024/TD/23/ru/WSC2024_TD23_ru.pdf,https://api.worldskills.org/skillman/documents/1/skills/1696/pdf?l=ru,wsc-2024-lyon,wsc-2024-lyon-td.zip,done
WSC2024,WorldSkills Lyon 2024,TD,23,Autonomous Mobile Robotics,,zh,WSC2024_TD23_zh.pdf,512086,f347f719e2ff6f6284d8184be48284b4dfd8fe97fcce1f45e4c6e74629acef25,WSC2024/TD/23/zh/WSC2024_TD23_zh.pdf,https://api.worldskills.org/skillman/documents/1/skills/1696/pdf?l=zh,wsc-2024-lyon,wsc-2024-lyon-td.zip,done
WSC2024,WorldSkills Lyon 2024,TD,24,Cabinetmaking,,ar,WSC2024_TD24_ar.pdf,511887,d4c7abd5802413d50efd446bcc723eab4ab5bf400141104271f572f918ad4155,WSC2024/TD/24/ar/WSC2024_TD24_ar.pdf,https://api.worldskills.org/skillman/documents/1/skills/1704/pdf?l=ar,wsc-2024-lyon,wsc-2024-lyon-td.zip,done
WSC2024,WorldSkills Lyon 2024,TD,24,Cabinetmaking,,de,WSC2024_TD24_de.pdf,512215,e74070684d7d7d68d82c621256569640da0ca1b75321880cc7be42e00d2d7d21,WSC2024/TD/24/de/WSC2024_TD24_de.pdf,https://api.worldskills.org/skillman/documents/1/skills/1704/pdf?l=de,wsc-2024-lyon,wsc-2024-lyon-td.zip,done
WSC2024,WorldSkills Lyon 2024,TD,24,Cabinetmaking,,en,WSC2024_TD24_en.pdf,1250154,05b8c87820f5b03ded32d94476b6466e0b8312588cf8a5cd289f68bd5b2014c1,WSC2024/TD/24/en/WSC2024_TD24_en.pdf,https://api.worldskills.org/skillman/documents/1/skills/1704/pdf?l=en,wsc-2024-lyon,wsc-2024-lyon-td.zip,done
WSC2024,WorldSkills Lyon 2024,TD,24,Cabinetmaking,,es,WSC2024_TD24_es.pdf,511870,ad8d76889d445d4fd90e5545636fff2a0640c0163dd7ee2b6c5ccb14e8eaabab,WSC2024/TD/24/es/WSC2024_TD24_es.pdf,https://api.worldskills.org/skillman/documents/1/skills/1704/pdf?l=es,wsc-2024-lyon,wsc-2024-lyon-td.zip,done
WSC2024,WorldSkills Lyon 2024,TD,24,Cabinetmaking,,fi,WSC2024_TD24_fi.pdf,511888,9e75e80eee2d35a4c746f6533458d2e3951ab0833555d8351755818567eec3af,WSC2024/TD/24/fi/WSC2024_TD24_fi.pdf,https://api.worldskills.org/skillman/documents/1/skills/1704/pdf?l=fi,wsc-2024-lyon,wsc-2024-lyon-td.zip,done
WSC2024,WorldSkills Lyon 2024,TD,24,Cabinetmaking,,fr,WSC2024_TD24_fr.pdf,512180,73fb9673023e6eac1f1eeeb44636b5f1507f05d9f26d6012ebba70076580f6d0,WSC2024/TD/24/fr/WSC2024_TD24_fr.pdf,https://api.worldskills.org/skillman/documents/1/skills/1704/pdf?l=fr,wsc-2024-lyon,wsc-2024-lyon-td.zip,done
WSC2024,WorldSkills Lyon 2024,TD,24,Cabinetmaking,,ja,WSC2024_TD24_ja.pdf,511907,3db30be719bcaedc3e396f949aa6d3349e0823c6ddac30ea7daaae1e19e2bc72,WSC2024/TD/24/ja/WSC2024_TD24_ja.pdf,https://api.worldskills.org/skillman/documents/1/skills/1704/pdf?l=ja,wsc-2024-lyon,wsc-2024-lyon-td.zip,done
WSC2024,WorldSkills Lyon 2024,TD,24,Cabinetmaking,,ko,WSC2024_TD24_ko.pdf,511906,0049ff632dd0c7b70c5dbfc32dd26dbe5f03802bb637972b73c77b2d2890b284,WSC2024/TD/24/ko/WSC2024_TD24_ko.pdf,https://api.worldskills.org/skillman/documents/1/skills/1704/pdf?l=ko,wsc-2024-lyon,wsc-2024-lyon-td.zip,done
WSC2024,WorldSkills Lyon 2024,TD,24,Cabinetmaking,,pt,WSC2024_TD24_pt.pdf,511892,0e77a64789b2a58bbe562c81729074972ed2aecca64042d896b05e9fcfb0f01d,WSC2024/TD/24/pt/WSC2024_TD24_pt.pdf,https://api.worldskills.org/skillman/documents/1/skills/1704/pdf?l=pt,wsc-2024-lyon,wsc-2024-lyon-td.zip,done
WSC2024,WorldSkills Lyon 2024,TD,24,Cabinetmaking,,ru,WSC2024_TD24_ru.pdf,511894,b7db95a8c7c1dfb5371fa99f30686785823d9d58444fc4831a3f6340d7747adc,WSC2024/TD/24/ru/WSC2024_TD24_ru.pdf,https://api.worldskills.org/skillman/documents/1/skills/1704/pdf?l=ru,wsc-2024-lyon,wsc-2024-lyon-td.zip,done
WSC2024,WorldSkills Lyon 2024,TD,24,Cabinetmaking,,zh,WSC2024_TD24_zh.pdf,511904,a3f7dfefc6a1c66d057e347f61a20ff15c6ae5acafd3c18d0fc1f62eb56ed369,WSC2024/TD/24/zh/WSC2024_TD24_zh.pdf,https://api.worldskills.org/skillman/documents/1/skills/1704/pdf?l=zh,wsc-2024-lyon,wsc-2024-lyon-td.zip,done
WSC2024,WorldSkills Lyon 2024,TD,25,Joinery,,ar,WSC2024_TD25_ar.pdf,511616,06af4de6f3e226d797907863672583a6f94649738b648f5bfc6cb01ea17d6327,WSC2024/TD/25/ar/WSC2024_TD25_ar.pdf,https://api.worldskills.org/skillman/documents/1/skills/1717/pdf?l=ar,wsc-2024-lyon,wsc-2024-lyon-td.zip,done
WSC2024,WorldSkills Lyon 2024,TD,25,Joinery,,de,WSC2024_TD25_de.pdf,511933,ff97e1b4ae3edb9e292498344d63b1f6205677c4bacf3a87ac1de5ec4407f542,WSC2024/TD/25/de/WSC2024_TD25_de.pdf,https://api.worldskills.org/skillman/documents/1/skills/1717/pdf?l=de,wsc-2024-lyon,wsc-2024-lyon-td.zip,done
WSC2024,WorldSkills Lyon 2024,TD,25,Joinery,,en,WSC2024_TD25_en.pdf,1535554,c958fb3fc8e808f5f315a1687a779ab7fc513dc6bd0d8c9ca949212550b7b239,WSC2024/TD/25/en/WSC2024_TD25_en.pdf,https://api.worldskills.org/skillman/documents/1/skills/1717/pdf?l=en,wsc-2024-lyon,wsc-2024-lyon-td.zip,done
WSC2024,WorldSkills Lyon 2024,TD,25,Joinery,,es,WSC2024_TD25_es.pdf,511605,1a9c0954ac8d856ab04075194e0e2e83f911e32e06a5d01fbbcb5c23fe9e08b0,WSC2024/TD/25/es/WSC2024_TD25_es.pdf,https://api.worldskills.org/skillman/documents/1/skills/1717/pdf?l=es,wsc-2024-lyon,wsc-2024-lyon-td.zip,done
WSC2024,WorldSkills Lyon 2024,TD,25,Joinery,,fi,WSC2024_TD25_fi.pdf,511623,184531856dd86a39f21de8f3a76fe9f6070ba379008fa20e08c5085191d21b7b,WSC2024/TD/25/fi/WSC2024_TD25_fi.pdf,https://api.worldskills.org/skillman/documents/1/skills/1717/pdf?l=fi,wsc-2024-lyon,wsc-2024-lyon-td.zip,done
WSC2024,WorldSkills Lyon 2024,TD,25,Joinery,,fr,WSC2024_TD25_fr.pdf,511741,49e28d79d5da57e6c69715873f63fa95eaa9ef9c214192d494410f1fe8a8c0d1,WSC2024/TD/25/fr/WSC2024_TD25_fr.pdf,https://api.worldskills.org/skillman/documents/1/skills/1717/pdf?l=fr,wsc-2024-lyon,wsc-2024-lyon-td.zip,done
WSC2024,WorldSkills Lyon 2024,TD,25,Joinery,,ja,WSC2024_TD25_ja.pdf,511632,adc9636d645b5a9ce1a6af2a9c036b596aaf64ea05bb7903a825aee2f455a65c,WSC2024/TD/25/ja/WSC2024_TD25_ja.pdf,https://api.worldskills.org/skillman/documents/1/skills/1717/pdf?l=ja,wsc-2024-lyon,wsc-2024-lyon-td.zip,done
WSC2024,WorldSkills Lyon 2024,TD,25,Joinery,,ko,WSC2024_TD25_ko.pdf,511638,62ee6f900d86fe12ef98e7bf16542062cbe15f8e06063500483663b46c4f3d2b,WSC2024/TD/25/ko/WSC2024_TD25_ko.pdf,https://api.worldskills.org/skillman/documents/1/skills/1717/pdf?l=ko,wsc-2024-lyon,wsc-2024-lyon-td.zip,done
WSC2024,WorldSkills Lyon 2024,TD,25,Joinery,,pt,WSC2024_TD25_pt.pdf,511624,b8da6020ea28bf725eb380a0cc36844a07f2c68d16274eab5774de2d6ba12ae4,WSC2024/TD/25/pt/WSC2024_TD25_pt.pdf,https://api.worldskills.org/skillman/documents/1/skills/1717/pdf?l=pt,wsc-2024-lyon,wsc-2024-lyon-td.zip,done
WSC2024,WorldSkills Lyon 2024,TD,25,Joinery,,ru,WSC2024_TD25_ru.pdf,511621,23d565a4dc5584d1048b78829924edd24afbdbec9809ecee842db699a6f0cb98,WSC2024/TD/25/ru/WSC2024_TD25_ru.pdf,https://api.worldskills.org/skillman/documents/1/skills/1717/pdf?l=ru,wsc-2024-lyon,wsc-2024-lyon-td.zip,done
WSC2024,WorldSkills Lyon 2024,TD,25,Joinery,,zh,WSC2024_TD25_zh.pdf,511635,8bde8d8e8cd503f70d3466f593e13322fd83dded9fbafdf95a9589fc68da1f6a,WSC2024/TD/25/zh/WSC2024_TD25_zh.pdf,https://api.worldskills.org/skillman/documents/1/skills/1717/pdf?l=zh,wsc-2024-lyon,wsc-2024-lyon-td.zip,done
WSC2024,WorldSkills Lyon 2024,TD,26,Carpentry,,ar,WSC2024_TD26_ar.pdf,511633,942508cb959edf5e00a884bda1d0914a14f38fa7438a6c6847ea0a4f90044890,WSC2024/TD/26/ar/WSC2024_TD26_ar.pdf,https://api.worldskills.org/skillman/documents/1/skills/1698/pdf?l=ar,wsc-2024-lyon,wsc-2024-lyon-td.zip,done
WSC2024,WorldSkills Lyon 2024,TD,26,Carpentry,,de,WSC2024_TD26_de.pdf,511757,de0fcac3a09bbdf8eae7a7e7c05c508be7ae9addf3fd2a45b7d903229eb0e262,WSC2024/TD/26/de/WSC2024_TD26_de.pdf,https://api.worldskills.org/skillman/documents/1/skills/1698/pdf?l=de,wsc-2024-lyon,wsc-2024-lyon-td.zip,done
WSC2024,WorldSkills Lyon 2024,TD,26,Carpentry,,en,WSC2024_TD26_en.pdf,1027726,1484aef2c3af7b794d319241b1c261f05c2af260c25d7a3b05a54bcc0fa16ff2,WSC2024/TD/26/en/WSC2024_TD26_en.pdf,https://api.worldskills.org/skillman/documents/1/skills/1698/pdf?l=en,wsc-2024-lyon,wsc-2024-lyon-td.zip,done
WSC2024,WorldSkills Lyon 2024,TD,26,Carpentry,,es,WSC2024_TD26_es.pdf,511613,96828cf395c0b21655b07b8ec5a74144ed47667692f019d81068baa83e9fecb2,WSC2024/TD/26/es/WSC2024_TD26_es.pdf,https://api.worldskills.org/skillman/documents/1/skills/1698/pdf?l=es,wsc-2024-lyon,wsc-2024-lyon-td.zip,done
WSC2024,WorldSkills Lyon 2024,TD,26,Carpentry,,fi,WSC2024_TD26_fi.pdf,511628,9547f1b39d73cd078a97740a9ad6b3ac959b484c20a38321feb66560e4804212,WSC2024/TD/26/fi/WSC2024_TD26_fi.pdf,https://api.worldskills.org/skillman/documents/1/skills/1698/pdf?l=fi,wsc-2024-lyon,wsc-2024-lyon-td.zip,done
WSC2024,WorldSkills Lyon 2024,TD,26,Carpentry,,fr,WSC2024_TD26_fr.pdf,511640,fb92050a1dbaac1ba99714d3266aec99cacdf923135abffeb9ef3c402fff9c36,WSC2024/TD/26/fr/WSC2024_TD26_fr.pdf,https://api.worldskills.org/skillman/documents/1/skills/1698/pdf?l=fr,wsc-2024-lyon,wsc-2024-lyon-td.zip,done
WSC2024,WorldSkills Lyon 2024,TD,26,Carpentry,,ja,WSC2024_TD26_ja.pdf,511652,b0fa0227bd12f2fd3a42ff05a690a04258108f59cea5f370ed9084f1d89d9e13,WSC2024/TD/26/ja/WSC2024_TD26_ja.pdf,https://api.worldskills.org/skillman/documents/1/skills/1698/pdf?l=ja,wsc-2024-lyon,wsc-2024-lyon-td.zip,done
WSC2024,WorldSkills Lyon 2024,TD,26,Carpentry,,ko,WSC2024_TD26_ko.pdf,511647,e2b32ca319e1dd55c1dd2e1a46e2d622d73a0fbf2c2406c96ecb60b83562f5d5,WSC2024/TD/26/ko/WSC2024_TD26_ko.pdf,https://api.worldskills.org/skillman/documents/1/skills/1698/pdf?l=ko,wsc-2024-lyon,wsc-2024-lyon-td.zip,done
WSC2024,WorldSkills Lyon 2024,TD,26,Carpentry,,pt,WSC2024_TD26_pt.pdf,511637,a991c9082548580bf6fd29ad240f603c460e7436c20ccfd72e2b64eb6b51a54e,WSC2024/TD/26/pt/WSC2024_TD26_pt.pdf,https://api.worldskills.org/skillman/documents/1/skills/1698/pdf?l=pt,wsc-2024-lyon,wsc-2024-lyon-td.zip,done
WSC2024,WorldSkills Lyon 2024,TD,26,Carpentry,,ru,WSC2024_TD26_ru.pdf,511637,4a47615ab04ba8c09663890623f48ad88ea3810670121e9061a66f0b82826cbf,WSC2024/TD/26/ru/WSC2024_TD26_ru.pdf,https://api.worldskills.org/skillman/documents/1/skills/1698/pdf?l=ru,wsc-2024-lyon,wsc-2024-lyon-td.zip,done
WSC2024,WorldSkills Lyon 2024,TD,26,Carpentry,,zh,WSC2024_TD26_zh.pdf,511649,96769dd0625985859a385a4b252636b8f31046de7b4710ec1c3bd206c833d410,WSC2024/TD/26/zh/WSC2024_TD26_zh.pdf,https://api.worldskills.org/skillman/documents/1/skills/1698/pdf?l=zh,wsc-2024-lyon,wsc-2024-lyon-td.zip,done
WSC2024,WorldSkills Lyon 2024,TD,27,Jewellery,,ar,WSC2024_TD27_ar.pdf,511588,e63b4da5565fc1ea92c3d247ef9ed4371031cdf367f4390df8374db961d3494b,WSC2024/TD/27/ar/WSC2024_TD27_ar.pdf,https://api.worldskills.org/skillman/documents/1/skills/1681/pdf?l=ar,wsc-2024-lyon,wsc-2024-lyon-td.zip,done
WSC2024,WorldSkills Lyon 2024,TD,27,Jewellery,,de,WSC2024_TD27_de.pdf,511665,f2dcf4bc3e31fe5c579133c8322c7ea6e49f80e4e7a49984f99a54ed8b5505d1,WSC2024/TD/27/de/WSC2024_TD27_de.pdf,https://api.worldskills.org/skillman/documents/1/skills/1681/pdf?l=de,wsc-2024-lyon,wsc-2024-lyon-td.zip,done
WSC2024,WorldSkills Lyon 2024,TD,27,Jewellery,,en,WSC2024_TD27_en.pdf,1856967,847c4e57f600b498b93ad77898e76c9e690cf9fe23025374e58e8f31dac0f2cb,WSC2024/TD/27/en/WSC2024_TD27_en.pdf,https://api.worldskills.org/skillman/documents/1/skills/1681/pdf?l=en,wsc-2024-lyon,wsc-2024-lyon-td.zip,done
WSC2024,WorldSkills Lyon 2024,TD,27,Jewellery,,es,WSC2024_TD27_es.pdf,511576,baa6c1b028b0f80ffb7f61e2b45131815f1a3fb9d9013479292e457912b5ef47,WSC2024/TD/27/es/WSC2024_TD27_es.pdf,https://api.worldskills.org/skillman/documents/1/skills/1681/pdf?l=es,wsc-2024-lyon,wsc-2024-lyon-td.zip,done
WSC2024,WorldSkills Lyon 2024,TD,27,Jewellery,,fi,WSC2024_TD27_fi.pdf,511592,bfc5c197988a3af68549a3f6846c8d8d2af2ed2581ce6fdb6891cbc6616d2366,WSC2024/TD/27/fi/WSC2024_TD27_fi.pdf,https://api.worldskills.org/skillman/documents/1/skills/1681/pdf?l=fi,wsc-2024-lyon,wsc-2024-lyon-td.zip,done
WSC2024,WorldSkills Lyon 2024,TD,27,Jewellery,,fr,WSC2024_TD27_fr.pdf,511906,4b7f861652cfaa3df17094fe85bbb30f36f184c81db133a74d2d84bba1f18b79,WSC2024/TD/27/fr/WSC2024_TD27_fr.pdf,https://api.worldskills.org/skillman/documents/1/skills/1681/pdf?l=fr,wsc-2024-lyon,wsc-2024-lyon-td.zip,done
WSC2024,WorldSkills Lyon 2024,TD,27,Jewellery,,ja,WSC2024_TD27_ja.pdf,511612,5893f47d7672955921fde9942208fd33c022c54c8bb31fe69ea7dffd88dd68bf,WSC2024/TD/27/ja/WSC2024_TD27_ja.pdf,https://api.worldskills.org/skillman/documents/1/skills/1681/pdf?l=ja,wsc-2024-lyon,wsc-2024-lyon-td.zip,done
WSC2024,WorldSkills Lyon 2024,TD,27,Jewellery,,ko,WSC2024_TD27_ko.pdf,511604,0eb648c7fa16c03558f40569758ced5572c16a42e12c7cbc0abab80df71baea7,WSC2024/TD/27/ko/WSC2024_TD27_ko.pdf,https://api.worldskills.org/skillman/documents/1/skills/1681/pdf?l=ko,wsc-2024-lyon,wsc-2024-lyon-td.zip,done
WSC2024,WorldSkills Lyon 2024,TD,27,Jewellery,,pt,WSC2024_TD27_pt.pdf,511603,d57a9aa0b5a97c424fcddbcdeac2ddebfbcd8379ef09630909b0eea15a19e7c6,WSC2024/TD/27/pt/WSC2024_TD27_pt.pdf,https://api.worldskills.org/skillman/documents/1/skills/1681/pdf?l=pt,wsc-2024-lyon,wsc-2024-lyon-td.zip,done
WSC2024,WorldSkills Lyon 2024,TD,27,Jewellery,,ru,WSC2024_TD27_ru.pdf,511603,31bfa624d6693de785fe9d8e6d841cb15a420f656e3dd8689881d6f990f5407f,WSC2024/TD/27/ru/WSC2024_TD27_ru.pdf,https://api.worldskills.org/skillman/documents/1/skills/1681/pdf?l=ru,wsc-2024-lyon,wsc-2024-lyon-td.zip,done
WSC2024,WorldSkills Lyon 2024,TD,27,Jewellery,,zh,WSC2024_TD27_zh.pdf,511615,a2e1250986e0f894bc1e0d6902a4ed0395ca7f3b0dcb40cf6fb4f4c4f34fedde,WSC2024/TD/27/zh/WSC2024_TD27_zh.pdf,https://api.worldskills.org/skillman/documents/1/skills/1681/pdf?l=zh,wsc-2024-lyon,wsc-2024-lyon-td.zip,done
WSC2024,WorldSkills Lyon 2024,TD,28,Floristry,,ar,WSC2024_TD28_ar.pdf,511640,fbdeac0736697bbf566df387e880190a0542d2d750b7dcc57dd1fd4d776030ab,WSC2024/TD/28/ar/WSC2024_TD28_ar.pdf,https://api.worldskills.org/skillman/documents/1/skills/1690/pdf?l=ar,wsc-2024-lyon,wsc-2024-lyon-td.zip,done
WSC2024,WorldSkills Lyon 2024,TD,28,Floristry,,de,WSC2024_TD28_de.pdf,511648,90090db2f7706db1c575b956ea5904884cb5c6eeb3d505a8e68889c8558e18b8,WSC2024/TD/28/de/WSC2024_TD28_de.pdf,https://api.worldskills.org/skillman/documents/1/skills/1690/pdf?l=de,wsc-2024-lyon,wsc-2024-lyon-td.zip,done
WSC2024,WorldSkills Lyon 2024,TD,28,Floristry,,en,WSC2024_TD28_en.pdf,834560,b2127434f95b42b003df0a27817a59fdc40bc6b33294872c8b3d6ebef618e641,WSC2024/TD/28/en/WSC2024_TD28_en.pdf,https://api.worldskills.org/skillman/documents/1/skills/1690/pdf?l=en,wsc-2024-lyon,wsc-2024-lyon-td.zip,done
WSC2024,WorldSkills Lyon 2024,TD,28,Floristry,,es,WSC2024_TD28_es.pdf,511623,0ba8f7b60787d43165809d8fbd243d7f27bb4ed1fb9fb3d97cc8645e8836304a,WSC2024/TD/28/es/WSC2024_TD28_es.pdf,https://api.worldskills.org/skillman/documents/1/skills/1690/pdf?l=es,wsc-2024-lyon,wsc-2024-lyon-td.zip,done
WSC2024,WorldSkills Lyon 2024,TD,28,Floristry,,fi,WSC2024_TD28_fi.pdf,511636,3ff52c7de816f369827713bbeced60a30d51cf9938cfbf19d739a83f535dffdc,WSC2024/TD/28/fi/WSC2024_TD28_fi.pdf,https://api.worldskills.org/skillman/documents/1/skills/1690/pdf?l=fi,wsc-2024-lyon,wsc-2024-lyon-td.zip,done
WSC2024,WorldSkills Lyon 2024,TD,28,Floristry,,fr,WSC2024_TD28_fr.pdf,511669,be012e8dcfbcdde659cfaaf529d33f7e5d757a51e4a5cf9f9567a386bd6283c9,WSC2024/TD/28/fr/WSC2024_TD28_fr.pdf,https://api.worldskills.org/skillman/documents/1/skills/1690/pdf?l=fr,wsc-2024-lyon,wsc-2024-lyon-td.zip,done
WSC2024,WorldSkills Lyon 2024,TD,28,Floristry,,ja,WSC2024_TD28_ja.pdf,511656,4616c36517c8f8ddbff156347b683c8857ccdb0239bca503c688d8c7f4f6ace5,WSC2024/TD/28/ja/WSC2024_TD28_ja.pdf,https://api.worldskills.org/skillman/documents/1/skills/1690/pdf?l=ja,wsc-2024-lyon,wsc-2024-lyon-td.zip,done
WSC2024,WorldSkills Lyon 2024,TD,28,Floristry,,ko,WSC2024_TD28_ko.pdf,511661,4d0262052bb5044e61d43770e46bd61265820711b9946c776b005764e58f8bc7,WSC2024/TD/28/ko/WSC2024_TD28_ko.pdf,https://api.worldskills.org/skillman/documents/1/skills/1690/pdf?l=ko,wsc-2024-lyon,wsc-2024-lyon-td.zip,done
WSC2024,WorldSkills Lyon 2024,TD,28,Floristry,,pt,WSC2024_TD28_pt.pdf,511646,c73d1744f823925a2a63e854907971205cc5631187fbc57907914b6f33024be1,WSC2024/TD/28/pt/WSC2024_TD28_pt.pdf,https://api.worldskills.org/skillman/documents/1/skills/1690/pdf?l=pt,wsc-2024-lyon,wsc-2024-lyon-td.zip,done
WSC2024,WorldSkills Lyon 2024,TD,28,Floristry,,ru,WSC2024_TD28_ru.pdf,511647,ac8170bc81319446a94a8b56275aed80acaec80a3d45cca910b595ed2e8f23cd,WSC2024/TD/28/ru/WSC2024_TD28_ru.pdf,https://api.worldskills.org/skillman/documents/1/skills/1690/pdf?l=ru,wsc-2024-lyon,wsc-2024-lyon-td.zip,done
WSC2024,WorldSkills Lyon 2024,TD,28,Floristry,,zh,WSC2024_TD28_zh.pdf,511658,5f5765fe57a5ab3273325f69e5b18ce2151a76c143c3b09c1b3b396d4e8e1989,WSC2024/TD/28/zh/WSC2024_TD28_zh.pdf,https://api.worldskills.org/skillman/documents/1/skills/1690/pdf?l=zh,wsc-2024-lyon,wsc-2024-lyon-td.zip,done
WSC2024,WorldSkills Lyon 2024,TD,29,Hairdressing,,ar,WSC2024_TD29_ar.pdf,511658,957c35b3398950c4a6c7224a40fe5c939b132ad8ebcc48cc356afdda0dff3c13,WSC2024/TD/29/ar/WSC2024_TD29_ar.pdf,https://api.worldskills.org/skillman/documents/1/skills/1675/pdf?l=ar,wsc-2024-lyon,wsc-2024-lyon-td.zip,done
WSC2024,WorldSkills Lyon 2024,TD,29,Hairdressing,,de,WSC2024_TD29_de.pdf,511643,fd854955c50ffb6b485c02cbc5e3348b8dd615dfad4d7c201f43dacf9754a3f7,WSC2024/TD/29/de/WSC2024_TD29_de.pdf,https://api.worldskills.org/skillman/documents/1/skills/1675/pdf?l=de,wsc-2024-lyon,wsc-2024-lyon-td.zip,done
WSC2024,WorldSkills Lyon 2024,TD,29,Hairdressing,,en,WSC2024_TD29_en.pdf,1485402,0d7ef952cdcd60d63c14c197b9174ef7fb4b514d4ce050c9f69145a58e912964,WSC2024/TD/29/en/WSC2024_TD29_en.pdf,https://api.worldskills.org/skillman/documents/1/skills/1675/pdf?l=en,wsc-2024-lyon,wsc-2024-lyon-td.zip,done
WSC2024,WorldSkills Lyon 2024,TD,29,Hairdressing,,es,WSC2024_TD29_es.pdf,511638,aceb194abf702f77c2c33346b51a5799cb1963f39a806852e069f34182c574ce,WSC2024/TD/29/es/WSC2024_TD29_es.pdf,https://api.worldskills.org/skillman/documents/1/skills/1675/pdf?l=es,wsc-2024-lyon,wsc-2024-lyon-td.zip,done
WSC2024,WorldSkills Lyon 2024,TD,29,Hairdressing,,fi,WSC2024_TD29_fi.pdf,511655,434ae167a516da780bd83362d8b3efdff44dd0fcb9739db59da279adf057dae6,WSC2024/TD/29/fi/WSC2024_TD29_fi.pdf,https://api.worldskills.org/skillman/documents/1/skills/1675/pdf?l=fi,wsc-2024-lyon,wsc-2024-lyon-td.zip,done
WSC2024,WorldSkills Lyon 2024,TD,29,Hairdressing,,fr,WSC2024_TD29_fr.pdf,511624,de8c8a69aa371baf39152b3a1c1481c154eb1ae573a5d6ed699d54d4f8a903c1,WSC2024/TD/29/fr/WSC2024_TD29_fr.pdf,https://api.worldskills.org/skillman/documents/1/skills/1675/pdf?l=fr,wsc-2024-lyon,wsc-2024-lyon-td.zip,done
WSC2024,WorldSkills Lyon 2024,TD,29,Hairdressing,,ja,WSC2024_TD29_ja.pdf,511674,8ddb3d1fcc240fc65d5c877abca346ab3e88315c2d778cb551e513f45fe7c44d,WSC2024/TD/29/ja/WSC2024_TD29_ja.pdf,https://api.worldskills.org/skillman/documents/1/skills/1675/pdf?l=ja,wsc-2024-lyon,wsc-2024-lyon-td.zip,done
WSC2024,WorldSkills Lyon 2024,TD,29,Hairdressing,,ko,WSC2024_TD29_ko.pdf,511671,cb398619533303b9dcd8d3e5768c4c5cca75e9d3781c24f78cb91f7322676b1e,WSC2024/TD/29/ko/WSC2024_TD29_ko.pdf,https://api.worldskills.org/skillman/documents/1/skills/1675/pdf?l=ko,wsc-2024-lyon,wsc-2024-lyon-td.zip,done
WSC2024,WorldSkills Lyon 2024,TD,29,Hairdressing,,pt,WSC2024_TD29_pt.pdf,511663,20dcd9231314d6454a996ad51bb983e60017f6cbc2d4b20ab45fba9e2cd539d7,WSC2024/TD/29/pt/WSC2024_TD29_pt.pdf,https://api.worldskills.org/skillman/documents/1/skills/1675/pdf?l=pt,wsc-2024-lyon,wsc-2024-lyon-td.zip,done
WSC2024,WorldSkills Lyon 2024,TD,29,Hairdressing,,ru,WSC2024_TD29_ru.pdf,511660,6b763d2329a2075ac9974e47571148a36e4dc59d3b3c94778995299bfb9e2e50,WSC2024/TD/29/ru/WSC2024_TD29_ru.pdf,https://api.worldskills.org/skillman/documents/1/skills/1675/pdf?l=ru,wsc-2024-lyon,wsc-2024-lyon-td.zip,done
WSC2024,WorldSkills Lyon 2024,TD,29,Hairdressing,,zh,WSC2024_TD29_zh.pdf,511672,92985e61771c13804536b639e51ca6da77f7df1bb951ac29b7470a4bd108d03e,WSC2024/TD/29/zh/WSC2024_TD29_zh.pdf,https://api.worldskills.org/skillman/documents/1/skills/1675/pdf?l=zh,wsc-2024-lyon,wsc-2024-lyon-td.zip,done
WSC2024,WorldSkills Lyon 2024,TD,30,Beauty Therapy,,ar,WSC2024_TD30_ar.pdf,511885,65f4d3d9f8f501dabe9075bb15bd06d18e6450c7941b91fa5f3cc31bc46dc950,WSC2024/TD/30/ar/WSC2024_TD30_ar.pdf,https://api.worldskills.org/skillman/documents/1/skills/1712/pdf?l=ar,wsc-2024-lyon,wsc-2024-lyon-td.zip,done
WSC2024,WorldSkills Lyon 2024,TD,30,Beauty Therapy,,de,WSC2024_TD30_de.pdf,511666,ec685953ce5f9f63f451e3dcff6cf2e46f725d52947421b8298b37c43f829c20,WSC2024/TD/30/de/WSC2024_TD30_de.pdf,https://api.worldskills.org/skillman/documents/1/skills/1712/pdf?l=de,wsc-2024-lyon,wsc-2024-lyon-td.zip,done
WSC2024,WorldSkills Lyon 2024,TD,30,Beauty Therapy,,en,WSC2024_TD30_en.pdf,1224627,3c29c226cb8dc363e6258d69f947cfdec5525d80afb3ed8d1d4dee3db16d052c,WSC2024/TD/30/en/WSC2024_TD30_en.pdf,https://api.worldskills.org/skillman/documents/1/skills/1712/pdf?l=en,wsc-2024-lyon,wsc-2024-lyon-td.zip,done
WSC2024,WorldSkills Lyon 2024,TD,30,Beauty Therapy,,es,WSC2024_TD30_es.pdf,511868,23e5415696c6a68168984ee28e60869a747dae11ae7c6200a3f354f7b9f07249,WSC2024/TD/30/es/WSC2024_TD30_es.pdf,https://api.worldskills.org/skillman/documents/1/skills/1712/pdf?l=es,wsc-2024-lyon,wsc-2024-lyon-td.zip,done
WSC2024,WorldSkills Lyon 2024,TD,30,Beauty Therapy,,fi,WSC2024_TD30_fi.pdf,511879,de4020ac1ee61e8bb1ff4161ea58dd4befe8202928bb7e169dd31dedce002306,WSC2024/TD/30/fi/WSC2024_TD30_fi.pdf,https://api.worldskills.org/skillman/documents/1/skills/1712/pdf?l=fi,wsc-2024-lyon,wsc-2024-lyon-td.zip,done
WSC2024,WorldSkills Lyon 2024,TD,30,Beauty Therapy,,fr,WSC2024_TD30_fr.pdf,512013,6982757d94faf7adc2ab925dbb871029f8793bd9845f26efa880a9b286e78df4,WSC2024/TD/30/fr/WSC2024_TD30_fr.pdf,https://api.worldskills.org/skillman/documents/1/skills/1712/pdf?l=fr,wsc-2024-lyon,wsc-2024-lyon-td.zip,done
WSC2024,WorldSkills Lyon 2024,TD,30,Beauty Therapy,,ja,WSC2024_TD30_ja.pdf,511900,9f62cb386f6e0674c6aac6351c051eca05be723f5a9be38458a3b44b9b75ff62,WSC2024/TD/30/ja/WSC2024_TD30_ja.pdf,https://api.worldskills.org/skillman/documents/1/skills/1712/pdf?l=ja,wsc-2024-lyon,wsc-2024-lyon-td.zip,done
WSC2024,WorldSkills Lyon 2024,TD,30,Beauty Therapy,,ko,WSC2024_TD30_ko.pdf,511901,03fc7af53110e46199a649410e51017976364769fba9b2c911949139c09ca8fa,WSC2024/TD/30/ko/WSC2024_TD30_ko.pdf,https://api.worldskills.org/skillman/documents/1/skills/1712/pdf?l=ko,wsc-2024-lyon,wsc-2024-lyon-td.zip,done
WSC2024,WorldSkills Lyon 2024,TD,30,Beauty Therapy,,pt,WSC2024_TD30_pt.pdf,511886,23236d25a59b59b86fbf36bd3b2b22f1a6775ea002bb6454614655b43dfc1793,WSC2024/TD/30/pt/WSC2024_TD30_pt.pdf,https://api.worldskills.org/skillman/documents/1/skills/1712/pdf?l=pt,wsc-2024-lyon,wsc-2024-lyon-td.zip,done
WSC2024,WorldSkills Lyon 2024,TD,30,Beauty Therapy,,ru,WSC2024_TD30_ru.pdf,511880,0ecc0b5a067fcceeb25ab816f3078a8744527a255f59176fa107e26d6e1b868e,WSC2024/TD/30/ru/WSC2024_TD30_ru.pdf,https://api.worldskills.org/skillman/documents/1/skills/1712/pdf?l=ru,wsc-2024-lyon,wsc-2024-lyon-td.zip,done
WSC2024,WorldSkills Lyon 2024,TD,30,Beauty Therapy,,zh,WSC2024_TD30_zh.pdf,511905,0a0688d6f5efe96144b3e38f7e77915c0404b9154ae16dea80c4220fddd1208f,WSC2024/TD/30/zh/WSC2024_TD30_zh.pdf,https://api.worldskills.org/skillman/documents/1/skills/1712/pdf?l=zh,wsc-2024-lyon,wsc-2024-lyon-td.zip,done
WSC2024,WorldSkills Lyon 2024,TD,31,Fashion Technology,,ar,WSC2024_TD31_ar.pdf,512240,21dd672f82236785bdcda5517042f7c9a224325302aa67b3c2c610e3bef1c3c9,WSC2024/TD/31/ar/WSC2024_TD31_ar.pdf,https://api.worldskills.org/skillman/documents/1/skills/1697/pdf?l=ar,wsc-2024-lyon,wsc-2024-lyon-td.zip,done
WSC2024,WorldSkills Lyon 2024,TD,31,Fashion Technology,,de,WSC2024_TD31_de.pdf,512175,0f3437c04ebea9b6f7f1e0e91a0207a93e51bdc861df5fba5550fddea716e6a3,WSC2024/TD/31/de/WSC2024_TD31_de.pdf,https://api.worldskills.org/skillman/documents/1/skills/1697/pdf?l=de,wsc-2024-lyon,wsc-2024-lyon-td.zip,done
WSC2024,WorldSkills Lyon 2024,TD,31,Fashion Technology,,en,WSC2024_TD31_en.pdf,950762,1014dfef81361162c3d56d34abfde33847b7e8c160fb53caca26f82d6e918fae,WSC2024/TD/31/en/WSC2024_TD31_en.pdf,https://api.worldskills.org/skillman/documents/1/skills/1697/pdf?l=en,wsc-2024-lyon,wsc-2024-lyon-td.zip,done
WSC2024,WorldSkills Lyon 2024,TD,31,Fashion Technology,,es,WSC2024_TD31_es.pdf,512212,b1a0a9a55003e12af88312c4839502023be309c0eaed2fec6490989a39d808bf,WSC2024/TD/31/es/WSC2024_TD31_es.pdf,https://api.worldskills.org/skillman/documents/1/skills/1697/pdf?l=es,wsc-2024-lyon,wsc-2024-lyon-td.zip,done
WSC2024,WorldSkills Lyon 2024,TD,31,Fashion Technology,,fi,WSC2024_TD31_fi.pdf,512231,c662e9e9a6f689c333289b8328130275ef524b195822addb4b920a90222f0761,WSC2024/TD/31/fi/WSC2024_TD31_fi.pdf,https://api.worldskills.org/skillman/documents/1/skills/1697/pdf?l=fi,wsc-2024-lyon,wsc-2024-lyon-td.zip,done
WSC2024,WorldSkills Lyon 2024,TD,31,Fashion Technology,,fr,WSC2024_TD31_fr.pdf,512187,5b5978470d6ce97cde438898d0dd56bb09639361e6cf38d32b4416ba3fa263e9,WSC2024/TD/31/fr/WSC2024_TD31_fr.pdf,https://api.worldskills.org/skillman/documents/1/skills/1697/pdf?l=fr,wsc-2024-lyon,wsc-2024-lyon-td.zip,done
WSC2024,WorldSkills Lyon 2024,TD,31,Fashion Technology,,ja,WSC2024_TD31_ja.pdf,512250,3bd01a181831cb1ff58495240305b425cbedcd9e8688263ce0a8b65a4bf0fb3d,WSC2024/TD/31/ja/WSC2024_TD31_ja.pdf,https://api.worldskills.org/skillman/documents/1/skills/1697/pdf?l=ja,wsc-2024-lyon,wsc-2024-lyon-td.zip,done
WSC2024,WorldSkills Lyon 2024,TD,31,Fashion Technology,,ko,WSC2024_TD31_ko.pdf,512255,8cb1c43f4b47327dd1a3b3706a3a33222e0b9db409c93f476e6dc7f5d3526c1b,WSC2024/TD/31/ko/WSC2024_TD31_ko.pdf,https://api.worldskills.org/skillman/documents/1/skills/1697/pdf?l=ko,wsc-2024-lyon,wsc-2024-lyon-td.zip,done
WSC2024,WorldSkills Lyon 2024,TD,31,Fashion Technology,,pt,WSC2024_TD31_pt.pdf,512232,b31db6b2915a0f3692935be07590ae860e47f309f76c3f37ec556b66ae09f1ec,WSC2024/TD/31/pt/WSC2024_TD31_pt.pdf,https://api.worldskills.org/skillman/documents/1/skills/1697/pdf?l=pt,wsc-2024-lyon,wsc-2024-lyon-td.zip,done
WSC2024,WorldSkills Lyon 2024,TD,31,Fashion Technology,,ru,WSC2024_TD31_ru.pdf,512215,c0fc1b40821e196ac241ee6af014358c58d249d454b8ac5dbde5b78a63376e22,WSC2024/TD/31/ru/WSC2024_TD31_ru.pdf,https://api.worldskills.org/skillman/documents/1/skills/1697/pdf?l=ru,wsc-2024-lyon,wsc-2024-lyon-td.zip,done
WSC2024,WorldSkills Lyon 2024,TD,31,Fashion Technology,,zh,WSC2024_TD31_zh.pdf,512254,d4adcd99293f2f7899c25416a365a28079bd0775495faff79c1466cf2920cd4e,WSC2024/TD/31/zh/WSC2024_TD31_zh.pdf,https://api.worldskills.org/skillman/documents/1/skills/1697/pdf?l=zh,wsc-2024-lyon,wsc-2024-lyon-td.zip,done
WSC2024,WorldSkills Lyon 2024,TD,32,Pâtisserie and Confectionery,,ar,WSC2024_TD32_ar.pdf,512230,6182e885e86c226ff77a5830e9d1ee4fe5ddc9e1b2019e1e731cf7247660defb,WSC2024/TD/32/ar/WSC2024_TD32_ar.pdf,https://api.worldskills.org/skillman/documents/1/skills/1711/pdf?l=ar,wsc-2024-lyon,wsc-2024-lyon-td.zip,done
WSC2024,WorldSkills Lyon 2024,TD,32,Pâtisserie and Confectionery,,de,WSC2024_TD32_de.pdf,511717,f10af29e11e620d5aa9f84602c5bd72d3701fa4c775df670cbac0c873db1dad5,WSC2024/TD/32/de/WSC2024_TD32_de.pdf,https://api.worldskills.org/skillman/documents/1/skills/1711/pdf?l=de,wsc-2024-lyon,wsc-2024-lyon-td.zip,done
WSC2024,WorldSkills Lyon 2024,TD,32,Pâtisserie and Confectionery,,en,WSC2024_TD32_en.pdf,1302124,0083478abe9365e074c0765778539660f12ab833bf77d48ca04f508b1e6cc527,WSC2024/TD/32/en/WSC2024_TD32_en.pdf,https://api.worldskills.org/skillman/documents/1/skills/1711/pdf?l=en,wsc-2024-lyon,wsc-2024-lyon-td.zip,done
WSC2024,WorldSkills Lyon 2024,TD,32,Pâtisserie and Confectionery,,es,WSC2024_TD32_es.pdf,512205,21fd30da75a04cb82e3ba54ba28e8bd6b0bdaa7bb8d7d8c28b9b367723ee7bab,WSC2024/TD/32/es/WSC2024_TD32_es.pdf,https://api.worldskills.org/skillman/documents/1/skills/1711/pdf?l=es,wsc-2024-lyon,wsc-2024-lyon-td.zip,done
WSC2024,WorldSkills Lyon 2024,TD,32,Pâtisserie and Confectionery,,fi,WSC2024_TD32_fi.pdf,512227,c5e9ccf4246ea63d29998adf9743580d1b933ddc60055fe909cb3194d2ef5f34,WSC2024/TD/32/fi/WSC2024_TD32_fi.pdf,https://api.worldskills.org/skillman/documents/1/skills/1711/pdf?l=fi,wsc-2024-lyon,wsc-2024-lyon-td.zip,done
WSC2024,WorldSkills Lyon 2024,TD,32,Pâtisserie and Confectionery,,fr,WSC2024_TD32_fr.pdf,512112,bb1cd5f1975c59ad71083ea21ef293fd2e36d61d644ca1dba8293b6b1671f763,WSC2024/TD/32/fr/WSC2024_TD32_fr.pdf,https://api.worldskills.org/skillman/documents/1/skills/1711/pdf?l=fr,wsc-2024-lyon,wsc-2024-lyon-td.zip,done
WSC2024,WorldSkills Lyon 2024,TD,32,Pâtisserie and Confectionery,,ja,WSC2024_TD32_ja.pdf,512241,f0c17dd9f073435874df1f515f0e7b9c0c8106225dc6fd21ddcc46ac2170686b,WSC2024/TD/32/ja/WSC2024_TD32_ja.pdf,https://api.worldskills.org/skillman/documents/1/skills/1711/pdf?l=ja,wsc-2024-lyon,wsc-2024-lyon-td.zip,done
WSC2024,WorldSkills Lyon 2024,TD,32,Pâtisserie and Confectionery,,ko,WSC2024_TD32_ko.pdf,512254,64935dab701e851509fdcfc6c0f6752efaf85e6156d7188aa26e7fd6d4348da2,WSC2024/TD/32/ko/WSC2024_TD32_ko.pdf,https://api.worldskills.org/skillman/documents/1/skills/1711/pdf?l=ko,wsc-2024-lyon,wsc-2024-lyon-td.zip,done
WSC2024,WorldSkills Lyon 2024,TD,32,Pâtisserie and Confectionery,,pt,WSC2024_TD32_pt.pdf,512231,b5750a670f211824e0dd8a6bf7c8b01c8bc9b4154e9856715acf7f8b96e94e08,WSC2024/TD/32/pt/WSC2024_TD32_pt.pdf,https://api.worldskills.org/skillman/documents/1/skills/1711/pdf?l=pt,wsc-2024-lyon,wsc-2024-lyon-td.zip,done
WSC2024,WorldSkills Lyon 2024,TD,32,Pâtisserie and Confectionery,,ru,WSC2024_TD32_ru.pdf,512224,50d4893dd1c2c3aaf9aa1c81a3b0812fb7c74dd862b20d1ebae9511cbec2a8c5,WSC2024/TD/32/ru/WSC2024_TD32_ru.pdf,https://api.worldskills.org/skillman/documents/1/skills/1711/pdf?l=ru,wsc-2024-lyon,wsc-2024-lyon-td.zip,done
WSC2024,WorldSkills Lyon 2024,TD,32,Pâtisserie and Confectionery,,zh,WSC2024_TD32_zh.pdf,512251,3e72045f874d63dd938c614f71b217a8c280a4ed1f4298d7bc33970f557a5234,WSC2024/TD/32/zh/WSC2024_TD32_zh.pdf,https://api.worldskills.org/skillman/documents/1/skills/1711/pdf?l=zh,wsc-2024-lyon,wsc-2024-lyon-td.zip,done
WSC2024,WorldSkills Lyon 2024,TD,33,Automobile Technology,,ar,WSC2024_TD33_ar.pdf,512127,eda75a494d1b310342bb03e429ba1277118dee82e24177dc70f532428142342b,WSC2024/TD/33/ar/WSC2024_TD33_ar.pdf,https://api.worldskills.org/skillman/documents/1/skills/1669/pdf?l=ar,wsc-2024-lyon,wsc-2024-lyon-td.zip,done
WSC2024,WorldSkills Lyon 2024,TD,33,Automobile Technology,,de,WSC2024_TD33_de.pdf,511859,f80ffb600a3d3eb7d0f4eab6109c7b8c1af42d58e8022acff99a1ca44714f88f,WSC2024/TD/33/de/WSC2024_TD33_de.pdf,https://api.worldskills.org/skillman/documents/1/skills/1669/pdf?l=de,wsc-2024-lyon,wsc-2024-lyon-td.zip,done
WSC2024,WorldSkills Lyon 2024,TD,33,Automobile Technology,,en,WSC2024_TD33_en.pdf,697183,9dc6f88f8875be16f90285671cd0337f34a6935631b7160d2b0d3e10db19ec48,WSC2024/TD/33/en/WSC2024_TD33_en.pdf,https://api.worldskills.org/skillman/documents/1/skills/1669/pdf?l=en,wsc-2024-lyon,wsc-2024-lyon-td.zip,done
WSC2024,WorldSkills Lyon 2024,TD,33,Automobile Technology,,es,WSC2024_TD33_es.pdf,512105,1c5f5de19300b9a310d11b1639abfa15368c7fa5a01c84ee36925586d0b755db,WSC2024/TD/33/es/WSC2024_TD33_es.pdf,https://api.worldskills.org/skillman/documents/1/skills/1669/pdf?l=es,wsc-2024-lyon,wsc-2024-lyon-td.zip,done
WSC2024,WorldSkills Lyon 2024,TD,33,Automobile Technology,,fi,WSC2024_TD33_fi.pdf,512123,23de95e2b9f140ee8ef1be76a38ca8cfb41d169ad0dc5518d16b3ad5d44f3960,WSC2024/TD/33/fi/WSC2024_TD33_fi.pdf,https://api.worldskills.org/skillman/documents/1/skills/1669/pdf?l=fi,wsc-2024-lyon,wsc-2024-lyon-td.zip,done
WSC2024,WorldSkills Lyon 2024,TD,33,Automobile Technology,,fr,WSC2024_TD33_fr.pdf,512057,183a6821496149538192deea8db245ca44cec791bc3dfe1e3f61062d729fadec,WSC2024/TD/33/fr/WSC2024_TD33_fr.pdf,https://api.worldskills.org/skillman/documents/1/skills/1669/pdf?l=fr,wsc-2024-lyon,wsc-2024-lyon-td.zip,done
WSC2024,WorldSkills Lyon 2024,TD,33,Automobile Technology,,ja,WSC2024_TD33_ja.pdf,512141,c4850256729560148396fe57daf211b92b47eb05fc7f6883202e4dfefba73fd4,WSC2024/TD/33/ja/WSC2024_TD33_ja.pdf,https://api.worldskills.org/skillman/documents/1/skills/1669/pdf?l=ja,wsc-2024-lyon,wsc-2024-lyon-td.zip,done
WSC2024,WorldSkills Lyon 2024,TD,33,Automobile Technology,,ko,WSC2024_TD33_ko.pdf,512146,97ff21b2b984159fd1a8b2115aa46dfd1300733da03d9bcabe043b6f5c403f7a,WSC2024/TD/33/ko/WSC2024_TD33_ko.pdf,https://api.worldskills.org/skillman/documents/1/skills/1669/pdf?l=ko,wsc-2024-lyon,wsc-2024-lyon-td.zip,done
WSC2024,WorldSkills Lyon 2024,TD,33,Automobile Technology,,pt,WSC2024_TD33_pt.pdf,512132,ac733d43468a271065d1e0940d9f3d4a8a9c193e48e8e6836f186e18a252b8e3,WSC2024/TD/33/pt/WSC2024_TD33_pt.pdf,https://api.worldskills.org/skillman/documents/1/skills/1669/pdf?l=pt,wsc-2024-lyon,wsc-2024-lyon-td.zip,done
WSC2024,WorldSkills Lyon 2024,TD,33,Automobile Technology,,ru,WSC2024_TD33_ru.pdf,512126,9150659dcd3da94439a9a9f6a97cddf4bbaa7730a7b73816fc5bc9a7b82465aa,WSC2024/TD/33/ru/WSC2024_TD33_ru.pdf,https://api.worldskills.org/skillman/documents/1/skills/1669/pdf?l=ru,wsc-2024-lyon,wsc-2024-lyon-td.zip,done
WSC2024,WorldSkills Lyon 2024,TD,33,Automobile Technology,,zh,WSC2024_TD33_zh.pdf,512150,3b04e66cfc034b426f1bf2a3a96378c698b73ce55fd1702a9d8aa4273fe60baf,WSC2024/TD/33/zh/WSC2024_TD33_zh.pdf,https://api.worldskills.org/skillman/documents/1/skills/1669/pdf?l=zh,wsc-2024-lyon,wsc-2024-lyon-td.zip,done
WSC2024,WorldSkills Lyon 2024,TD,34,Cooking,,ar,WSC2024_TD34_ar.pdf,511728,d972f800fe3d8eb692e5d0a6f8ec774aa2c26f71c7073cfd70091ab21ce43579,WSC2024/TD/34/ar/WSC2024_TD34_ar.pdf,https://api.worldskills.org/skillman/documents/1/skills/1670/pdf?l=ar,wsc-2024-lyon,wsc-2024-lyon-td.zip,done
WSC2024,WorldSkills Lyon 2024,TD,34,Cooking,,de,WSC2024_TD34_de.pdf,512191,a9e5c70ce0b41f5d4e4ab64afa1c95072e21a99c2005f971c106c22942954371,WSC2024/TD/34/de/WSC2024_TD34_de.pdf,https://api.worldskills.org/skillman/documents/1/skills/1670/pdf?l=de,wsc-2024-lyon,wsc-2024-lyon-td.zip,done
WSC2024,WorldSkills Lyon 2024,TD,34,Cooking,,en,WSC2024_TD34_en.pdf,1027108,8294536ca0e1049bb5b66299cf9a1a89b3649a485d6e2a847394a865b51e42cb,WSC2024/TD/34/en/WSC2024_TD34_en.pdf,https://api.worldskills.org/skillman/documents/1/skills/1670/pdf?l=en,wsc-2024-lyon,wsc-2024-lyon-td.zip,done
WSC2024,WorldSkills Lyon 2024,TD,34,Cooking,,es,WSC2024_TD34_es.pdf,511710,f6ced89e8d61e788c086266eb101840a891eb7a139fde1e704cd9ec90aaa26b5,WSC2024/TD/34/es/WSC2024_TD34_es.pdf,https://api.worldskills.org/skillman/documents/1/skills/1670/pdf?l=es,wsc-2024-lyon,wsc-2024-lyon-td.zip,done
WSC2024,WorldSkills Lyon 2024,TD,34,Cooking,,fi,WSC2024_TD34_fi.pdf,511730,bc50843d35efdeeeb9c44bb3cd89882f7de8ca78289123e4f102ecf943642d4a,WSC2024/TD/34/fi/WSC2024_TD34_fi.pdf,https://api.worldskills.org/skillman/documents/1/skills/1670/pdf?l=fi,wsc-2024-lyon,wsc-2024-lyon-td.zip,done
WSC2024,WorldSkills Lyon 2024,TD,34,Cooking,,fr,WSC2024_TD34_fr.pdf,511746,d126fc675b1811e859e706fe6526f75ec666b0a58efd99e9ac6cbb0937882edc,WSC2024/TD/34/fr/WSC2024_TD34_fr.pdf,https://api.worldskills.org/skillman/documents/1/skills/1670/pdf?l=fr,wsc-2024-lyon,wsc-2024-lyon-td.zip,done
WSC2024,WorldSkills Lyon 2024,TD,34,Cooking,,ja,WSC2024_TD34_ja.pdf,511748,ed9a20dd1d53c2dedc13af35152e207bcbcd322b3fe4b8429b19a3410a9dcb93,WSC2024/TD/34/ja/WSC2024_TD34_ja.pdf,https://api.worldskills.org/skillman/documents/1/skills/1670/pdf?l=ja,wsc-2024-lyon,wsc-2024-lyon-td.zip,done
WSC2024,WorldSkills Lyon 2024,TD,34,Cooking,,ko,WSC2024_TD34_ko.pdf,511750,4c2dd504c7b604c75febbbf7cdb0aaeabbcd7054a992ecdaf9c453a7d89d1f9f,WSC2024/TD/34/ko/WSC2024_TD34_ko.pdf,https://api.worldskills.org/skillman/documents/1/skills/1670/pdf?l=ko,wsc-2024-lyon,wsc-2024-lyon-td.zip,done
WSC2024,WorldSkills Lyon 2024,TD,34,Cooking,,pt,WSC2024_TD34_pt.pdf,511735,9caca8ff9874ce82df782cdcb955621d600004a4d57ad46eb069d0a395f9d729,WSC2024/TD/34/pt/WSC2024_TD34_pt.pdf,https://api.worldskills.org/skillman/documents/1/skills/1670/pdf?l=pt,wsc-2024-lyon,wsc-2024-lyon-td.zip,done
WSC2024,WorldSkills Lyon 2024,TD,34,Cooking,,ru,WSC2024_TD34_ru.pdf,511731,4d485b2bedc71e1b0994a265463dc41ba2defbfbc7a609347b96cf36e8d9d944,WSC2024/TD/34/ru/WSC2024_TD34_ru.pdf,https://api.worldskills.org/skillman/documents/1/skills/1670/pdf?l=ru,wsc-2024-lyon,wsc-2024-lyon-td.zip,done
WSC2024,WorldSkills Lyon 2024,TD,34,Cooking,,zh,WSC2024_TD34_zh.pdf,511741,ea0dd8c134baed3c5631551c8b6010165423599f743169bf8e045b47bfc6dbe2,WSC2024/TD/34/zh/WSC2024_TD34_zh.pdf,https://api.worldskills.org/skillman/documents/1/skills/1670/pdf?l=zh,wsc-2024-lyon,wsc-2024-lyon-td.zip,done
WSC2024,WorldSkills Lyon 2024,TD,35,Restaurant Service,,ar,WSC2024_TD35_ar.pdf,511778,154d141537a048f21607167ff8a95d45e0bb2c56b4b81a663c2c70fbcd6ac495,WSC2024/TD/35/ar/WSC2024_TD35_ar.pdf,https://api.worldskills.org/skillman/documents/1/skills/1699/pdf?l=ar,wsc-2024-lyon,wsc-2024-lyon-td.zip,done
WSC2024,WorldSkills Lyon 2024,TD,35,Restaurant Service,,de,WSC2024_TD35_de.pdf,511805,ff6a9e8f78c803a825efcda4de7d668348dad85f4074d81589ab1d07504d4d1b,WSC2024/TD/35/de/WSC2024_TD35_de.pdf,https://api.worldskills.org/skillman/documents/1/skills/1699/pdf?l=de,wsc-2024-lyon,wsc-2024-lyon-td.zip,done
WSC2024,WorldSkills Lyon 2024,TD,35,Restaurant Service,,en,WSC2024_TD35_en.pdf,1074171,2c0980d40259f90469e183502353d5019b76717c070d10f53f07032d049132fe,WSC2024/TD/35/en/WSC2024_TD35_en.pdf,https://api.worldskills.org/skillman/documents/1/skills/1699/pdf?l=en,wsc-2024-lyon,wsc-2024-lyon-td.zip,done
WSC2024,WorldSkills Lyon 2024,TD,35,Restaurant Service,,es,WSC2024_TD35_es.pdf,511763,e4d028401e70a7a2cbc69cd8eef341acbacf68c32d0da2b704c417e1f61c54e1,WSC2024/TD/35/es/WSC2024_TD35_es.pdf,https://api.worldskills.org/skillman/documents/1/skills/1699/pdf?l=es,wsc-2024-lyon,wsc-2024-lyon-td.zip,done
WSC2024,WorldSkills Lyon 2024,TD,35,Restaurant Service,,fi,WSC2024_TD35_fi.pdf,511775,30b2cbb0403470e874714c9fe4bbca2b7ba963f3820cc4d01b28e04db8301efa,WSC2024/TD/35/fi/WSC2024_TD35_fi.pdf,https://api.worldskills.org/skillman/documents/1/skills/1699/pdf?l=fi,wsc-2024-lyon,wsc-2024-lyon-td.zip,done
WSC2024,WorldSkills Lyon 2024,TD,35,Restaurant Service,,fr,WSC2024_TD35_fr.pdf,511841,8165ebac37e86396d9131d5a01e665500e309702ac861e05c7f21754fbb19c06,WSC2024/TD/35/fr/WSC2024_TD35_fr.pdf,https://api.worldskills.org/skillman/documents/1/skills/1699/pdf?l=fr,wsc-2024-lyon,wsc-2024-lyon-td.zip,done
WSC2024,WorldSkills Lyon 2024,TD,35,Restaurant Service,,ja,WSC2024_TD35_ja.pdf,511793,ffeddb3751114ca828c4828c5aa7979e7bcc07d855b381005636a26fc8f4adee,WSC2024/TD/35/ja/WSC2024_TD35_ja.pdf,https://api.worldskills.org/skillman/documents/1/skills/1699/pdf?l=ja,wsc-2024-lyon,wsc-2024-lyon-td.zip,done
WSC2024,WorldSkills Lyon 2024,TD,35,Restaurant Service,,ko,WSC2024_TD35_ko.pdf,511800,758410b967a4dc0014d60e66b14fd2d47a6f9419578b579b7b6fdd6dd40a5d52,WSC2024/TD/35/ko/WSC2024_TD35_ko.pdf,https://api.worldskills.org/skillman/documents/1/skills/1699/pdf?l=ko,wsc-2024-lyon,wsc-2024-lyon-td.zip,done
WSC2024,WorldSkills Lyon 2024,TD,35,Restaurant Service,,pt,WSC2024_TD35_pt.pdf,511781,4936d65e358544334f110215fb6a0938caeac8156962c8c9879cc72bafeac348,WSC2024/TD/35/pt/WSC2024_TD35_pt.pdf,https://api.worldskills.org/skillman/documents/1/skills/1699/pdf?l=pt,wsc-2024-lyon,wsc-2024-lyon-td.zip,done
WSC2024,WorldSkills Lyon 2024,TD,35,Restaurant Service,,ru,WSC2024_TD35_ru.pdf,511784,fe2c30efe1694e3479b15c695df2faf9397b34afa876ed3625970bc1f78ca647,WSC2024/TD/35/ru/WSC2024_TD35_ru.pdf,https://api.worldskills.org/skillman/documents/1/skills/1699/pdf?l=ru,wsc-2024-lyon,wsc-2024-lyon-td.zip,done
WSC2024,WorldSkills Lyon 2024,TD,35,Restaurant Service,,zh,WSC2024_TD35_zh.pdf,511794,2582ed09768153754ed5c4969eb0b7a593f08c7e7ef0599c37764a7869e0c8eb,WSC2024/TD/35/zh/WSC2024_TD35_zh.pdf,https://api.worldskills.org/skillman/documents/1/skills/1699/pdf?l=zh,wsc-2024-lyon,wsc-2024-lyon-td.zip,done
WSC2024,WorldSkills Lyon 2024,TD,36,Car Painting,,ar,WSC2024_TD36_ar.pdf,511689,61232c4ae75f3c6fe1def0fe97245a9aafdab834fa96441a3c3b416cbfa14799,WSC2024/TD/36/ar/WSC2024_TD36_ar.pdf,https://api.worldskills.org/skillman/documents/1/skills/1718/pdf?l=ar,wsc-2024-lyon,wsc-2024-lyon-td.zip,done
WSC2024,WorldSkills Lyon 2024,TD,36,Car Painting,,de,WSC2024_TD36_de.pdf,511752,720cb4fe6ec2d1399ba6b6f4d837f89d42d2d96d61df10545d72d46d032c1800,WSC2024/TD/36/de/WSC2024_TD36_de.pdf,https://api.worldskills.org/skillman/documents/1/skills/1718/pdf?l=de,wsc-2024-lyon,wsc-2024-lyon-td.zip,done
WSC2024,WorldSkills Lyon 2024,TD,36,Car Painting,,en,WSC2024_TD36_en.pdf,825858,925df966ee22c902c506685b63720bbff6a4457b8c8a3a34c4a21e69bf8fa9eb,WSC2024/TD/36/en/WSC2024_TD36_en.pdf,https://api.worldskills.org/skillman/documents/1/skills/1718/pdf?l=en,wsc-2024-lyon,wsc-2024-lyon-td.zip,done
WSC2024,WorldSkills Lyon 2024,TD,36,Car Painting,,es,WSC2024_TD36_es.pdf,511681,a27c522b3b43aa9b70bac8497d50e9dda57be85b988c391248ef833d2c281e84,WSC2024/TD/36/es/WSC2024_TD36_es.pdf,https://api.worldskills.org/skillman/documents/1/skills/1718/pdf?l=es,wsc-2024-lyon,wsc-2024-lyon-td.zip,done
WSC2024,WorldSkills Lyon 2024,TD,36,Car Painting,,fi,WSC2024_TD36_fi.pdf,511693,1808dc2f2c7161fbc81407e72604bed7fffa6a2af5467588f86ea884a5468644,WSC2024/TD/36/fi/WSC2024_TD36_fi.pdf,https://api.worldskills.org/skillman/documents/1/skills/1718/pdf?l=fi,wsc-2024-lyon,wsc-2024-lyon-td.zip,done
WSC2024,WorldSkills Lyon 2024,TD,36,Car Painting,,fr,WSC2024_TD36_fr.pdf,511815,85a462bf54a954c19c31ac2461b16ba33a0a1cfb694d9fd3b363ecb89371bbf3,WSC2024/TD/36/fr/WSC2024_TD36_fr.pdf,https://api.worldskills.org/skillman/documents/1/skills/1718/pdf?l=fr,wsc-2024-lyon,wsc-2024-lyon-td.zip,done
WSC2024,WorldSkills Lyon 2024,TD,36,Car Painting,,ja,WSC2024_TD36_ja.pdf,511703,8e782756c6af8e113c9569ad24e5cef7e68b1f1d93be183891345d53e7f9ac7f,WSC2024/TD/36/ja/WSC2024_TD36_ja.pdf,https://api.worldskills.org/skillman/documents/1/skills/1718/pdf?l=ja,wsc-2024-lyon,wsc-2024-lyon-td.zip,done
WSC2024,WorldSkills Lyon 2024,TD,36,Car Painting,,ko,WSC2024_TD36_ko.pdf,511713,622ca7c85d5916451b01a97e203e754b64598a14b7acfe148fd81ccb9d81fdfe,WSC2024/TD/36/ko/WSC2024_TD36_ko.pdf,https://api.worldskills.org/skillman/documents/1/skills/1718/pdf?l=ko,wsc-2024-lyon,wsc-2024-lyon-td.zip,done
WSC2024,WorldSkills Lyon 2024,TD,36,Car Painting,,pt,WSC2024_TD36_pt.pdf,511702,527d07eda510103f2e491f113ba00e90a4fa428fdf189f814caa63c9f97faf0d,WSC2024/TD/36/pt/WSC2024_TD36_pt.pdf,https://api.worldskills.org/skillman/documents/1/skills/1718/pdf?l=pt,wsc-2024-lyon,wsc-2024-lyon-td.zip,done
WSC2024,WorldSkills Lyon 2024,TD,36,Car Painting,,ru,WSC2024_TD36_ru.pdf,511700,3b7d78da17a01f43922aa2239df2833b679f39376ad98ddb69b185af45cae563,WSC2024/TD/36/ru/WSC2024_TD36_ru.pdf,https://api.worldskills.org/skillman/documents/1/skills/1718/pdf?l=ru,wsc-2024-lyon,wsc-2024-lyon-td.zip,done
WSC2024,WorldSkills Lyon 2024,TD,36,Car Painting,,zh,WSC2024_TD36_zh.pdf,511718,eda5ab4052f921ae9c5fafd25c7e14b992641affb20a3c74f6412ce6e7f8dd2c,WSC2024/TD/36/zh/WSC2024_TD36_zh.pdf,https://api.worldskills.org/skillman/documents/1/skills/1718/pdf?l=zh,wsc-2024-lyon,wsc-2024-lyon-td.zip,done
WSC2024,WorldSkills Lyon 2024,TD,37,Landscape Gardening,,ar,WSC2024_TD37_ar.pdf,511788,3a249418540e87ee79c373e1da2dd97e3881d68a2f3970eeea79d340e66cfe5d,WSC2024/TD/37/ar/WSC2024_TD37_ar.pdf,https://api.worldskills.org/skillman/documents/1/skills/1713/pdf?l=ar,wsc-2024-lyon,wsc-2024-lyon-td.zip,done
WSC2024,WorldSkills Lyon 2024,TD,37,Landscape Gardening,,de,WSC2024_TD37_de.pdf,512145,e5817fc877db4fa5fa5246c88c3771785f1787176533dec258c0e570a6aabf48,WSC2024/TD/37/de/WSC2024_TD37_de.pdf,https://api.worldskills.org/skillman/documents/1/skills/1713/pdf?l=de,wsc-2024-lyon,wsc-2024-lyon-td.zip,done
WSC2024,WorldSkills Lyon 2024,TD,37,Landscape Gardening,,en,WSC2024_TD37_en.pdf,731691,1f44f216d0fc4c7491db16105a99bbacf61111df44d3306e9a711c857619c907,WSC2024/TD/37/en/WSC2024_TD37_en.pdf,https://api.worldskills.org/skillman/documents/1/skills/1713/pdf?l=en,wsc-2024-lyon,wsc-2024-lyon-td.zip,done
WSC2024,WorldSkills Lyon 2024,TD,37,Landscape Gardening,,es,WSC2024_TD37_es.pdf,511779,ca389bfdb257f3c46a274529005c222cde5964b38ccc9bd3cb85ef6991b521db,WSC2024/TD/37/es/WSC2024_TD37_es.pdf,https://api.worldskills.org/skillman/documents/1/skills/1713/pdf?l=es,wsc-2024-lyon,wsc-2024-lyon-td.zip,done
WSC2024,WorldSkills Lyon 2024,TD,37,Landscape Gardening,,fi,WSC2024_TD37_fi.pdf,511788,f0ed9da35b3833a2dc35d7d7f005656a63afef51da934d60ef673ece4bec5cce,WSC2024/TD/37/fi/WSC2024_TD37_fi.pdf,https://api.worldskills.org/skillman/documents/1/skills/1713/pdf?l=fi,wsc-2024-lyon,wsc-2024-lyon-td.zip,done
WSC2024,WorldSkills Lyon 2024,TD,37,Landscape Gardening,,fr,WSC2024_TD37_fr.pdf,511877,955d56a6c550f9ccee2e3e9e7b7d410f6e6ff11d8e8733713aeda6ff35ebdf60,WSC2024/TD/37/fr/WSC2024_TD37_fr.pdf,https://api.worldskills.org/skillman/documents/1/skills/1713/pdf?l=fr,wsc-2024-lyon,wsc-2024-lyon-td.zip,done
WSC2024,WorldSkills Lyon 2024,TD,37,Landscape Gardening,,ja,WSC2024_TD37_ja.pdf,511808,128f3a87dffc219e4bc22ec4a00a5004651503edb98e5ba5547a78388ab2d4c7,WSC2024/TD/37/ja/WSC2024_TD37_ja.pdf,https://api.worldskills.org/skillman/documents/1/skills/1713/pdf?l=ja,wsc-2024-lyon,wsc-2024-lyon-td.zip,done
WSC2024,WorldSkills Lyon 2024,TD,37,Landscape Gardening,,ko,WSC2024_TD37_ko.pdf,511804,1bab57f0a14ca9a4b864b71c1afddc3281e64edada4dffefeb0fe391d5ed3792,WSC2024/TD/37/ko/WSC2024_TD37_ko.pdf,https://api.worldskills.org/skillman/documents/1/skills/1713/pdf?l=ko,wsc-2024-lyon,wsc-2024-lyon-td.zip,done
WSC2024,WorldSkills Lyon 2024,TD,37,Landscape Gardening,,pt,WSC2024_TD37_pt.pdf,511795,6fdb5f7e657d259b22f6c0f3983f324e9e3e2528015d4fb4051698a2038aa6c7,WSC2024/TD/37/pt/WSC2024_TD37_pt.pdf,https://api.worldskills.org/skillman/documents/1/skills/1713/pdf?l=pt,wsc-2024-lyon,wsc-2024-lyon-td.zip,done
WSC2024,WorldSkills Lyon 2024,TD,37,Landscape Gardening,,ru,WSC2024_TD37_ru.pdf,511798,e042833f74d855afd1ffbe8c1bdf4f3a9908bcb71e7b1be6318b0923d9a21d15,WSC2024/TD/37/ru/WSC2024_TD37_ru.pdf,https://api.worldskills.org/skillman/documents/1/skills/1713/pdf?l=ru,wsc-2024-lyon,wsc-2024-lyon-td.zip,done
WSC2024,WorldSkills Lyon 2024,TD,37,Landscape Gardening,,zh,WSC2024_TD37_zh.pdf,511808,7fa7b6fd88036a68eb497702cd00ac254df6659f02e3e3216e5e68954a24e075,WSC2024/TD/37/zh/WSC2024_TD37_zh.pdf,https://api.worldskills.org/skillman/documents/1/skills/1713/pdf?l=zh,wsc-2024-lyon,wsc-2024-lyon-td.zip,done
WSC2024,WorldSkills Lyon 2024,TD,38,Refrigeration and Air Conditioning,,ar,WSC2024_TD38_ar.pdf,512392,93ff042ed3a02a7d05e8c561e7c9365c52953ec17828c4e6472a99c6551dfc38,WSC2024/TD/38/ar/WSC2024_TD38_ar.pdf,https://api.worldskills.org/skillman/documents/1/skills/1674/pdf?l=ar,wsc-2024-lyon,wsc-2024-lyon-td.zip,done
WSC2024,WorldSkills Lyon 2024,TD,38,Refrigeration and Air Conditioning,,de,WSC2024_TD38_de.pdf,512493,e57605f3e803e6e23b3938df5f6b5ef840726d3e4ac67c74751eefd367e6afea,WSC2024/TD/38/de/WSC2024_TD38_de.pdf,https://api.worldskills.org/skillman/documents/1/skills/1674/pdf?l=de,wsc-2024-lyon,wsc-2024-lyon-td.zip,done
WSC2024,WorldSkills Lyon 2024,TD,38,Refrigeration and Air Conditioning,,en,WSC2024_TD38_en.pdf,919025,212580dfc24f18c8c9e464d4885e53dc10193f6b64fe99848feeb01de2af3f00,WSC2024/TD/38/en/WSC2024_TD38_en.pdf,https://api.worldskills.org/skillman/documents/1/skills/1674/pdf?l=en,wsc-2024-lyon,wsc-2024-lyon-td.zip,done
WSC2024,WorldSkills Lyon 2024,TD,38,Refrigeration and Air Conditioning,,es,WSC2024_TD38_es.pdf,512372,63a097c6c6fe9bdfb21829b44da0660e85e2e36d7b3aa10403aa70f65e9d6291,WSC2024/TD/38/es/WSC2024_TD38_es.pdf,https://api.worldskills.org/skillman/documents/1/skills/1674/pdf?l=es,wsc-2024-lyon,wsc-2024-lyon-td.zip,done
WSC2024,WorldSkills Lyon 2024,TD,38,Refrigeration and Air Conditioning,,fi,WSC2024_TD38_fi.pdf,512395,dd2a76a280c8981c23a58f7604c5223fee0fd7cc1576b338bddf07deaeddc97b,WSC2024/TD/38/fi/WSC2024_TD38_fi.pdf,https://api.worldskills.org/skillman/documents/1/skills/1674/pdf?l=fi,wsc-2024-lyon,wsc-2024-lyon-td.zip,done
WSC2024,WorldSkills Lyon 2024,TD,38,Refrigeration and Air Conditioning,,fr,WSC2024_TD38_fr.pdf,512385,a9709fcc4dd8b032181f53995f20cadc1cc2e415ef8db7b80ee257a567263eeb,WSC2024/TD/38/fr/WSC2024_TD38_fr.pdf,https://api.worldskills.org/skillman/documents/1/skills/1674/pdf?l=fr,wsc-2024-lyon,wsc-2024-lyon-td.zip,done
WSC2024,WorldSkills Lyon 2024,TD,38,Refrigeration and Air Conditioning,,ja,WSC2024_TD38_ja.pdf,512415,71e663d26e3fc2b4d78df26c0e6919b2911f7467dea2031bda74d4162981ec7e,WSC2024/TD/38/ja/WSC2024_TD38_ja.pdf,https://api.worldskills.org/skillman/documents/1/skills/1674/pdf?l=ja,wsc-2024-lyon,wsc-2024-lyon-td.zip,done
WSC2024,WorldSkills Lyon 2024,TD,38,Refrigeration and Air Conditioning,,ko,WSC2024_TD38_ko.pdf,512410,300699a3f045f4e03510763f08401a15829c293663522308506dd1f0d89436f5,WSC2024/TD/38/ko/WSC2024_TD38_ko.pdf,https://api.worldskills.org/skillman/documents/1/skills/1674/pdf?l=ko,wsc-2024-lyon,wsc-2024-lyon-td.zip,done
WSC2024,WorldSkills Lyon 2024,TD,38,Refrigeration and Air Conditioning,,pt,WSC2024_TD38_pt.pdf,512398,c99683fbd93118b001790c0f32a610f5e12068ae848dc3ead47f27c45fb8f82b,WSC2024/TD/38/pt/WSC2024_TD38_pt.pdf,https://api.worldskills.org/skillman/documents/1/skills/1674/pdf?l=pt,wsc-2024-lyon,wsc-2024-lyon-td.zip,done
WSC2024,WorldSkills Lyon 2024,TD,38,Refrigeration and Air Conditioning,,ru,WSC2024_TD38_ru.pdf,512407,f25222a761193b99740849840caaf2235331e50fe41d55db43612152e1243148,WSC2024/TD/38/ru/WSC2024_TD38_ru.pdf,https://api.worldskills.org/skillman/documents/1/skills/1674/pdf?l=ru,wsc-2024-lyon,wsc-2024-lyon-td.zip,done
WSC2024,WorldSkills Lyon 2024,TD,38,Refrigeration and Air Conditioning,,zh,WSC2024_TD38_zh.pdf,512409,afadc159614c4beb4d08a900ce014c2d462ae27d7c1660189233d3c9ba0673c8,WSC2024/TD/38/zh/WSC2024_TD38_zh.pdf,https://api.worldskills.org/skillman/documents/1/skills/1674/pdf?l=zh,wsc-2024-lyon,wsc-2024-lyon-td.zip,done
WSC2024,WorldSkills Lyon 2024,TD,39,IT Network Systems Administration,,ar,WSC2024_TD39_ar.pdf,512351,b28b5e87a5ea512bc36a2f3e99b0793bfb43791a3edf29287ff01b63b22929c9,WSC2024/TD/39/ar/WSC2024_TD39_ar.pdf,https://api.worldskills.org/skillman/documents/1/skills/1694/pdf?l=ar,wsc-2024-lyon,wsc-2024-lyon-td.zip,done
WSC2024,WorldSkills Lyon 2024,TD,39,IT Network Systems Administration,,de,WSC2024_TD39_de.pdf,512544,e9efdbf34fc670b58b86290cec46ada84504ae7d5156a3a7dc54665238100605,WSC2024/TD/39/de/WSC2024_TD39_de.pdf,https://api.worldskills.org/skillman/documents/1/skills/1694/pdf?l=de,wsc-2024-lyon,wsc-2024-lyon-td.zip,done
WSC2024,WorldSkills Lyon 2024,TD,39,IT Network Systems Administration,,en,WSC2024_TD39_en.pdf,890057,3c01f0a0fc3e11707c195c324d5f88bffe7746e002eb8d3d4606027da25d95c4,WSC2024/TD/39/en/WSC2024_TD39_en.pdf,https://api.worldskills.org/skillman/documents/1/skills/1694/pdf?l=en,wsc-2024-lyon,wsc-2024-lyon-td.zip,done
WSC2024,WorldSkills Lyon 2024,TD,39,IT Network Systems Administration,,es,WSC2024_TD39_es.pdf,512335,d31f904faba77998982dcb627235a282df42fdf5c2bcf2b992902b7bc2ea34b6,WSC2024/TD/39/es/WSC2024_TD39_es.pdf,https://api.worldskills.org/skillman/documents/1/skills/1694/pdf?l=es,wsc-2024-lyon,wsc-2024-lyon-td.zip,done
WSC2024,WorldSkills Lyon 2024,TD,39,IT Network Systems Administration,,fi,WSC2024_TD39_fi.pdf,512350,4edc384fecf93e304a3eeb2fc573b9caeea5d452d8277415df7888d91d3014d1,WSC2024/TD/39/fi/WSC2024_TD39_fi.pdf,https://api.worldskills.org/skillman/documents/1/skills/1694/pdf?l=fi,wsc-2024-lyon,wsc-2024-lyon-td.zip,done
WSC2024,WorldSkills Lyon 2024,TD,39,IT Network Systems Administration,,fr,WSC2024_TD39_fr.pdf,512928,cbb07949e91c26c106d4150df5da69691eb91a288f850a67815f6e615cc95cce,WSC2024/TD/39/fr/WSC2024_TD39_fr.pdf,https://api.worldskills.org/skillman/documents/1/skills/1694/pdf?l=fr,wsc-2024-lyon,wsc-2024-lyon-td.zip,done
WSC2024,WorldSkills Lyon 2024,TD,39,IT Network Systems Administration,,ja,WSC2024_TD39_ja.pdf,512366,4e409f7c54dc9c4c09b514910b4cda36a5ea69802506d82acd00b917e2266576,WSC2024/TD/39/ja/WSC2024_TD39_ja.pdf,https://api.worldskills.org/skillman/documents/1/skills/1694/pdf?l=ja,wsc-2024-lyon,wsc-2024-lyon-td.zip,done
WSC2024,WorldSkills Lyon 2024,TD,39,IT Network Systems Administration,,ko,WSC2024_TD39_ko.pdf,512369,bcbfdb9dd1979f3b32c442dbe942e579637ecddeb1fb4d57ef71f955ed52fc1b,WSC2024/TD/39/ko/WSC2024_TD39_ko.pdf,https://api.worldskills.org/skillman/documents/1/skills/1694/pdf?l=ko,wsc-2024-lyon,wsc-2024-lyon-td.zip,done
WSC2024,WorldSkills Lyon 2024,TD,39,IT Network Systems Administration,,pt,WSC2024_TD39_pt.pdf,512358,21ca9819b07033e9c0410ab023a988ce62c810a48f091ee583d09439fc9ec2a9,WSC2024/TD/39/pt/WSC2024_TD39_pt.pdf,https://api.worldskills.org/skillman/documents/1/skills/1694/pdf?l=pt,wsc-2024-lyon,wsc-2024-lyon-td.zip,done
WSC2024,WorldSkills Lyon 2024,TD,39,IT Network Systems Administration,,ru,WSC2024_TD39_ru.pdf,512353,ee1d445e45c34b4e5af26c1aa84d0e8b5e68f4e6aeb1c7d7d2d75f29296c63be,WSC2024/TD/39/ru/WSC2024_TD39_ru.pdf,https://api.worldskills.org/skillman/documents/1/skills/1694/pdf?l=ru,wsc-2024-lyon,wsc-2024-lyon-td.zip,done
WSC2024,WorldSkills Lyon 2024,TD,39,IT Network Systems Administration,,zh,WSC2024_TD39_zh.pdf,512370,31f2b5e20060aad1faeb40358c279b8cec732b097bdb3ad5723fb8168ccc669c,WSC2024/TD/39/zh/WSC2024_TD39_zh.pdf,https://api.worldskills.org/skillman/documents/1/skills/1694/pdf?l=zh,wsc-2024-lyon,wsc-2024-lyon-td.zip,done
WSC2024,WorldSkills Lyon 2024,TD,40,Graphic Design Technology,,ar,WSC2024_TD40_ar.pdf,512244,67853beb9964d37126321ab62d7edaa02eb36002cf50a3b2304da0f8ca015742,WSC2024/TD/40/ar/WSC2024_TD40_ar.pdf,https://api.worldskills.org/skillman/documents/1/skills/1701/pdf?l=ar,wsc-2024-lyon,wsc-2024-lyon-td.zip,done
WSC2024,WorldSkills Lyon 2024,TD,40,Graphic Design Technology,,de,WSC2024_TD40_de.pdf,511709,79c94c427e9366869a107135d9b201d846504f2267415a653b94191ae2664c0f,WSC2024/TD/40/de/WSC2024_TD40_de.pdf,https://api.worldskills.org/skillman/documents/1/skills/1701/pdf?l=de,wsc-2024-lyon,wsc-2024-lyon-td.zip,done
WSC2024,WorldSkills Lyon 2024,TD,40,Graphic Design Technology,,en,WSC2024_TD40_en.pdf,1706599,48ee7a407331d62aee2a0bae38b1e44b8e764c34b68a475787e811b20ca1a260,WSC2024/TD/40/en/WSC2024_TD40_en.pdf,https://api.worldskills.org/skillman/documents/1/skills/1701/pdf?l=en,wsc-2024-lyon,wsc-2024-lyon-td.zip,done
WSC2024,WorldSkills Lyon 2024,TD,40,Graphic Design Technology,,es,WSC2024_TD40_es.pdf,512231,e234bac5a12df1f4208891c85d3a1db566e305fe95fab51e06759c31361347a2,WSC2024/TD/40/es/WSC2024_TD40_es.pdf,https://api.worldskills.org/skillman/documents/1/skills/1701/pdf?l=es,wsc-2024-lyon,wsc-2024-lyon-td.zip,done
WSC2024,WorldSkills Lyon 2024,TD,40,Graphic Design Technology,,fi,WSC2024_TD40_fi.pdf,512247,a0862910f0ba03fe549daab93a2a16fce5c6b6ff3a918c329d0f6a8b9a644095,WSC2024/TD/40/fi/WSC2024_TD40_fi.pdf,https://api.worldskills.org/skillman/documents/1/skills/1701/pdf?l=fi,wsc-2024-lyon,wsc-2024-lyon-td.zip,done
WSC2024,WorldSkills Lyon 2024,TD,40,Graphic Design Technology,,fr,WSC2024_TD40_fr.pdf,512328,2ce3611ed00a191c26c382f4a3cd55cf46478ce6c41c73e44fd376d0197b70e2,WSC2024/TD/40/fr/WSC2024_TD40_fr.pdf,https://api.worldskills.org/skillman/documents/1/skills/1701/pdf?l=fr,wsc-2024-lyon,wsc-2024-lyon-td.zip,done
WSC2024,WorldSkills Lyon 2024,TD,40,Graphic Design Technology,,ja,WSC2024_TD40_ja.pdf,512256,0cb5539bcd5f3d364b8cf3938740d2724e644e92ef06b3157eaf8a867a0c0189,WSC2024/TD/40/ja/WSC2024_TD40_ja.pdf,https://api.worldskills.org/skillman/documents/1/skills/1701/pdf?l=ja,wsc-2024-lyon,wsc-2024-lyon-td.zip,done
WSC2024,WorldSkills Lyon 2024,TD,40,Graphic Design Technology,,ko,WSC2024_TD40_ko.pdf,512264,b79c5d1e7404d4806ca30c02fecf842fab8c0f641535917c63311c3c82e7e5c6,WSC2024/TD/40/ko/WSC2024_TD40_ko.pdf,https://api.worldskills.org/skillman/documents/1/skills/1701/pdf?l=ko,wsc-2024-lyon,wsc-2024-lyon-td.zip,done
WSC2024,WorldSkills Lyon 2024,TD,40,Graphic Design Technology,,pt,WSC2024_TD40_pt.pdf,512243,7f1b6791becd006e734937abd9665a7cc93f932ff9d9235c2cec7df6532f6aa5,WSC2024/TD/40/pt/WSC2024_TD40_pt.pdf,https://api.worldskills.org/skillman/documents/1/skills/1701/pdf?l=pt,wsc-2024-lyon,wsc-2024-lyon-td.zip,done
WSC2024,WorldSkills Lyon 2024,TD,40,Graphic Design Technology,,ru,WSC2024_TD40_ru.pdf,512246,fa8413c5e3738c7dad8795ffb596f94a6540f0837a134f08c9e9f42e558f888b,WSC2024/TD/40/ru/WSC2024_TD40_ru.pdf,https://api.worldskills.org/skillman/documents/1/skills/1701/pdf?l=ru,wsc-2024-lyon,wsc-2024-lyon-td.zip,done
WSC2024,WorldSkills Lyon 2024,TD,40,Graphic Design Technology,,zh,WSC2024_TD40_zh.pdf,512261,dea25cccd563487486391a1f3420fcd5a6f8da4578f30b2beb5df85cdbca789d,WSC2024/TD/40/zh/WSC2024_TD40_zh.pdf,https://api.worldskills.org/skillman/documents/1/skills/1701/pdf?l=zh,wsc-2024-lyon,wsc-2024-lyon-td.zip,done
WSC2024,WorldSkills Lyon 2024,TD,41,Health and Social Care,,ar,WSC2024_TD41_ar.pdf,511900,5b644c8a6bfc285d20846119ea117b7d080ff29e68a86211a2c712b11f85796a,WSC2024/TD/41/ar/WSC2024_TD41_ar.pdf,https://api.worldskills.org/skillman/documents/1/skills/1716/pdf?l=ar,wsc-2024-lyon,wsc-2024-lyon-td.zip,done
WSC2024,WorldSkills Lyon 2024,TD,41,Health and Social Care,,de,WSC2024_TD41_de.pdf,512285,56a0e07f4268c1e7958adc29703b4e85960b2787720f000d6fec372ad1c8d061,WSC2024/TD/41/de/WSC2024_TD41_de.pdf,https://api.worldskills.org/skillman/documents/1/skills/1716/pdf?l=de,wsc-2024-lyon,wsc-2024-lyon-td.zip,done
WSC2024,WorldSkills Lyon 2024,TD,41,Health and Social Care,,en,WSC2024_TD41_en.pdf,817776,f5250218692e883cccf1815843a5c31eea4b41a9fc6e90ccaef68c3673f859b2,WSC2024/TD/41/en/WSC2024_TD41_en.pdf,https://api.worldskills.org/skillman/documents/1/skills/1716/pdf?l=en,wsc-2024-lyon,wsc-2024-lyon-td.zip,done
WSC2024,WorldSkills Lyon 2024,TD,41,Health and Social Care,,es,WSC2024_TD41_es.pdf,511880,399b7e10b2eaa797884ac1ac85ea7d58d71b268988773dd4d41950d65f8f2f2d,WSC2024/TD/41/es/WSC2024_TD41_es.pdf,https://api.worldskills.org/skillman/documents/1/skills/1716/pdf?l=es,wsc-2024-lyon,wsc-2024-lyon-td.zip,done
WSC2024,WorldSkills Lyon 2024,TD,41,Health and Social Care,,fi,WSC2024_TD41_fi.pdf,511900,06fc62aded438eda3191bc9c77a3050c683efee144bb9235f3846eb099be213f,WSC2024/TD/41/fi/WSC2024_TD41_fi.pdf,https://api.worldskills.org/skillman/documents/1/skills/1716/pdf?l=fi,wsc-2024-lyon,wsc-2024-lyon-td.zip,done
WSC2024,WorldSkills Lyon 2024,TD,41,Health and Social Care,,fr,WSC2024_TD41_fr.pdf,511772,df5bfd25724dc7507254da94562c3191e0dfb09b18159aedc0203321ccf06c38,WSC2024/TD/41/fr/WSC2024_TD41_fr.pdf,https://api.worldskills.org/skillman/documents/1/skills/1716/pdf?l=fr,wsc-2024-lyon,wsc-2024-lyon-td.zip,done
WSC2024,WorldSkills Lyon 2024,TD,41,Health and Social Care,,ja,WSC2024_TD41_ja.pdf,511913,17ca01ce649cd6840528c7a82a3de22988a6f67304baa9cc08b4db2fb9a68133,WSC2024/TD/41/ja/WSC2024_TD41_ja.pdf,https://api.worldskills.org/skillman/documents/1/skills/1716/pdf?l=ja,wsc-2024-lyon,wsc-2024-lyon-td.zip,done
WSC2024,WorldSkills Lyon 2024,TD,41,Health and Social Care,,ko,WSC2024_TD41_ko.pdf,511914,65d5f8a43547b9ee235a3b0886db99db86da5aabbc8f0907302449ec587fc289,WSC2024/TD/41/ko/WSC2024_TD41_ko.pdf,https://api.worldskills.org/skillman/documents/1/skills/1716/pdf?l=ko,wsc-2024-lyon,wsc-2024-lyon-td.zip,done
WSC2024,WorldSkills Lyon 2024,TD,41,Health and Social Care,,pt,WSC2024_TD41_pt.pdf,511902,19b593eee55d4b00e6c047d12ab5314face2ebce849f8bb8e50908aa945b87c3,WSC2024/TD/41/pt/WSC2024_TD41_pt.pdf,https://api.worldskills.org/skillman/documents/1/skills/1716/pdf?l=pt,wsc-2024-lyon,wsc-2024-lyon-td.zip,done
WSC2024,WorldSkills Lyon 2024,TD,41,Health and Social Care,,ru,WSC2024_TD41_ru.pdf,511900,00f5388ceb4166973e0f9731adbdcfe5a98465c87795f2cab8e48cba3304297d,WSC2024/TD/41/ru/WSC2024_TD41_ru.pdf,https://api.worldskills.org/skillman/documents/1/skills/1716/pdf?l=ru,wsc-2024-lyon,wsc-2024-lyon-td.zip,done
WSC2024,WorldSkills Lyon 2024,TD,41,Health and Social Care,,zh,WSC2024_TD41_zh.pdf,511920,cd5b94522b75135fee58b551ece3055a71195dc181d0ca9659e880fd3fccf9a4,WSC2024/TD/41/zh/WSC2024_TD41_zh.pdf,https://api.worldskills.org/skillman/documents/1/skills/1716/pdf?l=zh,wsc-2024-lyon,wsc-2024-lyon-td.zip,done
WSC2024,WorldSkills Lyon 2024,TD,42,Construction Metal Work,,ar,WSC2024_TD42_ar.pdf,512047,b83906ea765b42328906d22861945ebf6834fb2bea2c8833181ce659965c9144,WSC2024/TD/42/ar/WSC2024_TD42_ar.pdf,https://api.worldskills.org/skillman/documents/1/skills/1710/pdf?l=ar,wsc-2024-lyon,wsc-2024-lyon-td.zip,done
WSC2024,WorldSkills Lyon 2024,TD,42,Construction Metal Work,,de,WSC2024_TD42_de.pdf,511848,bb1933b846ee292d5a08b446ae4727ce5331ee079e90a26581f7cbc4158266fd,WSC2024/TD/42/de/WSC2024_TD42_de.pdf,https://api.worldskills.org/skillman/documents/1/skills/1710/pdf?l=de,wsc-2024-lyon,wsc-2024-lyon-td.zip,done
WSC2024,WorldSkills Lyon 2024,TD,42,Construction Metal Work,,en,WSC2024_TD42_en.pdf,3881364,8a5da83fd0a6e1f35b56f6d2cc4e8ddb3c9962ca23cfb8659268a3af94fa22fc,WSC2024/TD/42/en/WSC2024_TD42_en.pdf,https://api.worldskills.org/skillman/documents/1/skills/1710/pdf?l=en,wsc-2024-lyon,wsc-2024-lyon-td.zip,done
WSC2024,WorldSkills Lyon 2024,TD,42,Construction Metal Work,,es,WSC2024_TD42_es.pdf,512031,91d6bc2bcf7dcebe974da47bf6975f2f8d95033c0ecdd4bebcbc2c0c4a053b08,WSC2024/TD/42/es/WSC2024_TD42_es.pdf,https://api.worldskills.org/skillman/documents/1/skills/1710/pdf?l=es,wsc-2024-lyon,wsc-2024-lyon-td.zip,done
WSC2024,WorldSkills Lyon 2024,TD,42,Construction Metal Work,,fi,WSC2024_TD42_fi.pdf,512040,3637b8a83ca59a3e9046d50758a38f58498f488ec91e0dba4864d9c496812de0,WSC2024/TD/42/fi/WSC2024_TD42_fi.pdf,https://api.worldskills.org/skillman/documents/1/skills/1710/pdf?l=fi,wsc-2024-lyon,wsc-2024-lyon-td.zip,done
WSC2024,WorldSkills Lyon 2024,TD,42,Construction Metal Work,,fr,WSC2024_TD42_fr.pdf,512092,92f608f42a2a6243d9da3d74ee35a8104251d7cef05845eff78dba782da97b17,WSC2024/TD/42/fr/WSC2024_TD42_fr.pdf,https://api.worldskills.org/skillman/documents/1/skills/1710/pdf?l=fr,wsc-2024-lyon,wsc-2024-lyon-td.zip,done
WSC2024,WorldSkills Lyon 2024,TD,42,Construction Metal Work,,ja,WSC2024_TD42_ja.pdf,512064,62bb06f89b1ffbe70a91e09aa17df164585ea1c09f3b834e9cb61c278c6aba3f,WSC2024/TD/42/ja/WSC2024_TD42_ja.pdf,https://api.worldskills.org/skillman/documents/1/skills/1710/pdf?l=ja,wsc-2024-lyon,wsc-2024-lyon-td.zip,done
WSC2024,WorldSkills Lyon 2024,TD,42,Construction Metal Work,,ko,WSC2024_TD42_ko.pdf,512066,a664b2adcf068b26be1231f4e473d9706e6daf5c99f17393faf10a7ce3d961f1,WSC2024/TD/42/ko/WSC2024_TD42_ko.pdf,https://api.worldskills.org/skillman/documents/1/skills/1710/pdf?l=ko,wsc-2024-lyon,wsc-2024-lyon-td.zip,done
WSC2024,WorldSkills Lyon 2024,TD,42,Construction Metal Work,,pt,WSC2024_TD42_pt.pdf,512046,32f0a0019df387d3df97aba13883279292699b339f4a22990da7c86da11d6a3c,WSC2024/TD/42/pt/WSC2024_TD42_pt.pdf,https://api.worldskills.org/skillman/documents/1/skills/1710/pdf?l=pt,wsc-2024-lyon,wsc-2024-lyon-td.zip,done
WSC2024,WorldSkills Lyon 2024,TD,42,Construction Metal Work,,ru,WSC2024_TD42_ru.pdf,512043,8997ad83b9291cb5589d245d8473d4db836ab6525c9603349bf1ed44e5330d4d,WSC2024/TD/42/ru/WSC2024_TD42_ru.pdf,https://api.worldskills.org/skillman/documents/1/skills/1710/pdf?l=ru,wsc-2024-lyon,wsc-2024-lyon-td.zip,done
WSC2024,WorldSkills Lyon 2024,TD,42,Construction Metal Work,,zh,WSC2024_TD42_zh.pdf,512066,447bedc213c7a0220a7e4b1628b6e37b65a2a73e85dc98925a51b3f2735189d1,WSC2024/TD/42/zh/WSC2024_TD42_zh.pdf,https://api.worldskills.org/skillman/documents/1/skills/1710/pdf?l=zh,wsc-2024-lyon,wsc-2024-lyon-td.zip,done
WSC2024,WorldSkills Lyon 2024,TD,44,Visual Merchandising,,ar,WSC2024_TD44_ar.pdf,512161,aeeb1fba9e41ef2865be51689e8e549a29c393aac89dde94275af26a22ad4b9a,WSC2024/TD/44/ar/WSC2024_TD44_ar.pdf,https://api.worldskills.org/skillman/documents/1/skills/1684/pdf?l=ar,wsc-2024-lyon,wsc-2024-lyon-td.zip,done
WSC2024,WorldSkills Lyon 2024,TD,44,Visual Merchandising,,de,WSC2024_TD44_de.pdf,512114,489b00ceeef802207b2cdc260fda70f06f91ea772cf5b920f8714668a8f5ecc2,WSC2024/TD/44/de/WSC2024_TD44_de.pdf,https://api.worldskills.org/skillman/documents/1/skills/1684/pdf?l=de,wsc-2024-lyon,wsc-2024-lyon-td.zip,done
WSC2024,WorldSkills Lyon 2024,TD,44,Visual Merchandising,,en,WSC2024_TD44_en.pdf,872919,464feebaeb876f5ddb6095aa20f9b8ddd29e483e74748d4617b166ea4a72e1ac,WSC2024/TD/44/en/WSC2024_TD44_en.pdf,https://api.worldskills.org/skillman/documents/1/skills/1684/pdf?l=en,wsc-2024-lyon,wsc-2024-lyon-td.zip,done
WSC2024,WorldSkills Lyon 2024,TD,44,Visual Merchandising,,es,WSC2024_TD44_es.pdf,512139,0d1f4490fbce522bc112cfed79de60b21b3eb5a318968caf05dfdfe0dce7f8e1,WSC2024/TD/44/es/WSC2024_TD44_es.pdf,https://api.worldskills.org/skillman/documents/1/skills/1684/pdf?l=es,wsc-2024-lyon,wsc-2024-lyon-td.zip,done
WSC2024,WorldSkills Lyon 2024,TD,44,Visual Merchandising,,fi,WSC2024_TD44_fi.pdf,512159,d557ad39a3eec6401636138f934cc570274c8b6ef35bc862112797836a6cbf83,WSC2024/TD/44/fi/WSC2024_TD44_fi.pdf,https://api.worldskills.org/skillman/documents/1/skills/1684/pdf?l=fi,wsc-2024-lyon,wsc-2024-lyon-td.zip,done
WSC2024,WorldSkills Lyon 2024,TD,44,Visual Merchandising,,fr,WSC2024_TD44_fr.pdf,512155,71d06af1f1420e4ddf877cda1b7a0fbc901061e49cc3a67035d0ba23caa17457,WSC2024/TD/44/fr/WSC2024_TD44_fr.pdf,https://api.worldskills.org/skillman/documents/1/skills/1684/pdf?l=fr,wsc-2024-lyon,wsc-2024-lyon-td.zip,done
WSC2024,WorldSkills Lyon 2024,TD,44,Visual Merchandising,,ja,WSC2024_TD44_ja.pdf,512178,8fcb12b7f79947ed79ff947840584415afa6bd9425b6f02f47400e9a086421d8,WSC2024/TD/44/ja/WSC2024_TD44_ja.pdf,https://api.worldskills.org/skillman/documents/1/skills/1684/pdf?l=ja,wsc-2024-lyon,wsc-2024-lyon-td.zip,done
WSC2024,WorldSkills Lyon 2024,TD,44,Visual Merchandising,,ko,WSC2024_TD44_ko.pdf,512178,0a8bfd33fd5e497ac9302475ba16be9db8d54d40dce81c5d80deb94f43f6c22c,WSC2024/TD/44/ko/WSC2024_TD44_ko.pdf,https://api.worldskills.org/skillman/documents/1/skills/1684/pdf?l=ko,wsc-2024-lyon,wsc-2024-lyon-td.zip,done
WSC2024,WorldSkills Lyon 2024,TD,44,Visual Merchandising,,pt,WSC2024_TD44_pt.pdf,512165,ce45c30880929bd708204637dc5246a4292a0f569d0aad50b32285af9f825979,WSC2024/TD/44/pt/WSC2024_TD44_pt.pdf,https://api.worldskills.org/skillman/documents/1/skills/1684/pdf?l=pt,wsc-2024-lyon,wsc-2024-lyon-td.zip,done
WSC2024,WorldSkills Lyon 2024,TD,44,Visual Merchandising,,ru,WSC2024_TD44_ru.pdf,512167,965c132b8026d9d9ecfc9d051b032b3cdd9b8a553c33a8ad2fbb160be0c69f0f,WSC2024/TD/44/ru/WSC2024_TD44_ru.pdf,https://api.worldskills.org/skillman/documents/1/skills/1684/pdf?l=ru,wsc-2024-lyon,wsc-2024-lyon-td.zip,done
WSC2024,WorldSkills Lyon 2024,TD,44,Visual Merchandising,,zh,WSC2024_TD44_zh.pdf,512179,77380e80d826751fbb763a1b85b7f3d06d4bc3efa4f81ecbbb90e52c18e8405d,WSC2024/TD/44/zh/WSC2024_TD44_zh.pdf,https://api.worldskills.org/skillman/documents/1/skills/1684/pdf?l=zh,wsc-2024-lyon,wsc-2024-lyon-td.zip,done
WSC2024,WorldSkills Lyon 2024,TD,46,Concrete Construction Work,,ar,WSC2024_TD46_ar.pdf,511909,dd0defd84adf72f99069879302f0fa83862b253ae6871d9a938723059945886f,WSC2024/TD/46/ar/WSC2024_TD46_ar.pdf,https://api.worldskills.org/skillman/documents/1/skills/1692/pdf?l=ar,wsc-2024-lyon,wsc-2024-lyon-td.zip,done
WSC2024,WorldSkills Lyon 2024,TD,46,Concrete Construction Work,,de,WSC2024_TD46_de.pdf,511707,ef614491e9678e0a82c59cf27b82e174a65e8819a3aabe39d91e076f31229198,WSC2024/TD/46/de/WSC2024_TD46_de.pdf,https://api.worldskills.org/skillman/documents/1/skills/1692/pdf?l=de,wsc-2024-lyon,wsc-2024-lyon-td.zip,done
WSC2024,WorldSkills Lyon 2024,TD,46,Concrete Construction Work,,en,WSC2024_TD46_en.pdf,3683609,5996c8f1d3c524159f9ab1297a34d71219a6adc9a8439d2403cecab92271ff34,WSC2024/TD/46/en/WSC2024_TD46_en.pdf,https://api.worldskills.org/skillman/documents/1/skills/1692/pdf?l=en,wsc-2024-lyon,wsc-2024-lyon-td.zip,done
WSC2024,WorldSkills Lyon 2024,TD,46,Concrete Construction Work,,es,WSC2024_TD46_es.pdf,511891,ad08826a4dd98abe8b7c70d7939da7f0721919bcaac9ef7bade88798cd14a8f6,WSC2024/TD/46/es/WSC2024_TD46_es.pdf,https://api.worldskills.org/skillman/documents/1/skills/1692/pdf?l=es,wsc-2024-lyon,wsc-2024-lyon-td.zip,done
WSC2024,WorldSkills Lyon 2024,TD,46,Concrete Construction Work,,fi,WSC2024_TD46_fi.pdf,511905,6b74b3bcb712b3a3beff2ba13f0692e8d46aa5a962cacf044ccafddfb3870efd,WSC2024/TD/46/fi/WSC2024_TD46_fi.pdf,https://api.worldskills.org/skillman/documents/1/skills/1692/pdf?l=fi,wsc-2024-lyon,wsc-2024-lyon-td.zip,done
WSC2024,WorldSkills Lyon 2024,TD,46,Concrete Construction Work,,fr,WSC2024_TD46_fr.pdf,512384,f5e32eb1519140c017afc7f2adc21de40c93f63ded28f0d6e362083da3c27526,WSC2024/TD/46/fr/WSC2024_TD46_fr.pdf,https://api.worldskills.org/skillman/documents/1/skills/1692/pdf?l=fr,wsc-2024-lyon,wsc-2024-lyon-td.zip,done
WSC2024,WorldSkills Lyon 2024,TD,46,Concrete Construction Work,,ja,WSC2024_TD46_ja.pdf,511926,02d06fd1beee28326cf2b3bf23fcec290992ffe575e9569cdc33ed88be17cb00,WSC2024/TD/46/ja/WSC2024_TD46_ja.pdf,https://api.worldskills.org/skillman/documents/1/skills/1692/pdf?l=ja,wsc-2024-lyon,wsc-2024-lyon-td.zip,done
WSC2024,WorldSkills Lyon 2024,TD,46,Concrete Construction Work,,ko,WSC2024_TD46_ko.pdf,511926,04432a2e55457ae31686457670a0b8eb9489e40246f5603eded0878772810762,WSC2024/TD/46/ko/WSC2024_TD46_ko.pdf,https://api.worldskills.org/skillman/documents/1/skills/1692/pdf?l=ko,wsc-2024-lyon,wsc-2024-lyon-td.zip,done
WSC2024,WorldSkills Lyon 2024,TD,46,Concrete Construction Work,,pt,WSC2024_TD46_pt.pdf,511915,c5a881ec340e5e170e7dc8303c57f6b8638eadccff100bcf9115d942ecd47231,WSC2024/TD/46/pt/WSC2024_TD46_pt.pdf,https://api.worldskills.org/skillman/documents/1/skills/1692/pdf?l=pt,wsc-2024-lyon,wsc-2024-lyon-td.zip,done
WSC2024,WorldSkills Lyon 2024,TD,46,Concrete Construction Work,,ru,WSC2024_TD46_ru.pdf,511914,fa5ba21faf6d27aa68d5b49b342f45e29b2e015af40d53c37d4becf270538a9d,WSC2024/TD/46/ru/WSC2024_TD46_ru.pdf,https://api.worldskills.org/skillman/documents/1/skills/1692/pdf?l=ru,wsc-2024-lyon,wsc-2024-lyon-td.zip,done
WSC2024,WorldSkills Lyon 2024,TD,46,Concrete Construction Work,,zh,WSC2024_TD46_zh.pdf,511928,9be77ac6126e97c9a573834a5ba7fde38c130eba773b3509f424541d41749767,WSC2024/TD/46/zh/WSC2024_TD46_zh.pdf,https://api.worldskills.org/skillman/documents/1/skills/1692/pdf?l=zh,wsc-2024-lyon,wsc-2024-lyon-td.zip,done
WSC2024,WorldSkills Lyon 2024,TD,47,Bakery,,ar,WSC2024_TD47_ar.pdf,511683,d454d03c0361e142ba61487ae57dd64ec909548cc0934220583a525325d1d944,WSC2024/TD/47/ar/WSC2024_TD47_ar.pdf,https://api.worldskills.org/skillman/documents/1/skills/1667/pdf?l=ar,wsc-2024-lyon,wsc-2024-lyon-td.zip,done
WSC2024,WorldSkills Lyon 2024,TD,47,Bakery,,de,WSC2024_TD47_de.pdf,511957,b8e5515eec135f0777a57823746ccf6803c1a8eefe63d598ede40469900ce839,WSC2024/TD/47/de/WSC2024_TD47_de.pdf,https://api.worldskills.org/skillman/documents/1/skills/1667/pdf?l=de,wsc-2024-lyon,wsc-2024-lyon-td.zip,done
WSC2024,WorldSkills Lyon 2024,TD,47,Bakery,,en,WSC2024_TD47_en.pdf,835609,12c34bab4ceefa9c335e4492d79f59baf364f6b8785e2d5026a1d58f6afe1eeb,WSC2024/TD/47/en/WSC2024_TD47_en.pdf,https://api.worldskills.org/skillman/documents/1/skills/1667/pdf?l=en,wsc-2024-lyon,wsc-2024-lyon-td.zip,done
WSC2024,WorldSkills Lyon 2024,TD,47,Bakery,,es,WSC2024_TD47_es.pdf,511670,cdb71e8a483297daf5f69a9de16522c0892fa6d33304de9265592d2148783226,WSC2024/TD/47/es/WSC2024_TD47_es.pdf,https://api.worldskills.org/skillman/documents/1/skills/1667/pdf?l=es,wsc-2024-lyon,wsc-2024-lyon-td.zip,done
WSC2024,WorldSkills Lyon 2024,TD,47,Bakery,,fi,WSC2024_TD47_fi.pdf,511687,9eeec161ff0796db6e45eb7adee5854e91d9fce323363c6c076089d342813333,WSC2024/TD/47/fi/WSC2024_TD47_fi.pdf,https://api.worldskills.org/skillman/documents/1/skills/1667/pdf?l=fi,wsc-2024-lyon,wsc-2024-lyon-td.zip,done
WSC2024,WorldSkills Lyon 2024,TD,47,Bakery,,fr,WSC2024_TD47_fr.pdf,511808,9736f4d41bea9f983655a80a07dcfc2dc852c80b0d50b416d9374a422bc49464,WSC2024/TD/47/fr/WSC2024_TD47_fr.pdf,https://api.worldskills.org/skillman/documents/1/skills/1667/pdf?l=fr,wsc-2024-lyon,wsc-2024-lyon-td.zip,done
WSC2024,WorldSkills Lyon 2024,TD,47,Bakery,,ja,WSC2024_TD47_ja.pdf,511695,49869bc856ca80c6128d71249f91cda0fde173571ac58c2f3dbaeeffae4c8763,WSC2024/TD/47/ja/WSC2024_TD47_ja.pdf,https://api.worldskills.org/skillman/documents/1/skills/1667/pdf?l=ja,wsc-2024-lyon,wsc-2024-lyon-td.zip,done
WSC2024,WorldSkills Lyon 2024,TD,47,Bakery,,ko,WSC2024_TD47_ko.pdf,511697,fcd044bb280d1c358bbb95ea0346cb9ec4490b2d98a9f53cff46dcd0479cdcfb,WSC2024/TD/47/ko/WSC2024_TD47_ko.pdf,https://api.worldskills.org/skillman/documents/1/skills/1667/pdf?l=ko,wsc-2024-lyon,wsc-2024-lyon-td.zip,done
WSC2024,WorldSkills Lyon 2024,TD,47,Bakery,,pt,WSC2024_TD47_pt.pdf,511688,eece29a646281146a1a02fec4afe912108135f76925586ed26e3485336a623e2,WSC2024/TD/47/pt/WSC2024_TD47_pt.pdf,https://api.worldskills.org/skillman/documents/1/skills/1667/pdf?l=pt,wsc-2024-lyon,wsc-2024-lyon-td.zip,done
WSC2024,WorldSkills Lyon 2024,TD,47,Bakery,,ru,WSC2024_TD47_ru.pdf,511690,a5c294f7ee692e1ee3f89c8301ddee8d650016da7149163b72bc0d554e6bfefd,WSC2024/TD/47/ru/WSC2024_TD47_ru.pdf,https://api.worldskills.org/skillman/documents/1/skills/1667/pdf?l=ru,wsc-2024-lyon,wsc-2024-lyon-td.zip,done
WSC2024,WorldSkills Lyon 2024,TD,47,Bakery,,zh,WSC2024_TD47_zh.pdf,511701,735448e8d952b53114a36713dad595877d62c2905be416ca9a5dfca6a3876fa5,WSC2024/TD/47/zh/WSC2024_TD47_zh.pdf,https://api.worldskills.org/skillman/documents/1/skills/1667/pdf?l=zh,wsc-2024-lyon,wsc-2024-lyon-td.zip,done
WSC2024,WorldSkills Lyon 2024,TD,48,Industry 4.0,,ar,WSC2024_TD48_ar.pdf,511682,ec57b33e765c816c09253fab2024a579d63e9e7d31e94768072091215903cbea,WSC2024/TD/48/ar/WSC2024_TD48_ar.pdf,https://api.worldskills.org/skillman/documents/1/skills/1703/pdf?l=ar,wsc-2024-lyon,wsc-2024-lyon-td.zip,done
WSC2024,WorldSkills Lyon 2024,TD,48,Industry 4.0,,de,WSC2024_TD48_de.pdf,511680,ed64b19f9e2700a3b87d5cbe01e98c73d56810363a384f809b6de651b2f4d67a,WSC2024/TD/48/de/WSC2024_TD48_de.pdf,https://api.worldskills.org/skillman/documents/1/skills/1703/pdf?l=de,wsc-2024-lyon,wsc-2024-lyon-td.zip,done
WSC2024,WorldSkills Lyon 2024,TD,48,Industry 4.0,,en,WSC2024_TD48_en.pdf,900523,8b317451e83cbf78791c8ffe9a3925ebf4916da11763bf85a2fc7631d1e975a7,WSC2024/TD/48/en/WSC2024_TD48_en.pdf,https://api.worldskills.org/skillman/documents/1/skills/1703/pdf?l=en,wsc-2024-lyon,wsc-2024-lyon-td.zip,done
WSC2024,WorldSkills Lyon 2024,TD,48,Industry 4.0,,es,WSC2024_TD48_es.pdf,511659,89b30bd3afa151b0e3da706d25758be809702716d30412c7b2ae1c4bb9da5d6e,WSC2024/TD/48/es/WSC2024_TD48_es.pdf,https://api.worldskills.org/skillman/documents/1/skills/1703/pdf?l=es,wsc-2024-lyon,wsc-2024-lyon-td.zip,done
WSC2024,WorldSkills Lyon 2024,TD,48,Industry 4.0,,fi,WSC2024_TD48_fi.pdf,511680,6034d44c7dd5a2e17ac63c78ba122f98de875744520ee6c60858d1f4270618ff,WSC2024/TD/48/fi/WSC2024_TD48_fi.pdf,https://api.worldskills.org/skillman/documents/1/skills/1703/pdf?l=fi,wsc-2024-lyon,wsc-2024-lyon-td.zip,done
WSC2024,WorldSkills Lyon 2024,TD,48,Industry 4.0,,fr,WSC2024_TD48_fr.pdf,511743,529e58f954955960137afdcb995081859405f2a10c7edcd32a85db98c638b882,WSC2024/TD/48/fr/WSC2024_TD48_fr.pdf,https://api.worldskills.org/skillman/documents/1/skills/1703/pdf?l=fr,wsc-2024-lyon,wsc-2024-lyon-td.zip,done
WSC2024,WorldSkills Lyon 2024,TD,48,Industry 4.0,,ja,WSC2024_TD48_ja.pdf,511699,be140e48c5cd3776cd891749ec1704d43b9a499e0299516065f9cb3697f5b701,WSC2024/TD/48/ja/WSC2024_TD48_ja.pdf,https://api.worldskills.org/skillman/documents/1/skills/1703/pdf?l=ja,wsc-2024-lyon,wsc-2024-lyon-td.zip,done
WSC2024,WorldSkills Lyon 2024,TD,48,Industry 4.0,,ko,WSC2024_TD48_ko.pdf,511699,f37e52abff303883bb829a252dd9a58956b06b9b8f5b8ad72eb7cd6308650d7c,WSC2024/TD/48/ko/WSC2024_TD48_ko.pdf,https://api.worldskills.org/skillman/documents/1/skills/1703/pdf?l=ko,wsc-2024-lyon,wsc-2024-lyon-td.zip,done
WSC2024,WorldSkills Lyon 2024,TD,48,Industry 4.0,,pt,WSC2024_TD48_pt.pdf,511687,1cbba7c92f82f2f63687babfe933b7dc28d084830314e666928fb0ab41678a59,WSC2024/TD/48/pt/WSC2024_TD48_pt.pdf,https://api.worldskills.org/skillman/documents/1/skills/1703/pdf?l=pt,wsc-2024-lyon,wsc-2024-lyon-td.zip,done
WSC2024,WorldSkills Lyon 2024,TD,48,Industry 4.0,,ru,WSC2024_TD48_ru.pdf,511682,c80d769223187cd75a51d08ae6aea18a9da30d0764c778e62be4011d945b0ac4,WSC2024/TD/48/ru/WSC2024_TD48_ru.pdf,https://api.worldskills.org/skillman/documents/1/skills/1703/pdf?l=ru,wsc-2024-lyon,wsc-2024-lyon-td.zip,done
WSC2024,WorldSkills Lyon 2024,TD,48,Industry 4.0,,zh,WSC2024_TD48_zh.pdf,511694,ccacf8fd44dacff4393c81ca10a76dd5dcf24aa283909cbcc73d2e6f2fc9dd00,WSC2024/TD/48/zh/WSC2024_TD48_zh.pdf,https://api.worldskills.org/skillman/documents/1/skills/1703/pdf?l=zh,wsc-2024-lyon,wsc-2024-lyon-td.zip,done
WSC2024,WorldSkills Lyon 2024,TD,49,Heavy Vehicle Technology,,ar,WSC2024_TD49_ar.pdf,512407,3957fc959eff6bddd5f72d24766721077dc6e7af0ca70f3ee61ed7c7cedc2b23,WSC2024/TD/49/ar/WSC2024_TD49_ar.pdf,https://api.worldskills.org/skillman/documents/1/skills/1679/pdf?l=ar,wsc-2024-lyon,wsc-2024-lyon-td.zip,done
WSC2024,WorldSkills Lyon 2024,TD,49,Heavy Vehicle Technology,,de,WSC2024_TD49_de.pdf,512005,e1accbf0805187a26484ff366dcfcd9503605b5e4ff04e787234137c4314ffa5,WSC2024/TD/49/de/WSC2024_TD49_de.pdf,https://api.worldskills.org/skillman/documents/1/skills/1679/pdf?l=de,wsc-2024-lyon,wsc-2024-lyon-td.zip,done
WSC2024,WorldSkills Lyon 2024,TD,49,Heavy Vehicle Technology,,en,WSC2024_TD49_en.pdf,756880,c4efd612a668e607b5000d0ac7af62df390ce920ce64c0d25eb6e9c47251a4df,WSC2024/TD/49/en/WSC2024_TD49_en.pdf,https://api.worldskills.org/skillman/documents/1/skills/1679/pdf?l=en,wsc-2024-lyon,wsc-2024-lyon-td.zip,done
WSC2024,WorldSkills Lyon 2024,TD,49,Heavy Vehicle Technology,,es,WSC2024_TD49_es.pdf,512391,f7e21ab90cd90adcebef6e2c37bc08a1fd0f062ad4607bb7058d669ea709837e,WSC2024/TD/49/es/WSC2024_TD49_es.pdf,https://api.worldskills.org/skillman/documents/1/skills/1679/pdf?l=es,wsc-2024-lyon,wsc-2024-lyon-td.zip,done
WSC2024,WorldSkills Lyon 2024,TD,49,Heavy Vehicle Technology,,fi,WSC2024_TD49_fi.pdf,512412,655f1e4b2213c5e743c6b3f82a76844ea21c95d7801297bce4b6c7817d7de87b,WSC2024/TD/49/fi/WSC2024_TD49_fi.pdf,https://api.worldskills.org/skillman/documents/1/skills/1679/pdf?l=fi,wsc-2024-lyon,wsc-2024-lyon-td.zip,done
WSC2024,WorldSkills Lyon 2024,TD,49,Heavy Vehicle Technology,,fr,WSC2024_TD49_fr.pdf,512160,d67df3c14c4624e6e9312f21256856aa35a2c1282795472faa3190875dff8bd3,WSC2024/TD/49/fr/WSC2024_TD49_fr.pdf,https://api.worldskills.org/skillman/documents/1/skills/1679/pdf?l=fr,wsc-2024-lyon,wsc-2024-lyon-td.zip,done
WSC2024,WorldSkills Lyon 2024,TD,49,Heavy Vehicle Technology,,ja,WSC2024_TD49_ja.pdf,512428,aa80f85d3e4d21ab1df84178f92c48a8b32a4ad3271110aa0858300af02a5819,WSC2024/TD/49/ja/WSC2024_TD49_ja.pdf,https://api.worldskills.org/skillman/documents/1/skills/1679/pdf?l=ja,wsc-2024-lyon,wsc-2024-lyon-td.zip,done
WSC2024,WorldSkills Lyon 2024,TD,49,Heavy Vehicle Technology,,ko,WSC2024_TD49_ko.pdf,512427,2339efc81c666de06641bf57e4435f665880a379a3e519a596044a355991febc,WSC2024/TD/49/ko/WSC2024_TD49_ko.pdf,https://api.worldskills.org/skillman/documents/1/skills/1679/pdf?l=ko,wsc-2024-lyon,wsc-2024-lyon-td.zip,done
WSC2024,WorldSkills Lyon 2024,TD,49,Heavy Vehicle Technology,,pt,WSC2024_TD49_pt.pdf,512418,2c785902bbe89ba27d2db3eca92d012caf6c72b8f925ff7545b81ee556e7ef66,WSC2024/TD/49/pt/WSC2024_TD49_pt.pdf,https://api.worldskills.org/skillman/documents/1/skills/1679/pdf?l=pt,wsc-2024-lyon,wsc-2024-lyon-td.zip,done
WSC2024,WorldSkills Lyon 2024,TD,49,Heavy Vehicle Technology,,ru,WSC2024_TD49_ru.pdf,512415,15dccad1bacd16c72c8ede1264ea1cb90cc22bc42b9bd62b4c36e12fb3234bf0,WSC2024/TD/49/ru/WSC2024_TD49_ru.pdf,https://api.worldskills.org/skillman/documents/1/skills/1679/pdf?l=ru,wsc-2024-lyon,wsc-2024-lyon-td.zip,done
WSC2024,WorldSkills Lyon 2024,TD,49,Heavy Vehicle Technology,,zh,WSC2024_TD49_zh.pdf,512425,036e16f50a94234c534432c05a1b1d0d02739234b0f1ca64b695886712074291,WSC2024/TD/49/zh/WSC2024_TD49_zh.pdf,https://api.worldskills.org/skillman/documents/1/skills/1679/pdf?l=zh,wsc-2024-lyon,wsc-2024-lyon-td.zip,done
WSC2024,WorldSkills Lyon 2024,TD,50,3D Digital Game Art,,ar,WSC2024_TD50_ar.pdf,511997,a507f4f9b9c1d43496d88079ec59493edd5fba09364e3c2e57e34bb9682e665b,WSC2024/TD/50/ar/WSC2024_TD50_ar.pdf,https://api.worldskills.org/skillman/documents/1/skills/1708/pdf?l=ar,wsc-2024-lyon,wsc-2024-lyon-td.zip,done
WSC2024,WorldSkills Lyon 2024,TD,50,3D Digital Game Art,,de,WSC2024_TD50_de.pdf,511990,9df8753b55c230276a4cfc15571bd1b64c2709643519a8a4b37ecc143afb495b,WSC2024/TD/50/de/WSC2024_TD50_de.pdf,https://api.worldskills.org/skillman/documents/1/skills/1708/pdf?l=de,wsc-2024-lyon,wsc-2024-lyon-td.zip,done
WSC2024,WorldSkills Lyon 2024,TD,50,3D Digital Game Art,,en,WSC2024_TD50_en.pdf,775451,ca136c707e4607f69959c5057ded0505bad4017c4dbc36196db618cb38b10392,WSC2024/TD/50/en/WSC2024_TD50_en.pdf,https://api.worldskills.org/skillman/documents/1/skills/1708/pdf?l=en,wsc-2024-lyon,wsc-2024-lyon-td.zip,done
WSC2024,WorldSkills Lyon 2024,TD,50,3D Digital Game Art,,es,WSC2024_TD50_es.pdf,511982,1206e5dff293002a4e3058b1ad2907ad07d626766b1c564722915ea56e23ca0d,WSC2024/TD/50/es/WSC2024_TD50_es.pdf,https://api.worldskills.org/skillman/documents/1/skills/1708/pdf?l=es,wsc-2024-lyon,wsc-2024-lyon-td.zip,done
WSC2024,WorldSkills Lyon 2024,TD,50,3D Digital Game Art,,fi,WSC2024_TD50_fi.pdf,511994,593f0fa49a8cd49b206b44e4b7d31e0faeeef803f9018e45bec1f29ca28acca4,WSC2024/TD/50/fi/WSC2024_TD50_fi.pdf,https://api.worldskills.org/skillman/documents/1/skills/1708/pdf?l=fi,wsc-2024-lyon,wsc-2024-lyon-td.zip,done
WSC2024,WorldSkills Lyon 2024,TD,50,3D Digital Game Art,,fr,WSC2024_TD50_fr.pdf,511996,f089276cf11c228c69a903c7a69d8bf2ca41b09f13da1484e8a6e8a328551057,WSC2024/TD/50/fr/WSC2024_TD50_fr.pdf,https://api.worldskills.org/skillman/documents/1/skills/1708/pdf?l=fr,wsc-2024-lyon,wsc-2024-lyon-td.zip,done
WSC2024,WorldSkills Lyon 2024,TD,50,3D Digital Game Art,,ja,WSC2024_TD50_ja.pdf,512008,e6bf6262d860b9af11da0b8370a25e9713cb1f223006f3875347638fbb25122c,WSC2024/TD/50/ja/WSC2024_TD50_ja.pdf,https://api.worldskills.org/skillman/documents/1/skills/1708/pdf?l=ja,wsc-2024-lyon,wsc-2024-lyon-td.zip,done
WSC2024,WorldSkills Lyon 2024,TD,50,3D Digital Game Art,,ko,WSC2024_TD50_ko.pdf,512015,f0ae5dc2e486611863f730112ec8a06381644b24ede96b32a7a81c56001a08e9,WSC2024/TD/50/ko/WSC2024_TD50_ko.pdf,https://api.worldskills.org/skillman/documents/1/skills/1708/pdf?l=ko,wsc-2024-lyon,wsc-2024-lyon-td.zip,done
WSC2024,WorldSkills Lyon 2024,TD,50,3D Digital Game Art,,pt,WSC2024_TD50_pt.pdf,511998,6fe6577b625b0ee8d8193aed014e053cb4cd1ce552d57ce0743db0cc20b2f490,WSC2024/TD/50/pt/WSC2024_TD50_pt.pdf,https://api.worldskills.org/skillman/documents/1/skills/1708/pdf?l=pt,wsc-2024-lyon,wsc-2024-lyon-td.zip,done
WSC2024,WorldSkills Lyon 2024,TD,50,3D Digital Game Art,,ru,WSC2024_TD50_ru.pdf,511993,f1cd333e9fd84d932182875cfd893881548ef5159b62b77e5ed1cc1b8cc8c659,WSC2024/TD/50/ru/WSC2024_TD50_ru.pdf,https://api.worldskills.org/skillman/documents/1/skills/1708/pdf?l=ru,wsc-2024-lyon,wsc-2024-lyon-td.zip,done
WSC2024,WorldSkills Lyon 2024,TD,50,3D Digital Game Art,,zh,WSC2024_TD50_zh.pdf,512019,82d3b703ba1cb1f4411d94837f9633f644a8debf9b152544663d9b177b7f678d,WSC2024/TD/50/zh/WSC2024_TD50_zh.pdf,https://api.worldskills.org/skillman/documents/1/skills/1708/pdf?l=zh,wsc-2024-lyon,wsc-2024-lyon-td.zip,done
WSC2024,WorldSkills Lyon 2024,TD,51,Logistics and Freight Forwarding,,ar,WSC2024_TD51_ar.pdf,512081,228b54a053cd12a72b720ccb46d605447bb6371e21ec9ec60204ea3b88cf2ab4,WSC2024/TD/51/ar/WSC2024_TD51_ar.pdf,https://api.worldskills.org/skillman/documents/1/skills/1689/pdf?l=ar,wsc-2024-lyon,wsc-2024-lyon-td.zip,done
WSC2024,WorldSkills Lyon 2024,TD,51,Logistics and Freight Forwarding,,de,WSC2024_TD51_de.pdf,512833,927bd8f6c4ef25c6500af110d36e492a36653188c80c1d860d4df2f7cc732d71,WSC2024/TD/51/de/WSC2024_TD51_de.pdf,https://api.worldskills.org/skillman/documents/1/skills/1689/pdf?l=de,wsc-2024-lyon,wsc-2024-lyon-td.zip,done
WSC2024,WorldSkills Lyon 2024,TD,51,Logistics and Freight Forwarding,,en,WSC2024_TD51_en.pdf,733724,17f6d9e392b73c4e4cb94fdcd4c918b84f25669f601303e1d078fa790ed6905f,WSC2024/TD/51/en/WSC2024_TD51_en.pdf,https://api.worldskills.org/skillman/documents/1/skills/1689/pdf?l=en,wsc-2024-lyon,wsc-2024-lyon-td.zip,done
WSC2024,WorldSkills Lyon 2024,TD,51,Logistics and Freight Forwarding,,es,WSC2024_TD51_es.pdf,512067,2113bc0b0549821aab6da626edd5053ed3da99b7cfcb2aafebdf2525ee3918ac,WSC2024/TD/51/es/WSC2024_TD51_es.pdf,https://api.worldskills.org/skillman/documents/1/skills/1689/pdf?l=es,wsc-2024-lyon,wsc-2024-lyon-td.zip,done
WSC2024,WorldSkills Lyon 2024,TD,51,Logistics and Freight Forwarding,,fi,WSC2024_TD51_fi.pdf,512082,5dd9ffa6a999fc76ea58e7716bed599abbe502f7f65de1c772ca521e45a717f2,WSC2024/TD/51/fi/WSC2024_TD51_fi.pdf,https://api.worldskills.org/skillman/documents/1/skills/1689/pdf?l=fi,wsc-2024-lyon,wsc-2024-lyon-td.zip,done
WSC2024,WorldSkills Lyon 2024,TD,51,Logistics and Freight Forwarding,,fr,WSC2024_TD51_fr.pdf,512121,ad0a99818bbb6370ecd7cb530095e7f8df0bed526a8b55683a35b920ace1b7ba,WSC2024/TD/51/fr/WSC2024_TD51_fr.pdf,https://api.worldskills.org/skillman/documents/1/skills/1689/pdf?l=fr,wsc-2024-lyon,wsc-2024-lyon-td.zip,done
WSC2024,WorldSkills Lyon 2024,TD,51,Logistics and Freight Forwarding,,ja,WSC2024_TD51_ja.pdf,512097,51e36a96f298f12f2bdca3be877a06e6bbc30843c9c62798762c536020c8fa0b,WSC2024/TD/51/ja/WSC2024_TD51_ja.pdf,https://api.worldskills.org/skillman/documents/1/skills/1689/pdf?l=ja,wsc-2024-lyon,wsc-2024-lyon-td.zip,done
WSC2024,WorldSkills Lyon 2024,TD,51,Logistics and Freight Forwarding,,ko,WSC2024_TD51_ko.pdf,512100,d7933e5ebe3418ae16460ab08c1ed8162973bf9d78a0aff5eb858e2798f3eeb1,WSC2024/TD/51/ko/WSC2024_TD51_ko.pdf,https://api.worldskills.org/skillman/documents/1/skills/1689/pdf?l=ko,wsc-2024-lyon,wsc-2024-lyon-td.zip,done
WSC2024,WorldSkills Lyon 2024,TD,51,Logistics and Freight Forwarding,,pt,WSC2024_TD51_pt.pdf,512081,cd7bf109944c0c138fbd2906619528505157c86bcb4eb96ae5051b6ba39ae805,WSC2024/TD/51/pt/WSC2024_TD51_pt.pdf,https://api.worldskills.org/skillman/documents/1/skills/1689/pdf?l=pt,wsc-2024-lyon,wsc-2024-lyon-td.zip,done
WSC2024,WorldSkills Lyon 2024,TD,51,Logistics and Freight Forwarding,,ru,WSC2024_TD51_ru.pdf,512078,16aaf81522f9232851285573a1c0aeebffb22aed06ae728d3becfd2a6a15b8f2,WSC2024/TD/51/ru/WSC2024_TD51_ru.pdf,https://api.worldskills.org/skillman/documents/1/skills/1689/pdf?l=ru,wsc-2024-lyon,wsc-2024-lyon-td.zip,done
WSC2024,WorldSkills Lyon 2024,TD,51,Logistics and Freight Forwarding,,zh,WSC2024_TD51_zh.pdf,512099,d5d282ce83db3e262f42d726d6cdb805d662ec5dc55828e2cb267a5a43b881c5,WSC2024/TD/51/zh/WSC2024_TD51_zh.pdf,https://api.worldskills.org/skillman/documents/1/skills/1689/pdf?l=zh,wsc-2024-lyon,wsc-2024-lyon-td.zip,done
WSC2024,WorldSkills Lyon 2024,TD,52,Chemical Laboratory Technology,,ar,WSC2024_TD52_ar.pdf,512304,cc4b73f181a950331358c62610a6c6f7dca0c4aedc984030e129fcd7ab14b267,WSC2024/TD/52/ar/WSC2024_TD52_ar.pdf,https://api.worldskills.org/skillman/documents/1/skills/1676/pdf?l=ar,wsc-2024-lyon,wsc-2024-lyon-td.zip,done
WSC2024,WorldSkills Lyon 2024,TD,52,Chemical Laboratory Technology,,de,WSC2024_TD52_de.pdf,512294,be20bd3ad486ce7c4479df2c370cf6d9e729940ce2e0b776685acbae1f75123c,WSC2024/TD/52/de/WSC2024_TD52_de.pdf,https://api.worldskills.org/skillman/documents/1/skills/1676/pdf?l=de,wsc-2024-lyon,wsc-2024-lyon-td.zip,done
WSC2024,WorldSkills Lyon 2024,TD,52,Chemical Laboratory Technology,,en,WSC2024_TD52_en.pdf,1124316,a48449a821deec12252431914187140e32ea8de13c1e95913d9ca8e2c2c723e0,WSC2024/TD/52/en/WSC2024_TD52_en.pdf,https://api.worldskills.org/skillman/documents/1/skills/1676/pdf?l=en,wsc-2024-lyon,wsc-2024-lyon-td.zip,done
WSC2024,WorldSkills Lyon 2024,TD,52,Chemical Laboratory Technology,,es,WSC2024_TD52_es.pdf,512279,637e7bdb37f00450d9bf5e0915ed8023065cac836158596f155157d35ef76064,WSC2024/TD/52/es/WSC2024_TD52_es.pdf,https://api.worldskills.org/skillman/documents/1/skills/1676/pdf?l=es,wsc-2024-lyon,wsc-2024-lyon-td.zip,done
WSC2024,WorldSkills Lyon 2024,TD,52,Chemical Laboratory Technology,,fi,WSC2024_TD52_fi.pdf,512300,6c67227ba1cbd67c92c913b7a389f24570d8c821a02af651bd1b82aeef8f0f62,WSC2024/TD/52/fi/WSC2024_TD52_fi.pdf,https://api.worldskills.org/skillman/documents/1/skills/1676/pdf?l=fi,wsc-2024-lyon,wsc-2024-lyon-td.zip,done
WSC2024,WorldSkills Lyon 2024,TD,52,Chemical Laboratory Technology,,fr,WSC2024_TD52_fr.pdf,512363,18752e5ac11713a1d0a4cc30e21b3bae483712fb3d7d53cadce399c9ba1c1b2e,WSC2024/TD/52/fr/WSC2024_TD52_fr.pdf,https://api.worldskills.org/skillman/documents/1/skills/1676/pdf?l=fr,wsc-2024-lyon,wsc-2024-lyon-td.zip,done
WSC2024,WorldSkills Lyon 2024,TD,52,Chemical Laboratory Technology,,ja,WSC2024_TD52_ja.pdf,512313,2ea4ead00c6d5d36898908bf3944acf90c4b40b5c29f4f1366c061372d2cf48c,WSC2024/TD/52/ja/WSC2024_TD52_ja.pdf,https://api.worldskills.org/skillman/documents/1/skills/1676/pdf?l=ja,wsc-2024-lyon,wsc-2024-lyon-td.zip,done
WSC2024,WorldSkills Lyon 2024,TD,52,Chemical Laboratory Technology,,ko,WSC2024_TD52_ko.pdf,512321,53adcc6421205eaa32d2bd2612fd7871696e2201ba800fe521437f3b9500ea6d,WSC2024/TD/52/ko/WSC2024_TD52_ko.pdf,https://api.worldskills.org/skillman/documents/1/skills/1676/pdf?l=ko,wsc-2024-lyon,wsc-2024-lyon-td.zip,done
WSC2024,WorldSkills Lyon 2024,TD,52,Chemical Laboratory Technology,,pt,WSC2024_TD52_pt.pdf,512304,4baaeed1eb51598a212e9a8a062cc264df46e16c0b5da88631cad7f0aff3e19a,WSC2024/TD/52/pt/WSC2024_TD52_pt.pdf,https://api.worldskills.org/skillman/documents/1/skills/1676/pdf?l=pt,wsc-2024-lyon,wsc-2024-lyon-td.zip,done
WSC2024,WorldSkills Lyon 2024,TD,52,Chemical Laboratory Technology,,ru,WSC2024_TD52_ru.pdf,512300,dccb4bcdd4b342bc9597b496458ae8df15c304813d7d402f018234d771c6fe4d,WSC2024/TD/52/ru/WSC2024_TD52_ru.pdf,https://api.worldskills.org/skillman/documents/1/skills/1676/pdf?l=ru,wsc-2024-lyon,wsc-2024-lyon-td.zip,done
WSC2024,WorldSkills Lyon 2024,TD,52,Chemical Laboratory Technology,,zh,WSC2024_TD52_zh.pdf,512314,a0c169e08a8ae69fd1149172c7d599abfefc43230600cfdd173085bb229d8923,WSC2024/TD/52/zh/WSC2024_TD52_zh.pdf,https://api.worldskills.org/skillman/documents/1/skills/1676/pdf?l=zh,wsc-2024-lyon,wsc-2024-lyon-td.zip,done
WSC2024,WorldSkills Lyon 2024,TD,53,Cloud Computing,,ar,WSC2024_TD53_ar.pdf,511738,58cbe787dd8ca4d3d03197b33e0a3c36cea5221ee50369673d191127f1a4bcde,WSC2024/TD/53/ar/WSC2024_TD53_ar.pdf,https://api.worldskills.org/skillman/documents/1/skills/1706/pdf?l=ar,wsc-2024-lyon,wsc-2024-lyon-td.zip,done
WSC2024,WorldSkills Lyon 2024,TD,53,Cloud Computing,,de,WSC2024_TD53_de.pdf,511733,fd64a666322ef1044ab66fff4b2297d972e20992bf20aa303983bc6ea419229a,WSC2024/TD/53/de/WSC2024_TD53_de.pdf,https://api.worldskills.org/skillman/documents/1/skills/1706/pdf?l=de,wsc-2024-lyon,wsc-2024-lyon-td.zip,done
WSC2024,WorldSkills Lyon 2024,TD,53,Cloud Computing,,en,WSC2024_TD53_en.pdf,821383,e2a3f93744dc015e491bf65fc7dc37e776ff2427b87596fff4e3af7fdf6045bc,WSC2024/TD/53/en/WSC2024_TD53_en.pdf,https://api.worldskills.org/skillman/documents/1/skills/1706/pdf?l=en,wsc-2024-lyon,wsc-2024-lyon-td.zip,done
WSC2024,WorldSkills Lyon 2024,TD,53,Cloud Computing,,es,WSC2024_TD53_es.pdf,511722,f0867e491b91d456a812fc877ae78b9cf4253677cf581fa41c40837e5fb2ca70,WSC2024/TD/53/es/WSC2024_TD53_es.pdf,https://api.worldskills.org/skillman/documents/1/skills/1706/pdf?l=es,wsc-2024-lyon,wsc-2024-lyon-td.zip,done
WSC2024,WorldSkills Lyon 2024,TD,53,Cloud Computing,,fi,WSC2024_TD53_fi.pdf,511734,cb3d8ea018ece7fa65c04d8f4d69fc486a170c58910133346b77a82e67b7dfb4,WSC2024/TD/53/fi/WSC2024_TD53_fi.pdf,https://api.worldskills.org/skillman/documents/1/skills/1706/pdf?l=fi,wsc-2024-lyon,wsc-2024-lyon-td.zip,done
WSC2024,WorldSkills Lyon 2024,TD,53,Cloud Computing,,fr,WSC2024_TD53_fr.pdf,511740,8b31f5bd5c7f2fc1077509ed659bf6f8a9f5c2a2f4d527ac2254ed6d03a92c4a,WSC2024/TD/53/fr/WSC2024_TD53_fr.pdf,https://api.worldskills.org/skillman/documents/1/skills/1706/pdf?l=fr,wsc-2024-lyon,wsc-2024-lyon-td.zip,done
WSC2024,WorldSkills Lyon 2024,TD,53,Cloud Computing,,ja,WSC2024_TD53_ja.pdf,511754,db8bc5f037bb2aac816125fe355276fc1b9982e4a863441c1717b86d552d2d48,WSC2024/TD/53/ja/WSC2024_TD53_ja.pdf,https://api.worldskills.org/skillman/documents/1/skills/1706/pdf?l=ja,wsc-2024-lyon,wsc-2024-lyon-td.zip,done
WSC2024,WorldSkills Lyon 2024,TD,53,Cloud Computing,,ko,WSC2024_TD53_ko.pdf,511752,40507bde1029bf30e92438ee7bd53e3fbd6a474dbfc8f431f4b259812cb2afcd,WSC2024/TD/53/ko/WSC2024_TD53_ko.pdf,https://api.worldskills.org/skillman/documents/1/skills/1706/pdf?l=ko,wsc-2024-lyon,wsc-2024-lyon-td.zip,done
WSC2024,WorldSkills Lyon 2024,TD,53,Cloud Computing,,pt,WSC2024_TD53_pt.pdf,511739,948b8fcf84b3ecf27d6c5717307d31e9ee72bff404eb884070b0c59c2d848ea9,WSC2024/TD/53/pt/WSC2024_TD53_pt.pdf,https://api.worldskills.org/skillman/documents/1/skills/1706/pdf?l=pt,wsc-2024-lyon,wsc-2024-lyon-td.zip,done
WSC2024,WorldSkills Lyon 2024,TD,53,Cloud Computing,,ru,WSC2024_TD53_ru.pdf,511744,210c1622d14f9212278b157c2248a13654c1a24befaea55010879424fc978b78,WSC2024/TD/53/ru/WSC2024_TD53_ru.pdf,https://api.worldskills.org/skillman/documents/1/skills/1706/pdf?l=ru,wsc-2024-lyon,wsc-2024-lyon-td.zip,done
WSC2024,WorldSkills Lyon 2024,TD,53,Cloud Computing,,zh,WSC2024_TD53_zh.pdf,511756,ff317b8e4db58f38b836238495129411a1726efc9e766d159fe051446f8d6432,WSC2024/TD/53/zh/WSC2024_TD53_zh.pdf,https://api.worldskills.org/skillman/documents/1/skills/1706/pdf?l=zh,wsc-2024-lyon,wsc-2024-lyon-td.zip,done
WSC2024,WorldSkills Lyon 2024,TD,54,Cyber Security,,ar,WSC2024_TD54_ar.pdf,511699,ac7491a17d1f51f37a466ce8c8ae271c7615d12cd36c527b51bed6658c932717,WSC2024/TD/54/ar/WSC2024_TD54_ar.pdf,https://api.worldskills.org/skillman/documents/1/skills/1678/pdf?l=ar,wsc-2024-lyon,wsc-2024-lyon-td.zip,done
WSC2024,WorldSkills Lyon 2024,TD,54,Cyber Security,,de,WSC2024_TD54_de.pdf,511698,e5a86be0c2a05e847d193cd76d746dc339607a7b12732b60f9505334fb804513,WSC2024/TD/54/de/WSC2024_TD54_de.pdf,https://api.worldskills.org/skillman/documents/1/skills/1678/pdf?l=de,wsc-2024-lyon,wsc-2024-lyon-td.zip,done
WSC2024,WorldSkills Lyon 2024,TD,54,Cyber Security,,en,WSC2024_TD54_en.pdf,813204,7b1799413049301154e37f0202333d34f5d36bd67c4fea8eb665edcc3e325d4e,WSC2024/TD/54/en/WSC2024_TD54_en.pdf,https://api.worldskills.org/skillman/documents/1/skills/1678/pdf?l=en,wsc-2024-lyon,wsc-2024-lyon-td.zip,done
WSC2024,WorldSkills Lyon 2024,TD,54,Cyber Security,,es,WSC2024_TD54_es.pdf,511678,6379e9179bd5f2c050f17b4071b481a67edcf14e873de9cc219321f9823eb04e,WSC2024/TD/54/es/WSC2024_TD54_es.pdf,https://api.worldskills.org/skillman/documents/1/skills/1678/pdf?l=es,wsc-2024-lyon,wsc-2024-lyon-td.zip,done
WSC2024,WorldSkills Lyon 2024,TD,54,Cyber Security,,fi,WSC2024_TD54_fi.pdf,511700,2649a438dd293afe6216b78e604443620fdaea6aa05df7f761af34e86eb7ac18,WSC2024/TD/54/fi/WSC2024_TD54_fi.pdf,https://api.worldskills.org/skillman/documents/1/skills/1678/pdf?l=fi,wsc-2024-lyon,wsc-2024-lyon-td.zip,done
WSC2024,WorldSkills Lyon 2024,TD,54,Cyber Security,,fr,WSC2024_TD54_fr.pdf,511960,31f21d647456c7f7559d3bfd433ecd85c535e01cd4bf0bff903d340e47f19728,WSC2024/TD/54/fr/WSC2024_TD54_fr.pdf,https://api.worldskills.org/skillman/documents/1/skills/1678/pdf?l=fr,wsc-2024-lyon,wsc-2024-lyon-td.zip,done
WSC2024,WorldSkills Lyon 2024,TD,54,Cyber Security,,ja,WSC2024_TD54_ja.pdf,511713,2dcfa8c9b09887ec3705435e906fc824edaed7441a9a4611efa2318c43920b83,WSC2024/TD/54/ja/WSC2024_TD54_ja.pdf,https://api.worldskills.org/skillman/documents/1/skills/1678/pdf?l=ja,wsc-2024-lyon,wsc-2024-lyon-td.zip,done
WSC2024,WorldSkills Lyon 2024,TD,54,Cyber Security,,ko,WSC2024_TD54_ko.pdf,511717,fb72295adc18ad8a9e7313f67b3cce7312d167c2de0d936a846f0f19825223c0,WSC2024/TD/54/ko/WSC2024_TD54_ko.pdf,https://api.worldskills.org/skillman/documents/1/skills/1678/pdf?l=ko,wsc-2024-lyon,wsc-2024-lyon-td.zip,done
WSC2024,WorldSkills Lyon 2024,TD,54,Cyber Security,,pt,WSC2024_TD54_pt.pdf,511703,12c964345dfbc2b65cccd164b1dae47ef6b1960961a1c2b46808edd7341b859e,WSC2024/TD/54/pt/WSC2024_TD54_pt.pdf,https://api.worldskills.org/skillman/documents/1/skills/1678/pdf?l=pt,wsc-2024-lyon,wsc-2024-lyon-td.zip,done
WSC2024,WorldSkills Lyon 2024,TD,54,Cyber Security,,ru,WSC2024_TD54_ru.pdf,511705,9026e2cbcffa23ec570d735a8492ee1623135dcc6cee3fdfb5789ba68541fd89,WSC2024/TD/54/ru/WSC2024_TD54_ru.pdf,https://api.worldskills.org/skillman/documents/1/skills/1678/pdf?l=ru,wsc-2024-lyon,wsc-2024-lyon-td.zip,done
WSC2024,WorldSkills Lyon 2024,TD,54,Cyber Security,,zh,WSC2024_TD54_zh.pdf,511711,17035afc55ce8d5e4a459923ab43550e2f28093135e6a2c33ece78a2857094e2,WSC2024/TD/54/zh/WSC2024_TD54_zh.pdf,https://api.worldskills.org/skillman/documents/1/skills/1678/pdf?l=zh,wsc-2024-lyon,wsc-2024-lyon-td.zip,done
WSC2024,WorldSkills Lyon 2024,TD,55,Water Technology,,ar,WSC2024_TD55_ar.pdf,512087,0153b630b7743d6d6a7dab5588dfd0651344a1ee1e60aefb1ffed0abb2bcfde8,WSC2024/TD/55/ar/WSC2024_TD55_ar.pdf,https://api.worldskills.org/skillman/documents/1/skills/1707/pdf?l=ar,wsc-2024-lyon,wsc-2024-lyon-td.zip,done
WSC2024,WorldSkills Lyon 2024,TD,55,Water Technology,,de,WSC2024_TD55_de.pdf,512085,919f57e6968185bc70d5e8b643cdc333cddf2d9a4c2565a69870bc8fb0d22618,WSC2024/TD/55/de/WSC2024_TD55_de.pdf,https://api.worldskills.org/skillman/documents/1/skills/1707/pdf?l=de,wsc-2024-lyon,wsc-2024-lyon-td.zip,done
WSC2024,WorldSkills Lyon 2024,TD,55,Water Technology,,en,WSC2024_TD55_en.pdf,1313382,980c7b8c8ba9b44f38e7a65896c0a721b6d1bf610111096386f43b8b7d0e71d4,WSC2024/TD/55/en/WSC2024_TD55_en.pdf,https://api.worldskills.org/skillman/documents/1/skills/1707/pdf?l=en,wsc-2024-lyon,wsc-2024-lyon-td.zip,done
WSC2024,WorldSkills Lyon 2024,TD,55,Water Technology,,es,WSC2024_TD55_es.pdf,512077,68056652f70929f59c83e004b4f85b90310efbc614f0113649a2fa4e02370a07,WSC2024/TD/55/es/WSC2024_TD55_es.pdf,https://api.worldskills.org/skillman/documents/1/skills/1707/pdf?l=es,wsc-2024-lyon,wsc-2024-lyon-td.zip,done
WSC2024,WorldSkills Lyon 2024,TD,55,Water Technology,,fi,WSC2024_TD55_fi.pdf,512088,aced16f9ef9fad69a08814ee7464e12172242f9018870660dab86e114ccfdd31,WSC2024/TD/55/fi/WSC2024_TD55_fi.pdf,https://api.worldskills.org/skillman/documents/1/skills/1707/pdf?l=fi,wsc-2024-lyon,wsc-2024-lyon-td.zip,done
WSC2024,WorldSkills Lyon 2024,TD,55,Water Technology,,fr,WSC2024_TD55_fr.pdf,507886,f22b1c415c83b63236d0445a1447fb4b9ed126609b2c289622364db9cb9ed570,WSC2024/TD/55/fr/WSC2024_TD55_fr.pdf,https://api.worldskills.org/skillman/documents/1/skills/1707/pdf?l=fr,wsc-2024-lyon,wsc-2024-lyon-td.zip,done
WSC2024,WorldSkills Lyon 2024,TD,55,Water Technology,,ja,WSC2024_TD55_ja.pdf,512099,219a80e22125ac1cecd5526dd9ebb8dded7ba5c5140f8ec12ca3cf5eec81a513,WSC2024/TD/55/ja/WSC2024_TD55_ja.pdf,https://api.worldskills.org/skillman/documents/1/skills/1707/pdf?l=ja,wsc-2024-lyon,wsc-2024-lyon-td.zip,done
WSC2024,WorldSkills Lyon 2024,TD,55,Water Technology,,ko,WSC2024_TD55_ko.pdf,512111,8f9f271fcaadfb22acb39f11c881521a0dbbc192b0b54b7067e1e1162b7322d3,WSC2024/TD/55/ko/WSC2024_TD55_ko.pdf,https://api.worldskills.org/skillman/documents/1/skills/1707/pdf?l=ko,wsc-2024-lyon,wsc-2024-lyon-td.zip,done
WSC2024,WorldSkills Lyon 2024,TD,55,Water Technology,,pt,WSC2024_TD55_pt.pdf,512092,c1e9cb8fce0f9943967e6e92762e62fcebcaa70fd62c08f261de53079c4e0546,WSC2024/TD/55/pt/WSC2024_TD55_pt.pdf,https://api.worldskills.org/skillman/documents/1/skills/1707/pdf?l=pt,wsc-2024-lyon,wsc-2024-lyon-td.zip,done
WSC2024,WorldSkills Lyon 2024,TD,55,Water Technology,,ru,WSC2024_TD55_ru.pdf,512083,36f156ef4bc549d5e9e77ffe1c8c2944a872a41c7335dfc1869be509debadb70,WSC2024/TD/55/ru/WSC2024_TD55_ru.pdf,https://api.worldskills.org/skillman/documents/1/skills/1707/pdf?l=ru,wsc-2024-lyon,wsc-2024-lyon-td.zip,done
WSC2024,WorldSkills Lyon 2024,TD,55,Water Technology,,zh,WSC2024_TD55_zh.pdf,512109,7b8ce66cea2c387bc1924d8e115b75e530c08738603ed052c90f371362a39665,WSC2024/TD/55/zh/WSC2024_TD55_zh.pdf,https://api.worldskills.org/skillman/documents/1/skills/1707/pdf?l=zh,wsc-2024-lyon,wsc-2024-lyon-td.zip,done
WSC2024,WorldSkills Lyon 2024,TD,56,Hotel Reception,,ar,WSC2024_TD56_ar.pdf,511761,c046d0b7da8ffc74522da128dd6b91231c5da83328c63b4036086ca8712cb588,WSC2024/TD/56/ar/WSC2024_TD56_ar.pdf,https://api.worldskills.org/skillman/documents/1/skills/1666/pdf?l=ar,wsc-2024-lyon,wsc-2024-lyon-td.zip,done
WSC2024,WorldSkills Lyon 2024,TD,56,Hotel Reception,,de,WSC2024_TD56_de.pdf,511761,585680821c01caabdb20754fa99044a90128724f176d54f6f6be9cc5e610dd00,WSC2024/TD/56/de/WSC2024_TD56_de.pdf,https://api.worldskills.org/skillman/documents/1/skills/1666/pdf?l=de,wsc-2024-lyon,wsc-2024-lyon-td.zip,done
WSC2024,WorldSkills Lyon 2024,TD,56,Hotel Reception,,en,WSC2024_TD56_en.pdf,937117,0fe3066f06f71f0905ebc03b5687da3845142b7235ded02643ec5991301a34f6,WSC2024/TD/56/en/WSC2024_TD56_en.pdf,https://api.worldskills.org/skillman/documents/1/skills/1666/pdf?l=en,wsc-2024-lyon,wsc-2024-lyon-td.zip,done
WSC2024,WorldSkills Lyon 2024,TD,56,Hotel Reception,,es,WSC2024_TD56_es.pdf,511744,12a6f562f7b331e6845249c88367cc7e782544e5ffe5d121deee3acdaaad05eb,WSC2024/TD/56/es/WSC2024_TD56_es.pdf,https://api.worldskills.org/skillman/documents/1/skills/1666/pdf?l=es,wsc-2024-lyon,wsc-2024-lyon-td.zip,done
WSC2024,WorldSkills Lyon 2024,TD,56,Hotel Reception,,fi,WSC2024_TD56_fi.pdf,511763,68935489231f5c11cad2c2a54f01b1cc0b1a10f917d46c475762373aad3fe95e,WSC2024/TD/56/fi/WSC2024_TD56_fi.pdf,https://api.worldskills.org/skillman/documents/1/skills/1666/pdf?l=fi,wsc-2024-lyon,wsc-2024-lyon-td.zip,done
WSC2024,WorldSkills Lyon 2024,TD,56,Hotel Reception,,fr,WSC2024_TD56_fr.pdf,507966,134a50f2f21138d12ca58ba132d06c54740c270d9d6de047320f746ecc3b04a4,WSC2024/TD/56/fr/WSC2024_TD56_fr.pdf,https://api.worldskills.org/skillman/documents/1/skills/1666/pdf?l=fr,wsc-2024-lyon,wsc-2024-lyon-td.zip,done
WSC2024,WorldSkills Lyon 2024,TD,56,Hotel Reception,,ja,WSC2024_TD56_ja.pdf,511776,14b5784752e00138ca92a2209c263105b2c8c12c53ad358f3a0cfc9037c863c2,WSC2024/TD/56/ja/WSC2024_TD56_ja.pdf,https://api.worldskills.org/skillman/documents/1/skills/1666/pdf?l=ja,wsc-2024-lyon,wsc-2024-lyon-td.zip,done
WSC2024,WorldSkills Lyon 2024,TD,56,Hotel Reception,,ko,WSC2024_TD56_ko.pdf,511776,5b87b278b8f0092a34a11aacd2af7f5aa914784b884454e5fd5ae13a18bd5b09,WSC2024/TD/56/ko/WSC2024_TD56_ko.pdf,https://api.worldskills.org/skillman/documents/1/skills/1666/pdf?l=ko,wsc-2024-lyon,wsc-2024-lyon-td.zip,done
WSC2024,WorldSkills Lyon 2024,TD,56,Hotel Reception,,pt,WSC2024_TD56_pt.pdf,511765,a072929fc6945f66aa2a9b873efeaa97c29dc27f46e49b34ca1bec526a818133,WSC2024/TD/56/pt/WSC2024_TD56_pt.pdf,https://api.worldskills.org/skillman/documents/1/skills/1666/pdf?l=pt,wsc-2024-lyon,wsc-2024-lyon-td.zip,done
WSC2024,WorldSkills Lyon 2024,TD,56,Hotel Reception,,ru,WSC2024_TD56_ru.pdf,511761,a0ecf64f24a7f7a2c473eeb17b1a331e08e42fd8e692914e60b3a5eb417c13b1,WSC2024/TD/56/ru/WSC2024_TD56_ru.pdf,https://api.worldskills.org/skillman/documents/1/skills/1666/pdf?l=ru,wsc-2024-lyon,wsc-2024-lyon-td.zip,done
WSC2024,WorldSkills Lyon 2024,TD,56,Hotel Reception,,zh,WSC2024_TD56_zh.pdf,511778,68ad940b7e28c80b9552d9c729ebaf5fd5048708b04f91695268790211e3c2bd,WSC2024/TD/56/zh/WSC2024_TD56_zh.pdf,https://api.worldskills.org/skillman/documents/1/skills/1666/pdf?l=zh,wsc-2024-lyon,wsc-2024-lyon-td.zip,done
WSC2024,WorldSkills Lyon 2024,TD,57,Additive Manufacturing,,ar,WSC2024_TD57_ar.pdf,511876,041aea81c91890935769fdf452ea6826bd1ab16867d76ce65f2678d4b51a30ac,WSC2024/TD/57/ar/WSC2024_TD57_ar.pdf,https://api.worldskills.org/skillman/documents/1/skills/1700/pdf?l=ar,wsc-2024-lyon,wsc-2024-lyon-td.zip,done
WSC2024,WorldSkills Lyon 2024,TD,57,Additive Manufacturing,,de,WSC2024_TD57_de.pdf,511876,4e73f5fe5a159d449684a1f468dcc6ca10477b950283cc594d66ac3680177416,WSC2024/TD/57/de/WSC2024_TD57_de.pdf,https://api.worldskills.org/skillman/documents/1/skills/1700/pdf?l=de,wsc-2024-lyon,wsc-2024-lyon-td.zip,done
WSC2024,WorldSkills Lyon 2024,TD,57,Additive Manufacturing,,en,WSC2024_TD57_en.pdf,1821854,d5982f7fb396347e4d680d3ecfcd72665b5b5c2b60e629999695eaed85cabc91,WSC2024/TD/57/en/WSC2024_TD57_en.pdf,https://api.worldskills.org/skillman/documents/1/skills/1700/pdf?l=en,wsc-2024-lyon,wsc-2024-lyon-td.zip,done
WSC2024,WorldSkills Lyon 2024,TD,57,Additive Manufacturing,,es,WSC2024_TD57_es.pdf,511865,7d24d97cc118402bc8b94cd062b9b00ef8cbfc3fc1a11de9d2842759b072fd5d,WSC2024/TD/57/es/WSC2024_TD57_es.pdf,https://api.worldskills.org/skillman/documents/1/skills/1700/pdf?l=es,wsc-2024-lyon,wsc-2024-lyon-td.zip,done
WSC2024,WorldSkills Lyon 2024,TD,57,Additive Manufacturing,,fi,WSC2024_TD57_fi.pdf,511876,d8a63e1a769abd808eda72b29679ecd50fe6e259b3746e906971a0834425a4c3,WSC2024/TD/57/fi/WSC2024_TD57_fi.pdf,https://api.worldskills.org/skillman/documents/1/skills/1700/pdf?l=fi,wsc-2024-lyon,wsc-2024-lyon-td.zip,done
WSC2024,WorldSkills Lyon 2024,TD,57,Additive Manufacturing,,fr,WSC2024_TD57_fr.pdf,511784,d8a1e152052c5c06d70a0d7bdb8f3c6d29360e0d3000bd448db7b0a4f77fb748,WSC2024/TD/57/fr/WSC2024_TD57_fr.pdf,https://api.worldskills.org/skillman/documents/1/skills/1700/pdf?l=fr,wsc-2024-lyon,wsc-2024-lyon-td.zip,done
WSC2024,WorldSkills Lyon 2024,TD,57,Additive Manufacturing,,ja,WSC2024_TD57_ja.pdf,511899,5289c4f12074303991d447ae8590eeac0c091d04d713b83da46b2bce2854dd2d,WSC2024/TD/57/ja/WSC2024_TD57_ja.pdf,https://api.worldskills.org/skillman/documents/1/skills/1700/pdf?l=ja,wsc-2024-lyon,wsc-2024-lyon-td.zip,done
WSC2024,WorldSkills Lyon 2024,TD,57,Additive Manufacturing,,ko,WSC2024_TD57_ko.pdf,511898,3eb31a161aa3ef468aea55b3acd6752e5e210a3b418c47a95caeba87e4ac1045,WSC2024/TD/57/ko/WSC2024_TD57_ko.pdf,https://api.worldskills.org/skillman/documents/1/skills/1700/pdf?l=ko,wsc-2024-lyon,wsc-2024-lyon-td.zip,done
WSC2024,WorldSkills Lyon 2024,TD,57,Additive Manufacturing,,pt,WSC2024_TD57_pt.pdf,511886,38a65724410a4a3adf490838011074feb5329ef7a27e648bbe4d11c057d9f88a,WSC2024/TD/57/pt/WSC2024_TD57_pt.pdf,https://api.worldskills.org/skillman/documents/1/skills/1700/pdf?l=pt,wsc-2024-lyon,wsc-2024-lyon-td.zip,done
WSC2024,WorldSkills Lyon 2024,TD,57,Additive Manufacturing,,ru,WSC2024_TD57_ru.pdf,511888,43df3390cf6603b25b1a5558c95fe0076b8f049adc85ae1b2756dbea81d9a4e7,WSC2024/TD/57/ru/WSC2024_TD57_ru.pdf,https://api.worldskills.org/skillman/documents/1/skills/1700/pdf?l=ru,wsc-2024-lyon,wsc-2024-lyon-td.zip,done
WSC2024,WorldSkills Lyon 2024,TD,57,Additive Manufacturing,,zh,WSC2024_TD57_zh.pdf,511891,a8ae6c44577bc65d9a46032fa4846053351b827d9caae1c07ecb38ca6df5a107,WSC2024/TD/57/zh/WSC2024_TD57_zh.pdf,https://api.worldskills.org/skillman/documents/1/skills/1700/pdf?l=zh,wsc-2024-lyon,wsc-2024-lyon-td.zip,done
WSC2024,WorldSkills Lyon 2024,TD,58,Digital Construction,,ar,WSC2024_TD58_ar.pdf,512020,b743d205c0c4bb49f31a95620f63f28f63afb45f3b1c85f69cd4b265e50b0f78,WSC2024/TD/58/ar/WSC2024_TD58_ar.pdf,https://api.worldskills.org/skillman/documents/1/skills/1714/pdf?l=ar,wsc-2024-lyon,wsc-2024-lyon-td.zip,done
WSC2024,WorldSkills Lyon 2024,TD,58,Digital Construction,,de,WSC2024_TD58_de.pdf,512022,657882160fe1492fbdcb69ac2cf7c4899b330d8760939f8d0d50887ee5d90fa8,WSC2024/TD/58/de/WSC2024_TD58_de.pdf,https://api.worldskills.org/skillman/documents/1/skills/1714/pdf?l=de,wsc-2024-lyon,wsc-2024-lyon-td.zip,done
WSC2024,WorldSkills Lyon 2024,TD,58,Digital Construction,,en,WSC2024_TD58_en.pdf,1345302,fbebc2389c52386a4da0ed7a92e5e85ac3689fe09ca02768a27527349fd041d3,WSC2024/TD/58/en/WSC2024_TD58_en.pdf,https://api.worldskills.org/skillman/documents/1/skills/1714/pdf?l=en,wsc-2024-lyon,wsc-2024-lyon-td.zip,done
WSC2024,WorldSkills Lyon 2024,TD,58,Digital Construction,,es,WSC2024_TD58_es.pdf,512002,56c8dcb4ec05ebc3901e65d949f55e0bfce16cd33a4dbbcd2a3051c78e06fbfc,WSC2024/TD/58/es/WSC2024_TD58_es.pdf,https://api.worldskills.org/skillman/documents/1/skills/1714/pdf?l=es,wsc-2024-lyon,wsc-2024-lyon-td.zip,done
WSC2024,WorldSkills Lyon 2024,TD,58,Digital Construction,,fi,WSC2024_TD58_fi.pdf,512013,31db4d97ab2b88d6a78032bdcbc7e3a34d784be66ea344370a9340a21a86bb08,WSC2024/TD/58/fi/WSC2024_TD58_fi.pdf,https://api.worldskills.org/skillman/documents/1/skills/1714/pdf?l=fi,wsc-2024-lyon,wsc-2024-lyon-td.zip,done
WSC2024,WorldSkills Lyon 2024,TD,58,Digital Construction,,fr,WSC2024_TD58_fr.pdf,512054,48298d829761286d51fc05e2d88488128aa751fe005c471392aa7b74362595e3,WSC2024/TD/58/fr/WSC2024_TD58_fr.pdf,https://api.worldskills.org/skillman/documents/1/skills/1714/pdf?l=fr,wsc-2024-lyon,wsc-2024-lyon-td.zip,done
WSC2024,WorldSkills Lyon 2024,TD,58,Digital Construction,,ja,WSC2024_TD58_ja.pdf,512038,6e030a72440e73b362de0313eca7af0020b8b3c67e6b10cae7ba331c6f0931e7,WSC2024/TD/58/ja/WSC2024_TD58_ja.pdf,https://api.worldskills.org/skillman/documents/1/skills/1714/pdf?l=ja,wsc-2024-lyon,wsc-2024-lyon-td.zip,done
WSC2024,WorldSkills Lyon 2024,TD,58,Digital Construction,,ko,WSC2024_TD58_ko.pdf,512038,621ee6aefb123c772323da4b9c361651d3042e71307670fb8bad0aa63d8e2cbe,WSC2024/TD/58/ko/WSC2024_TD58_ko.pdf,https://api.worldskills.org/skillman/documents/1/skills/1714/pdf?l=ko,wsc-2024-lyon,wsc-2024-lyon-td.zip,done
WSC2024,WorldSkills Lyon 2024,TD,58,Digital Construction,,pt,WSC2024_TD58_pt.pdf,512022,9250c71c4933e2be7174e648225ae603d8b31177bf7adb1abcd28d723a92c746,WSC2024/TD/58/pt/WSC2024_TD58_pt.pdf,https://api.worldskills.org/skillman/documents/1/skills/1714/pdf?l=pt,wsc-2024-lyon,wsc-2024-lyon-td.zip,done
WSC2024,WorldSkills Lyon 2024,TD,58,Digital Construction,,ru,WSC2024_TD58_ru.pdf,512022,ac9323a1ad8174099be6083982877c23fc0cf57775070479115ac30591b5c58b,WSC2024/TD/58/ru/WSC2024_TD58_ru.pdf,https://api.worldskills.org/skillman/documents/1/skills/1714/pdf?l=ru,wsc-2024-lyon,wsc-2024-lyon-td.zip,done
WSC2024,WorldSkills Lyon 2024,TD,58,Digital Construction,,zh,WSC2024_TD58_zh.pdf,512039,a8e4075e1346081220fd23596f7ec49fa4c7f59a0030ec5919a5f62532a8bb99,WSC2024/TD/58/zh/WSC2024_TD58_zh.pdf,https://api.worldskills.org/skillman/documents/1/skills/1714/pdf?l=zh,wsc-2024-lyon,wsc-2024-lyon-td.zip,done
WSC2024,WorldSkills Lyon 2024,TD,59,Industrial Design Technology,,ar,WSC2024_TD59_ar.pdf,512241,91d80742e735fa9c8f4c43c8dd6b050d7de847a56e35812d1b3720d2a2714313,WSC2024/TD/59/ar/WSC2024_TD59_ar.pdf,https://api.worldskills.org/skillman/documents/1/skills/1705/pdf?l=ar,wsc-2024-lyon,wsc-2024-lyon-td.zip,done
WSC2024,WorldSkills Lyon 2024,TD,59,Industrial Design Technology,,de,WSC2024_TD59_de.pdf,512235,2347a18df1a4268d767ce4c410b7807f25b02fc59846294f9b27df836ad7fc38,WSC2024/TD/59/de/WSC2024_TD59_de.pdf,https://api.worldskills.org/skillman/documents/1/skills/1705/pdf?l=de,wsc-2024-lyon,wsc-2024-lyon-td.zip,done
WSC2024,WorldSkills Lyon 2024,TD,59,Industrial Design Technology,,en,WSC2024_TD59_en.pdf,773923,d22c09bc75923c8abb690d26979d1d13fe0e2a1d87644603db0e06c301a79312,WSC2024/TD/59/en/WSC2024_TD59_en.pdf,https://api.worldskills.org/skillman/documents/1/skills/1705/pdf?l=en,wsc-2024-lyon,wsc-2024-lyon-td.zip,done
WSC2024,WorldSkills Lyon 2024,TD,59,Industrial Design Technology,,es,WSC2024_TD59_es.pdf,512227,a0fac9bacf792b9fbaf0cf92f3c4e4716a3d997160a8af1c3d9a1105a636ed6d,WSC2024/TD/59/es/WSC2024_TD59_es.pdf,https://api.worldskills.org/skillman/documents/1/skills/1705/pdf?l=es,wsc-2024-lyon,wsc-2024-lyon-td.zip,done
WSC2024,WorldSkills Lyon 2024,TD,59,Industrial Design Technology,,fi,WSC2024_TD59_fi.pdf,512242,5f4f26678ddb8cd36697328f83827897bf5e78d37e5dbe23ca6e98067c9f8ac1,WSC2024/TD/59/fi/WSC2024_TD59_fi.pdf,https://api.worldskills.org/skillman/documents/1/skills/1705/pdf?l=fi,wsc-2024-lyon,wsc-2024-lyon-td.zip,done
WSC2024,WorldSkills Lyon 2024,TD,59,Industrial Design Technology,,fr,WSC2024_TD59_fr.pdf,511737,9b486936d04992ffa2a1ba85f20ebaddee2e1e6d1e531917af17f0a96375370e,WSC2024/TD/59/fr/WSC2024_TD59_fr.pdf,https://api.worldskills.org/skillman/documents/1/skills/1705/pdf?l=fr,wsc-2024-lyon,wsc-2024-lyon-td.zip,done
WSC2024,WorldSkills Lyon 2024,TD,59,Industrial Design Technology,,ja,WSC2024_TD59_ja.pdf,512256,d21905f76f63104edc2b8beb4714f4975474107dcccf94d35822d3bf261690aa,WSC2024/TD/59/ja/WSC2024_TD59_ja.pdf,https://api.worldskills.org/skillman/documents/1/skills/1705/pdf?l=ja,wsc-2024-lyon,wsc-2024-lyon-td.zip,done
WSC2024,WorldSkills Lyon 2024,TD,59,Industrial Design Technology,,ko,WSC2024_TD59_ko.pdf,512262,300b15183f98c36da4181f4ea6cfee8bab20a5f3b5c687501a7b72da53bd1d82,WSC2024/TD/59/ko/WSC2024_TD59_ko.pdf,https://api.worldskills.org/skillman/documents/1/skills/1705/pdf?l=ko,wsc-2024-lyon,wsc-2024-lyon-td.zip,done
WSC2024,WorldSkills Lyon 2024,TD,59,Industrial Design Technology,,pt,WSC2024_TD59_pt.pdf,512250,e4dc359df62fecaacb70b682937cc58623c487b3d9f067e6eb490a308d8d125f,WSC2024/TD/59/pt/WSC2024_TD59_pt.pdf,https://api.worldskills.org/skillman/documents/1/skills/1705/pdf?l=pt,wsc-2024-lyon,wsc-2024-lyon-td.zip,done
WSC2024,WorldSkills Lyon 2024,TD,59,Industrial Design Technology,,ru,WSC2024_TD59_ru.pdf,512247,058f68633496f2d988e84e746f8564c2cade774aafd39f1330fb341c5be1df57,WSC2024/TD/59/ru/WSC2024_TD59_ru.pdf,https://api.worldskills.org/skillman/documents/1/skills/1705/pdf?l=ru,wsc-2024-lyon,wsc-2024-lyon-td.zip,done
WSC2024,WorldSkills Lyon 2024,TD,59,Industrial Design Technology,,zh,WSC2024_TD59_zh.pdf,512260,a30d49bd951f7a64b4713730a88732bac018556a746afd95f33be2c7be336e11,WSC2024/TD/59/zh/WSC2024_TD59_zh.pdf,https://api.worldskills.org/skillman/documents/1/skills/1705/pdf?l=zh,wsc-2024-lyon,wsc-2024-lyon-td.zip,done
WSC2024,WorldSkills Lyon 2024,TD,60,Optoelectronic Technology,,ar,WSC2024_TD60_ar.pdf,512225,0f3ee81ba84b5fd88adbf3b919f79ed0b96d374ec444e2354ba4f49548603e8b,WSC2024/TD/60/ar/WSC2024_TD60_ar.pdf,https://api.worldskills.org/skillman/documents/1/skills/1702/pdf?l=ar,wsc-2024-lyon,wsc-2024-lyon-td.zip,done
WSC2024,WorldSkills Lyon 2024,TD,60,Optoelectronic Technology,,de,WSC2024_TD60_de.pdf,512219,ab57055d99ff9053658d0b6460c402fd2b57f65093c7ee50302a7819c31972bd,WSC2024/TD/60/de/WSC2024_TD60_de.pdf,https://api.worldskills.org/skillman/documents/1/skills/1702/pdf?l=de,wsc-2024-lyon,wsc-2024-lyon-td.zip,done
WSC2024,WorldSkills Lyon 2024,TD,60,Optoelectronic Technology,,en,WSC2024_TD60_en.pdf,1160202,e1e48225dcfaf0d1970e7e9abe956dfef7c6dec25f04b31a15465835060bff00,WSC2024/TD/60/en/WSC2024_TD60_en.pdf,https://api.worldskills.org/skillman/documents/1/skills/1702/pdf?l=en,wsc-2024-lyon,wsc-2024-lyon-td.zip,done
WSC2024,WorldSkills Lyon 2024,TD,60,Optoelectronic Technology,,es,WSC2024_TD60_es.pdf,512200,6f4799cd5e1384f6b3ae1adcda0d3bdaab70617c88450b5da8669d6c5a4e558d,WSC2024/TD/60/es/WSC2024_TD60_es.pdf,https://api.worldskills.org/skillman/documents/1/skills/1702/pdf?l=es,wsc-2024-lyon,wsc-2024-lyon-td.zip,done
WSC2024,WorldSkills Lyon 2024,TD,60,Optoelectronic Technology,,fi,WSC2024_TD60_fi.pdf,512221,6970f4f20ade59ca45cdd6e1c058bf3170f67d218580678a390a775be6b69ea3,WSC2024/TD/60/fi/WSC2024_TD60_fi.pdf,https://api.worldskills.org/skillman/documents/1/skills/1702/pdf?l=fi,wsc-2024-lyon,wsc-2024-lyon-td.zip,done
WSC2024,WorldSkills Lyon 2024,TD,60,Optoelectronic Technology,,fr,WSC2024_TD60_fr.pdf,512042,0c3bcca4657a6868709cd0fe63e4043b0f5adc5a048bf9c69f155f0a2749aedf,WSC2024/TD/60/fr/WSC2024_TD60_fr.pdf,https://api.worldskills.org/skillman/documents/1/skills/1702/pdf?l=fr,wsc-2024-lyon,wsc-2024-lyon-td.zip,done
WSC2024,WorldSkills Lyon 2024,TD,60,Optoelectronic Technology,,ja,WSC2024_TD60_ja.pdf,512231,56eb46aca5d11504c3c254ea7f47b7495827a1df3875bbcd2237a591fb87c7c1,WSC2024/TD/60/ja/WSC2024_TD60_ja.pdf,https://api.worldskills.org/skillman/documents/1/skills/1702/pdf?l=ja,wsc-2024-lyon,wsc-2024-lyon-td.zip,done
WSC2024,WorldSkills Lyon 2024,TD,60,Optoelectronic Technology,,ko,WSC2024_TD60_ko.pdf,512244,4f2e0748736a1b7d65854155b9fa5eb1529115a2d998f1b075886e36d9c1bb27,WSC2024/TD/60/ko/WSC2024_TD60_ko.pdf,https://api.worldskills.org/skillman/documents/1/skills/1702/pdf?l=ko,wsc-2024-lyon,wsc-2024-lyon-td.zip,done
WSC2024,WorldSkills Lyon 2024,TD,60,Optoelectronic Technology,,pt,WSC2024_TD60_pt.pdf,512211,0093ad8a288b190a4c2b4a60cb42bb65765b69e634e0700a6c792ab4b69972f6,WSC2024/TD/60/pt/WSC2024_TD60_pt.pdf,https://api.worldskills.org/skillman/documents/1/skills/1702/pdf?l=pt,wsc-2024-lyon,wsc-2024-lyon-td.zip,done
WSC2024,WorldSkills Lyon 2024,TD,60,Optoelectronic Technology,,ru,WSC2024_TD60_ru.pdf,512221,00b75506f7a67f6b757c7c908a87d570e906d22087904f7044eb9335c399c5db,WSC2024/TD/60/ru/WSC2024_TD60_ru.pdf,https://api.worldskills.org/skillman/documents/1/skills/1702/pdf?l=ru,wsc-2024-lyon,wsc-2024-lyon-td.zip,done
WSC2024,WorldSkills Lyon 2024,TD,60,Optoelectronic Technology,,zh,WSC2024_TD60_zh.pdf,512244,f4ebd12c5051593f7f682a893c9aff537138862ef19fb82d94c9b06896032afc,WSC2024/TD/60/zh/WSC2024_TD60_zh.pdf,https://api.worldskills.org/skillman/documents/1/skills/1702/pdf?l=zh,wsc-2024-lyon,wsc-2024-lyon-td.zip,done
WSC2024,WorldSkills Lyon 2024,TD,62,Renewable Energy,,ar,WSC2024_TD62_ar.pdf,511968,76231bd17f6f296a217eb16d549ecd673dc56d4677b0ad9b7eb31d3fe3570a69,WSC2024/TD/62/ar/WSC2024_TD62_ar.pdf,https://api.worldskills.org/skillman/documents/1/skills/1709/pdf?l=ar,wsc-2024-lyon,wsc-2024-lyon-td.zip,done
WSC2024,WorldSkills Lyon 2024,TD,62,Renewable Energy,,de,WSC2024_TD62_de.pdf,511957,7940c2da7e5282e39244d5c23f6964626aa5f6d286605baec0db869f7dc68f56,WSC2024/TD/62/de/WSC2024_TD62_de.pdf,https://api.worldskills.org/skillman/documents/1/skills/1709/pdf?l=de,wsc-2024-lyon,wsc-2024-lyon-td.zip,done
WSC2024,WorldSkills Lyon 2024,TD,62,Renewable Energy,,en,WSC2024_TD62_en.pdf,993046,f2890effdf32909b0141fcdbc878cd459a9a07e63ba2d153e06f7349fe8effe8,WSC2024/TD/62/en/WSC2024_TD62_en.pdf,https://api.worldskills.org/skillman/documents/1/skills/1709/pdf?l=en,wsc-2024-lyon,wsc-2024-lyon-td.zip,done
WSC2024,WorldSkills Lyon 2024,TD,62,Renewable Energy,,es,WSC2024_TD62_es.pdf,511940,3673f099a15bd2f8efe0b9556a9453634902c701721adc4f64690627c669c879,WSC2024/TD/62/es/WSC2024_TD62_es.pdf,https://api.worldskills.org/skillman/documents/1/skills/1709/pdf?l=es,wsc-2024-lyon,wsc-2024-lyon-td.zip,done
WSC2024,WorldSkills Lyon 2024,TD,62,Renewable Energy,,fi,WSC2024_TD62_fi.pdf,511959,5bf7573e7d6f36cd7db47bed946fb4a7ff531d6cd22e4f0528e597ac7bb671c0,WSC2024/TD/62/fi/WSC2024_TD62_fi.pdf,https://api.worldskills.org/skillman/documents/1/skills/1709/pdf?l=fi,wsc-2024-lyon,wsc-2024-lyon-td.zip,done
WSC2024,WorldSkills Lyon 2024,TD,62,Renewable Energy,,fr,WSC2024_TD62_fr.pdf,512307,26ef7ca2c813d78ebce4240bd1769df73d0542ea8a5c69298e04c4403d37d9ff,WSC2024/TD/62/fr/WSC2024_TD62_fr.pdf,https://api.worldskills.org/skillman/documents/1/skills/1709/pdf?l=fr,wsc-2024-lyon,wsc-2024-lyon-td.zip,done
WSC2024,WorldSkills Lyon 2024,TD,62,Renewable Energy,,ja,WSC2024_TD62_ja.pdf,511981,6b225f5a63ac16078425f1cab4157022fef41427be354350d711618a20e85683,WSC2024/TD/62/ja/WSC2024_TD62_ja.pdf,https://api.worldskills.org/skillman/documents/1/skills/1709/pdf?l=ja,wsc-2024-lyon,wsc-2024-lyon-td.zip,done
WSC2024,WorldSkills Lyon 2024,TD,62,Renewable Energy,,ko,WSC2024_TD62_ko.pdf,511981,7af1cc93ea6f7f35d3f85143e755cc371b4a7d0537eb3181a1d1bc2aca075f8a,WSC2024/TD/62/ko/WSC2024_TD62_ko.pdf,https://api.worldskills.org/skillman/documents/1/skills/1709/pdf?l=ko,wsc-2024-lyon,wsc-2024-lyon-td.zip,done
WSC2024,WorldSkills Lyon 2024,TD,62,Renewable Energy,,pt,WSC2024_TD62_pt.pdf,511964,7d4b34ae6a4d4cab912ddbbb7f41da97c35763396e5810c0d09c85614ef5ea70,WSC2024/TD/62/pt/WSC2024_TD62_pt.pdf,https://api.worldskills.org/skillman/documents/1/skills/1709/pdf?l=pt,wsc-2024-lyon,wsc-2024-lyon-td.zip,done
WSC2024,WorldSkills Lyon 2024,TD,62,Renewable Energy,,ru,WSC2024_TD62_ru.pdf,511961,910eb26a9a3780953691838d3056f12b3ee3fb6b25dfb3c663397214f2f5e789,WSC2024/TD/62/ru/WSC2024_TD62_ru.pdf,https://api.worldskills.org/skillman/documents/1/skills/1709/pdf?l=ru,wsc-2024-lyon,wsc-2024-lyon-td.zip,done
WSC2024,WorldSkills Lyon 2024,TD,62,Renewable Energy,,zh,WSC2024_TD62_zh.pdf,511982,1272cd9f03b93609b1bde4e6e93c5416105094077c16b699b0e500f736c545d9,WSC2024/TD/62/zh/WSC2024_TD62_zh.pdf,https://api.worldskills.org/skillman/documents/1/skills/1709/pdf?l=zh,wsc-2024-lyon,wsc-2024-lyon-td.zip,done
WSC2024,WorldSkills Lyon 2024,TD,63,Robot Systems Integration,,ar,WSC2024_TD63_ar.pdf,511870,407f89a4db2ae9b039ef63df2c5395b22bc8ae66d72266c788215a76709686f1,WSC2024/TD/63/ar/WSC2024_TD63_ar.pdf,https://api.worldskills.org/skillman/documents/1/skills/1657/pdf?l=ar,wsc-2024-lyon,wsc-2024-lyon-td.zip,done
WSC2024,WorldSkills Lyon 2024,TD,63,Robot Systems Integration,,de,WSC2024_TD63_de.pdf,511870,83f27682b76d009263587e29dcb4e1d0aacb78fb96c9f61f93808bdb726e9846,WSC2024/TD/63/de/WSC2024_TD63_de.pdf,https://api.worldskills.org/skillman/documents/1/skills/1657/pdf?l=de,wsc-2024-lyon,wsc-2024-lyon-td.zip,done
WSC2024,WorldSkills Lyon 2024,TD,63,Robot Systems Integration,,en,WSC2024_TD63_en.pdf,1785596,d853fcd37be242efc4b9b8b5adb3bb7c86c9c0a196e0423b8803295157cf2f8b,WSC2024/TD/63/en/WSC2024_TD63_en.pdf,https://api.worldskills.org/skillman/documents/1/skills/1657/pdf?l=en,wsc-2024-lyon,wsc-2024-lyon-td.zip,done
WSC2024,WorldSkills Lyon 2024,TD,63,Robot Systems Integration,,es,WSC2024_TD63_es.pdf,511852,a03cebbe33fd8f3a767644084ed9bd09ae0fd75a33c747614e621903c7d59492,WSC2024/TD/63/es/WSC2024_TD63_es.pdf,https://api.worldskills.org/skillman/documents/1/skills/1657/pdf?l=es,wsc-2024-lyon,wsc-2024-lyon-td.zip,done
WSC2024,WorldSkills Lyon 2024,TD,63,Robot Systems Integration,,fi,WSC2024_TD63_fi.pdf,511873,0ef04edccb0d3127c7fbab27614894fdf06ec719377d98f6d5c0a3b4b4760078,WSC2024/TD/63/fi/WSC2024_TD63_fi.pdf,https://api.worldskills.org/skillman/documents/1/skills/1657/pdf?l=fi,wsc-2024-lyon,wsc-2024-lyon-td.zip,done
WSC2024,WorldSkills Lyon 2024,TD,63,Robot Systems Integration,,fr,WSC2024_TD63_fr.pdf,512165,9e07364d964bf9fff30db9c8ab5b088c7106e23b8e51e454923a590beb13868f,WSC2024/TD/63/fr/WSC2024_TD63_fr.pdf,https://api.worldskills.org/skillman/documents/1/skills/1657/pdf?l=fr,wsc-2024-lyon,wsc-2024-lyon-td.zip,done
WSC2024,WorldSkills Lyon 2024,TD,63,Robot Systems Integration,,ja,WSC2024_TD63_ja.pdf,511886,4bb6159a27a7c8f6edf5e20da3f41dbb3d733f6f377b47790cc188d240f23f32,WSC2024/TD/63/ja/WSC2024_TD63_ja.pdf,https://api.worldskills.org/skillman/documents/1/skills/1657/pdf?l=ja,wsc-2024-lyon,wsc-2024-lyon-td.zip,done
WSC2024,WorldSkills Lyon 2024,TD,63,Robot Systems Integration,,ko,WSC2024_TD63_ko.pdf,511886,c410676cad889b9e1cd500d81c62298435c65711fb9ec3fe283ab6aef87a8d10,WSC2024/TD/63/ko/WSC2024_TD63_ko.pdf,https://api.worldskills.org/skillman/documents/1/skills/1657/pdf?l=ko,wsc-2024-lyon,wsc-2024-lyon-td.zip,done
WSC2024,WorldSkills Lyon 2024,TD,63,Robot Systems Integration,,pt,WSC2024_TD63_pt.pdf,511869,181cf4fcb9e5397ac3c25f39542010475b97eba1f70442cedf577afd037ca52d,WSC2024/TD/63/pt/WSC2024_TD63_pt.pdf,https://api.worldskills.org/skillman/documents/1/skills/1657/pdf?l=pt,wsc-2024-lyon,wsc-2024-lyon-td.zip,done
WSC2024,WorldSkills Lyon 2024,TD,63,Robot Systems Integration,,ru,WSC2024_TD63_ru.pdf,511870,45f8134b2479d1f3691ba40d789c68718a3205cdf116453f164ce2cc145f3a1d,WSC2024/TD/63/ru/WSC2024_TD63_ru.pdf,https://api.worldskills.org/skillman/documents/1/skills/1657/pdf?l=ru,wsc-2024-lyon,wsc-2024-lyon-td.zip,done
WSC2024,WorldSkills Lyon 2024,TD,63,Robot Systems Integration,,zh,WSC2024_TD63_zh.pdf,511887,a19bceab88d6be0c9a1418f1c0bbc8b68e05db0af04a5ef0b38976a8e37c7d76,WSC2024/TD/63/zh/WSC2024_TD63_zh.pdf,https://api.worldskills.org/skillman/documents/1/skills/1657/pdf?l=zh,wsc-2024-lyon,wsc-2024-lyon-td.zip,done
WSC2024,WorldSkills Lyon 2024,TD,E01,Stonemasonry,,ar,WSC2024_TDE01_ar.pdf,515938,0b61c19cb18e281d01afc88f6481622c8b725eadf55adf6dda22e96cf2843acb,WSC2024/TD/E01/ar/WSC2024_TDE01_ar.pdf,https://api.worldskills.org/skillman/documents/1/skills/1719/pdf?l=ar,wsc-2024-lyon,wsc-2024-lyon-td.zip,done
WSC2024,WorldSkills Lyon 2024,TD,E01,Stonemasonry,,de,WSC2024_TDE01_de.pdf,515932,81adcf93019b996b95c8bda3ad4b8021be5d81ffe608ae411122f2ccda7f55d1,WSC2024/TD/E01/de/WSC2024_TDE01_de.pdf,https://api.worldskills.org/skillman/documents/1/skills/1719/pdf?l=de,wsc-2024-lyon,wsc-2024-lyon-td.zip,done
WSC2024,WorldSkills Lyon 2024,TD,E01,Stonemasonry,,en,WSC2024_TDE01_en.pdf,2463879,1933b54dbd5e2464dff71d4e0a34c14474d0ef3c4a63a04f6068415dc62c2e23,WSC2024/TD/E01/en/WSC2024_TDE01_en.pdf,https://api.worldskills.org/skillman/documents/1/skills/1719/pdf?l=en,wsc-2024-lyon,wsc-2024-lyon-td.zip,done
WSC2024,WorldSkills Lyon 2024,TD,E01,Stonemasonry,,es,WSC2024_TDE01_es.pdf,515922,baa68d6500da138f9defcb17f6ef676e0a5c1beed8bab4c520006384be1a507b,WSC2024/TD/E01/es/WSC2024_TDE01_es.pdf,https://api.worldskills.org/skillman/documents/1/skills/1719/pdf?l=es,wsc-2024-lyon,wsc-2024-lyon-td.zip,done
WSC2024,WorldSkills Lyon 2024,TD,E01,Stonemasonry,,fi,WSC2024_TDE01_fi.pdf,515940,2cb2b0b05096198815c55446f5ee593b4d72d4e0645de63cf2497e49e967041a,WSC2024/TD/E01/fi/WSC2024_TDE01_fi.pdf,https://api.worldskills.org/skillman/documents/1/skills/1719/pdf?l=fi,wsc-2024-lyon,wsc-2024-lyon-td.zip,done
WSC2024,WorldSkills Lyon 2024,TD,E01,Stonemasonry,,fr,WSC2024_TDE01_fr.pdf,516196,241a10a221b9f6c118287ff9ffdbeb37d1209b3239cd1ab35f663eda69e6b642,WSC2024/TD/E01/fr/WSC2024_TDE01_fr.pdf,https://api.worldskills.org/skillman/documents/1/skills/1719/pdf?l=fr,wsc-2024-lyon,wsc-2024-lyon-td.zip,done
WSC2024,WorldSkills Lyon 2024,TD,E01,Stonemasonry,,ja,WSC2024_TDE01_ja.pdf,515943,3891f9af645de78b080e4fd27c9f3a11e78e840cde52bb87fa5460c5d7c710b6,WSC2024/TD/E01/ja/WSC2024_TDE01_ja.pdf,https://api.worldskills.org/skillman/documents/1/skills/1719/pdf?l=ja,wsc-2024-lyon,wsc-2024-lyon-td.zip,done
WSC2024,WorldSkills Lyon 2024,TD,E01,Stonemasonry,,ko,WSC2024_TDE01_ko.pdf,515952,c4e3b99b4f7e2006542fab4eed775b4f06cf9852c985225bfb0a9943b05a44fe,WSC2024/TD/E01/ko/WSC2024_TDE01_ko.pdf,https://api.worldskills.org/skillman/documents/1/skills/1719/pdf?l=ko,wsc-2024-lyon,wsc-2024-lyon-td.zip,done
WSC2024,WorldSkills Lyon 2024,TD,E01,Stonemasonry,,pt,WSC2024_TDE01_pt.pdf,515947,c0a6384870a9063e6149066172f7eaf417202f943781216c1e722648b56b4f2b,WSC2024/TD/E01/pt/WSC2024_TDE01_pt.pdf,https://api.worldskills.org/skillman/documents/1/skills/1719/pdf?l=pt,wsc-2024-lyon,wsc-2024-lyon-td.zip,done
WSC2024,WorldSkills Lyon 2024,TD,E01,Stonemasonry,,ru,WSC2024_TDE01_ru.pdf,515945,1ba8cdedfcf96d7e9db99847a45826199ecc5c51f39cb924bf0713855871b675,WSC2024/TD/E01/ru/WSC2024_TDE01_ru.pdf,https://api.worldskills.org/skillman/documents/1/skills/1719/pdf?l=ru,wsc-2024-lyon,wsc-2024-lyon-td.zip,done
WSC2024,WorldSkills Lyon 2024,TD,E01,Stonemasonry,,zh,WSC2024_TDE01_zh.pdf,515958,a1692bf5f1e74f15a61814687a0b89001a43442daad7c73878cc35dbda34f4a7,WSC2024/TD/E01/zh/WSC2024_TDE01_zh.pdf,https://api.worldskills.org/skillman/documents/1/skills/1719/pdf?l=zh,wsc-2024-lyon,wsc-2024-lyon-td.zip,done
WSC2024,WorldSkills Lyon 2024,TD,E02,Heavy Truck Maintenance,,ar,WSC2024_TDE02_ar.pdf,516416,c616b2a289414ab463b3f01137d811b9aa2795bc10304ef895038c48ab4a657d,WSC2024/TD/E02/ar/WSC2024_TDE02_ar.pdf,https://api.worldskills.org/skillman/documents/1/skills/1835/pdf?l=ar,wsc-2024-lyon,wsc-2024-lyon-td.zip,done
WSC2024,WorldSkills Lyon 2024,TD,E02,Heavy Truck Maintenance,,de,WSC2024_TDE02_de.pdf,516412,f0470dc293f73f0a15a04cf5d9f7724c5c24aa943a0ba19a4505184e59b29380,WSC2024/TD/E02/de/WSC2024_TDE02_de.pdf,https://api.worldskills.org/skillman/documents/1/skills/1835/pdf?l=de,wsc-2024-lyon,wsc-2024-lyon-td.zip,done
WSC2024,WorldSkills Lyon 2024,TD,E02,Heavy Truck Maintenance,,en,WSC2024_TDE02_en.pdf,551129,20914ab96ff1e15fa8eaf20cdb6fc73bd58a537573ae026d391bc49c444849a1,WSC2024/TD/E02/en/WSC2024_TDE02_en.pdf,https://api.worldskills.org/skillman/documents/1/skills/1835/pdf?l=en,wsc-2024-lyon,wsc-2024-lyon-td.zip,done
WSC2024,WorldSkills Lyon 2024,TD,E02,Heavy Truck Maintenance,,es,WSC2024_TDE02_es.pdf,516403,888f336f73529c1305e2307e6962f0b79e24f5bd192288d0f2e151ae9a73d6e0,WSC2024/TD/E02/es/WSC2024_TDE02_es.pdf,https://api.worldskills.org/skillman/documents/1/skills/1835/pdf?l=es,wsc-2024-lyon,wsc-2024-lyon-td.zip,done
WSC2024,WorldSkills Lyon 2024,TD,E02,Heavy Truck Maintenance,,fi,WSC2024_TDE02_fi.pdf,516413,5bffe80c5e791e54f2c7510a096e23a712dabb88e764959daf054bda0e0d9549,WSC2024/TD/E02/fi/WSC2024_TDE02_fi.pdf,https://api.worldskills.org/skillman/documents/1/skills/1835/pdf?l=fi,wsc-2024-lyon,wsc-2024-lyon-td.zip,done
WSC2024,WorldSkills Lyon 2024,TD,E02,Heavy Truck Maintenance,,fr,WSC2024_TDE02_fr.pdf,516867,10731c4d78f22da300a0b358084f700c2cd41ad49d6a6d05ae9a0290fa962079,WSC2024/TD/E02/fr/WSC2024_TDE02_fr.pdf,https://api.worldskills.org/skillman/documents/1/skills/1835/pdf?l=fr,wsc-2024-lyon,wsc-2024-lyon-td.zip,done
WSC2024,WorldSkills Lyon 2024,TD,E02,Heavy Truck Maintenance,,ja,WSC2024_TDE02_ja.pdf,516429,b679895b60dd6157242352aeade7f5512515f069208c880f0d67e98492b11d20,WSC2024/TD/E02/ja/WSC2024_TDE02_ja.pdf,https://api.worldskills.org/skillman/documents/1/skills/1835/pdf?l=ja,wsc-2024-lyon,wsc-2024-lyon-td.zip,done
WSC2024,WorldSkills Lyon 2024,TD,E02,Heavy Truck Maintenance,,ko,WSC2024_TDE02_ko.pdf,516437,62e08a52aaa8fd54d8a449a562cf383edaf19be7a50b7b3df7ddbc3d64a3eb3d,WSC2024/TD/E02/ko/WSC2024_TDE02_ko.pdf,https://api.worldskills.org/skillman/documents/1/skills/1835/pdf?l=ko,wsc-2024-lyon,wsc-2024-lyon-td.zip,done
WSC2024,WorldSkills Lyon 2024,TD,E02,Heavy Truck Maintenance,,pt,WSC2024_TDE02_pt.pdf,516416,e082198eefecccb1e0a43569e3f8e8bd86cdd59ae1edad2199a92064d9d2735e,WSC2024/TD/E02/pt/WSC2024_TDE02_pt.pdf,https://api.worldskills.org/skillman/documents/1/skills/1835/pdf?l=pt,wsc-2024-lyon,wsc-2024-lyon-td.zip,done
WSC2024,WorldSkills Lyon 2024,TD,E02,Heavy Truck Maintenance,,ru,WSC2024_TDE02_ru.pdf,516414,488f8914559dba704b42f552e42579cbe63784e89c6f42ead1d937aecbc96f09,WSC2024/TD/E02/ru/WSC2024_TDE02_ru.pdf,https://api.worldskills.org/skillman/documents/1/skills/1835/pdf?l=ru,wsc-2024-lyon,wsc-2024-lyon-td.zip,done
WSC2024,WorldSkills Lyon 2024,TD,E02,Heavy Truck Maintenance,,zh,WSC2024_TDE02_zh.pdf,516433,21f057fe5db044635f167b29220a5f73cadcf915f274b8631df6ba7f46b2678d,WSC2024/TD/E02/zh/WSC2024_TDE02_zh.pdf,https://api.worldskills.org/skillman/documents/1/skills/1835/pdf?l=zh,wsc-2024-lyon,wsc-2024-lyon-td.zip,done
WSC2024,WorldSkills Lyon 2024,TD,E03,Rail Vehicle Technology,,ar,WSC2024_TDE03_ar.pdf,512395,44336d5a9da27214b21548b14a45a8555027456cf55f8792035fbcaa704a4421,WSC2024/TD/E03/ar/WSC2024_TDE03_ar.pdf,https://api.worldskills.org/skillman/documents/1/skills/1715/pdf?l=ar,wsc-2024-lyon,wsc-2024-lyon-td.zip,done
WSC2024,WorldSkills Lyon 2024,TD,E03,Rail Vehicle Technology,,de,WSC2024_TDE03_de.pdf,512392,49e1dff583973b830b8a8949b8410169c792172b44630e9e47c3d176beed84d3,WSC2024/TD/E03/de/WSC2024_TDE03_de.pdf,https://api.worldskills.org/skillman/documents/1/skills/1715/pdf?l=de,wsc-2024-lyon,wsc-2024-lyon-td.zip,done
WSC2024,WorldSkills Lyon 2024,TD,E03,Rail Vehicle Technology,,en,WSC2024_TDE03_en.pdf,1217128,d45b70922946d7a12e821a4c3feca783b5c575b885b8aec0b623933544b05b6a,WSC2024/TD/E03/en/WSC2024_TDE03_en.pdf,https://api.worldskills.org/skillman/documents/1/skills/1715/pdf?l=en,wsc-2024-lyon,wsc-2024-lyon-td.zip,done
WSC2024,WorldSkills Lyon 2024,TD,E03,Rail Vehicle Technology,,es,WSC2024_TDE03_es.pdf,512371,91f520234ee89f7dbc19f649f6b81b24cbf392155b9fe71f9be279e391b1f60d,WSC2024/TD/E03/es/WSC2024_TDE03_es.pdf,https://api.worldskills.org/skillman/documents/1/skills/1715/pdf?l=es,wsc-2024-lyon,wsc-2024-lyon-td.zip,done
WSC2024,WorldSkills Lyon 2024,TD,E03,Rail Vehicle Technology,,fi,WSC2024_TDE03_fi.pdf,512391,87a1a84fd91e033c01263514203675c4eb91755e5ff259c9d0e34d8adb68dbea,WSC2024/TD/E03/fi/WSC2024_TDE03_fi.pdf,https://api.worldskills.org/skillman/documents/1/skills/1715/pdf?l=fi,wsc-2024-lyon,wsc-2024-lyon-td.zip,done
WSC2024,WorldSkills Lyon 2024,TD,E03,Rail Vehicle Technology,,fr,WSC2024_TDE03_fr.pdf,512477,5f3f54d80ce26efdbd62f42a664a256775f4908f42b77135cbd729a15d710a21,WSC2024/TD/E03/fr/WSC2024_TDE03_fr.pdf,https://api.worldskills.org/skillman/documents/1/skills/1715/pdf?l=fr,wsc-2024-lyon,wsc-2024-lyon-td.zip,done
WSC2024,WorldSkills Lyon 2024,TD,E03,Rail Vehicle Technology,,ja,WSC2024_TDE03_ja.pdf,512400,a5a933a866d919845a6775fad14b015668d30d36690268e97c880b850a4fd62f,WSC2024/TD/E03/ja/WSC2024_TDE03_ja.pdf,https://api.worldskills.org/skillman/documents/1/skills/1715/pdf?l=ja,wsc-2024-lyon,wsc-2024-lyon-td.zip,done
WSC2024,WorldSkills Lyon 2024,TD,E03,Rail Vehicle Technology,,ko,WSC2024_TDE03_ko.pdf,512404,f588dfd23f8446ba4a6b56d4421706231aa63514264718a790d01800d1af0dc5,WSC2024/TD/E03/ko/WSC2024_TDE03_ko.pdf,https://api.worldskills.org/skillman/documents/1/skills/1715/pdf?l=ko,wsc-2024-lyon,wsc-2024-lyon-td.zip,done
WSC2024,WorldSkills Lyon 2024,TD,E03,Rail Vehicle Technology,,pt,WSC2024_TDE03_pt.pdf,512396,fa35e1045ca95e83f2cacee21c1b8782b787bf4072e4d3715c4b877b6d26e709,WSC2024/TD/E03/pt/WSC2024_TDE03_pt.pdf,https://api.worldskills.org/skillman/documents/1/skills/1715/pdf?l=pt,wsc-2024-lyon,wsc-2024-lyon-td.zip,done
WSC2024,WorldSkills Lyon 2024,TD,E03,Rail Vehicle Technology,,ru,WSC2024_TDE03_ru.pdf,512397,25bc6a9eeed98652af1b1b3f760660c376087406113361d8b623a48a3262850e,WSC2024/TD/E03/ru/WSC2024_TDE03_ru.pdf,https://api.worldskills.org/skillman/documents/1/skills/1715/pdf?l=ru,wsc-2024-lyon,wsc-2024-lyon-td.zip,done
WSC2024,WorldSkills Lyon 2024,TD,E03,Rail Vehicle Technology,,zh,WSC2024_TDE03_zh.pdf,512408,da0ff1ebcb68d3eb26b3d4c19a3ffcce757299a2b02b53f243ef030c8b386147,WSC2024/TD/E03/zh/WSC2024_TDE03_zh.pdf,https://api.worldskills.org/skillman/documents/1/skills/1715/pdf?l=zh,wsc-2024-lyon,wsc-2024-lyon-td.zip,done
WSC2024,WorldSkills Lyon 2024,TP,01,Industrial Mechanics,actual,en,WSC2024_TP01_actual_en.zip,9732077,82cdadcbb27c45be4790859544ec52225d9f4f066098c8b3f05a52320bc042a0,WSC2024/TP/01/actual/en/WSC2024_TP01_actual_en.zip,https://api.worldskills.org/resources/download/23592/25627/26592?l=en,wsc-2024-lyon,wsc-2024-lyon-tp-part01.zip,done
WSC2024,WorldSkills Lyon 2024,TP,01,Industrial Mechanics,pre,en,WSC2024_TP01_skill_sets_pre_en.pdf,260249,32092c370b57f2658d2eff09ab5bc6deaf1eaf2355299e82bf30d83ade0a8f40,WSC2024/TP/01/pre/en/WSC2024_TP01_skill_sets_pre_en.pdf,https://api.worldskills.org/resources/download/21797/23707/24672?l=en,wsc-2024-lyon,wsc-2024-lyon-tp-part01.zip,done
WSC2024,WorldSkills Lyon 2024,TP,02,Information Network Cabling,actual,en,WSC2024_TP02_actual_en.zip,2755520,d7eeb6371edd7b765fd88fd5242ce71bce11b02db7ca559e55eb17d4298167ff,WSC2024/TP/02/actual/en/WSC2024_TP02_actual_en.zip,https://api.worldskills.org/resources/download/23929/26024/27070?l=en,wsc-2024-lyon,wsc-2024-lyon-tp-part01.zip,done
WSC2024,WorldSkills Lyon 2024,TP,02,Information Network Cabling,pre,en,WSC2024_TP02_pre_en.zip,2448397,34c9dfa3f0f0ca90f5d98eb57203c42047434d57ae4bfa5aaab0910248b43646,WSC2024/TP/02/pre/en/WSC2024_TP02_pre_en.zip,https://api.worldskills.org/resources/download/21583/23631/24596?l=en,wsc-2024-lyon,wsc-2024-lyon-tp-part01.zip,done
WSC2024,WorldSkills Lyon 2024,TP,03,Manufacturing Team Challenge,actual,und,WSC2024_TP03_actual.zip,2032663,390dd66cb4871ea1932e17403374934ab2a9ff14b6a990f522a50635b76cb357,WSC2024/TP/03/actual/und/WSC2024_TP03_actual.zip,https://api.worldskills.org/resources/download/23593/25628/26593?l=en,wsc-2024-lyon,wsc-2024-lyon-tp-part01.zip,done
WSC2024,WorldSkills Lyon 2024,TP,03,Manufacturing Team Challenge,pre,en,WSC2024_TP03_en.pdf,1287054,34672388f719d32a45f21379aa752cd895a85944124b8b4f1e79f35398fd35a0,WSC2024/TP/03/pre/en/WSC2024_TP03_en.pdf,https://api.worldskills.org/resources/download/19993/21848/22813?l=en,wsc-2024-lyon,wsc-2024-lyon-tp-part01.zip,done
WSC2024,WorldSkills Lyon 2024,TP,04,Mechatronics,actual,en,WSC2024_TP04_actual_en.zip,12391655,86bed44f4d2824f9ee2094ed45a9b2b9fce209f9e535f32d2fe662146099c9cd,WSC2024/TP/04/actual/en/WSC2024_TP04_actual_en.zip,https://api.worldskills.org/resources/download/23743/25778/26801?l=en,wsc-2024-lyon,wsc-2024-lyon-tp-part01.zip,done
WSC2024,WorldSkills Lyon 2024,TP,05,Mechanical Engineering CAD,actual,und,WSC2024_TP05_actual.zip,893351692,bc0bd62013582832d03e98f9023b49a6cd95e784f78173a6860879d35b6d271b,WSC2024/TP/05/actual/und/WSC2024_TP05_actual.zip,https://api.worldskills.org/resources/download/23874/25909/26954?l=en,wsc-2024-lyon,wsc-2024-lyon-tp-part01.zip,done
WSC2024,WorldSkills Lyon 2024,TP,06,CNC Turning,actual,en,WSC2024_TP06_actual_en.zip,1988285,08ad0e6bd509c559e74b5a3f4976bba3c6941cbdd9ff61a9c25ec009359c0226,WSC2024/TP/06/actual/en/WSC2024_TP06_actual_en.zip,https://api.worldskills.org/resources/download/23685/25720/26705?l=en,wsc-2024-lyon,wsc-2024-lyon-tp-part01.zip,done
WSC2024,WorldSkills Lyon 2024,TP,07,CNC Milling,actual,en,WSC2024_TP07_actual_en.zip,4550777,cbd71184972f4f4c19406db6714603542668eb50fc59381c070c936f7438e9c2,WSC2024/TP/07/actual/en/WSC2024_TP07_actual_en.zip,https://api.worldskills.org/resources/download/23594/25629/26594?l=en,wsc-2024-lyon,wsc-2024-lyon-tp-part01.zip,done
WSC2024,WorldSkills Lyon 2024,TP,08,Mobile Applications Development,actual,und,WSC2024_TP08_actual.zip,157838361,a4dd026cdf823097e16845c2d9f2514f2d1f96b810d3c4de5ed2294e8284b64c,WSC2024/TP/08/actual/und/WSC2024_TP08_actual.zip,https://api.worldskills.org/resources/download/23595/25630/26595?l=en,wsc-2024-lyon,wsc-2024-lyon-tp-part01.zip,done
WSC2024,WorldSkills Lyon 2024,TP,09,IT Software Solutions for Business,actual,ar,WSC2024_TP09_actual_ar.zip,4058547,6f6ebddc9921b67fac0cdff78df2cafedf43b8510932e5d8a10b8b543be3f5db,WSC2024/TP/09/actual/ar/WSC2024_TP09_actual_ar.zip,https://api.worldskills.org/resources/download/23596/25631/26597?l=en,wsc-2024-lyon,wsc-2024-lyon-tp-part01.zip,done
WSC2024,WorldSkills Lyon 2024,TP,09,IT Software Solutions for Business,pre,en,WSC2024_TP09_pre_en.pdf,658864,48e8c4acfc1c4079e88634039ffda9ce408ddec3b94b0de23e1a6c0351915ec7,WSC2024/TP/09/pre/en/WSC2024_TP09_pre_en.pdf,https://api.worldskills.org/resources/download/22865/24865/25830?l=en,wsc-2024-lyon,wsc-2024-lyon-tp-part01.zip,done
WSC2024,WorldSkills Lyon 2024,TP,10,Welding,actual,en,WSC2024_TP10_actual_en.zip,20600193,8a875bda4f5483f1224969d8d9a8ed41359be07defb5c29d02176c65c5261871,WSC2024/TP/10/actual/en/WSC2024_TP10_actual_en.zip,https://api.worldskills.org/resources/download/23597/25632/26604?l=en,wsc-2024-lyon,wsc-2024-lyon-tp-part01.zip,done
WSC2024,WorldSkills Lyon 2024,TP,10,Welding,pre,en,WSC2024_TP10_pre.zip,21955620,4bb73ff47f17b46920a5595142510c6f1544bbe65549eb7c0acc2c0167a02fac,WSC2024/TP/10/pre/en/WSC2024_TP10_pre.zip,https://api.worldskills.org/resources/download/19988/21843/22808?l=en,wsc-2024-lyon,wsc-2024-lyon-tp-part01.zip,done
WSC2024,WorldSkills Lyon 2024,TP,12,Wall and Floor Tiling,actual,en,WSC2024_TP12_actual_en.zip,1206708,9d2a0a56051aa93185b94f6366d2afea8b9f2c7a2c0ac31e1471d5658ae5a304,WSC2024/TP/12/actual/en/WSC2024_TP12_actual_en.zip,https://api.worldskills.org/resources/download/23732/25767/26783?l=en,wsc-2024-lyon,wsc-2024-lyon-tp-part01.zip,done
WSC2024,WorldSkills Lyon 2024,TP,13,Autobody Repair,actual,en,WSC2024_TP13_actual_en.zip,4249010,7dca6b92774e2bd23e4cb7b6c5aa6979c21fa47a2827ee07b28d92b957dbd1b5,WSC2024/TP/13/actual/en/WSC2024_TP13_actual_en.zip,https://api.worldskills.org/resources/download/23739/25774/26797?l=en,wsc-2024-lyon,wsc-2024-lyon-tp-part01.zip,done
WSC2024,WorldSkills Lyon 2024,TP,14,Aircraft Maintenance,actual,en,WSC2024_TP14_actual_en.zip,5184991,474cc0914eb2d08ff9dd6a9b410aaa764e139a79b8874daacfde482b499cef64,WSC2024/TP/14/actual/en/WSC2024_TP14_actual_en.zip,https://api.worldskills.org/resources/download/23598/25633/26605?l=en,wsc-2024-lyon,wsc-2024-lyon-tp-part01.zip,done
WSC2024,WorldSkills Lyon 2024,TP,15,Plumbing and Heating,actual,en,WSC2024_TP15_actual_en.pdf,278296,4765dea450f916a953ff656c51ba805144a9260f276942b75d1936b23f657ffb,WSC2024/TP/15/actual/en/WSC2024_TP15_actual_en.pdf,https://api.worldskills.org/resources/download/23018/25030/25995?l=en,wsc-2024-lyon,wsc-2024-lyon-tp-part01.zip,done
WSC2024,WorldSkills Lyon 2024,TP,15,Plumbing and Heating,actual,en,WSC2024_TP15_actual_en.zip,6768633,281eb12aaf693346e5516eeadb282b94c8733ce509e2b0bdc8496d04722e4014,WSC2024/TP/15/actual/en/WSC2024_TP15_actual_en.zip,https://api.worldskills.org/resources/download/23599/25634/26606?l=en,wsc-2024-lyon,wsc-2024-lyon-tp-part01.zip,done
WSC2024,WorldSkills Lyon 2024,TP,16,Electronics,actual,de,WSC2024_TP16_actual_de.zip,3511783,b7d109980f7557cf4aa4bc61aa1d9724ce733ab87c8d1c6fed8693405fef519e,WSC2024/TP/16/actual/de/WSC2024_TP16_actual_de.zip,https://api.worldskills.org/resources/download/23738/25773/26790?l=en,wsc-2024-lyon,wsc-2024-lyon-tp-part01.zip,done
WSC2024,WorldSkills Lyon 2024,TP,17,Web Technologies,actual,en,WSC2024_TP17_actual_en.zip,312578453,b226ea6d2d1b3d6db9631c19574a8e286bac4d9df67492a3e86ab58609629bf2,WSC2024/TP/17/actual/en/WSC2024_TP17_actual_en.zip,https://api.worldskills.org/resources/download/23600/25635/26607?l=en,wsc-2024-lyon,wsc-2024-lyon-tp-part01.zip,done
WSC2024,WorldSkills Lyon 2024,TP,18,Electrical Installations,actual,und,WSC2024_TP18_actual.zip,1736148,e70a66e3782ff6b8cf14b6ecb4be49a366bc1cbdfc3e680df311783b4f75685f,WSC2024/TP/18/actual/und/WSC2024_TP18_actual.zip,https://api.worldskills.org/resources/download/23601/25636/26609?l=en,wsc-2024-lyon,wsc-2024-lyon-tp-part01.zip,done
WSC2024,WorldSkills Lyon 2024,TP,19,Industrial Control,actual,en,WSC2024_TP19_actual_en.zip,12742837,883f1720ba7bf7b06a588355dc90052c1b572f7e378167e023428b2b026dfd99,WSC2024/TP/19/actual/en/WSC2024_TP19_actual_en.zip,https://api.worldskills.org/resources/download/23602/25637/26610?l=en,wsc-2024-lyon,wsc-2024-lyon-tp-part01.zip,done
WSC2024,WorldSkills Lyon 2024,TP,20,Bricklaying,actual,und,WSC2024_TP20_actual.zip,7764519,d0497a620f5cbba018874a037fd9dd582141d5199fa7b5509e310eeaa0988f70,WSC2024/TP/20/actual/und/WSC2024_TP20_actual.zip,https://api.worldskills.org/resources/download/23603/25638/26617?l=en,wsc-2024-lyon,wsc-2024-lyon-tp-part01.zip,done
WSC2024,WorldSkills Lyon 2024,TP,21,Plastering and Drywall Systems,actual,en,WSC2024_TP21_actual_en.zip,1270044,c1dd66074dea2c06499c08ff6ff025b876749298927b47d62a1e1352f3fe62ff,WSC2024/TP/21/actual/en/WSC2024_TP21_actual_en.zip,https://api.worldskills.org/resources/download/23604/25639/26618?l=en,wsc-2024-lyon,wsc-2024-lyon-tp-part01.zip,done
WSC2024,WorldSkills Lyon 2024,TP,22,Painting and Decorating,actual,en,WSC2024_TP22_actual_en.zip,5997389,4a9104a52b80c148b3081b6cc9cd95261cdb3d143e6d3ba0604fe56c9b7215fb,WSC2024/TP/22/actual/en/WSC2024_TP22_actual_en.zip,https://api.worldskills.org/resources/download/23605/25640/26619?l=en,wsc-2024-lyon,wsc-2024-lyon-tp-part01.zip,done
WSC2024,WorldSkills Lyon 2024,TP,22,Painting and Decorating,pre,en,WSC2024_TP22_pre_en.pdf,383779,d05def5b902de17456d9240f768e8b52568eaadac561dcfdec7116ad0c5afaa6,WSC2024/TP/22/pre/en/WSC2024_TP22_pre_en.pdf,https://api.worldskills.org/resources/download/22236/24155/25120?l=en,wsc-2024-lyon,wsc-2024-lyon-tp-part01.zip,done
WSC2024,WorldSkills Lyon 2024,TP,23,Autonomous Mobile Robotics,actual,en,WSC2024_TP23_actual_en.zip,3658857,cd1670856d0706c93d08938ed7a975f8307645864382636aa9b7d396e5f4ca47,WSC2024/TP/23/actual/en/WSC2024_TP23_actual_en.zip,https://api.worldskills.org/resources/download/23606/25641/26620?l=en,wsc-2024-lyon,wsc-2024-lyon-tp-part01.zip,done
WSC2024,WorldSkills Lyon 2024,TP,23,Autonomous Mobile Robotics,pre,en,WSC2024_TP23_pre.zip,176250832,11e9cab1f3628591e61ec6f027a4e6e6938a815743cf6c61e93d09c48340186d,WSC2024/TP/23/pre/en/WSC2024_TP23_pre.zip,https://api.worldskills.org/resources/download/20282/24028/24993?l=en,wsc-2024-lyon,wsc-2024-lyon-tp-part01.zip,done
WSC2024,WorldSkills Lyon 2024,TP,24,Cabinetmaking,actual,en,WSC2024_TP24_actual_en.zip,2837966,33b5bf55b75b5d0a81ddb2453af9e2e9edfc09d520bd528690a3fa8e00eaea99,WSC2024/TP/24/actual/en/WSC2024_TP24_actual_en.zip,https://api.worldskills.org/resources/download/23607/25642/26621?l=en,wsc-2024-lyon,wsc-2024-lyon-tp-part01.zip,done
WSC2024,WorldSkills Lyon 2024,TP,24,Cabinetmaking,pre,en,WSC2024_TP24_pre.zip,24146891,4030117de141442148297af4ba152ea923c43b62be541cb255934708cd1be23d,WSC2024/TP/24/pre/en/WSC2024_TP24_pre.zip,https://api.worldskills.org/resources/download/20620/22506/23471?l=en,wsc-2024-lyon,wsc-2024-lyon-tp-part01.zip,done
WSC2024,WorldSkills Lyon 2024,TP,24,Cabinetmaking,proposal,und,WSC2024_TP24_proposals.zip,75687648,b3e7a4e996e95d0fbf9eded15c7683573b45bb3c438c8c7d1ac232dbd674fe6e,WSC2024/TP/24/proposal/und/WSC2024_TP24_proposals.zip,https://api.worldskills.org/resources/download/20420/22293/23258?l=en,wsc-2024-lyon,wsc-2024-lyon-tp-part01.zip,done
WSC2024,WorldSkills Lyon 2024,TP,25,Joinery,actual,en,WSC2024_TP25_actual_en.zip,214828,91dc98939647b384fd991506c8fdcaa2442ab7f8034abdef0bce837069db319f,WSC2024/TP/25/actual/en/WSC2024_TP25_actual_en.zip,https://api.worldskills.org/resources/download/23684/30985/32039?l=en,wsc-2024-lyon,wsc-2024-lyon-tp-part01.zip,done
WSC2024,WorldSkills Lyon 2024,TP,25,Joinery,proposal,und,WSC2024_TP25_proposals.zip,6206582,4642c7f439af20aa537b73ce14bca69e1b0b5521cef39c3e91296c1443959ae9,WSC2024/TP/25/proposal/und/WSC2024_TP25_proposals.zip,https://api.worldskills.org/resources/download/20453/22329/23294?l=en,wsc-2024-lyon,wsc-2024-lyon-tp-part01.zip,done
WSC2024,WorldSkills Lyon 2024,TP,26,Carpentry,actual,en,WSC2024_TP26_actual_en.zip,5087516,2cac1df4e050ed0613b3b91a9cd91fb19159d73fd83aef3f3e5a4dec9960ae47,WSC2024/TP/26/actual/en/WSC2024_TP26_actual_en.zip,https://api.worldskills.org/resources/download/23742/25777/26800?l=en,wsc-2024-lyon,wsc-2024-lyon-tp-part01.zip,done
WSC2024,WorldSkills Lyon 2024,TP,26,Carpentry,pre,und,WSC2024_TP26_pre.zip,13125452,ee704e7f293066479f6aff6535598a403b3020a973b6f21e602c2ac788ffd23f,WSC2024/TP/26/pre/und/WSC2024_TP26_pre.zip,https://api.worldskills.org/resources/download/21256/23151/24116?l=en,wsc-2024-lyon,wsc-2024-lyon-tp-part02.zip,done
WSC2024,WorldSkills Lyon 2024,TP,26,Carpentry,proposal,und,WSC2024_TP26_proposals.zip,40124782,ad3b55e6507f3326d52c1a65792ba339c3ab62ecd2078e9f4bbc039d86ce3ef6,WSC2024/TP/26/proposal/und/WSC2024_TP26_proposals.zip,https://api.worldskills.org/resources/download/21254/23149/24114?l=en,wsc-2024-lyon,wsc-2024-lyon-tp-part02.zip,done
WSC2024,WorldSkills Lyon 2024,TP,27,Jewellery,actual,en,WSC2024_TP27_actual_en.zip,7723297,9b16a2201cc0f650efe0c8d85c29a6fd6fe18208fc84b0739eee9c291525089d,WSC2024/TP/27/actual/en/WSC2024_TP27_actual_en.zip,https://api.worldskills.org/resources/download/23608/25643/26622?l=en,wsc-2024-lyon,wsc-2024-lyon-tp-part02.zip,done
WSC2024,WorldSkills Lyon 2024,TP,27,Jewellery,actual,en,WSC2024_TP27_design_brief_actual_en.pdf,733796,45c269abc6196c69c2ffcd158470600a18a1ba862dcc272823bbcfadf6695280,WSC2024/TP/27/actual/en/WSC2024_TP27_design_brief_actual_en.pdf,https://api.worldskills.org/resources/download/23448/25480/26445?l=en,wsc-2024-lyon,wsc-2024-lyon-tp-part02.zip,done
WSC2024,WorldSkills Lyon 2024,TP,27,Jewellery,pre,en,WSC2024_TP27_pre_en.pdf,277518,ba9516f0388cf57aa8d2e9315b635155f8055cf4552050e71d7dd7986d5e7e1d,WSC2024/TP/27/pre/en/WSC2024_TP27_pre_en.pdf,https://api.worldskills.org/resources/download/22477/24569/25534?l=en,wsc-2024-lyon,wsc-2024-lyon-tp-part02.zip,done
WSC2024,WorldSkills Lyon 2024,TP,28,Floristry,actual,de,WSC2024_TP28_actual_de.zip,2344261,6792f3f0bc44cffba0af643f4c4c6b9684736c8bcdbc16ae18b72f74b19f4dd3,WSC2024/TP/28/actual/de/WSC2024_TP28_actual_de.zip,https://api.worldskills.org/resources/download/23690/25725/26711?l=en,wsc-2024-lyon,wsc-2024-lyon-tp-part02.zip,done
WSC2024,WorldSkills Lyon 2024,TP,29,Hairdressing,actual,en,WSC2024_TP29_actual_en.zip,2155406,61dccef58204662d350b6c31f2428fe8af6e0494efa774ba1fb4ccae73822cad,WSC2024/TP/29/actual/en/WSC2024_TP29_actual_en.zip,https://api.worldskills.org/resources/download/23854/25889/26921?l=en,wsc-2024-lyon,wsc-2024-lyon-tp-part02.zip,done
WSC2024,WorldSkills Lyon 2024,TP,29,Hairdressing,pre,en,WSC2024_TP29_pre_en.pdf,981925,354a8b44f5f02428f08188fd9820f6b3c8fb3ffd2e53826a096857a9cd8d5218,WSC2024/TP/29/pre/en/WSC2024_TP29_pre_en.pdf,https://api.worldskills.org/resources/download/22852/24849/25814?l=en,wsc-2024-lyon,wsc-2024-lyon-tp-part02.zip,done
WSC2024,WorldSkills Lyon 2024,TP,30,Beauty Therapy,actual,en,WSC2024_TP30_actual_en.zip,1567657,df2c2fd51dfaa7f49060acd6dda88bc08bad24c68ac6f28219083badbd63248c,WSC2024/TP/30/actual/en/WSC2024_TP30_actual_en.zip,https://api.worldskills.org/resources/download/23609/25644/26623?l=en,wsc-2024-lyon,wsc-2024-lyon-tp-part02.zip,done
WSC2024,WorldSkills Lyon 2024,TP,30,Beauty Therapy,pre,en,WSC2024_TP30_pre_en.pdf,412451,31e376a7b5c28e4183a1c7fcf6758c423b7e034e1d21b72fb228df57b86c49b8,WSC2024/TP/30/pre/en/WSC2024_TP30_pre_en.pdf,https://api.worldskills.org/resources/download/22326/24247/25212?l=en,wsc-2024-lyon,wsc-2024-lyon-tp-part02.zip,done
WSC2024,WorldSkills Lyon 2024,TP,31,Fashion Technology,actual,und,WSC2024_TP 31_actual.zip,925071,5cc741ba0b91afea058afacb904ed5b7f8aebd44706f0983b7ea7ee06134e935,WSC2024/TP/31/actual/und/WSC2024_TP 31_actual.zip,https://api.worldskills.org/resources/download/23611/25646/26625?l=en,wsc-2024-lyon,wsc-2024-lyon-tp-part02.zip,done
WSC2024,WorldSkills Lyon 2024,TP,31,Fashion Technology,pre,en,WSC2024_TP 31_pre_en.pdf,334812,cf8e6ac4e8b35432f284599c90b44eab275c6fbec837dbd7642fc3cadc12abd6,WSC2024/TP/31/pre/en/WSC2024_TP 31_pre_en.pdf,https://api.worldskills.org/resources/download/21727/23632/24597?l=en,wsc-2024-lyon,wsc-2024-lyon-tp-part02.zip,done
WSC2024,WorldSkills Lyon 2024,TP,32,Pâtisserie and Confectionery,actual,und,WSC2024_TP32_actual.zip,6338548,2aa304c181c6ca94917d74f1104d00ede0acdab3bf2c0714b10736ee44cb7efb,WSC2024/TP/32/actual/und/WSC2024_TP32_actual.zip,https://api.worldskills.org/resources/download/23683/25718/26703?l=en,wsc-2024-lyon,wsc-2024-lyon-tp-part02.zip,done
WSC2024,WorldSkills Lyon 2024,TP,32,Pâtisserie and Confectionery,pre,en,WSC2024_TP32_pre_en.pdf,308811,1e0900f357aed12ba5dd207bf8f2afeb7fd17958b13f47723288c190ec04fed5,WSC2024/TP/32/pre/en/WSC2024_TP32_pre_en.pdf,https://api.worldskills.org/resources/download/22195/24150/25115?l=en,wsc-2024-lyon,wsc-2024-lyon-tp-part02.zip,done
WSC2024,WorldSkills Lyon 2024,TP,33,Automobile Technology,actual,en,WSC2024_TP33_actual_en.zip,1706870,d9f14fd1d772655c09b8190594556b73d28b45ad67a29d169346f518c01229b8,WSC2024/TP/33/actual/en/WSC2024_TP33_actual_en.zip,https://api.worldskills.org/resources/download/23782/25817/26840?l=en,wsc-2024-lyon,wsc-2024-lyon-tp-part02.zip,done
WSC2024,WorldSkills Lyon 2024,TP,33,Automobile Technology,pre,en,WSC2024_TP33_pre_en.zip,1454290,9a08673ab33265f11a0d44aac41498e13fad08255a9dbc3e56d1e95b8fb07994,WSC2024/TP/33/pre/en/WSC2024_TP33_pre_en.zip,https://api.worldskills.org/resources/download/23012/25270/26235?l=en,wsc-2024-lyon,wsc-2024-lyon-tp-part02.zip,done
WSC2024,WorldSkills Lyon 2024,TP,34,Cooking,actual,en,WSC2024_TP34_actual_en.zip,816035,4b7478088679e75c24b614e21da7533ac7e8ff9c2b987f18245f6558affc03c0,WSC2024/TP/34/actual/en/WSC2024_TP34_actual_en.zip,https://api.worldskills.org/resources/download/23786/25821/26853?l=en,wsc-2024-lyon,wsc-2024-lyon-tp-part02.zip,done
WSC2024,WorldSkills Lyon 2024,TP,34,Cooking,pre,en,WSC2024_TP34_pre_en.pdf,526537,9262c88eaede72a9a84bd727f8de7637f567d5d7ce0393520305c453032f0ee6,WSC2024/TP/34/pre/en/WSC2024_TP34_pre_en.pdf,https://api.worldskills.org/resources/download/22678/24674/25639?l=en,wsc-2024-lyon,wsc-2024-lyon-tp-part02.zip,done
WSC2024,WorldSkills Lyon 2024,TP,35,Restaurant Service,actual,en,WSC2024_TP35_actual_en.zip,611551,0bf19a2b1f15fb7f7511b1cfe5221422710e993aff27b96506d1b256bb814360,WSC2024/TP/35/actual/en/WSC2024_TP35_actual_en.zip,https://api.worldskills.org/resources/download/23613/25648/26627?l=en,wsc-2024-lyon,wsc-2024-lyon-tp-part02.zip,done
WSC2024,WorldSkills Lyon 2024,TP,36,Car Painting,actual,en,WSC2024_TP36_actual_en.zip,2444263,4f795f5ba59bf2d259597255443aa820916d92f88af59dac4766a322f695bc4d,WSC2024/TP/36/actual/en/WSC2024_TP36_actual_en.zip,https://api.worldskills.org/resources/download/23614/25649/26628?l=en,wsc-2024-lyon,wsc-2024-lyon-tp-part02.zip,done
WSC2024,WorldSkills Lyon 2024,TP,37,Landscape Gardening,actual,und,WSC2024_TP37_actual.zip,9381430,011adbc0ed66f5ab1a4347621460579b3d26668cb95ae5e74eaf764b0da4995a,WSC2024/TP/37/actual/und/WSC2024_TP37_actual.zip,https://api.worldskills.org/resources/download/23691/25726/26723?l=en,wsc-2024-lyon,wsc-2024-lyon-tp-part02.zip,done
WSC2024,WorldSkills Lyon 2024,TP,37,Landscape Gardening,pre,en,WSC2024_TP37_pre_en.pdf,5073726,6f8e11c6f8aa54eaae15d621031db80e0ade02736f4881b23e830f09d03f7210,WSC2024/TP/37/pre/en/WSC2024_TP37_pre_en.pdf,https://api.worldskills.org/resources/download/22196/24114/25079?l=en,wsc-2024-lyon,wsc-2024-lyon-tp-part02.zip,done
WSC2024,WorldSkills Lyon 2024,TP,38,Refrigeration and Air Conditioning,pre,en,WSC2024_TP38_A_pre_en.pdf,557174,ecaf7342f25d3509d2314c47909a249ce57e69d70476d7724787e0e0a4bfab26,WSC2024/TP/38/pre/en/WSC2024_TP38_A_pre_en.pdf,https://api.worldskills.org/resources/download/22858/24981/25946?l=en,wsc-2024-lyon,wsc-2024-lyon-tp-part02.zip,done
WSC2024,WorldSkills Lyon 2024,TP,38,Refrigeration and Air Conditioning,actual,en,WSC2024_TP38_B_actual_en.zip,1528540,323fa9722874a6799c4fe4904729d3108098950ad1a60e8b55670e7722c2e9fd,WSC2024/TP/38/actual/en/WSC2024_TP38_B_actual_en.zip,https://api.worldskills.org/resources/download/23615/25650/26629?l=en,wsc-2024-lyon,wsc-2024-lyon-tp-part02.zip,done
WSC2024,WorldSkills Lyon 2024,TP,39,IT Network Systems Administration,actual,en,WSC2024_TP39_actual_en.zip,4414265,93dd71df421f6be600233c1e64130f670ebca98905ecd78f5b37020f614c11f3,WSC2024/TP/39/actual/en/WSC2024_TP39_actual_en.zip,https://api.worldskills.org/resources/download/23776/25811/26834?l=en,wsc-2024-lyon,wsc-2024-lyon-tp-part02.zip,done
WSC2024,WorldSkills Lyon 2024,TP,39,IT Network Systems Administration,pre,en,WSC2024_TP39_topology_pre_en.pdf,2316914,3e27607b7b4891d735559a1386aaf75a130319b3e6f727bbe7e566c7f37eb7c3,WSC2024/TP/39/pre/en/WSC2024_TP39_topology_pre_en.pdf,https://api.worldskills.org/resources/download/22306/25014/25979?l=en,wsc-2024-lyon,wsc-2024-lyon-tp-part02.zip,done
WSC2024,WorldSkills Lyon 2024,TP,40,Graphic Design Technology,actual,de,WSC2024_TP40_actual_de.zip,7985098,d1b4369677f0a7742b4533c1e9bb3431bd1df15d8feb28911080b7b42f96bcda,WSC2024/TP/40/actual/de/WSC2024_TP40_actual_de.zip,https://api.worldskills.org/resources/download/23870/25905/26937?l=en,wsc-2024-lyon,wsc-2024-lyon-tp-part02.zip,done
WSC2024,WorldSkills Lyon 2024,TP,41,Health and Social Care,actual,en,WSC2024_TP41_actual_de.zip,1620157,196430f9f0f70eb9aba9833995faa63abd7edc5ed6fb39d0878d7fc411529e38,WSC2024/TP/41/actual/en/WSC2024_TP41_actual_de.zip,https://api.worldskills.org/resources/download/23666/25701/26681?l=en,wsc-2024-lyon,wsc-2024-lyon-tp-part02.zip,done
WSC2024,WorldSkills Lyon 2024,TP,42,Construction Metal Work,actual,und,WSC2024_TP42_actual.zip,3431636,d871ad2895d3b9786c8e1eb539ba747c8c03b155ecf05818fc2abd24c40d9918,WSC2024/TP/42/actual/und/WSC2024_TP42_actual.zip,https://api.worldskills.org/resources/download/23667/25702/26687?l=en,wsc-2024-lyon,wsc-2024-lyon-tp-part02.zip,done
WSC2024,WorldSkills Lyon 2024,TP,44,Visual Merchandising,actual,en,WSC2024_TP44_actual_en.zip,544348,16d91fc6b551b512d54f86d45d9b00b68f2723c89950195f1ff561d6b182f65b,WSC2024/TP/44/actual/en/WSC2024_TP44_actual_en.zip,https://api.worldskills.org/resources/download/23668/25703/26688?l=en,wsc-2024-lyon,wsc-2024-lyon-tp-part02.zip,done
WSC2024,WorldSkills Lyon 2024,TP,44,Visual Merchandising,pre,en,WSC2024_TP44_pre_en.pdf,353323,5eaa5cc8934f2de17bad4aefe29d139f7a21a615cb1113670552edc35d636e5d,WSC2024/TP/44/pre/en/WSC2024_TP44_pre_en.pdf,https://api.worldskills.org/resources/download/22112/24026/24991?l=en,wsc-2024-lyon,wsc-2024-lyon-tp-part02.zip,done
WSC2024,WorldSkills Lyon 2024,TP,46,Concrete Construction Work,actual,und,WSC2024_TP46_actual.zip,83835541,5ff7e363a35098018554589e486f964b6f13f96f82bfa12031da90c50cad0966,WSC2024/TP/46/actual/und/WSC2024_TP46_actual.zip,https://api.worldskills.org/resources/download/23669/25704/26689?l=en,wsc-2024-lyon,wsc-2024-lyon-tp-part02.zip,done
WSC2024,WorldSkills Lyon 2024,TP,46,Concrete Construction Work,pre,en,WSC2024_TP46_pre_en.pdf,235099,a6d7b4d3399fa6f456bb10cc299a87d94218ba5ad531d0f89e1f9fd2942e6168,WSC2024/TP/46/pre/en/WSC2024_TP46_pre_en.pdf,https://api.worldskills.org/resources/download/22479/24568/25533?l=en,wsc-2024-lyon,wsc-2024-lyon-tp-part02.zip,done
WSC2024,WorldSkills Lyon 2024,TP,47,Bakery,actual,und,WSC2024_TP47_actual.zip,879759,871d8cee3228b281fa6a3ebfb6b41b9451d8e6199cf23d4fa2eb946832643f29,WSC2024/TP/47/actual/und/WSC2024_TP47_actual.zip,https://api.worldskills.org/resources/download/23706/25741/26746?l=en,wsc-2024-lyon,wsc-2024-lyon-tp-part02.zip,done
WSC2024,WorldSkills Lyon 2024,TP,47,Bakery,pre,en,WSC2024_TP47_pre_en.pdf,319629,51ada321727808e2df696745d303a88993804f4e26c6dbd6df85c5626d3982c9,WSC2024/TP/47/pre/en/WSC2024_TP47_pre_en.pdf,https://api.worldskills.org/resources/download/22296/24216/25181?l=en,wsc-2024-lyon,wsc-2024-lyon-tp-part02.zip,done
WSC2024,WorldSkills Lyon 2024,TP,48,Industry 4.0,actual,en,WSC2024_TP48_actual_en.zip,3281573,960a8ce7e5d6757249e80674bdaa379e5bd6fdf0ca1232ee39e32f4aa1783902,WSC2024/TP/48/actual/en/WSC2024_TP48_actual_en.zip,https://api.worldskills.org/resources/download/23701/25736/26733?l=en,wsc-2024-lyon,wsc-2024-lyon-tp-part02.zip,done
WSC2024,WorldSkills Lyon 2024,TP,49,Heavy Vehicle Technology,actual,en,WSC2024_TP49_actual_en.zip,13061418,039ca47122efdbee414f2b207af135323b9679cdc864e3d78675dc2db731f7a7,WSC2024/TP/49/actual/en/WSC2024_TP49_actual_en.zip,https://api.worldskills.org/resources/download/23670/25705/26690?l=en,wsc-2024-lyon,wsc-2024-lyon-tp-part02.zip,done
WSC2024,WorldSkills Lyon 2024,TP,49,Heavy Vehicle Technology,pre,en,WSC2024_TP49_pre_en.pdf,4159294,0669658cb55befbc7859dd0968efae0236333b4d31b06f16c726314564f8c409,WSC2024/TP/49/pre/en/WSC2024_TP49_pre_en.pdf,https://api.worldskills.org/resources/download/23007/25017/25982?l=en,wsc-2024-lyon,wsc-2024-lyon-tp-part02.zip,done
WSC2024,WorldSkills Lyon 2024,TP,50,3D Digital Game Art,actual,en,WSC2024_TP50_actual_en.zip,674600,e94c0ee69ea54213422795826aa9358f97fbae927dd0d05716b829bc4d8eb1bf,WSC2024/TP/50/actual/en/WSC2024_TP50_actual_en.zip,https://api.worldskills.org/resources/download/23671/25706/26691?l=en,wsc-2024-lyon,wsc-2024-lyon-tp-part02.zip,done
WSC2024,WorldSkills Lyon 2024,TP,51,Logistics and Freight Forwarding,actual,und,WSC2024_T51_actual.zip,15624565,0997dfd108f6a7d36312c9bedb90732c9dcf9825fc207348dbd6e83389227321,WSC2024/TP/51/actual/und/WSC2024_T51_actual.zip,https://api.worldskills.org/resources/download/23856/25891/26923?l=en,wsc-2024-lyon,wsc-2024-lyon-tp-part02.zip,done
WSC2024,WorldSkills Lyon 2024,TP,52,Chemical Laboratory Technology,actual,en,WSC2024_TP52_actual_en.zip,2467062,991dd0d74fd624f29ec20a282815d652cdc5e12703b49b8916aaac5560fe93ae,WSC2024/TP/52/actual/en/WSC2024_TP52_actual_en.zip,https://api.worldskills.org/resources/download/23707/25742/26747?l=en,wsc-2024-lyon,wsc-2024-lyon-tp-part02.zip,done
WSC2024,WorldSkills Lyon 2024,TP,53,Cloud Computing,actual,en,WSC2024_TP53_actual_en.zip,2890732,b98589326eeb75af9e10b9f6a04e068431051faadb47a32a718fd55e631e2816,WSC2024/TP/53/actual/en/WSC2024_TP53_actual_en.zip,https://api.worldskills.org/resources/download/23708/25743/26748?l=en,wsc-2024-lyon,wsc-2024-lyon-tp-part02.zip,done
WSC2024,WorldSkills Lyon 2024,TP,54,Cyber Security,actual,en,WSC2024_TP54_actual_en.zip,1192365,a2b4ec49cdaffa35d505f2dca64d554cf59d8279cffe7efebfedfbaeebb77be2,WSC2024/TP/54/actual/en/WSC2024_TP54_actual_en.zip,https://api.worldskills.org/resources/download/23709/25744/26749?l=en,wsc-2024-lyon,wsc-2024-lyon-tp-part02.zip,done
WSC2024,WorldSkills Lyon 2024,TP,55,Water Technology,actual,und,WSC2024_TP55_actual.zip,11599647,51a4f902c4e5b0eba85fea2d2bfcd24c4eb126cff3b473e81b349f1e425bbd09,WSC2024/TP/55/actual/und/WSC2024_TP55_actual.zip,https://api.worldskills.org/resources/download/23714/25749/26758?l=en,wsc-2024-lyon,wsc-2024-lyon-tp-part02.zip,done
WSC2024,WorldSkills Lyon 2024,TP,56,Hotel Reception,actual,en,WSC2024_TP56_actual_en.zip,1592707,cd3bd40ca5961efd0cd42d2968134a34d33e1475eb3b3eb7f8d5084bec522c7c,WSC2024/TP/56/actual/en/WSC2024_TP56_actual_en.zip,https://api.worldskills.org/resources/download/23715/25750/26759?l=en,wsc-2024-lyon,wsc-2024-lyon-tp-part02.zip,done
WSC2024,WorldSkills Lyon 2024,TP,56,Hotel Reception,pre,en,WSC2024_TP56_pre_en.zip,3905876,9b32b91660d8b591becfffc4ad84667f0054db08fec1c5e25efdd8826dd528cb,WSC2024/TP/56/pre/en/WSC2024_TP56_pre_en.zip,https://api.worldskills.org/resources/download/21728/25011/25976?l=en,wsc-2024-lyon,wsc-2024-lyon-tp-part02.zip,done
WSC2024,WorldSkills Lyon 2024,TP,57,Additive Manufacturing,actual,en,WSC2024_TP57_actual_en.zip,2261494,7da30c54bcc18e88a3d1e1f4128f3253728c2f6f6029056709edb4eb8ce98481,WSC2024/TP/57/actual/en/WSC2024_TP57_actual_en.zip,https://api.worldskills.org/resources/download/23716/25751/26760?l=en,wsc-2024-lyon,wsc-2024-lyon-tp-part02.zip,done
WSC2024,WorldSkills Lyon 2024,TP,58,Digital Construction,actual,de,WSC2024_TP58_actual_de.zip,451976272,07029b897d929281823eb02fb20c268c530de17d5c083320c71c38cd40f46264,WSC2024/TP/58/actual/de/WSC2024_TP58_actual_de.zip,https://api.worldskills.org/resources/download/23723/25758/26769?l=en,wsc-2024-lyon,wsc-2024-lyon-tp-part02.zip,done
WSC2024,WorldSkills Lyon 2024,TP,59,Industrial Design Technology,actual,en,WSC2024_TP59_actual_en.zip,878419,7312f38bf41eb52486cd49651bfda32832d2e6450856bc096217924786ad899d,WSC2024/TP/59/actual/en/WSC2024_TP59_actual_en.zip,https://api.worldskills.org/resources/download/23724/25759/26775?l=en,wsc-2024-lyon,wsc-2024-lyon-tp-part02.zip,done
WSC2024,WorldSkills Lyon 2024,TP,60,Optoelectronic Technology,actual,en,WSC2024_TP60_actual_en.zip,236730990,a95fd1653e90b134b58d93892b362f1a098c40df2f0496c7349edf77147b4985,WSC2024/TP/60/actual/en/WSC2024_TP60_actual_en.zip,https://api.worldskills.org/resources/download/23871/25906/26950?l=en,wsc-2024-lyon,wsc-2024-lyon-tp-part02.zip,done
WSC2024,WorldSkills Lyon 2024,TP,60,Optoelectronic Technology,pre,en,WSC2024_TP_60_pre_en.pdf,2402068,4283c734f2a04833350e43229d10265d2d8ab428b7e363e8b2ae352027299ddb,WSC2024/TP/60/pre/en/WSC2024_TP_60_pre_en.pdf,https://api.worldskills.org/resources/download/22884/24884/25849?l=en,wsc-2024-lyon,wsc-2024-lyon-tp-part02.zip,done
WSC2024,WorldSkills Lyon 2024,TP,62,Renewable Energy,actual,en,WSC2024_TP62_actual_en.zip,6733283,eff6f1b628ec43c288f0faa78f41f291baa10deac6c0dc40d5f27e82ed21bb8c,WSC2024/TP/62/actual/en/WSC2024_TP62_actual_en.zip,https://api.worldskills.org/resources/download/23927/26022/27068?l=en,wsc-2024-lyon,wsc-2024-lyon-tp-part02.zip,done
WSC2024,WorldSkills Lyon 2024,TP,63,Robot Systems Integration,actual,en,WSC2024_TP63_actual_en.zip,2411053,b5b30d5e546dd80b6d2ea879b66eae8e65ee73907557f0c6974b3f49786efbf0,WSC2024/TP/63/actual/en/WSC2024_TP63_actual_en.zip,https://api.worldskills.org/resources/download/23725/25760/26776?l=en,wsc-2024-lyon,wsc-2024-lyon-tp-part02.zip,done
WSC2024,WorldSkills Lyon 2024,TP,E0,,pre,und,WSC2024_TPE01.zip,543048,6ac2bf2c287607b0bf3a76d90e620e3b6bf15bea88a3d1ec7261ac77c0d32191,WSC2024/TP/E0/pre/und/WSC2024_TPE01.zip,https://api.worldskills.org/resources/download/22660/24655/25620?l=en,wsc-2024-lyon,wsc-2024-lyon-tp-part02.zip,done
WSC2024,WorldSkills Lyon 2024,TP,E0,,pre,en,WSC2024_TPES03_pre_en.zip,85857803,12747aa21c1cf2cfbbd104b6c8ee8791b7baceb1b2b4c6922f87037d2791d3cc,WSC2024/TP/E0/pre/en/WSC2024_TPES03_pre_en.zip,https://api.worldskills.org/resources/download/22273/24193/25158?l=en,wsc-2024-lyon,wsc-2024-lyon-tp-part02.zip,done
WSC2024,WorldSkills Lyon 2024,VID,xx,,,und,WSI_Conference Teaser_05-1.mp4.zip,128049561,a33edcc69618064d3dd469b4cdfa93b5546718cf31ff2dba397f120910a5a116,WSC2024/VID/xx/und/WSI_Conference Teaser_05-1.mp4.zip,https://api.worldskills.org/resources/download/21450/24078/25043?l=en,wsc-2024-lyon,wsc-2024-lyon-vid.zip,done
WSC2026,WorldSkills Shanghai 2026,GEN,xx,,,und,WSC2026_CNF_registration_public.mp4,9955130,4bc54558753c2c8de198067560cbde3bb56e7e3dbb56ba38ae1d5bdfeb45371a,WSC2026/GEN/xx/und/WSC2026_CNF_registration_public.mp4,https://api.worldskills.org/resources/download/28995/31308/32362?l=en,wsc-2026-shanghai,wsc-2026-shanghai-gen.zip,done
WSC2026,WorldSkills Shanghai 2026,GEN,xx,,,und,WSC2026_Event_Handbook.pdf,201291528,1ce64cddc0737e1c5595a724e52b30603e27474af52bc5377867a9b43d06f74b,WSC2026/GEN/xx/und/WSC2026_Event_Handbook.pdf,https://api.worldskills.org/resources/download/32245/34739/35794?l=en,wsc-2026-shanghai,wsc-2026-shanghai-gen.zip,done
WSC2026,WorldSkills Shanghai 2026,GEN,xx,,,und,WSC2026_Event_Handbook_v1.1_digital.pdf,35245005,7e392c42407120b973dd786deb03eb805131112ab337395be66bacabfc54f8aa,WSC2026/GEN/xx/und/WSC2026_Event_Handbook_v1.1_digital.pdf,https://api.worldskills.org/resources/download/32246/34740/35795?l=en,wsc-2026-shanghai,wsc-2026-shanghai-gen.zip,done
WSC2026,WorldSkills Shanghai 2026,GEN,xx,,,und,WSC2026_Photo_Requirements.pdf,1168226,dc055d43a816e5288b003b49d56ad865f40eed7a91f46a0871b915599c92f557,WSC2026/GEN/xx/und/WSC2026_Photo_Requirements.pdf,https://api.worldskills.org/resources/download/29000/32918/33973?l=en,wsc-2026-shanghai,wsc-2026-shanghai-gen.zip,done
WSC2026,WorldSkills Shanghai 2026,GEN,xx,,,und,WSC2026_registration_privacy_notice.pdf,159464,32662b6437ac9e8c65ca9a1e39986943f3cd60acb4cbce92c07d90696b94064b,WSC2026/GEN/xx/und/WSC2026_registration_privacy_notice.pdf,https://api.worldskills.org/resources/download/31343/33796/34851?l=en,wsc-2026-shanghai,wsc-2026-shanghai-gen.zip,done
WSC2026,WorldSkills Shanghai 2026,GEN,xx,,,und,WSC2026_skill_media_highlights_master.pdf,319331,b7f8d928f369fe05307335c5ae5871510b7edcb7ca486182b4911c52276ef3c6,WSC2026/GEN/xx/und/WSC2026_skill_media_highlights_master.pdf,https://api.worldskills.org/resources/download/32193/34687/35742?l=en,wsc-2026-shanghai,wsc-2026-shanghai-gen.zip,done
WSC2026,WorldSkills Shanghai 2026,IL,01,Industrial Mechanics,,und,WSC2026_IL01.xlsx,246263,fa90bce9892109301499a88a5b0e9944948d4934a302987c1d32980f7d0bde38,WSC2026/IL/01/und/WSC2026_IL01.xlsx,https://api.worldskills.org/il/reports/requested/lists/611/1869?s=xlsx,wsc-2026-shanghai,wsc-2026-shanghai-il.zip,done
WSC2026,WorldSkills Shanghai 2026,IL,02,ICT Network Infrastructure,,und,WSC2026_IL02.xlsx,236842,c98998e4fea2ec066b03db14883dc898f526a8e521dce0278b924591a8b13636,WSC2026/IL/02/und/WSC2026_IL02.xlsx,https://api.worldskills.org/il/reports/requested/lists/611/1870?s=xlsx,wsc-2026-shanghai,wsc-2026-shanghai-il.zip,done
WSC2026,WorldSkills Shanghai 2026,IL,03,Intelligent Security Technology,,und,WSC2026_IL03.xlsx,236429,903ff42e152460b1ca18aaf804d5ec1e54fe4b6421fe3371a597ae859f6e01fa,WSC2026/IL/03/und/WSC2026_IL03-903ff42e.xlsx,https://api.worldskills.org/il/reports/requested/lists/611/2157?s=xlsx,wsc-2026-shanghai,wsc-2026-shanghai-il.zip,done
WSC2026,WorldSkills Shanghai 2026,IL,03,Manufacturing Team Challenge,,und,WSC2026_IL03.xlsx,187835,54a3c945c208d83952ed3817133a9b124a2cf55b07f59151640224cf5a177a0c,WSC2026/IL/03/und/WSC2026_IL03.xlsx,https://api.worldskills.org/il/reports/requested/lists/611/1886?s=xlsx,wsc-2026-shanghai,wsc-2026-shanghai-il.zip,done
WSC2026,WorldSkills Shanghai 2026,IL,04,Mechatronics,,und,WSC2026_IL04.xlsx,206599,e3097088d74360c24bb5a1314945962703567ecc55d8481629c2daa399692fd4,WSC2026/IL/04/und/WSC2026_IL04.xlsx,https://api.worldskills.org/il/reports/requested/lists/611/1865?s=xlsx,wsc-2026-shanghai,wsc-2026-shanghai-il.zip,done
WSC2026,WorldSkills Shanghai 2026,IL,05,Mechanical Engineering CAD,,und,WSC2026_IL05.xlsx,221327,ad3d5c999d5d8f71d8f55367d39921bcfab3b918f79a1b66ab92ad1b01bf0046,WSC2026/IL/05/und/WSC2026_IL05.xlsx,https://api.worldskills.org/il/reports/requested/lists/611/1866?s=xlsx,wsc-2026-shanghai,wsc-2026-shanghai-il.zip,done
WSC2026,WorldSkills Shanghai 2026,IL,06,CNC Turning,,und,WSC2026_IL06.xlsx,244996,6652901f3a9b5b5848cff33817027237c3f75342df3c3cff1283eb0747dd2458,WSC2026/IL/06/und/WSC2026_IL06.xlsx,https://api.worldskills.org/il/reports/requested/lists/611/1892?s=xlsx,wsc-2026-shanghai,wsc-2026-shanghai-il.zip,done
WSC2026,WorldSkills Shanghai 2026,IL,07,CNC Milling,,und,WSC2026_IL07.xlsx,238857,4d6a2eb6cd52e58edaccb64175b630787b838adce4644d85a62af017512f16aa,WSC2026/IL/07/und/WSC2026_IL07.xlsx,https://api.worldskills.org/il/reports/requested/lists/611/1871?s=xlsx,wsc-2026-shanghai,wsc-2026-shanghai-il.zip,done
WSC2026,WorldSkills Shanghai 2026,IL,08,Mobile Applications Development,,und,WSC2026_IL08.xlsx,216386,b56e38cfc24da641281a99eb0af1374201f1473c3ce9ca68b3430812689bd6f4,WSC2026/IL/08/und/WSC2026_IL08.xlsx,https://api.worldskills.org/il/reports/requested/lists/611/1878?s=xlsx,wsc-2026-shanghai,wsc-2026-shanghai-il.zip,done
WSC2026,WorldSkills Shanghai 2026,IL,09,Software Applications Development,,und,WSC2026_IL09.xlsx,212887,21d70f9547a24449ca18566b946eab8a8c7b036c819d0970505e2adfb16c03fd,WSC2026/IL/09/und/WSC2026_IL09.xlsx,https://api.worldskills.org/il/reports/requested/lists/611/1888?s=xlsx,wsc-2026-shanghai,wsc-2026-shanghai-il.zip,done
WSC2026,WorldSkills Shanghai 2026,IL,10,Welding,,und,WSC2026_IL10.xlsx,244324,a5154c63b7b11ae12f397d6cfa858484e9799818f941c95f793356ef1252570f,WSC2026/IL/10/und/WSC2026_IL10.xlsx,https://api.worldskills.org/il/reports/requested/lists/611/1904?s=xlsx,wsc-2026-shanghai,wsc-2026-shanghai-il.zip,done
WSC2026,WorldSkills Shanghai 2026,IL,11,Software Testing,,und,WSC2026_IL11.xlsx,213682,c70f3dcc221c321d791d7d293dac3cd44e62438c57668573d05864b4211924d1,WSC2026/IL/11/und/WSC2026_IL11.xlsx,https://api.worldskills.org/il/reports/requested/lists/611/2160?s=xlsx,wsc-2026-shanghai,wsc-2026-shanghai-il.zip,done
WSC2026,WorldSkills Shanghai 2026,IL,12,Wall and Floor Tiling,,und,WSC2026_IL12.xlsx,223562,885a6f834dbe8071f3f6fa6e448028dfe27765f7c49a1e84434cc5290bb0fc1e,WSC2026/IL/12/und/WSC2026_IL12.xlsx,https://api.worldskills.org/il/reports/requested/lists/611/1867?s=xlsx,wsc-2026-shanghai,wsc-2026-shanghai-il.zip,done
WSC2026,WorldSkills Shanghai 2026,IL,13,Autobody Repair,,und,WSC2026_IL13.xlsx,250409,2fd2702bbb7cf180e367229cddaa6ece04afe5a046fe22de3f0edc21517f9c53,WSC2026/IL/13/und/WSC2026_IL13.xlsx,https://api.worldskills.org/il/reports/requested/lists/611/1872?s=xlsx,wsc-2026-shanghai,wsc-2026-shanghai-il.zip,done
WSC2026,WorldSkills Shanghai 2026,IL,14,Aircraft Maintenance,,und,WSC2026_IL14.xlsx,262928,4bf7aaf4ebd44060e9c4e702641c516735591e43b35418d1b6d269f3bbd3485d,WSC2026/IL/14/und/WSC2026_IL14.xlsx,https://api.worldskills.org/il/reports/requested/lists/611/1896?s=xlsx,wsc-2026-shanghai,wsc-2026-shanghai-il.zip,done
WSC2026,WorldSkills Shanghai 2026,IL,15,Plumbing and Heating,,und,WSC2026_IL15.xlsx,253368,769350d82862397164c16ccbf320be38e92b304143a91634c3dbb8e930850054,WSC2026/IL/15/und/WSC2026_IL15.xlsx,https://api.worldskills.org/il/reports/requested/lists/611/1876?s=xlsx,wsc-2026-shanghai,wsc-2026-shanghai-il.zip,done
WSC2026,WorldSkills Shanghai 2026,IL,16,Electronics,,und,WSC2026_IL16.xlsx,217548,d437091dc660ea759a93c922ed13f1a19cec68a73d87f9495c77737578f09808,WSC2026/IL/16/und/WSC2026_IL16.xlsx,https://api.worldskills.org/il/reports/requested/lists/611/1895?s=xlsx,wsc-2026-shanghai,wsc-2026-shanghai-il.zip,done
WSC2026,WorldSkills Shanghai 2026,IL,17,Web Technologies,,und,WSC2026_IL17.xlsx,217268,dadedae1ce540c6a27a395b852599c7532be2c4bdb73292721c520c35b1c86d5,WSC2026/IL/17/und/WSC2026_IL17.xlsx,https://api.worldskills.org/il/reports/requested/lists/611/1899?s=xlsx,wsc-2026-shanghai,wsc-2026-shanghai-il.zip,done
WSC2026,WorldSkills Shanghai 2026,IL,18,Electrical Installations,,und,WSC2026_IL18.xlsx,256688,c8fb014b98c80e953cdeadab9e31304b9c75d6477ea59a72839d0eab22d0aaec,WSC2026/IL/18/und/WSC2026_IL18.xlsx,https://api.worldskills.org/il/reports/requested/lists/611/1901?s=xlsx,wsc-2026-shanghai,wsc-2026-shanghai-il.zip,done
WSC2026,WorldSkills Shanghai 2026,IL,19,Industrial Control,,und,WSC2026_IL19.xlsx,268403,fe595c0d7c78485f0a1475ac74333ac4d75983c59cbcb8ff4945239127c95b2e,WSC2026/IL/19/und/WSC2026_IL19.xlsx,https://api.worldskills.org/il/reports/requested/lists/611/1890?s=xlsx,wsc-2026-shanghai,wsc-2026-shanghai-il.zip,done
WSC2026,WorldSkills Shanghai 2026,IL,20,Bricklaying,,und,WSC2026_IL20.xlsx,222070,1f81fe00b230c23130e3085afad341d6080a584cdc29eb3c813497e2996eeccb,WSC2026/IL/20/und/WSC2026_IL20.xlsx,https://api.worldskills.org/il/reports/requested/lists/611/1894?s=xlsx,wsc-2026-shanghai,wsc-2026-shanghai-il.zip,done
WSC2026,WorldSkills Shanghai 2026,IL,21,Plastering and Drywall Systems,,und,WSC2026_IL21.xlsx,224776,dba3fe1e35b05fe66ecd91a6b378b7cb98483be6543fc30e0cee689d4653cb84,WSC2026/IL/21/und/WSC2026_IL21.xlsx,https://api.worldskills.org/il/reports/requested/lists/611/1910?s=xlsx,wsc-2026-shanghai,wsc-2026-shanghai-il.zip,done
WSC2026,WorldSkills Shanghai 2026,IL,22,Painting and Decorating,,und,WSC2026_IL22.xlsx,222912,4e96883855b7843a3504b4360cf103f892a8b4dcf16f21facea180f3a99828a3,WSC2026/IL/22/und/WSC2026_IL22.xlsx,https://api.worldskills.org/il/reports/requested/lists/611/1874?s=xlsx,wsc-2026-shanghai,wsc-2026-shanghai-il.zip,done
WSC2026,WorldSkills Shanghai 2026,IL,23,Autonomous Mobile Robotics,,und,WSC2026_IL23.xlsx,215478,2b4297c42b1a7a285ce6b24263233e4cd7b893ad87ab3483385fedd9aae93fc6,WSC2026/IL/23/und/WSC2026_IL23.xlsx,https://api.worldskills.org/il/reports/requested/lists/611/1868?s=xlsx,wsc-2026-shanghai,wsc-2026-shanghai-il.zip,done
WSC2026,WorldSkills Shanghai 2026,IL,24,Cabinetmaking,,und,WSC2026_IL24.xlsx,224114,021b49dcfb9de92c4383c6161b940f11353e14d75ca18fbc3a21a1a300422b84,WSC2026/IL/24/und/WSC2026_IL24.xlsx,https://api.worldskills.org/il/reports/requested/lists/611/1906?s=xlsx,wsc-2026-shanghai,wsc-2026-shanghai-il.zip,done
WSC2026,WorldSkills Shanghai 2026,IL,25,Joinery,,und,WSC2026_IL25.xlsx,224509,e78203bd41235557fcfce1347a328eb01b93d6db46ea2eb00dd1538466a0f847,WSC2026/IL/25/und/WSC2026_IL25.xlsx,https://api.worldskills.org/il/reports/requested/lists/611/1881?s=xlsx,wsc-2026-shanghai,wsc-2026-shanghai-il.zip,done
WSC2026,WorldSkills Shanghai 2026,IL,26,Carpentry,,und,WSC2026_IL26.xlsx,213405,d4af0efd8ff8264be835b02a42cf32336c10b14cc3a9b8040520928d33351160,WSC2026/IL/26/und/WSC2026_IL26.xlsx,https://api.worldskills.org/il/reports/requested/lists/611/1898?s=xlsx,wsc-2026-shanghai,wsc-2026-shanghai-il.zip,done
WSC2026,WorldSkills Shanghai 2026,IL,27,Jewellery,,und,WSC2026_IL27.xlsx,265581,5e17c9e25bb3053cc268a55ab8fa07bd3ef222559d45ecaae22a83988d917765,WSC2026/IL/27/und/WSC2026_IL27.xlsx,https://api.worldskills.org/il/reports/requested/lists/611/1902?s=xlsx,wsc-2026-shanghai,wsc-2026-shanghai-il.zip,done
WSC2026,WorldSkills Shanghai 2026,IL,28,Floristry,,und,WSC2026_IL28.xlsx,207640,65caf6894ab8fb0227728baa5c76a9c460ee43c7f5c17a15fc85a0b3b79ba499,WSC2026/IL/28/und/WSC2026_IL28.xlsx,https://api.worldskills.org/il/reports/requested/lists/611/1918?s=xlsx,wsc-2026-shanghai,wsc-2026-shanghai-il.zip,done
WSC2026,WorldSkills Shanghai 2026,IL,29,Hairdressing,,und,WSC2026_IL29.xlsx,238157,be9f311f38eef28548bc9eef1e70e52c3ea94588c832cc46a062cae02a575b6e,WSC2026/IL/29/und/WSC2026_IL29.xlsx,https://api.worldskills.org/il/reports/requested/lists/611/1920?s=xlsx,wsc-2026-shanghai,wsc-2026-shanghai-il.zip,done
WSC2026,WorldSkills Shanghai 2026,IL,30,Beauty Therapy,,und,WSC2026_IL30.xlsx,248499,fdda5dcb7c7b3f53af37fd7d3500d450f7cad17d7155f6f8b0c0e1b11e1361a6,WSC2026/IL/30/und/WSC2026_IL30.xlsx,https://api.worldskills.org/il/reports/requested/lists/611/1877?s=xlsx,wsc-2026-shanghai,wsc-2026-shanghai-il.zip,done
WSC2026,WorldSkills Shanghai 2026,IL,31,Fashion Technology,,und,WSC2026_IL31.xlsx,206790,3f5f6dd54017aefdc4f6bf5251fcfbd105496c160ddbae44b0c1a1f5ef37b891,WSC2026/IL/31/und/WSC2026_IL31.xlsx,https://api.worldskills.org/il/reports/requested/lists/611/1884?s=xlsx,wsc-2026-shanghai,wsc-2026-shanghai-il.zip,done
WSC2026,WorldSkills Shanghai 2026,IL,32,Pâtisserie and Confectionery,,und,WSC2026_IL32.xlsx,246172,a3529f0b823a05f52d05dffe35ba692d46e62ae6224c3b04be7d7ab3f4bd1865,WSC2026/IL/32/und/WSC2026_IL32.xlsx,https://api.worldskills.org/il/reports/requested/lists/611/1880?s=xlsx,wsc-2026-shanghai,wsc-2026-shanghai-il.zip,done
WSC2026,WorldSkills Shanghai 2026,IL,33,Automobile Technology,,und,report_requested_1916_2026-09-29_08-47-45.xlsx,243254,70eb6cf840aac4ba9dd060c1977ddfd86b1e6bf779ce02895d35fab8e6e4a5da,WSC2026/IL/33/und/report_requested_1916_2026-09-29_08-47-45.xlsx,https://api.worldskills.org/il/reports/requested/lists/611/1916?s=xlsx,wsc-2026-shanghai,wsc-2026-shanghai-il.zip,done
WSC2026,WorldSkills Shanghai 2026,IL,34,Cooking,,und,WSC2026_IL34.xlsx,294458,35b93e0cb84a2ae0d2bddd8b9342cf587418a203a75a65d44948fd4612967160,WSC2026/IL/34/und/WSC2026_IL34.xlsx,https://api.worldskills.org/il/reports/requested/lists/611/1903?s=xlsx,wsc-2026-shanghai,wsc-2026-shanghai-il.zip,done
WSC2026,WorldSkills Shanghai 2026,IL,35,Restaurant Service,,und,WSC2026_IL35.xlsx,314779,24ba6bf3ff2bbbe627451d7bbcecfccab31b54cb77ae6fd57cda61ef1cd4f610,WSC2026/IL/35/und/WSC2026_IL35.xlsx,https://api.worldskills.org/il/reports/requested/lists/611/1891?s=xlsx,wsc-2026-shanghai,wsc-2026-shanghai-il.zip,done
WSC2026,WorldSkills Shanghai 2026,IL,36,Car Painting,,und,WSC2026_IL36.xlsx,248033,e19936a4c9c1f07f73f48b7512c8bf3f3de9aa754ed2daaa8366f4c14d9b3926,WSC2026/IL/36/und/WSC2026_IL36.xlsx,https://api.worldskills.org/il/reports/requested/lists/611/1897?s=xlsx,wsc-2026-shanghai,wsc-2026-shanghai-il.zip,done
WSC2026,WorldSkills Shanghai 2026,IL,37,Landscape Gardening,,und,WSC2026_IL37.xlsx,235754,4a554aa6ddc078d00cb331118dfbe05a577d266a774b23abd3be47316019b3fc,WSC2026/IL/37/und/WSC2026_IL37.xlsx,https://api.worldskills.org/il/reports/requested/lists/611/1909?s=xlsx,wsc-2026-shanghai,wsc-2026-shanghai-il.zip,done
WSC2026,WorldSkills Shanghai 2026,IL,38,Refrigeration and Air Conditioning,,und,WSC2026_IL38.xlsx,241985,d5918d212c7d83c21a135c79fc4ab9aaa2e8616d4ab060b77b9ecbba5cd23a4a,WSC2026/IL/38/und/WSC2026_IL38.xlsx,https://api.worldskills.org/il/reports/requested/lists/611/1875?s=xlsx,wsc-2026-shanghai,wsc-2026-shanghai-il.zip,done
WSC2026,WorldSkills Shanghai 2026,IL,39,IT Network Systems Administration,,und,WSC2026_IL39.xlsx,209179,1db061c4ba43c2dfc4c5925d1f5a2520d9c45624d70487d2f15f4579be71c6b5,WSC2026/IL/39/und/WSC2026_IL39.xlsx,https://api.worldskills.org/il/reports/requested/lists/611/1923?s=xlsx,wsc-2026-shanghai,wsc-2026-shanghai-il.zip,done
WSC2026,WorldSkills Shanghai 2026,IL,40,Graphic Design Technology,,und,WSC2026_IL40.xlsx,206792,d775002d44747bfb54d157fde87c6ca4a6d26a53e287704b2bccfc431ccd3253,WSC2026/IL/40/und/WSC2026_IL40.xlsx,https://api.worldskills.org/il/reports/requested/lists/611/1914?s=xlsx,wsc-2026-shanghai,wsc-2026-shanghai-il.zip,done
WSC2026,WorldSkills Shanghai 2026,IL,41,Health and Social Care,,und,WSC2026_IL41.xlsx,260292,65af451bdae2b7bc90dfd8bb8ae3773184db228304b8152e9d04b40cede76ce4,WSC2026/IL/41/und/WSC2026_IL41.xlsx,https://api.worldskills.org/il/reports/requested/lists/611/1889?s=xlsx,wsc-2026-shanghai,wsc-2026-shanghai-il.zip,done
WSC2026,WorldSkills Shanghai 2026,IL,42,Construction Metal Work,,und,WSC2026_IL42.xlsx,187835,2db83f1abd409c997252d59b8735700a7cab668b141d87da097de685298cb1da,WSC2026/IL/42/und/WSC2026_IL42.xlsx,https://api.worldskills.org/il/reports/requested/lists/611/1882?s=xlsx,wsc-2026-shanghai,wsc-2026-shanghai-il.zip,done
WSC2026,WorldSkills Shanghai 2026,IL,42,Dental Prosthetics,,und,WSC2026_IL42.xlsx,216142,dab11a611a62ff2329e7ae374cea2776e8390a3ad672b3d16bcb35cca1d7b840,WSC2026/IL/42/und/WSC2026_IL42-dab11a61.xlsx,https://api.worldskills.org/il/reports/requested/lists/611/2155?s=xlsx,wsc-2026-shanghai,wsc-2026-shanghai-il.zip,done
WSC2026,WorldSkills Shanghai 2026,IL,43,Retail Sales,,und,WSC2026_IL43.xlsx,223444,e76366eba15381ed3da83ec86d54d6ce69642132a0b9ce0555e549c9d376ac5d,WSC2026/IL/43/und/WSC2026_IL43.xlsx,https://api.worldskills.org/il/reports/requested/lists/611/2159?s=xlsx,wsc-2026-shanghai,wsc-2026-shanghai-il.zip,done
WSC2026,WorldSkills Shanghai 2026,IL,44,Visual Merchandising,,und,WSC2026_IL44.xlsx,218215,ea5a35bda43a45eff69d3826f59ea3e321217bf4ae9081c7f67cb35718cfc33d,WSC2026/IL/44/und/WSC2026_IL44.xlsx,https://api.worldskills.org/il/reports/requested/lists/611/1887?s=xlsx,wsc-2026-shanghai,wsc-2026-shanghai-il.zip,done
WSC2026,WorldSkills Shanghai 2026,IL,45,Digital Interactive Media Design,,und,WSC2026_IL45.xlsx,202422,e94c06cb67388f6a4b5ae6762f03c54d7cf46f5e4f6de5d9ebe5d69daebc4b34,WSC2026/IL/45/und/WSC2026_IL45.xlsx,https://api.worldskills.org/il/reports/requested/lists/611/2156?s=xlsx,wsc-2026-shanghai,wsc-2026-shanghai-il.zip,done
WSC2026,WorldSkills Shanghai 2026,IL,46,Concrete Construction Work,,und,WSC2026_IL46.xlsx,237519,a8d270e62db737436cf317be284a1d21671f562d7ce2308c1fd14b8b0dffceb3,WSC2026/IL/46/und/WSC2026_IL46.xlsx,https://api.worldskills.org/il/reports/requested/lists/611/1915?s=xlsx,wsc-2026-shanghai,wsc-2026-shanghai-il.zip,done
WSC2026,WorldSkills Shanghai 2026,IL,47,Bakery,,und,WSC2026_IL47.xlsx,252111,881c4796679fe70c1acc17fa13957a3b0b327f0b0fa725e623c521a8ffa448d1,WSC2026/IL/47/und/WSC2026_IL47.xlsx,https://api.worldskills.org/il/reports/requested/lists/611/1912?s=xlsx,wsc-2026-shanghai,wsc-2026-shanghai-il.zip,done
WSC2026,WorldSkills Shanghai 2026,IL,48,Industry 4.0,,und,WSC2026_IL48.xlsx,202574,f053e4cae9cac4e82e8b2ef6a756270297741dd5e9d806e4faeb94b16cb072b9,WSC2026/IL/48/und/WSC2026_IL48.xlsx,https://api.worldskills.org/il/reports/requested/lists/611/1911?s=xlsx,wsc-2026-shanghai,wsc-2026-shanghai-il.zip,done
WSC2026,WorldSkills Shanghai 2026,IL,49,Heavy Vehicle Technology,,und,WSC2026_IL49.xlsx,231859,e0b5df306520a0b77231888ba67be93254d8eabd35e93abf7d75b1a36c2c1424,WSC2026/IL/49/und/WSC2026_IL49.xlsx,https://api.worldskills.org/il/reports/requested/lists/611/1885?s=xlsx,wsc-2026-shanghai,wsc-2026-shanghai-il.zip,done
WSC2026,WorldSkills Shanghai 2026,IL,50,3D Digital Game Art,,und,WSC2026_IL50.xlsx,202939,8f62ba8dc834123411f41831c4e62c5d38327669df47cab5c0ec2afada72d7ab,WSC2026/IL/50/und/WSC2026_IL50.xlsx,https://api.worldskills.org/il/reports/requested/lists/611/1913?s=xlsx,wsc-2026-shanghai,wsc-2026-shanghai-il.zip,done
WSC2026,WorldSkills Shanghai 2026,IL,51,Logistics and Freight Forwarding,,und,WSC2026_IL51.xlsx,201191,68b46188c0dbbd963ed108d115f98c06f19f3d2b3b0afcd220bed24eed772f9b,WSC2026/IL/51/und/WSC2026_IL51.xlsx,https://api.worldskills.org/il/reports/requested/lists/611/1883?s=xlsx,wsc-2026-shanghai,wsc-2026-shanghai-il.zip,done
WSC2026,WorldSkills Shanghai 2026,IL,52,Chemical Laboratory Technology,,und,WSC2026_IL52.xlsx,244008,36c8272a25be8f0e6fc2ec7274cfc89abeee9bf277dd5c96102418c8a2832f0f,WSC2026/IL/52/und/WSC2026_IL52.xlsx,https://api.worldskills.org/il/reports/requested/lists/611/1900?s=xlsx,wsc-2026-shanghai,wsc-2026-shanghai-il.zip,done
WSC2026,WorldSkills Shanghai 2026,IL,53,Cloud Computing,,und,WSC2026_IL53.xlsx,205822,8fd1db56977f5b58e58e25db24934e74e352f3a9894b90421ac3c99b4acd8a29,WSC2026/IL/53/und/WSC2026_IL53.xlsx,https://api.worldskills.org/il/reports/requested/lists/611/1919?s=xlsx,wsc-2026-shanghai,wsc-2026-shanghai-il.zip,done
WSC2026,WorldSkills Shanghai 2026,IL,54,Cyber Security,,und,WSC2026_IL54.xlsx,198728,7dae0b09cd72e412d6218804344789272b643153e1a033059ad77a1dc7bb4c5c,WSC2026/IL/54/und/WSC2026_IL54.xlsx,https://api.worldskills.org/il/reports/requested/lists/611/1917?s=xlsx,wsc-2026-shanghai,wsc-2026-shanghai-il.zip,done
WSC2026,WorldSkills Shanghai 2026,IL,55,Water Technology,,und,WSC2026_IL55.xlsx,226726,01627511c89c0986d6115586e337fcc06dec3ed5884e0af0e1ce27f80930d3da,WSC2026/IL/55/und/WSC2026_IL55.xlsx,https://api.worldskills.org/il/reports/requested/lists/611/1893?s=xlsx,wsc-2026-shanghai,wsc-2026-shanghai-il.zip,done
WSC2026,WorldSkills Shanghai 2026,IL,56,Hotel Reception,,und,WSC2026_IL56.xlsx,236496,3cf02ec475e4ca1a1002eb0b7a2e9de811e7aad73af1c15b7df7c66af97433fc,WSC2026/IL/56/und/WSC2026_IL56.xlsx,https://api.worldskills.org/il/reports/requested/lists/611/1922?s=xlsx,wsc-2026-shanghai,wsc-2026-shanghai-il.zip,done
WSC2026,WorldSkills Shanghai 2026,IL,57,Additive Manufacturing,,und,WSC2026_IL57.xlsx,206181,efa87a808d699735f93c70f6f947869a4aad679e2464766c1f91660ae86e7d61,WSC2026/IL/57/und/WSC2026_IL57.xlsx,https://api.worldskills.org/il/reports/requested/lists/611/1905?s=xlsx,wsc-2026-shanghai,wsc-2026-shanghai-il.zip,done
WSC2026,WorldSkills Shanghai 2026,IL,58,Digital Construction,,und,WSC2026_IL58.xlsx,208606,8505c9b0a39a684761b8fc849c6bab8cb3ce0600127fedb3c7ed655ec5838cd4,WSC2026/IL/58/und/WSC2026_IL58.xlsx,https://api.worldskills.org/il/reports/requested/lists/611/1879?s=xlsx,wsc-2026-shanghai,wsc-2026-shanghai-il.zip,done
WSC2026,WorldSkills Shanghai 2026,IL,59,Industrial Design Technology,,und,WSC2026_IL59.xlsx,207445,1e7ab4a241621666d5a9c5e8847055eee99528b6a8c345c920e7d1fb04bbea40,WSC2026/IL/59/und/WSC2026_IL59.xlsx,https://api.worldskills.org/il/reports/requested/lists/611/1921?s=xlsx,wsc-2026-shanghai,wsc-2026-shanghai-il.zip,done
WSC2026,WorldSkills Shanghai 2026,IL,60,Optoelectronic Technology,,und,WSC2026_IL60.xlsx,223690,fae4a70b1ba9a003ed9e69e6c8bbcd3a6f1027e96822df8a36e79ef9ba443e2b,WSC2026/IL/60/und/WSC2026_IL60.xlsx,https://api.worldskills.org/il/reports/requested/lists/611/1907?s=xlsx,wsc-2026-shanghai,wsc-2026-shanghai-il.zip,done
WSC2026,WorldSkills Shanghai 2026,IL,61,Rail Vehicle Technology,,und,WSC2026_IL61.xlsx,269210,ab632bd003da86ea3d9db096699548ccf8e2b54b6d78638e9736db8c6658408b,WSC2026/IL/61/und/WSC2026_IL61.xlsx,https://api.worldskills.org/il/reports/requested/lists/611/2158?s=xlsx,wsc-2026-shanghai,wsc-2026-shanghai-il.zip,done
WSC2026,WorldSkills Shanghai 2026,IL,62,Renewable Energy,,und,WSC2026_IL62.xlsx,245186,a86625f2d11f7aaa00e77beb3cdcb6144842fbb3a334bcee6f5f04c1cf1fa6cc,WSC2026/IL/62/und/WSC2026_IL62.xlsx,https://api.worldskills.org/il/reports/requested/lists/611/1908?s=xlsx,wsc-2026-shanghai,wsc-2026-shanghai-il.zip,done
WSC2026,WorldSkills Shanghai 2026,IL,63,Robot Systems Integration,,und,WSC2026_IL63.xlsx,207173,f9054b57a580bde4ba1c850613f3c18384826481c02eeb564c1d9a4b9c7f4e68,WSC2026/IL/63/und/WSC2026_IL63.xlsx,https://api.worldskills.org/il/reports/requested/lists/611/1873?s=xlsx,wsc-2026-shanghai,wsc-2026-shanghai-il.zip,done
WSC2026,WorldSkills Shanghai 2026,IL,64,Unmanned Aerial Systems,,und,WSC2026_IL64.xlsx,206587,75929cad75bffb31ffc1fce023f3a709238b48f7ceb9f9de7042471cf15685ec,WSC2026/IL/64/und/WSC2026_IL64.xlsx,https://api.worldskills.org/il/reports/requested/lists/611/2161?s=xlsx,wsc-2026-shanghai,wsc-2026-shanghai-il.zip,done
WSC2026,WorldSkills Shanghai 2026,MKT,xx,,,und,WSC2026.zip,5304546,631b1df72dddcc4acf8cf2471357e8947ad422167d72abc63dc2909af50a315d,WSC2026/MKT/xx/und/WSC2026.zip,https://api.worldskills.org/resources/download/23988/26083/27129?l=en,wsc-2026-shanghai,wsc-2026-shanghai-mkt.zip,done
WSC2026,WorldSkills Shanghai 2026,MKT,xx,,,und,WSC2026_Conference_Registration-Guide-General-Public_v0.1-3.pdf,1191677,e06e09773382adb66a5a63e6c184823518c9ed79765c73215d088c354a7c9fa2,WSC2026/MKT/xx/und/WSC2026_Conference_Registration-Guide-General-Public_v0.1-3.pdf,https://api.worldskills.org/resources/download/28713/31311/32365?l=en,wsc-2026-shanghai,wsc-2026-shanghai-mkt.zip,done
WSC2026,WorldSkills Shanghai 2026,RST,xx,,,und,WSC2026_Best_of_Nation_selections.pdf,120713,d47fdf2dbda00b7a75eb3cb1a989b8b61aa0be1de0b3c7402a281044bed0a0e9,WSC2026/RST/xx/und/WSC2026_Best_of_Nation_selections.pdf,https://api.worldskills.org/resources/download/32808/35318/36656?l=en,wsc-2026-shanghai,wsc-2026-shanghai-rst.zip,done
WSC2026,WorldSkills Shanghai 2026,RST,xx,,,und,WSC2026_OR_Member_Comparison_by_Average_Medal_Points.pdf,121099,d3c60ab675825c81188cd4654ead8f75c37284ebff41adf2ef161d3d5b196112,WSC2026/RST/xx/und/WSC2026_OR_Member_Comparison_by_Average_Medal_Points.pdf,https://api.worldskills.org/resources/download/32807/35317/36655?l=en,wsc-2026-shanghai,wsc-2026-shanghai-rst.zip,done
WSC2026,WorldSkills Shanghai 2026,RST,xx,,,und,WSC2026_OR_Member_Comparison_by_Average_Point_Score.pdf,121281,d36f6721481fb4cf069fc8b096afc728a7cbb3c2c18dcfec7824e69bae711e2d,WSC2026/RST/xx/und/WSC2026_OR_Member_Comparison_by_Average_Point_Score.pdf,https://api.worldskills.org/resources/download/32806/35316/36654?l=en,wsc-2026-shanghai,wsc-2026-shanghai-rst.zip,done
WSC2026,WorldSkills Shanghai 2026,RST,xx,,,und,WSC2026_OR_Member_Comparison_by_Member.pdf,114006,262af1cdb7f0afac38d3c7ddf5e125f946e1c66ac4e61789445eed3a94a9b9db,WSC2026/RST/xx/und/WSC2026_OR_Member_Comparison_by_Member.pdf,https://api.worldskills.org/resources/download/32805/35315/36653?l=en,wsc-2026-shanghai,wsc-2026-shanghai-rst.zip,done
WSC2026,WorldSkills Shanghai 2026,RST,xx,,,und,WSC2026_OR_Member_Comparison_by_Total_Medal_Points.pdf,120974,ff487b571f5edd03a78f267118677e7c0ecb5eb344a01120034506b60b0cc388,WSC2026/RST/xx/und/WSC2026_OR_Member_Comparison_by_Total_Medal_Points.pdf,https://api.worldskills.org/resources/download/32809/35319/36657?l=en,wsc-2026-shanghai,wsc-2026-shanghai-rst.zip,done
WSC2026,WorldSkills Shanghai 2026,RST,xx,,,und,WSC2026_OR_Member_Comparison_by_Total_Point_Score.pdf,121198,5c7b1734dd856d026977aef6a0331d91a330be47e47cacb8036eb57c4e2e050c,WSC2026/RST/xx/und/WSC2026_OR_Member_Comparison_by_Total_Point_Score.pdf,https://api.worldskills.org/resources/download/32804/35314/36652?l=en,wsc-2026-shanghai,wsc-2026-shanghai-rst.zip,done
WSC2026,WorldSkills Shanghai 2026,RST,xx,,,und,WSC2026_OR_all_skills.pdf,268037,59b897ae14c572df015952cda8e7e4812657b68b8a3767a3d42fc7795c680f5c,WSC2026/RST/xx/und/WSC2026_OR_all_skills.pdf,https://api.worldskills.org/resources/download/32803/35313/36651?l=en,wsc-2026-shanghai,wsc-2026-shanghai-rst.zip,done
WSC2026,WorldSkills Shanghai 2026,SKL,xx,,,und,WSC2026_Test_Project_ballot_paper.pdf,86773,722162bfa3fb2fb24ca883b5b42c2dec5ab6f36f24a095fa8c26bec98be902bb,WSC2026/SKL/xx/und/WSC2026_Test_Project_ballot_paper.pdf,https://api.worldskills.org/resources/download/23278/25293/26258?l=en,wsc-2026-shanghai,wsc-2026-shanghai-skl.zip,done
WSC2026,WorldSkills Shanghai 2026,TD,01,Industrial Mechanics,,ar,WSC2026_TD01_ar.pdf,439381,8c1144217af33fc18393fe8e5862bd553600bdb6ae88dd26e142e50278737884,WSC2026/TD/01/ar/WSC2026_TD01_ar.pdf,https://api.worldskills.org/skillman/documents/3/skills/2410/pdf?l=ar,wsc-2026-shanghai,wsc-2026-shanghai-td.zip,done
WSC2026,WorldSkills Shanghai 2026,TD,01,Industrial Mechanics,,de,WSC2026_TD01_de.pdf,439587,1c596cb21ec9e6b16f11a710a0484f2f27487927ac3e032e0a1ca521c1faf2c7,WSC2026/TD/01/de/WSC2026_TD01_de.pdf,https://api.worldskills.org/skillman/documents/3/skills/2410/pdf?l=de,wsc-2026-shanghai,wsc-2026-shanghai-td.zip,done
WSC2026,WorldSkills Shanghai 2026,TD,01,Industrial Mechanics,,en,WSC2026_TD01_en.pdf,730916,73fc4e78844ca7e4ca46d3fa6acf37be371c021edd033253c33d1d6fed1d3888,WSC2026/TD/01/en/WSC2026_TD01_en.pdf,https://api.worldskills.org/skillman/documents/3/skills/2410/pdf?l=en,wsc-2026-shanghai,wsc-2026-shanghai-td.zip,done
WSC2026,WorldSkills Shanghai 2026,TD,01,Industrial Mechanics,,es,WSC2026_TD01_es.pdf,439366,b8c11e39f14132eaffa1423b72e0f848c03814e583ce0f389267344d11c8c0e1,WSC2026/TD/01/es/WSC2026_TD01_es.pdf,https://api.worldskills.org/skillman/documents/3/skills/2410/pdf?l=es,wsc-2026-shanghai,wsc-2026-shanghai-td.zip,done
WSC2026,WorldSkills Shanghai 2026,TD,01,Industrial Mechanics,,fi,WSC2026_TD01_fi.pdf,439379,5174ce54eda0c2d38a99bd8a76cfb2507822f2c62456719add6a3541d6942098,WSC2026/TD/01/fi/WSC2026_TD01_fi.pdf,https://api.worldskills.org/skillman/documents/3/skills/2410/pdf?l=fi,wsc-2026-shanghai,wsc-2026-shanghai-td.zip,done
WSC2026,WorldSkills Shanghai 2026,TD,01,Industrial Mechanics,,fr,WSC2026_TD01_fr.pdf,439418,d6c8ccb79656b93feb7df8e8735d697365d8ec75ac5ba83f63761d8134b6a543,WSC2026/TD/01/fr/WSC2026_TD01_fr.pdf,https://api.worldskills.org/skillman/documents/3/skills/2410/pdf?l=fr,wsc-2026-shanghai,wsc-2026-shanghai-td.zip,done
WSC2026,WorldSkills Shanghai 2026,TD,01,Industrial Mechanics,,ja,WSC2026_TD01_ja.pdf,439411,6afcb1c68ffcc3b748a181fecb5cfb52be828c190c3a46bec253894c2602d67c,WSC2026/TD/01/ja/WSC2026_TD01_ja.pdf,https://api.worldskills.org/skillman/documents/3/skills/2410/pdf?l=ja,wsc-2026-shanghai,wsc-2026-shanghai-td.zip,done
WSC2026,WorldSkills Shanghai 2026,TD,01,Industrial Mechanics,,ko,WSC2026_TD01_ko.pdf,439405,150bd5582cc1f67b2479ee02a40798f49287ab83daa173a820a5f3d98d9537cb,WSC2026/TD/01/ko/WSC2026_TD01_ko.pdf,https://api.worldskills.org/skillman/documents/3/skills/2410/pdf?l=ko,wsc-2026-shanghai,wsc-2026-shanghai-td.zip,done
WSC2026,WorldSkills Shanghai 2026,TD,01,Industrial Mechanics,,pt,WSC2026_TD01_pt.pdf,439383,364a6dbadcd2be370b0a07a0b96d25e99a66a07ec90caa4d3b1018fdb723f39b,WSC2026/TD/01/pt/WSC2026_TD01_pt.pdf,https://api.worldskills.org/skillman/documents/3/skills/2410/pdf?l=pt,wsc-2026-shanghai,wsc-2026-shanghai-td.zip,done
WSC2026,WorldSkills Shanghai 2026,TD,01,Industrial Mechanics,,ru,WSC2026_TD01_ru.pdf,439389,7d1396d125d1f2eb367fbedfd4aa08346f94879b4d8ba8228f5ed469be9458db,WSC2026/TD/01/ru/WSC2026_TD01_ru.pdf,https://api.worldskills.org/skillman/documents/3/skills/2410/pdf?l=ru,wsc-2026-shanghai,wsc-2026-shanghai-td.zip,done
WSC2026,WorldSkills Shanghai 2026,TD,01,Industrial Mechanics,,zh,WSC2026_TD01_zh.pdf,439405,678955a56fc0bf2af9dcb703a6d96183d26541703924a2b0d83a1a17256d3a9c,WSC2026/TD/01/zh/WSC2026_TD01_zh.pdf,https://api.worldskills.org/skillman/documents/3/skills/2410/pdf?l=zh,wsc-2026-shanghai,wsc-2026-shanghai-td.zip,done
WSC2026,WorldSkills Shanghai 2026,TD,02,ICT Network Infrastructure,,ar,WSC2026_TD02_ar.pdf,439524,b9815e0092157b68a3b30026c9363f4bcd439b61b305d0bbc7e4f53a5e05ef4d,WSC2026/TD/02/ar/WSC2026_TD02_ar.pdf,https://api.worldskills.org/skillman/documents/3/skills/2412/pdf?l=ar,wsc-2026-shanghai,wsc-2026-shanghai-td.zip,done
WSC2026,WorldSkills Shanghai 2026,TD,02,ICT Network Infrastructure,,de,WSC2026_TD02_de.pdf,439555,2f6b61ef1d862f2bb4a60ccfa1d9998c2e93c13398d6fccae765f3cc0f7774e3,WSC2026/TD/02/de/WSC2026_TD02_de.pdf,https://api.worldskills.org/skillman/documents/3/skills/2412/pdf?l=de,wsc-2026-shanghai,wsc-2026-shanghai-td.zip,done
WSC2026,WorldSkills Shanghai 2026,TD,02,ICT Network Infrastructure,,en,WSC2026_TD02_en.pdf,830615,b55ca4cc3a070b7d9c35af4169ef18fa16dd080a8860f4627f9fa2526f61aad7,WSC2026/TD/02/en/WSC2026_TD02_en.pdf,https://api.worldskills.org/skillman/documents/3/skills/2412/pdf?l=en,wsc-2026-shanghai,wsc-2026-shanghai-td.zip,done
WSC2026,WorldSkills Shanghai 2026,TD,02,ICT Network Infrastructure,,es,WSC2026_TD02_es.pdf,439507,66b66ee0113b5c7b1baf3b19e5bebe00a1c0be0ff95eb1a023e9c10ffc67e737,WSC2026/TD/02/es/WSC2026_TD02_es.pdf,https://api.worldskills.org/skillman/documents/3/skills/2412/pdf?l=es,wsc-2026-shanghai,wsc-2026-shanghai-td.zip,done
WSC2026,WorldSkills Shanghai 2026,TD,02,ICT Network Infrastructure,,fi,WSC2026_TD02_fi.pdf,439519,b9946b85cc0e272239d4f3637a0eeaf734b2b0799435660a6175f23dbc75fbe0,WSC2026/TD/02/fi/WSC2026_TD02_fi.pdf,https://api.worldskills.org/skillman/documents/3/skills/2412/pdf?l=fi,wsc-2026-shanghai,wsc-2026-shanghai-td.zip,done
WSC2026,WorldSkills Shanghai 2026,TD,02,ICT Network Infrastructure,,fr,WSC2026_TD02_fr.pdf,440294,11c72e6cb56fbe8e32378a4e825626117db10c2657ea61241dba4737cfca52e1,WSC2026/TD/02/fr/WSC2026_TD02_fr.pdf,https://api.worldskills.org/skillman/documents/3/skills/2412/pdf?l=fr,wsc-2026-shanghai,wsc-2026-shanghai-td.zip,done
WSC2026,WorldSkills Shanghai 2026,TD,02,ICT Network Infrastructure,,ja,WSC2026_TD02_ja.pdf,439537,2512f624cf59fe1b39135e837ff113691304d85cde2a11d49e0c0ab265c205ee,WSC2026/TD/02/ja/WSC2026_TD02_ja.pdf,https://api.worldskills.org/skillman/documents/3/skills/2412/pdf?l=ja,wsc-2026-shanghai,wsc-2026-shanghai-td.zip,done
WSC2026,WorldSkills Shanghai 2026,TD,02,ICT Network Infrastructure,,ko,WSC2026_TD02_ko.pdf,439545,b48324ba6e2a597f37bf8bc1dae98cee4825886fbe9c3780e5949314c7705ca1,WSC2026/TD/02/ko/WSC2026_TD02_ko.pdf,https://api.worldskills.org/skillman/documents/3/skills/2412/pdf?l=ko,wsc-2026-shanghai,wsc-2026-shanghai-td.zip,done
WSC2026,WorldSkills Shanghai 2026,TD,02,ICT Network Infrastructure,,pt,WSC2026_TD02_pt.pdf,439521,e463bec1adda8ac44be3300a0083533f20bf0c81e3eb2cd21e9888820fa4eccd,WSC2026/TD/02/pt/WSC2026_TD02_pt.pdf,https://api.worldskills.org/skillman/documents/3/skills/2412/pdf?l=pt,wsc-2026-shanghai,wsc-2026-shanghai-td.zip,done
WSC2026,WorldSkills Shanghai 2026,TD,02,ICT Network Infrastructure,,ru,WSC2026_TD02_ru.pdf,439510,9643077fed07262f4cd8d9b030d6e921732ee58d3c3b25272332c1335ac847d5,WSC2026/TD/02/ru/WSC2026_TD02_ru.pdf,https://api.worldskills.org/skillman/documents/3/skills/2412/pdf?l=ru,wsc-2026-shanghai,wsc-2026-shanghai-td.zip,done
WSC2026,WorldSkills Shanghai 2026,TD,02,ICT Network Infrastructure,,zh,WSC2026_TD02_zh.pdf,439544,540ce84ad83c6a1b168504f683e20de03d6967142b44f33bf8e3ba6a78693899,WSC2026/TD/02/zh/WSC2026_TD02_zh.pdf,https://api.worldskills.org/skillman/documents/3/skills/2412/pdf?l=zh,wsc-2026-shanghai,wsc-2026-shanghai-td.zip,done
WSC2026,WorldSkills Shanghai 2026,TD,03,Intelligent Security Technology,,ar,WSC2026_TD03_ar.pdf,439932,82d9fdf65d7554bb3ea881cb8ac4915810556268243fe06d472c7f41707bfed3,WSC2026/TD/03/ar/WSC2026_TD03_ar.pdf,https://api.worldskills.org/skillman/documents/3/skills/2694/pdf?l=ar,wsc-2026-shanghai,wsc-2026-shanghai-td.zip,done
WSC2026,WorldSkills Shanghai 2026,TD,03,Intelligent Security Technology,,de,WSC2026_TD03_de.pdf,439927,becd1cc5cf0f7aec4d1c16cc2b81be9f879e1fcb7f7fb8b4402646247d00d63e,WSC2026/TD/03/de/WSC2026_TD03_de.pdf,https://api.worldskills.org/skillman/documents/3/skills/2694/pdf?l=de,wsc-2026-shanghai,wsc-2026-shanghai-td.zip,done
WSC2026,WorldSkills Shanghai 2026,TD,03,Intelligent Security Technology,,en,WSC2026_TD03_en.pdf,1015648,acc161c4b2749ba8e133463e904ab14e3a20196f9ba5e0d97900f1754e15278f,WSC2026/TD/03/en/WSC2026_TD03_en.pdf,https://api.worldskills.org/skillman/documents/3/skills/2694/pdf?l=en,wsc-2026-shanghai,wsc-2026-shanghai-td.zip,done
WSC2026,WorldSkills Shanghai 2026,TD,03,Intelligent Security Technology,,es,WSC2026_TD03_es.pdf,439911,b215c073bcb0b889a696e3b7dded8552105c4a4031390161f0c88eb839b44307,WSC2026/TD/03/es/WSC2026_TD03_es.pdf,https://api.worldskills.org/skillman/documents/3/skills/2694/pdf?l=es,wsc-2026-shanghai,wsc-2026-shanghai-td.zip,done
WSC2026,WorldSkills Shanghai 2026,TD,03,Intelligent Security Technology,,fi,WSC2026_TD03_fi.pdf,439927,5545e70ae68e68d83157c264c4b3d800275a11bc6573402e43488d0782d33e9a,WSC2026/TD/03/fi/WSC2026_TD03_fi.pdf,https://api.worldskills.org/skillman/documents/3/skills/2694/pdf?l=fi,wsc-2026-shanghai,wsc-2026-shanghai-td.zip,done
WSC2026,WorldSkills Shanghai 2026,TD,03,Intelligent Security Technology,,fr,WSC2026_TD03_fr.pdf,439937,1be6b04f3c41066acb6b44e9003d638c1a346fe4a25f39ef14eb46fa5f419946,WSC2026/TD/03/fr/WSC2026_TD03_fr.pdf,https://api.worldskills.org/skillman/documents/3/skills/2694/pdf?l=fr,wsc-2026-shanghai,wsc-2026-shanghai-td.zip,done
WSC2026,WorldSkills Shanghai 2026,TD,03,Intelligent Security Technology,,ja,WSC2026_TD03_ja.pdf,439950,9c464efba2fc1b10a9c51b95dc5ffa3e362bd8be52e905eb402f3ba3d7a42911,WSC2026/TD/03/ja/WSC2026_TD03_ja.pdf,https://api.worldskills.org/skillman/documents/3/skills/2694/pdf?l=ja,wsc-2026-shanghai,wsc-2026-shanghai-td.zip,done
WSC2026,WorldSkills Shanghai 2026,TD,03,Intelligent Security Technology,,ko,WSC2026_TD03_ko.pdf,439947,9983dad53468c806806d3c77ce15f8768076469dc0e95d0f02d51995237e940b,WSC2026/TD/03/ko/WSC2026_TD03_ko.pdf,https://api.worldskills.org/skillman/documents/3/skills/2694/pdf?l=ko,wsc-2026-shanghai,wsc-2026-shanghai-td.zip,done
WSC2026,WorldSkills Shanghai 2026,TD,03,Intelligent Security Technology,,pt,WSC2026_TD03_pt.pdf,439932,94522b49f67ba4de7977b5ad76c891f7de00bcee54369347fc37e63367f1b490,WSC2026/TD/03/pt/WSC2026_TD03_pt.pdf,https://api.worldskills.org/skillman/documents/3/skills/2694/pdf?l=pt,wsc-2026-shanghai,wsc-2026-shanghai-td.zip,done
WSC2026,WorldSkills Shanghai 2026,TD,03,Intelligent Security Technology,,ru,WSC2026_TD03_ru.pdf,439937,b021d96de9ca151a6ce06a812c9aeb888a91ad2e96417f5e7c52302fa0602554,WSC2026/TD/03/ru/WSC2026_TD03_ru.pdf,https://api.worldskills.org/skillman/documents/3/skills/2694/pdf?l=ru,wsc-2026-shanghai,wsc-2026-shanghai-td.zip,done
WSC2026,WorldSkills Shanghai 2026,TD,03,Intelligent Security Technology,,zh,WSC2026_TD03_zh.pdf,439949,08bcd34ad1e292d50b79d93775b2e5e5f95de31c90d3e6d35bb56af57b0e9e46,WSC2026/TD/03/zh/WSC2026_TD03_zh.pdf,https://api.worldskills.org/skillman/documents/3/skills/2694/pdf?l=zh,wsc-2026-shanghai,wsc-2026-shanghai-td.zip,done
WSC2026,WorldSkills Shanghai 2026,TD,04,Mechatronics,,ar,WSC2026_TD04_ar.pdf,439150,c686871ad10129c934c155272f71b40f42189a3a0d19b8efd2bf788993e2a661,WSC2026/TD/04/ar/WSC2026_TD04_ar.pdf,https://api.worldskills.org/skillman/documents/3/skills/2411/pdf?l=ar,wsc-2026-shanghai,wsc-2026-shanghai-td.zip,done
WSC2026,WorldSkills Shanghai 2026,TD,04,Mechatronics,,de,WSC2026_TD04_de.pdf,439191,7a97ca987e39b118b98ab527854ce2f51436001d6b3a1fef1910a41518fdd23f,WSC2026/TD/04/de/WSC2026_TD04_de.pdf,https://api.worldskills.org/skillman/documents/3/skills/2411/pdf?l=de,wsc-2026-shanghai,wsc-2026-shanghai-td.zip,done
WSC2026,WorldSkills Shanghai 2026,TD,04,Mechatronics,,en,WSC2026_TD04_en.pdf,1884484,c622fe48fa538ed0145bc3e0691ac10b78bf6ecacdb2c0ea029772084a38255c,WSC2026/TD/04/en/WSC2026_TD04_en.pdf,https://api.worldskills.org/skillman/documents/3/skills/2411/pdf?l=en,wsc-2026-shanghai,wsc-2026-shanghai-td.zip,done
WSC2026,WorldSkills Shanghai 2026,TD,04,Mechatronics,,es,WSC2026_TD04_es.pdf,439123,710e67b5908f36f39afaf9d7e090b2cf95578573a236b10770f81214cf5ac13e,WSC2026/TD/04/es/WSC2026_TD04_es.pdf,https://api.worldskills.org/skillman/documents/3/skills/2411/pdf?l=es,wsc-2026-shanghai,wsc-2026-shanghai-td.zip,done
WSC2026,WorldSkills Shanghai 2026,TD,04,Mechatronics,,fi,WSC2026_TD04_fi.pdf,439159,00bfd3715a5762cdef55211fef353e1d1d11011ef51ea5ee26821e6b02950c8a,WSC2026/TD/04/fi/WSC2026_TD04_fi.pdf,https://api.worldskills.org/skillman/documents/3/skills/2411/pdf?l=fi,wsc-2026-shanghai,wsc-2026-shanghai-td.zip,done
WSC2026,WorldSkills Shanghai 2026,TD,04,Mechatronics,,fr,WSC2026_TD04_fr.pdf,439470,91ab8909e2c8db0288489e14d87f42678dde7f484f80b13bf501383164014d65,WSC2026/TD/04/fr/WSC2026_TD04_fr.pdf,https://api.worldskills.org/skillman/documents/3/skills/2411/pdf?l=fr,wsc-2026-shanghai,wsc-2026-shanghai-td.zip,done
WSC2026,WorldSkills Shanghai 2026,TD,04,Mechatronics,,ja,WSC2026_TD04_ja.pdf,439173,3e85a8f5d90957d286c7b1f41294bfa2e25694edf14273bded79473918aa95f4,WSC2026/TD/04/ja/WSC2026_TD04_ja.pdf,https://api.worldskills.org/skillman/documents/3/skills/2411/pdf?l=ja,wsc-2026-shanghai,wsc-2026-shanghai-td.zip,done
WSC2026,WorldSkills Shanghai 2026,TD,04,Mechatronics,,ko,WSC2026_TD04_ko.pdf,439172,580bcc65cf3ef55568f74f797eec1d63e3d471891aba04bc8ca0fd26ebaf8bd7,WSC2026/TD/04/ko/WSC2026_TD04_ko.pdf,https://api.worldskills.org/skillman/documents/3/skills/2411/pdf?l=ko,wsc-2026-shanghai,wsc-2026-shanghai-td.zip,done
WSC2026,WorldSkills Shanghai 2026,TD,04,Mechatronics,,pt,WSC2026_TD04_pt.pdf,439152,73fc0b0e35b01580d3850cfc0f9f282d1d7a72e112d65b358debedb5fd95d918,WSC2026/TD/04/pt/WSC2026_TD04_pt.pdf,https://api.worldskills.org/skillman/documents/3/skills/2411/pdf?l=pt,wsc-2026-shanghai,wsc-2026-shanghai-td.zip,done
WSC2026,WorldSkills Shanghai 2026,TD,04,Mechatronics,,ru,WSC2026_TD04_ru.pdf,439151,2915c17bca35afe9342d816c61393e8b102fed1e8a4f4d55e22431588c5a8d38,WSC2026/TD/04/ru/WSC2026_TD04_ru.pdf,https://api.worldskills.org/skillman/documents/3/skills/2411/pdf?l=ru,wsc-2026-shanghai,wsc-2026-shanghai-td.zip,done
WSC2026,WorldSkills Shanghai 2026,TD,04,Mechatronics,,zh,WSC2026_TD04_zh.pdf,439169,1105bfc8465d47c8b571d2f3dc9a37887d5e64819811863a7a448e6826ce09bb,WSC2026/TD/04/zh/WSC2026_TD04_zh.pdf,https://api.worldskills.org/skillman/documents/3/skills/2411/pdf?l=zh,wsc-2026-shanghai,wsc-2026-shanghai-td.zip,done
WSC2026,WorldSkills Shanghai 2026,TD,05,Mechanical Engineering CAD,,ar,WSC2026_TD05_ar.pdf,439581,e60616f14909141d287c40aa26a2eb9cc39561c29020f03a48d424d04b19b852,WSC2026/TD/05/ar/WSC2026_TD05_ar.pdf,https://api.worldskills.org/skillman/documents/3/skills/2408/pdf?l=ar,wsc-2026-shanghai,wsc-2026-shanghai-td.zip,done
WSC2026,WorldSkills Shanghai 2026,TD,05,Mechanical Engineering CAD,,de,WSC2026_TD05_de.pdf,439524,1728b1b3711fe9c9a1d6e94cdf88f28431048916b68839053a8e1254f84b8e6e,WSC2026/TD/05/de/WSC2026_TD05_de.pdf,https://api.worldskills.org/skillman/documents/3/skills/2408/pdf?l=de,wsc-2026-shanghai,wsc-2026-shanghai-td.zip,done
WSC2026,WorldSkills Shanghai 2026,TD,05,Mechanical Engineering CAD,,en,WSC2026_TD05_en.pdf,939779,42ebf78112710fa5facae6ccfd790a61302be299afdb66e52f57780b5cb4668a,WSC2026/TD/05/en/WSC2026_TD05_en.pdf,https://api.worldskills.org/skillman/documents/3/skills/2408/pdf?l=en,wsc-2026-shanghai,wsc-2026-shanghai-td.zip,done
WSC2026,WorldSkills Shanghai 2026,TD,05,Mechanical Engineering CAD,,es,WSC2026_TD05_es.pdf,439573,f00ad7921d554eabfc3a823ee3c68a9db8efde0689d7e59e21c67ee5fc8bc105,WSC2026/TD/05/es/WSC2026_TD05_es.pdf,https://api.worldskills.org/skillman/documents/3/skills/2408/pdf?l=es,wsc-2026-shanghai,wsc-2026-shanghai-td.zip,done
WSC2026,WorldSkills Shanghai 2026,TD,05,Mechanical Engineering CAD,,fi,WSC2026_TD05_fi.pdf,439588,5f02f14b03a5191f18505d8d504613dc6a1ee97469c4c26902179379877582c0,WSC2026/TD/05/fi/WSC2026_TD05_fi.pdf,https://api.worldskills.org/skillman/documents/3/skills/2408/pdf?l=fi,wsc-2026-shanghai,wsc-2026-shanghai-td.zip,done
WSC2026,WorldSkills Shanghai 2026,TD,05,Mechanical Engineering CAD,,fr,WSC2026_TD05_fr.pdf,439493,9cdcea4d2bfe1038b48a42d3925ade7b948d91af7ddc35b59db97b6e83e3c4e3,WSC2026/TD/05/fr/WSC2026_TD05_fr.pdf,https://api.worldskills.org/skillman/documents/3/skills/2408/pdf?l=fr,wsc-2026-shanghai,wsc-2026-shanghai-td.zip,done
WSC2026,WorldSkills Shanghai 2026,TD,05,Mechanical Engineering CAD,,ja,WSC2026_TD05_ja.pdf,439603,fa71ca6751e4860064857e7af4131765c99b6e83154e9a6c2080233e0ff700d4,WSC2026/TD/05/ja/WSC2026_TD05_ja.pdf,https://api.worldskills.org/skillman/documents/3/skills/2408/pdf?l=ja,wsc-2026-shanghai,wsc-2026-shanghai-td.zip,done
WSC2026,WorldSkills Shanghai 2026,TD,05,Mechanical Engineering CAD,,ko,WSC2026_TD05_ko.pdf,439604,445ad39d2377514dd392ba8e0f3649bbf978aa25739eec7df1fc7bac3ea71d27,WSC2026/TD/05/ko/WSC2026_TD05_ko.pdf,https://api.worldskills.org/skillman/documents/3/skills/2408/pdf?l=ko,wsc-2026-shanghai,wsc-2026-shanghai-td.zip,done
WSC2026,WorldSkills Shanghai 2026,TD,05,Mechanical Engineering CAD,,pt,WSC2026_TD05_pt.pdf,439588,1d1da6e5f1345fc15ee6423569e178c97c152a5872a779acac658b48bffca4c5,WSC2026/TD/05/pt/WSC2026_TD05_pt.pdf,https://api.worldskills.org/skillman/documents/3/skills/2408/pdf?l=pt,wsc-2026-shanghai,wsc-2026-shanghai-td.zip,done
WSC2026,WorldSkills Shanghai 2026,TD,05,Mechanical Engineering CAD,,ru,WSC2026_TD05_ru.pdf,439591,9f390c730e73b5ed03ff54cc6dd4fbed1b13d306c3681062b4654871f9ca4733,WSC2026/TD/05/ru/WSC2026_TD05_ru.pdf,https://api.worldskills.org/skillman/documents/3/skills/2408/pdf?l=ru,wsc-2026-shanghai,wsc-2026-shanghai-td.zip,done
WSC2026,WorldSkills Shanghai 2026,TD,05,Mechanical Engineering CAD,,zh,WSC2026_TD05_zh.pdf,439608,5bfefefcacbae51dcc981016dae9e17b5fe41f978c0567b6419aeb2558ba8ab4,WSC2026/TD/05/zh/WSC2026_TD05_zh.pdf,https://api.worldskills.org/skillman/documents/3/skills/2408/pdf?l=zh,wsc-2026-shanghai,wsc-2026-shanghai-td.zip,done
WSC2026,WorldSkills Shanghai 2026,TD,06,CNC Turning,,ar,WSC2026_TD06_ar.pdf,439426,8d8a71ccfd756680188440f1f3e62209fe94b4813d6cf4e04be3298252636f69,WSC2026/TD/06/ar/WSC2026_TD06_ar.pdf,https://api.worldskills.org/skillman/documents/3/skills/2433/pdf?l=ar,wsc-2026-shanghai,wsc-2026-shanghai-td.zip,done
WSC2026,WorldSkills Shanghai 2026,TD,06,CNC Turning,,de,WSC2026_TD06_de.pdf,439191,6c09ef1a6240e0a59103e9a0acbec4d960192ea89ce5947f35ac425934d6380d,WSC2026/TD/06/de/WSC2026_TD06_de.pdf,https://api.worldskills.org/skillman/documents/3/skills/2433/pdf?l=de,wsc-2026-shanghai,wsc-2026-shanghai-td.zip,done
WSC2026,WorldSkills Shanghai 2026,TD,06,CNC Turning,,en,WSC2026_TD06_en.pdf,1128010,b3b27f7d9202684495942470f036f6f8128f78c6150e384821ee55ed96ef1a48,WSC2026/TD/06/en/WSC2026_TD06_en.pdf,https://api.worldskills.org/skillman/documents/3/skills/2433/pdf?l=en,wsc-2026-shanghai,wsc-2026-shanghai-td.zip,done
WSC2026,WorldSkills Shanghai 2026,TD,06,CNC Turning,,es,WSC2026_TD06_es.pdf,439390,f51e4f77ae830fb34abbb3a9ddf35ebdbba8797935e634b8d638eeb1c4803f54,WSC2026/TD/06/es/WSC2026_TD06_es.pdf,https://api.worldskills.org/skillman/documents/3/skills/2433/pdf?l=es,wsc-2026-shanghai,wsc-2026-shanghai-td.zip,done
WSC2026,WorldSkills Shanghai 2026,TD,06,CNC Turning,,fi,WSC2026_TD06_fi.pdf,439426,27095b6c5735232c6773cfef3945b0ca42018974bae1a26cf8a40831e9571437,WSC2026/TD/06/fi/WSC2026_TD06_fi.pdf,https://api.worldskills.org/skillman/documents/3/skills/2433/pdf?l=fi,wsc-2026-shanghai,wsc-2026-shanghai-td.zip,done
WSC2026,WorldSkills Shanghai 2026,TD,06,CNC Turning,,fr,WSC2026_TD06_fr.pdf,439307,7227921dcde9c5c8e1507d1d75ebba4d5229e0e2c63ff9eb4feaf6161753b6f8,WSC2026/TD/06/fr/WSC2026_TD06_fr.pdf,https://api.worldskills.org/skillman/documents/3/skills/2433/pdf?l=fr,wsc-2026-shanghai,wsc-2026-shanghai-td.zip,done
WSC2026,WorldSkills Shanghai 2026,TD,06,CNC Turning,,ja,WSC2026_TD06_ja.pdf,439440,45bbc19b31b048cb1fe917ac84a29c403b9d5dbd5c95fa5a9fda47a840c2ec73,WSC2026/TD/06/ja/WSC2026_TD06_ja.pdf,https://api.worldskills.org/skillman/documents/3/skills/2433/pdf?l=ja,wsc-2026-shanghai,wsc-2026-shanghai-td.zip,done
WSC2026,WorldSkills Shanghai 2026,TD,06,CNC Turning,,ko,WSC2026_TD06_ko.pdf,439436,8505c992518b5a32e7eb5d4c8dea51b004765540a12034d4017a84ba5dcf9af5,WSC2026/TD/06/ko/WSC2026_TD06_ko.pdf,https://api.worldskills.org/skillman/documents/3/skills/2433/pdf?l=ko,wsc-2026-shanghai,wsc-2026-shanghai-td.zip,done
WSC2026,WorldSkills Shanghai 2026,TD,06,CNC Turning,,pt,WSC2026_TD06_pt.pdf,439428,dd745f61a5f85a9a1ee2d7f4d84f317dc1fe318c7505a045aaee736a88ecc1f9,WSC2026/TD/06/pt/WSC2026_TD06_pt.pdf,https://api.worldskills.org/skillman/documents/3/skills/2433/pdf?l=pt,wsc-2026-shanghai,wsc-2026-shanghai-td.zip,done
WSC2026,WorldSkills Shanghai 2026,TD,06,CNC Turning,,ru,WSC2026_TD06_ru.pdf,439434,7e34c1ca834ef243f1900873b5276ed37ecbe32ca4db4e63df351c6bdc911972,WSC2026/TD/06/ru/WSC2026_TD06_ru.pdf,https://api.worldskills.org/skillman/documents/3/skills/2433/pdf?l=ru,wsc-2026-shanghai,wsc-2026-shanghai-td.zip,done
WSC2026,WorldSkills Shanghai 2026,TD,06,CNC Turning,,zh,WSC2026_TD06_zh.pdf,439431,04b10f7ea2c6a7dc536a02e0f3dbef2a598f3973e67387c47f18251d16df1de9,WSC2026/TD/06/zh/WSC2026_TD06_zh.pdf,https://api.worldskills.org/skillman/documents/3/skills/2433/pdf?l=zh,wsc-2026-shanghai,wsc-2026-shanghai-td.zip,done
WSC2026,WorldSkills Shanghai 2026,TD,07,CNC Milling,,ar,WSC2026_TD07_ar.pdf,439188,14efd8442208c10acd3e51e0c8dc8bc401fd51403f3c208c0ca7758a3018d457,WSC2026/TD/07/ar/WSC2026_TD07_ar.pdf,https://api.worldskills.org/skillman/documents/3/skills/2406/pdf?l=ar,wsc-2026-shanghai,wsc-2026-shanghai-td.zip,done
WSC2026,WorldSkills Shanghai 2026,TD,07,CNC Milling,,de,WSC2026_TD07_de.pdf,439433,9564a6d5e94ddce7a81c665aabcfb4a5ce84438335c308c50ef7f36b334d7c8b,WSC2026/TD/07/de/WSC2026_TD07_de.pdf,https://api.worldskills.org/skillman/documents/3/skills/2406/pdf?l=de,wsc-2026-shanghai,wsc-2026-shanghai-td.zip,done
WSC2026,WorldSkills Shanghai 2026,TD,07,CNC Milling,,en,WSC2026_TD07_en.pdf,2008452,961585fd9b96549d847935024fa860d39bb7d9cad4adaa50b160fa7905f9cdd8,WSC2026/TD/07/en/WSC2026_TD07_en.pdf,https://api.worldskills.org/skillman/documents/3/skills/2406/pdf?l=en,wsc-2026-shanghai,wsc-2026-shanghai-td.zip,done
WSC2026,WorldSkills Shanghai 2026,TD,07,CNC Milling,,es,WSC2026_TD07_es.pdf,439178,7aff57231a8a7e1f6dd8fe48fcbab7522556cc4dcd735f3ee2246fbea543a574,WSC2026/TD/07/es/WSC2026_TD07_es.pdf,https://api.worldskills.org/skillman/documents/3/skills/2406/pdf?l=es,wsc-2026-shanghai,wsc-2026-shanghai-td.zip,done
WSC2026,WorldSkills Shanghai 2026,TD,07,CNC Milling,,fi,WSC2026_TD07_fi.pdf,439194,f436f6f4bae0e624f92f849fe1290ebf6f8caacdaf7f64e8e85c8ad0717f15a7,WSC2026/TD/07/fi/WSC2026_TD07_fi.pdf,https://api.worldskills.org/skillman/documents/3/skills/2406/pdf?l=fi,wsc-2026-shanghai,wsc-2026-shanghai-td.zip,done
WSC2026,WorldSkills Shanghai 2026,TD,07,CNC Milling,,fr,WSC2026_TD07_fr.pdf,439093,e00b6d7532d727302914ede23d2d8e4aaa7d0827b6e4607804508eda55edc21a,WSC2026/TD/07/fr/WSC2026_TD07_fr.pdf,https://api.worldskills.org/skillman/documents/3/skills/2406/pdf?l=fr,wsc-2026-shanghai,wsc-2026-shanghai-td.zip,done
WSC2026,WorldSkills Shanghai 2026,TD,07,CNC Milling,,ja,WSC2026_TD07_ja.pdf,439214,ea97179aa947bde58b33c0fff3fee0952e8042e5a77f53282465badad61753c3,WSC2026/TD/07/ja/WSC2026_TD07_ja.pdf,https://api.worldskills.org/skillman/documents/3/skills/2406/pdf?l=ja,wsc-2026-shanghai,wsc-2026-shanghai-td.zip,done
WSC2026,WorldSkills Shanghai 2026,TD,07,CNC Milling,,ko,WSC2026_TD07_ko.pdf,439207,d2ffb8ef5614c5cea7fb3952fb0ea52757add49bf9a8ad7c91481ef55ca3f42a,WSC2026/TD/07/ko/WSC2026_TD07_ko.pdf,https://api.worldskills.org/skillman/documents/3/skills/2406/pdf?l=ko,wsc-2026-shanghai,wsc-2026-shanghai-td.zip,done
WSC2026,WorldSkills Shanghai 2026,TD,07,CNC Milling,,pt,WSC2026_TD07_pt.pdf,439194,45a08d0a65f957cf1eb06692c170f7959254583a93aef0c112633e93ebbd2f91,WSC2026/TD/07/pt/WSC2026_TD07_pt.pdf,https://api.worldskills.org/skillman/documents/3/skills/2406/pdf?l=pt,wsc-2026-shanghai,wsc-2026-shanghai-td.zip,done
WSC2026,WorldSkills Shanghai 2026,TD,07,CNC Milling,,ru,WSC2026_TD07_ru.pdf,439194,cf6dfb94735eca758be7ccd9feae9ce7de73c0f07ffb5f874daba85669803c4a,WSC2026/TD/07/ru/WSC2026_TD07_ru.pdf,https://api.worldskills.org/skillman/documents/3/skills/2406/pdf?l=ru,wsc-2026-shanghai,wsc-2026-shanghai-td.zip,done
WSC2026,WorldSkills Shanghai 2026,TD,07,CNC Milling,,zh,WSC2026_TD07_zh.pdf,439212,de7c52cf575c2fed062f893cf1fa7cc87d9d6a7dc30bb17425f90c94d5d49794,WSC2026/TD/07/zh/WSC2026_TD07_zh.pdf,https://api.worldskills.org/skillman/documents/3/skills/2406/pdf?l=zh,wsc-2026-shanghai,wsc-2026-shanghai-td.zip,done
WSC2026,WorldSkills Shanghai 2026,TD,08,Mobile Applications Development,,ar,WSC2026_TD08_ar.pdf,439729,d3cff3d6e81e95343d5ddf0c1041abdc47f058374ec24db81a5689cbc992ea7e,WSC2026/TD/08/ar/WSC2026_TD08_ar.pdf,https://api.worldskills.org/skillman/documents/3/skills/2416/pdf?l=ar,wsc-2026-shanghai,wsc-2026-shanghai-td.zip,done
WSC2026,WorldSkills Shanghai 2026,TD,08,Mobile Applications Development,,de,WSC2026_TD08_de.pdf,439728,f74271dfc19e3e0956073f6a893917d803f998f657bd23726e5d85fe03bb38fe,WSC2026/TD/08/de/WSC2026_TD08_de.pdf,https://api.worldskills.org/skillman/documents/3/skills/2416/pdf?l=de,wsc-2026-shanghai,wsc-2026-shanghai-td.zip,done
WSC2026,WorldSkills Shanghai 2026,TD,08,Mobile Applications Development,,en,WSC2026_TD08_en.pdf,767211,5877e7eef224df6bf8eb6301b98e49ec3a37e1b168de3a8355b9bed361f26275,WSC2026/TD/08/en/WSC2026_TD08_en.pdf,https://api.worldskills.org/skillman/documents/3/skills/2416/pdf?l=en,wsc-2026-shanghai,wsc-2026-shanghai-td.zip,done
WSC2026,WorldSkills Shanghai 2026,TD,08,Mobile Applications Development,,es,WSC2026_TD08_es.pdf,439712,4df966c1762f14908873b4410e86568c391958b1a836d804ab0ea86f9c09e205,WSC2026/TD/08/es/WSC2026_TD08_es.pdf,https://api.worldskills.org/skillman/documents/3/skills/2416/pdf?l=es,wsc-2026-shanghai,wsc-2026-shanghai-td.zip,done
WSC2026,WorldSkills Shanghai 2026,TD,08,Mobile Applications Development,,fi,WSC2026_TD08_fi.pdf,439725,9c8d976dec1903402ac6e1ebd74f18075521c7f53d7770f49bd03d6aed862fe2,WSC2026/TD/08/fi/WSC2026_TD08_fi.pdf,https://api.worldskills.org/skillman/documents/3/skills/2416/pdf?l=fi,wsc-2026-shanghai,wsc-2026-shanghai-td.zip,done
WSC2026,WorldSkills Shanghai 2026,TD,08,Mobile Applications Development,,fr,WSC2026_TD08_fr.pdf,440071,477b4c0f4b81c4e25fd64ce12cf651ae62539221a18e1100b9ef0960c937ebd1,WSC2026/TD/08/fr/WSC2026_TD08_fr.pdf,https://api.worldskills.org/skillman/documents/3/skills/2416/pdf?l=fr,wsc-2026-shanghai,wsc-2026-shanghai-td.zip,done
WSC2026,WorldSkills Shanghai 2026,TD,08,Mobile Applications Development,,ja,WSC2026_TD08_ja.pdf,439741,931d00b5fda782f96d95d0f1a93b3048ad002bbc40fd01e24ea41c81b138136e,WSC2026/TD/08/ja/WSC2026_TD08_ja.pdf,https://api.worldskills.org/skillman/documents/3/skills/2416/pdf?l=ja,wsc-2026-shanghai,wsc-2026-shanghai-td.zip,done
WSC2026,WorldSkills Shanghai 2026,TD,08,Mobile Applications Development,,ko,WSC2026_TD08_ko.pdf,439744,37060c5cd7d4a67fb834fce9513147f5952012070fbaee409672a5958f97d434,WSC2026/TD/08/ko/WSC2026_TD08_ko.pdf,https://api.worldskills.org/skillman/documents/3/skills/2416/pdf?l=ko,wsc-2026-shanghai,wsc-2026-shanghai-td.zip,done
WSC2026,WorldSkills Shanghai 2026,TD,08,Mobile Applications Development,,pt,WSC2026_TD08_pt.pdf,439737,0c9d830e8b9b62e7a9914e0a09579787c960bbf6c0244d9c5fde33db8e73b0cd,WSC2026/TD/08/pt/WSC2026_TD08_pt.pdf,https://api.worldskills.org/skillman/documents/3/skills/2416/pdf?l=pt,wsc-2026-shanghai,wsc-2026-shanghai-td.zip,done
WSC2026,WorldSkills Shanghai 2026,TD,08,Mobile Applications Development,,ru,WSC2026_TD08_ru.pdf,439721,2ef950b5c98cbe4ba0620e6e68ede11504bcaab82da3d05af59334c72a45d1ac,WSC2026/TD/08/ru/WSC2026_TD08_ru.pdf,https://api.worldskills.org/skillman/documents/3/skills/2416/pdf?l=ru,wsc-2026-shanghai,wsc-2026-shanghai-td.zip,done
WSC2026,WorldSkills Shanghai 2026,TD,08,Mobile Applications Development,,zh,WSC2026_TD08_zh.pdf,439740,c58bb16d1bb40b496af562584a1de26a3597f6dd24a40685f9acffb75063be0a,WSC2026/TD/08/zh/WSC2026_TD08_zh.pdf,https://api.worldskills.org/skillman/documents/3/skills/2416/pdf?l=zh,wsc-2026-shanghai,wsc-2026-shanghai-td.zip,done
WSC2026,WorldSkills Shanghai 2026,TD,09,Software Applications Development,,ar,WSC2026_TD09_ar.pdf,440024,bd28ce47c8e9b0781bed7e3e37ddfb295c10002ac191a499fa23f599327a1f8d,WSC2026/TD/09/ar/WSC2026_TD09_ar.pdf,https://api.worldskills.org/skillman/documents/3/skills/2429/pdf?l=ar,wsc-2026-shanghai,wsc-2026-shanghai-td.zip,done
WSC2026,WorldSkills Shanghai 2026,TD,09,Software Applications Development,,de,WSC2026_TD09_de.pdf,440534,2456ee83f55b1d3259d11ea505801effc55eb5aa6183bea16c0b64ed0ac93924,WSC2026/TD/09/de/WSC2026_TD09_de.pdf,https://api.worldskills.org/skillman/documents/3/skills/2429/pdf?l=de,wsc-2026-shanghai,wsc-2026-shanghai-td.zip,done
WSC2026,WorldSkills Shanghai 2026,TD,09,Software Applications Development,,en,WSC2026_TD09_en.pdf,854837,c40c4857dcae15960c6003f7b8645b09be1fdf36bd8139a6dd0f8e73f36a9361,WSC2026/TD/09/en/WSC2026_TD09_en.pdf,https://api.worldskills.org/skillman/documents/3/skills/2429/pdf?l=en,wsc-2026-shanghai,wsc-2026-shanghai-td.zip,done
WSC2026,WorldSkills Shanghai 2026,TD,09,Software Applications Development,,es,WSC2026_TD09_es.pdf,440012,9e02534740b12c439ac86958bf703a3d06991d20a20b8c20dd65ebb1acb8fe05,WSC2026/TD/09/es/WSC2026_TD09_es.pdf,https://api.worldskills.org/skillman/documents/3/skills/2429/pdf?l=es,wsc-2026-shanghai,wsc-2026-shanghai-td.zip,done
WSC2026,WorldSkills Shanghai 2026,TD,09,Software Applications Development,,fi,WSC2026_TD09_fi.pdf,440024,61355e5869f76d3612b612c762e44e59afbc7b5ee325014fb6f8f8f0f41d78c8,WSC2026/TD/09/fi/WSC2026_TD09_fi.pdf,https://api.worldskills.org/skillman/documents/3/skills/2429/pdf?l=fi,wsc-2026-shanghai,wsc-2026-shanghai-td.zip,done
WSC2026,WorldSkills Shanghai 2026,TD,09,Software Applications Development,,fr,WSC2026_TD09_fr.pdf,435115,c5587b17e163e9cef5f1d1712a7b47fc0932b189fb6d726a699f8dd32c2e0512,WSC2026/TD/09/fr/WSC2026_TD09_fr.pdf,https://api.worldskills.org/skillman/documents/3/skills/2429/pdf?l=fr,wsc-2026-shanghai,wsc-2026-shanghai-td.zip,done
WSC2026,WorldSkills Shanghai 2026,TD,09,Software Applications Development,,ja,WSC2026_TD09_ja.pdf,440051,b628067a5467a4bf9b95f2a1b9e6185cfd90d4b3bd9e95908871c5fff9897b35,WSC2026/TD/09/ja/WSC2026_TD09_ja.pdf,https://api.worldskills.org/skillman/documents/3/skills/2429/pdf?l=ja,wsc-2026-shanghai,wsc-2026-shanghai-td.zip,done
WSC2026,WorldSkills Shanghai 2026,TD,09,Software Applications Development,,ko,WSC2026_TD09_ko.pdf,440046,da7dd9fdba36df0f5dc45c6462dd0106ecea411b0323c7d22759a443606c714d,WSC2026/TD/09/ko/WSC2026_TD09_ko.pdf,https://api.worldskills.org/skillman/documents/3/skills/2429/pdf?l=ko,wsc-2026-shanghai,wsc-2026-shanghai-td.zip,done
WSC2026,WorldSkills Shanghai 2026,TD,09,Software Applications Development,,pt,WSC2026_TD09_pt.pdf,440032,ab4e07d0833fd52c852e6b6ab99735ab311e606e51ec911be412c9fed25ddf10,WSC2026/TD/09/pt/WSC2026_TD09_pt.pdf,https://api.worldskills.org/skillman/documents/3/skills/2429/pdf?l=pt,wsc-2026-shanghai,wsc-2026-shanghai-td.zip,done
WSC2026,WorldSkills Shanghai 2026,TD,09,Software Applications Development,,ru,WSC2026_TD09_ru.pdf,440030,23a4dbf5a2fa394c8936dee0b09f92230385f3040dbef749a263cbde9ef37115,WSC2026/TD/09/ru/WSC2026_TD09_ru.pdf,https://api.worldskills.org/skillman/documents/3/skills/2429/pdf?l=ru,wsc-2026-shanghai,wsc-2026-shanghai-td.zip,done
WSC2026,WorldSkills Shanghai 2026,TD,09,Software Applications Development,,zh,WSC2026_TD09_zh.pdf,440049,0f115d8ea82ecdb27fb8396fe632af641d1c329af30801feba01d9412a850048,WSC2026/TD/09/zh/WSC2026_TD09_zh.pdf,https://api.worldskills.org/skillman/documents/3/skills/2429/pdf?l=zh,wsc-2026-shanghai,wsc-2026-shanghai-td.zip,done
WSC2026,WorldSkills Shanghai 2026,TD,10,Welding,,ar,WSC2026_TD10_ar.pdf,439405,a26531acf44bf474be5ce39041feb9bb6d357ea0f9f4a612884c526636262f4d,WSC2026/TD/10/ar/WSC2026_TD10_ar.pdf,https://api.worldskills.org/skillman/documents/3/skills/2446/pdf?l=ar,wsc-2026-shanghai,wsc-2026-shanghai-td.zip,done
WSC2026,WorldSkills Shanghai 2026,TD,10,Welding,,de,WSC2026_TD10_de.pdf,439454,72922d1313315e751fa9666d46cea1d870f0985a8f4eb91c1647c4b30276b0dd,WSC2026/TD/10/de/WSC2026_TD10_de.pdf,https://api.worldskills.org/skillman/documents/3/skills/2446/pdf?l=de,wsc-2026-shanghai,wsc-2026-shanghai-td.zip,done
WSC2026,WorldSkills Shanghai 2026,TD,10,Welding,,en,WSC2026_TD10_en.pdf,876681,6fc6001dca073b4553eba95b0a2d46f651d5c61fc9b535a5a3a2051266a8c9ce,WSC2026/TD/10/en/WSC2026_TD10_en.pdf,https://api.worldskills.org/skillman/documents/3/skills/2446/pdf?l=en,wsc-2026-shanghai,wsc-2026-shanghai-td.zip,done
WSC2026,WorldSkills Shanghai 2026,TD,10,Welding,,es,WSC2026_TD10_es.pdf,439380,9ce9e835301be2a5bb1935bf3eaa644447f6e374f1003f85f9f443d6da67daf8,WSC2026/TD/10/es/WSC2026_TD10_es.pdf,https://api.worldskills.org/skillman/documents/3/skills/2446/pdf?l=es,wsc-2026-shanghai,wsc-2026-shanghai-td.zip,done
WSC2026,WorldSkills Shanghai 2026,TD,10,Welding,,fi,WSC2026_TD10_fi.pdf,439402,a9583def0395058b331fade39e6b2912f15dceca0aec6c1d2f5b21e5d9b2254b,WSC2026/TD/10/fi/WSC2026_TD10_fi.pdf,https://api.worldskills.org/skillman/documents/3/skills/2446/pdf?l=fi,wsc-2026-shanghai,wsc-2026-shanghai-td.zip,done
WSC2026,WorldSkills Shanghai 2026,TD,10,Welding,,fr,WSC2026_TD10_fr.pdf,439346,3320f1c84e81cc1b5ab552e7ede6fcaefdfb97c46808786bdda3c8c4cd9d2b5d,WSC2026/TD/10/fr/WSC2026_TD10_fr.pdf,https://api.worldskills.org/skillman/documents/3/skills/2446/pdf?l=fr,wsc-2026-shanghai,wsc-2026-shanghai-td.zip,done
WSC2026,WorldSkills Shanghai 2026,TD,10,Welding,,ja,WSC2026_TD10_ja.pdf,439401,b49d3fc7c03583507b77e14b171c53653c346cc1c33df65b275c6eeecfeccf0f,WSC2026/TD/10/ja/WSC2026_TD10_ja.pdf,https://api.worldskills.org/skillman/documents/3/skills/2446/pdf?l=ja,wsc-2026-shanghai,wsc-2026-shanghai-td.zip,done
WSC2026,WorldSkills Shanghai 2026,TD,10,Welding,,ko,WSC2026_TD10_ko.pdf,439416,c7536371b71bff80be265be384cb7483c96e54a783bb86fcd9d7f9b96f948f19,WSC2026/TD/10/ko/WSC2026_TD10_ko.pdf,https://api.worldskills.org/skillman/documents/3/skills/2446/pdf?l=ko,wsc-2026-shanghai,wsc-2026-shanghai-td.zip,done
WSC2026,WorldSkills Shanghai 2026,TD,10,Welding,,pt,WSC2026_TD10_pt.pdf,439402,a72bbc6e4cd2e73568e1a8c75597c2a73e9c2eca35f985713f5c695144b09e09,WSC2026/TD/10/pt/WSC2026_TD10_pt.pdf,https://api.worldskills.org/skillman/documents/3/skills/2446/pdf?l=pt,wsc-2026-shanghai,wsc-2026-shanghai-td.zip,done
WSC2026,WorldSkills Shanghai 2026,TD,10,Welding,,ru,WSC2026_TD10_ru.pdf,439388,53c7c8dab67f70cb0ef54a27180998f892c03a6de64ddb11c054e2dde45a15bd,WSC2026/TD/10/ru/WSC2026_TD10_ru.pdf,https://api.worldskills.org/skillman/documents/3/skills/2446/pdf?l=ru,wsc-2026-shanghai,wsc-2026-shanghai-td.zip,done
WSC2026,WorldSkills Shanghai 2026,TD,10,Welding,,zh,WSC2026_TD10_zh.pdf,439424,7929360efec5b97746e86a05344fc91b3decc88aecdd9f4946349a2c9e180de9,WSC2026/TD/10/zh/WSC2026_TD10_zh.pdf,https://api.worldskills.org/skillman/documents/3/skills/2446/pdf?l=zh,wsc-2026-shanghai,wsc-2026-shanghai-td.zip,done
WSC2026,WorldSkills Shanghai 2026,TD,11,Software Testing,,ar,WSC2026_TD11_ar.pdf,439761,72fd01e4a1a58dbe0ef7e77828f4c7a22ad504e0eab81c9925310a1665444e8e,WSC2026/TD/11/ar/WSC2026_TD11_ar.pdf,https://api.worldskills.org/skillman/documents/3/skills/2697/pdf?l=ar,wsc-2026-shanghai,wsc-2026-shanghai-td.zip,done
WSC2026,WorldSkills Shanghai 2026,TD,11,Software Testing,,de,WSC2026_TD11_de.pdf,439763,bf71ac64f5ddd716bc672936680e1a8041bf7753f883254a4c684aa916742643,WSC2026/TD/11/de/WSC2026_TD11_de.pdf,https://api.worldskills.org/skillman/documents/3/skills/2697/pdf?l=de,wsc-2026-shanghai,wsc-2026-shanghai-td.zip,done
WSC2026,WorldSkills Shanghai 2026,TD,11,Software Testing,,en,WSC2026_TD11_en.pdf,673448,fdda11d0330c02bdea350e65d9e2b770db4e5cde57b24a7e46e626153ec35e14,WSC2026/TD/11/en/WSC2026_TD11_en.pdf,https://api.worldskills.org/skillman/documents/3/skills/2697/pdf?l=en,wsc-2026-shanghai,wsc-2026-shanghai-td.zip,done
WSC2026,WorldSkills Shanghai 2026,TD,11,Software Testing,,es,WSC2026_TD11_es.pdf,439739,9c4c73b0ffb16fef96c18bf3cc21fc80fcaf9df7eefc943ee33e2e5b2e8219ad,WSC2026/TD/11/es/WSC2026_TD11_es.pdf,https://api.worldskills.org/skillman/documents/3/skills/2697/pdf?l=es,wsc-2026-shanghai,wsc-2026-shanghai-td.zip,done
WSC2026,WorldSkills Shanghai 2026,TD,11,Software Testing,,fi,WSC2026_TD11_fi.pdf,439768,10aa8263aca4a9007f41853d50d758780729af662b1529819cc54f471db81150,WSC2026/TD/11/fi/WSC2026_TD11_fi.pdf,https://api.worldskills.org/skillman/documents/3/skills/2697/pdf?l=fi,wsc-2026-shanghai,wsc-2026-shanghai-td.zip,done
WSC2026,WorldSkills Shanghai 2026,TD,11,Software Testing,,fr,WSC2026_TD11_fr.pdf,439765,434a21e91fbd38148d86f201be15a54264bbcbfaf08674a26ec1a640e5bbc204,WSC2026/TD/11/fr/WSC2026_TD11_fr.pdf,https://api.worldskills.org/skillman/documents/3/skills/2697/pdf?l=fr,wsc-2026-shanghai,wsc-2026-shanghai-td.zip,done
WSC2026,WorldSkills Shanghai 2026,TD,11,Software Testing,,ja,WSC2026_TD11_ja.pdf,439771,d0167ac030b304f67279344d413d98d47b4909839638bfcb1573e810d588690e,WSC2026/TD/11/ja/WSC2026_TD11_ja.pdf,https://api.worldskills.org/skillman/documents/3/skills/2697/pdf?l=ja,wsc-2026-shanghai,wsc-2026-shanghai-td.zip,done
WSC2026,WorldSkills Shanghai 2026,TD,11,Software Testing,,ko,WSC2026_TD11_ko.pdf,439783,1eccf7eb066dfd942ef69c1c8ab8e2f627cb7def05bf4e0d01c779797e84dea4,WSC2026/TD/11/ko/WSC2026_TD11_ko.pdf,https://api.worldskills.org/skillman/documents/3/skills/2697/pdf?l=ko,wsc-2026-shanghai,wsc-2026-shanghai-td.zip,done
WSC2026,WorldSkills Shanghai 2026,TD,11,Software Testing,,pt,WSC2026_TD11_pt.pdf,439761,8dd289f2fa14ac09e7fd782d23bf2f10fe3079b6c11638dae79fef2f7adc3316,WSC2026/TD/11/pt/WSC2026_TD11_pt.pdf,https://api.worldskills.org/skillman/documents/3/skills/2697/pdf?l=pt,wsc-2026-shanghai,wsc-2026-shanghai-td.zip,done
WSC2026,WorldSkills Shanghai 2026,TD,11,Software Testing,,ru,WSC2026_TD11_ru.pdf,439752,42a4921eef8f9e271dd0d25a0e81b1485a70ae47aaaf12b3d66f7f39f549c219,WSC2026/TD/11/ru/WSC2026_TD11_ru.pdf,https://api.worldskills.org/skillman/documents/3/skills/2697/pdf?l=ru,wsc-2026-shanghai,wsc-2026-shanghai-td.zip,done
WSC2026,WorldSkills Shanghai 2026,TD,11,Software Testing,,zh,WSC2026_TD11_zh.pdf,439785,26d5e23e6a8344321ddc7920b213947cd3df0b1e893168edda2f48f931c8aac1,WSC2026/TD/11/zh/WSC2026_TD11_zh.pdf,https://api.worldskills.org/skillman/documents/3/skills/2697/pdf?l=zh,wsc-2026-shanghai,wsc-2026-shanghai-td.zip,done
WSC2026,WorldSkills Shanghai 2026,TD,12,Wall and Floor Tiling,,ar,WSC2026_TD12_ar.pdf,439627,097a5af158ee9d7d0242ebe13f5fcf7adfadcbf4b5512039b928da18f5df783f,WSC2026/TD/12/ar/WSC2026_TD12_ar.pdf,https://api.worldskills.org/skillman/documents/3/skills/2414/pdf?l=ar,wsc-2026-shanghai,wsc-2026-shanghai-td.zip,done
WSC2026,WorldSkills Shanghai 2026,TD,12,Wall and Floor Tiling,,de,WSC2026_TD12_de.pdf,439300,846a1817686b60be39b39f2a71cab86d44c2204acd62de60fba57ce326bd8170,WSC2026/TD/12/de/WSC2026_TD12_de.pdf,https://api.worldskills.org/skillman/documents/3/skills/2414/pdf?l=de,wsc-2026-shanghai,wsc-2026-shanghai-td.zip,done
WSC2026,WorldSkills Shanghai 2026,TD,12,Wall and Floor Tiling,,en,WSC2026_TD12_en.pdf,665273,b62f4bc6af9101a67a5a48e75d234e89970d2c96eb193060d68882697b63e800,WSC2026/TD/12/en/WSC2026_TD12_en.pdf,https://api.worldskills.org/skillman/documents/3/skills/2414/pdf?l=en,wsc-2026-shanghai,wsc-2026-shanghai-td.zip,done
WSC2026,WorldSkills Shanghai 2026,TD,12,Wall and Floor Tiling,,es,WSC2026_TD12_es.pdf,439603,74f67fb222010e48a298074b6f4d675694c39f20b8025b2c383fe55389c2a57f,WSC2026/TD/12/es/WSC2026_TD12_es.pdf,https://api.worldskills.org/skillman/documents/3/skills/2414/pdf?l=es,wsc-2026-shanghai,wsc-2026-shanghai-td.zip,done
WSC2026,WorldSkills Shanghai 2026,TD,12,Wall and Floor Tiling,,fi,WSC2026_TD12_fi.pdf,439623,114ef54ebb1e514f09d55f77aecb21d1a0a5d32de3fc6f115b8f7a6edd7ffc70,WSC2026/TD/12/fi/WSC2026_TD12_fi.pdf,https://api.worldskills.org/skillman/documents/3/skills/2414/pdf?l=fi,wsc-2026-shanghai,wsc-2026-shanghai-td.zip,done
WSC2026,WorldSkills Shanghai 2026,TD,12,Wall and Floor Tiling,,fr,WSC2026_TD12_fr.pdf,439154,dc3c0a5f39981d4283c37e55310d9fc2857c30a88fe47c6e941859f48e627721,WSC2026/TD/12/fr/WSC2026_TD12_fr.pdf,https://api.worldskills.org/skillman/documents/3/skills/2414/pdf?l=fr,wsc-2026-shanghai,wsc-2026-shanghai-td.zip,done
WSC2026,WorldSkills Shanghai 2026,TD,12,Wall and Floor Tiling,,ja,WSC2026_TD12_ja.pdf,439640,c8f18991f907e6bc01b3a3910f3ac5543a4ec52fa31f8698f15172b2b3cf6ea3,WSC2026/TD/12/ja/WSC2026_TD12_ja.pdf,https://api.worldskills.org/skillman/documents/3/skills/2414/pdf?l=ja,wsc-2026-shanghai,wsc-2026-shanghai-td.zip,done
WSC2026,WorldSkills Shanghai 2026,TD,12,Wall and Floor Tiling,,ko,WSC2026_TD12_ko.pdf,439634,58cd8adde50b9aa83530055c3a07f234741348b87b263b8e6acc8c322e5971aa,WSC2026/TD/12/ko/WSC2026_TD12_ko.pdf,https://api.worldskills.org/skillman/documents/3/skills/2414/pdf?l=ko,wsc-2026-shanghai,wsc-2026-shanghai-td.zip,done
WSC2026,WorldSkills Shanghai 2026,TD,12,Wall and Floor Tiling,,pt,WSC2026_TD12_pt.pdf,439627,41f8f481e94fe13a7cb0ee2f3fe5aee91a9312eab8e66ead37a490ad868192e8,WSC2026/TD/12/pt/WSC2026_TD12_pt.pdf,https://api.worldskills.org/skillman/documents/3/skills/2414/pdf?l=pt,wsc-2026-shanghai,wsc-2026-shanghai-td.zip,done
WSC2026,WorldSkills Shanghai 2026,TD,12,Wall and Floor Tiling,,ru,WSC2026_TD12_ru.pdf,439624,28b266205daabc4bee4198e6fef06aa876150b2870c3d100858328b451a94f7d,WSC2026/TD/12/ru/WSC2026_TD12_ru.pdf,https://api.worldskills.org/skillman/documents/3/skills/2414/pdf?l=ru,wsc-2026-shanghai,wsc-2026-shanghai-td.zip,done
WSC2026,WorldSkills Shanghai 2026,TD,12,Wall and Floor Tiling,,zh,WSC2026_TD12_zh.pdf,439636,07bc632292d0aeaa123c02708e26f3bb293434b88c86a5e55af8a1801720821b,WSC2026/TD/12/zh/WSC2026_TD12_zh.pdf,https://api.worldskills.org/skillman/documents/3/skills/2414/pdf?l=zh,wsc-2026-shanghai,wsc-2026-shanghai-td.zip,done
WSC2026,WorldSkills Shanghai 2026,TD,13,Autobody Repair,,ar,WSC2026_TD13_ar.pdf,439345,f74a5c06c580208a8a9c4cd7dd418d0e20d85da8e21520513b9628807bcff287,WSC2026/TD/13/ar/WSC2026_TD13_ar.pdf,https://api.worldskills.org/skillman/documents/3/skills/2405/pdf?l=ar,wsc-2026-shanghai,wsc-2026-shanghai-td.zip,done
WSC2026,WorldSkills Shanghai 2026,TD,13,Autobody Repair,,de,WSC2026_TD13_de.pdf,439543,f186ceb35ca89830e697c66779389415b9a3f77de936d53af0de911cfc8de17a,WSC2026/TD/13/de/WSC2026_TD13_de.pdf,https://api.worldskills.org/skillman/documents/3/skills/2405/pdf?l=de,wsc-2026-shanghai,wsc-2026-shanghai-td.zip,done
WSC2026,WorldSkills Shanghai 2026,TD,13,Autobody Repair,,en,WSC2026_TD13_en.pdf,882299,c18c9e2a96789066b61387457f111c6e6751572366d1311d2de5428315df1f67,WSC2026/TD/13/en/WSC2026_TD13_en.pdf,https://api.worldskills.org/skillman/documents/3/skills/2405/pdf?l=en,wsc-2026-shanghai,wsc-2026-shanghai-td.zip,done
WSC2026,WorldSkills Shanghai 2026,TD,13,Autobody Repair,,es,WSC2026_TD13_es.pdf,439340,70d192bc4d5927af758ceb47276a1a1c70709df151a4a25794527257eb72d45d,WSC2026/TD/13/es/WSC2026_TD13_es.pdf,https://api.worldskills.org/skillman/documents/3/skills/2405/pdf?l=es,wsc-2026-shanghai,wsc-2026-shanghai-td.zip,done
WSC2026,WorldSkills Shanghai 2026,TD,13,Autobody Repair,,fi,WSC2026_TD13_fi.pdf,439356,a6c58c7c73eb230bca1c3c0de1baae676e2d1628d7f62af09b1bb5d2af2358b2,WSC2026/TD/13/fi/WSC2026_TD13_fi.pdf,https://api.worldskills.org/skillman/documents/3/skills/2405/pdf?l=fi,wsc-2026-shanghai,wsc-2026-shanghai-td.zip,done
WSC2026,WorldSkills Shanghai 2026,TD,13,Autobody Repair,,fr,WSC2026_TD13_fr.pdf,439649,29e1d03fb0c9050432ddc0a7b068ddc5cb0986193a574204f53a9f06175926ee,WSC2026/TD/13/fr/WSC2026_TD13_fr.pdf,https://api.worldskills.org/skillman/documents/3/skills/2405/pdf?l=fr,wsc-2026-shanghai,wsc-2026-shanghai-td.zip,done
WSC2026,WorldSkills Shanghai 2026,TD,13,Autobody Repair,,ja,WSC2026_TD13_ja.pdf,439375,09545b46d37edb0713473ccfe9a5745555df3e996941cea670aabadf76af660c,WSC2026/TD/13/ja/WSC2026_TD13_ja.pdf,https://api.worldskills.org/skillman/documents/3/skills/2405/pdf?l=ja,wsc-2026-shanghai,wsc-2026-shanghai-td.zip,done
WSC2026,WorldSkills Shanghai 2026,TD,13,Autobody Repair,,ko,WSC2026_TD13_ko.pdf,439372,43ca85841c9203e233cbf8f13ce6fba69774597fcccc94bd2a0458e7f12f887c,WSC2026/TD/13/ko/WSC2026_TD13_ko.pdf,https://api.worldskills.org/skillman/documents/3/skills/2405/pdf?l=ko,wsc-2026-shanghai,wsc-2026-shanghai-td.zip,done
WSC2026,WorldSkills Shanghai 2026,TD,13,Autobody Repair,,pt,WSC2026_TD13_pt.pdf,439357,e9eb08e434d4693f096edf3ed054bded60f910d6b0cdd434f670cc81aafae67d,WSC2026/TD/13/pt/WSC2026_TD13_pt.pdf,https://api.worldskills.org/skillman/documents/3/skills/2405/pdf?l=pt,wsc-2026-shanghai,wsc-2026-shanghai-td.zip,done
WSC2026,WorldSkills Shanghai 2026,TD,13,Autobody Repair,,ru,WSC2026_TD13_ru.pdf,439365,495f434861f9831e5aadae3fdd75056dc1c92390dd21468b3a11341c6fa63a24,WSC2026/TD/13/ru/WSC2026_TD13_ru.pdf,https://api.worldskills.org/skillman/documents/3/skills/2405/pdf?l=ru,wsc-2026-shanghai,wsc-2026-shanghai-td.zip,done
WSC2026,WorldSkills Shanghai 2026,TD,13,Autobody Repair,,zh,WSC2026_TD13_zh.pdf,439374,51e3e27cf6c7b8b5a19b0b83260bd291a700b23e26f541594a85dfc46e7d8fc0,WSC2026/TD/13/zh/WSC2026_TD13_zh.pdf,https://api.worldskills.org/skillman/documents/3/skills/2405/pdf?l=zh,wsc-2026-shanghai,wsc-2026-shanghai-td.zip,done
WSC2026,WorldSkills Shanghai 2026,TD,14,Aircraft Maintenance,,ar,WSC2026_TD14_ar.pdf,439652,7db55b58fe743133619afe2bc2a5ab7c3d2c129575fe83a29af1c54ef304ebd0,WSC2026/TD/14/ar/WSC2026_TD14_ar.pdf,https://api.worldskills.org/skillman/documents/3/skills/2435/pdf?l=ar,wsc-2026-shanghai,wsc-2026-shanghai-td.zip,done
WSC2026,WorldSkills Shanghai 2026,TD,14,Aircraft Maintenance,,de,WSC2026_TD14_de.pdf,439668,540fde25f90f02ababbc489572f6fcddebf675781fa2a830ea2565ae2808f995,WSC2026/TD/14/de/WSC2026_TD14_de.pdf,https://api.worldskills.org/skillman/documents/3/skills/2435/pdf?l=de,wsc-2026-shanghai,wsc-2026-shanghai-td.zip,done
WSC2026,WorldSkills Shanghai 2026,TD,14,Aircraft Maintenance,,en,WSC2026_TD14_en.pdf,746902,0ceee7efd1c442c504cbacf7e035acbc0034f192895c50a5b8cb078f21abd93f,WSC2026/TD/14/en/WSC2026_TD14_en.pdf,https://api.worldskills.org/skillman/documents/3/skills/2435/pdf?l=en,wsc-2026-shanghai,wsc-2026-shanghai-td.zip,done
WSC2026,WorldSkills Shanghai 2026,TD,14,Aircraft Maintenance,,es,WSC2026_TD14_es.pdf,439634,6bea083ce1fd0ead714251dddea2380082421d8e9808cc36bc13b333ef38cd46,WSC2026/TD/14/es/WSC2026_TD14_es.pdf,https://api.worldskills.org/skillman/documents/3/skills/2435/pdf?l=es,wsc-2026-shanghai,wsc-2026-shanghai-td.zip,done
WSC2026,WorldSkills Shanghai 2026,TD,14,Aircraft Maintenance,,fi,WSC2026_TD14_fi.pdf,439653,babbbfd03cf54ef86be1ef0f1f25c2dfee01fb19f2b756e2d23af7c4c2215f18,WSC2026/TD/14/fi/WSC2026_TD14_fi.pdf,https://api.worldskills.org/skillman/documents/3/skills/2435/pdf?l=fi,wsc-2026-shanghai,wsc-2026-shanghai-td.zip,done
WSC2026,WorldSkills Shanghai 2026,TD,14,Aircraft Maintenance,,fr,WSC2026_TD14_fr.pdf,439938,4067ba30ecbd4f56accd3286f7c362af8347b3dad5b6452d97e500bf550d99da,WSC2026/TD/14/fr/WSC2026_TD14_fr.pdf,https://api.worldskills.org/skillman/documents/3/skills/2435/pdf?l=fr,wsc-2026-shanghai,wsc-2026-shanghai-td.zip,done
WSC2026,WorldSkills Shanghai 2026,TD,14,Aircraft Maintenance,,ja,WSC2026_TD14_ja.pdf,439673,1eb4a6ef6a19781128cf04d9125cda7612c79bde7ca68a8cfa0facf4b3ce1680,WSC2026/TD/14/ja/WSC2026_TD14_ja.pdf,https://api.worldskills.org/skillman/documents/3/skills/2435/pdf?l=ja,wsc-2026-shanghai,wsc-2026-shanghai-td.zip,done
WSC2026,WorldSkills Shanghai 2026,TD,14,Aircraft Maintenance,,ko,WSC2026_TD14_ko.pdf,439672,bd579fefc69c70dba8b821620d0b968644ceeb259b96d5f6523dc5e7792f19c0,WSC2026/TD/14/ko/WSC2026_TD14_ko.pdf,https://api.worldskills.org/skillman/documents/3/skills/2435/pdf?l=ko,wsc-2026-shanghai,wsc-2026-shanghai-td.zip,done
WSC2026,WorldSkills Shanghai 2026,TD,14,Aircraft Maintenance,,pt,WSC2026_TD14_pt.pdf,439661,c60d135cf1ff477a149d7fa478f383bd83423899141297f84c11438cbcbae078,WSC2026/TD/14/pt/WSC2026_TD14_pt.pdf,https://api.worldskills.org/skillman/documents/3/skills/2435/pdf?l=pt,wsc-2026-shanghai,wsc-2026-shanghai-td.zip,done
WSC2026,WorldSkills Shanghai 2026,TD,14,Aircraft Maintenance,,ru,WSC2026_TD14_ru.pdf,439658,623d1182156f313a459a10f47f41ed7f3e65bb69aecd933f347b92d7e9f5cf2e,WSC2026/TD/14/ru/WSC2026_TD14_ru.pdf,https://api.worldskills.org/skillman/documents/3/skills/2435/pdf?l=ru,wsc-2026-shanghai,wsc-2026-shanghai-td.zip,done
WSC2026,WorldSkills Shanghai 2026,TD,14,Aircraft Maintenance,,zh,WSC2026_TD14_zh.pdf,439671,2c3096e7820cc8c3ad54d14e0aa69bbe61b1e89afda5fcfa6f968cf8b3df4b02,WSC2026/TD/14/zh/WSC2026_TD14_zh.pdf,https://api.worldskills.org/skillman/documents/3/skills/2435/pdf?l=zh,wsc-2026-shanghai,wsc-2026-shanghai-td.zip,done
WSC2026,WorldSkills Shanghai 2026,TD,15,Plumbing and Heating,,ar,WSC2026_TD15_ar.pdf,439413,bd6416c838412a493621d3f3768981ba87f9711151f7275e82c358cca42ea851,WSC2026/TD/15/ar/WSC2026_TD15_ar.pdf,https://api.worldskills.org/skillman/documents/3/skills/2417/pdf?l=ar,wsc-2026-shanghai,wsc-2026-shanghai-td.zip,done
WSC2026,WorldSkills Shanghai 2026,TD,15,Plumbing and Heating,,de,WSC2026_TD15_de.pdf,440062,256cd86fbdf6fd17f6e3c98449bb9aa1d3e8b31d87ce60f2932e36d01ade12a1,WSC2026/TD/15/de/WSC2026_TD15_de.pdf,https://api.worldskills.org/skillman/documents/3/skills/2417/pdf?l=de,wsc-2026-shanghai,wsc-2026-shanghai-td.zip,done
WSC2026,WorldSkills Shanghai 2026,TD,15,Plumbing and Heating,,en,WSC2026_TD15_en.pdf,697157,e3d1e8285845e9de6cf97e42e2da2ccc69523f5efbc22595a93cf0fb74ac2f55,WSC2026/TD/15/en/WSC2026_TD15_en.pdf,https://api.worldskills.org/skillman/documents/3/skills/2417/pdf?l=en,wsc-2026-shanghai,wsc-2026-shanghai-td.zip,done
WSC2026,WorldSkills Shanghai 2026,TD,15,Plumbing and Heating,,es,WSC2026_TD15_es.pdf,439402,f964ed475ee0e7459949206b222117f8cc91c80a2e01136a7976b86bd292ef2a,WSC2026/TD/15/es/WSC2026_TD15_es.pdf,https://api.worldskills.org/skillman/documents/3/skills/2417/pdf?l=es,wsc-2026-shanghai,wsc-2026-shanghai-td.zip,done
WSC2026,WorldSkills Shanghai 2026,TD,15,Plumbing and Heating,,fi,WSC2026_TD15_fi.pdf,439413,c8d3eb8bc8cd63e429594b633b8fd41e29704eb912df531a5d71265279463dd7,WSC2026/TD/15/fi/WSC2026_TD15_fi.pdf,https://api.worldskills.org/skillman/documents/3/skills/2417/pdf?l=fi,wsc-2026-shanghai,wsc-2026-shanghai-td.zip,done
WSC2026,WorldSkills Shanghai 2026,TD,15,Plumbing and Heating,,fr,WSC2026_TD15_fr.pdf,439553,91ca98be08cf7cf658afa6e8bbc011b4d742ba86eba092ee4051d45ef307634b,WSC2026/TD/15/fr/WSC2026_TD15_fr.pdf,https://api.worldskills.org/skillman/documents/3/skills/2417/pdf?l=fr,wsc-2026-shanghai,wsc-2026-shanghai-td.zip,done
WSC2026,WorldSkills Shanghai 2026,TD,15,Plumbing and Heating,,ja,WSC2026_TD15_ja.pdf,439438,4334eb72249069a8543e9957ab93025cbf4e0063ee76b40cf8f43a3dc4ad190f,WSC2026/TD/15/ja/WSC2026_TD15_ja.pdf,https://api.worldskills.org/skillman/documents/3/skills/2417/pdf?l=ja,wsc-2026-shanghai,wsc-2026-shanghai-td.zip,done
WSC2026,WorldSkills Shanghai 2026,TD,15,Plumbing and Heating,,ko,WSC2026_TD15_ko.pdf,439439,ce48277372226f82213df72da9221570841bf6c910f0c1f409892a808c36da7d,WSC2026/TD/15/ko/WSC2026_TD15_ko.pdf,https://api.worldskills.org/skillman/documents/3/skills/2417/pdf?l=ko,wsc-2026-shanghai,wsc-2026-shanghai-td.zip,done
WSC2026,WorldSkills Shanghai 2026,TD,15,Plumbing and Heating,,pt,WSC2026_TD15_pt.pdf,439419,aa1a3711920188a75216e3634d43e233d3b57eb718364dd0ce1fcf6683a362ab,WSC2026/TD/15/pt/WSC2026_TD15_pt.pdf,https://api.worldskills.org/skillman/documents/3/skills/2417/pdf?l=pt,wsc-2026-shanghai,wsc-2026-shanghai-td.zip,done
WSC2026,WorldSkills Shanghai 2026,TD,15,Plumbing and Heating,,ru,WSC2026_TD15_ru.pdf,439421,b92a2d96070712c8e39838b426d8889f46da4b8aad2282c7bd225b91c7e6ea55,WSC2026/TD/15/ru/WSC2026_TD15_ru.pdf,https://api.worldskills.org/skillman/documents/3/skills/2417/pdf?l=ru,wsc-2026-shanghai,wsc-2026-shanghai-td.zip,done
WSC2026,WorldSkills Shanghai 2026,TD,15,Plumbing and Heating,,zh,WSC2026_TD15_zh.pdf,439436,7e519fe741473a719152a977b366ae1a17eb59b021a07466b2090402bdf46810,WSC2026/TD/15/zh/WSC2026_TD15_zh.pdf,https://api.worldskills.org/skillman/documents/3/skills/2417/pdf?l=zh,wsc-2026-shanghai,wsc-2026-shanghai-td.zip,done
WSC2026,WorldSkills Shanghai 2026,TD,16,Electronics,,ar,WSC2026_TD16_ar.pdf,439175,18db185b0d6de447fe4393504befaf6b0a7a0466e4eb2fed098db00990b74c1c,WSC2026/TD/16/ar/WSC2026_TD16_ar.pdf,https://api.worldskills.org/skillman/documents/3/skills/2436/pdf?l=ar,wsc-2026-shanghai,wsc-2026-shanghai-td.zip,done
WSC2026,WorldSkills Shanghai 2026,TD,16,Electronics,,de,WSC2026_TD16_de.pdf,439200,69cc02a27093cfc088ad58a4d4461ec02b8bff51ed3a134829a83fb8e95015d9,WSC2026/TD/16/de/WSC2026_TD16_de.pdf,https://api.worldskills.org/skillman/documents/3/skills/2436/pdf?l=de,wsc-2026-shanghai,wsc-2026-shanghai-td.zip,done
WSC2026,WorldSkills Shanghai 2026,TD,16,Electronics,,en,WSC2026_TD16_en.pdf,852791,40cc090a1d409af229776f5f91549f01db1b60781bebd1300678bafc7c6a83f6,WSC2026/TD/16/en/WSC2026_TD16_en.pdf,https://api.worldskills.org/skillman/documents/3/skills/2436/pdf?l=en,wsc-2026-shanghai,wsc-2026-shanghai-td.zip,done
WSC2026,WorldSkills Shanghai 2026,TD,16,Electronics,,es,WSC2026_TD16_es.pdf,439148,5beb5a528adc5bb8b990217b55db1e4084befbdf6c5f6cedf3496da0ffd7a322,WSC2026/TD/16/es/WSC2026_TD16_es.pdf,https://api.worldskills.org/skillman/documents/3/skills/2436/pdf?l=es,wsc-2026-shanghai,wsc-2026-shanghai-td.zip,done
WSC2026,WorldSkills Shanghai 2026,TD,16,Electronics,,fi,WSC2026_TD16_fi.pdf,439174,f95a798bf929c648269ce78fd4aace24ec316c006b09207df60d0983dbb33abd,WSC2026/TD/16/fi/WSC2026_TD16_fi.pdf,https://api.worldskills.org/skillman/documents/3/skills/2436/pdf?l=fi,wsc-2026-shanghai,wsc-2026-shanghai-td.zip,done
WSC2026,WorldSkills Shanghai 2026,TD,16,Electronics,,fr,WSC2026_TD16_fr.pdf,439447,0281f530d165fb35bf47b1337ba4f0523d5ab628cf5bd3403e4ad4c153d9ca3a,WSC2026/TD/16/fr/WSC2026_TD16_fr.pdf,https://api.worldskills.org/skillman/documents/3/skills/2436/pdf?l=fr,wsc-2026-shanghai,wsc-2026-shanghai-td.zip,done
WSC2026,WorldSkills Shanghai 2026,TD,16,Electronics,,ja,WSC2026_TD16_ja.pdf,439188,6e09010e8a375849450193827866239ebbf14729336ebfde3111ec0a09c7e954,WSC2026/TD/16/ja/WSC2026_TD16_ja.pdf,https://api.worldskills.org/skillman/documents/3/skills/2436/pdf?l=ja,wsc-2026-shanghai,wsc-2026-shanghai-td.zip,done
WSC2026,WorldSkills Shanghai 2026,TD,16,Electronics,,ko,WSC2026_TD16_ko.pdf,439184,4b48ecacfa1799b3f232563e7dee83ac24fa163c712c4b86658ada73da68cd12,WSC2026/TD/16/ko/WSC2026_TD16_ko.pdf,https://api.worldskills.org/skillman/documents/3/skills/2436/pdf?l=ko,wsc-2026-shanghai,wsc-2026-shanghai-td.zip,done
WSC2026,WorldSkills Shanghai 2026,TD,16,Electronics,,pt,WSC2026_TD16_pt.pdf,439175,46f3078b9929cebb9b7f607bc198396e24608c13ec3955b3ad8791bc107476ee,WSC2026/TD/16/pt/WSC2026_TD16_pt.pdf,https://api.worldskills.org/skillman/documents/3/skills/2436/pdf?l=pt,wsc-2026-shanghai,wsc-2026-shanghai-td.zip,done
WSC2026,WorldSkills Shanghai 2026,TD,16,Electronics,,ru,WSC2026_TD16_ru.pdf,439174,ab77ea9ec8a2145030be59b724398128a93f149d7307abd5f46897f2de22646f,WSC2026/TD/16/ru/WSC2026_TD16_ru.pdf,https://api.worldskills.org/skillman/documents/3/skills/2436/pdf?l=ru,wsc-2026-shanghai,wsc-2026-shanghai-td.zip,done
WSC2026,WorldSkills Shanghai 2026,TD,16,Electronics,,zh,WSC2026_TD16_zh.pdf,439187,5ab74acfed519b0372325cc2aec48fc325990a71813a847fa127b81f0acb8da4,WSC2026/TD/16/zh/WSC2026_TD16_zh.pdf,https://api.worldskills.org/skillman/documents/3/skills/2436/pdf?l=zh,wsc-2026-shanghai,wsc-2026-shanghai-td.zip,done
WSC2026,WorldSkills Shanghai 2026,TD,17,Web Technologies,,ar,WSC2026_TD17_ar.pdf,439891,e6dae12ebaa4af16b04656467a38754d035bc6f4eece7f250f36af5a9fab5aef,WSC2026/TD/17/ar/WSC2026_TD17_ar.pdf,https://api.worldskills.org/skillman/documents/3/skills/2439/pdf?l=ar,wsc-2026-shanghai,wsc-2026-shanghai-td.zip,done
WSC2026,WorldSkills Shanghai 2026,TD,17,Web Technologies,,de,WSC2026_TD17_de.pdf,439576,793f87fc7e0b9af7889f806031d2489d4bc4da8e5dad0f3fa8370fd4758f79df,WSC2026/TD/17/de/WSC2026_TD17_de.pdf,https://api.worldskills.org/skillman/documents/3/skills/2439/pdf?l=de,wsc-2026-shanghai,wsc-2026-shanghai-td.zip,done
WSC2026,WorldSkills Shanghai 2026,TD,17,Web Technologies,,en,WSC2026_TD17_en.pdf,865449,3650a92ad5dda638f2150db1d827609849d2205c36c4fd6a5fa8ea6e76dba007,WSC2026/TD/17/en/WSC2026_TD17_en.pdf,https://api.worldskills.org/skillman/documents/3/skills/2439/pdf?l=en,wsc-2026-shanghai,wsc-2026-shanghai-td.zip,done
WSC2026,WorldSkills Shanghai 2026,TD,17,Web Technologies,,es,WSC2026_TD17_es.pdf,439870,88d7eba0a0f390da65215ba00b74c39705c5498a78527b26ede4ca9116730868,WSC2026/TD/17/es/WSC2026_TD17_es.pdf,https://api.worldskills.org/skillman/documents/3/skills/2439/pdf?l=es,wsc-2026-shanghai,wsc-2026-shanghai-td.zip,done
WSC2026,WorldSkills Shanghai 2026,TD,17,Web Technologies,,fi,WSC2026_TD17_fi.pdf,439894,6aebc1436d0f4cff5ff5e6af35b22862ba05c0761c1c9ada22edcc7045c6936e,WSC2026/TD/17/fi/WSC2026_TD17_fi.pdf,https://api.worldskills.org/skillman/documents/3/skills/2439/pdf?l=fi,wsc-2026-shanghai,wsc-2026-shanghai-td.zip,done
WSC2026,WorldSkills Shanghai 2026,TD,17,Web Technologies,,fr,WSC2026_TD17_fr.pdf,439894,72d44ebd96ef8f3c627b7c3b2b7f5da3605957cad97ad26103e3db04e6dad684,WSC2026/TD/17/fr/WSC2026_TD17_fr.pdf,https://api.worldskills.org/skillman/documents/3/skills/2439/pdf?l=fr,wsc-2026-shanghai,wsc-2026-shanghai-td.zip,done
WSC2026,WorldSkills Shanghai 2026,TD,17,Web Technologies,,ja,WSC2026_TD17_ja.pdf,439913,b2cc5623d5aed491364de2587a8172b1464d51d474289f90685c7da1a484301a,WSC2026/TD/17/ja/WSC2026_TD17_ja.pdf,https://api.worldskills.org/skillman/documents/3/skills/2439/pdf?l=ja,wsc-2026-shanghai,wsc-2026-shanghai-td.zip,done
WSC2026,WorldSkills Shanghai 2026,TD,17,Web Technologies,,ko,WSC2026_TD17_ko.pdf,439906,d0ba9400615f252c58f2138537dddf7cd0b4e3d1705beaef3781de1399653dac,WSC2026/TD/17/ko/WSC2026_TD17_ko.pdf,https://api.worldskills.org/skillman/documents/3/skills/2439/pdf?l=ko,wsc-2026-shanghai,wsc-2026-shanghai-td.zip,done
WSC2026,WorldSkills Shanghai 2026,TD,17,Web Technologies,,pt,WSC2026_TD17_pt.pdf,439893,20a0a1725f92b831180df1d0a78870e416f4fdd27160068f1b063492767f322d,WSC2026/TD/17/pt/WSC2026_TD17_pt.pdf,https://api.worldskills.org/skillman/documents/3/skills/2439/pdf?l=pt,wsc-2026-shanghai,wsc-2026-shanghai-td.zip,done
WSC2026,WorldSkills Shanghai 2026,TD,17,Web Technologies,,ru,WSC2026_TD17_ru.pdf,439899,742326e9f30cbc40f10e5f37b6bdb780487cb705f926c388299d08b7a38ef6fc,WSC2026/TD/17/ru/WSC2026_TD17_ru.pdf,https://api.worldskills.org/skillman/documents/3/skills/2439/pdf?l=ru,wsc-2026-shanghai,wsc-2026-shanghai-td.zip,done
WSC2026,WorldSkills Shanghai 2026,TD,17,Web Technologies,,zh,WSC2026_TD17_zh.pdf,439914,4629932ce8742d8228bda3752468bf4fb5709b2a223099070889ded71acfdf5b,WSC2026/TD/17/zh/WSC2026_TD17_zh.pdf,https://api.worldskills.org/skillman/documents/3/skills/2439/pdf?l=zh,wsc-2026-shanghai,wsc-2026-shanghai-td.zip,done
WSC2026,WorldSkills Shanghai 2026,TD,18,Electrical Installations,,ar,WSC2026_TD18_ar.pdf,439396,f6fa700628e61c4cacc1cfdb9852a8f8253da76af26ce5523e1b3d0610f830bd,WSC2026/TD/18/ar/WSC2026_TD18_ar.pdf,https://api.worldskills.org/skillman/documents/3/skills/2442/pdf?l=ar,wsc-2026-shanghai,wsc-2026-shanghai-td.zip,done
WSC2026,WorldSkills Shanghai 2026,TD,18,Electrical Installations,,de,WSC2026_TD18_de.pdf,439293,efa6053ab6cfc27067de97ffe0ee710e47249010a3e09757110023eabb528010,WSC2026/TD/18/de/WSC2026_TD18_de.pdf,https://api.worldskills.org/skillman/documents/3/skills/2442/pdf?l=de,wsc-2026-shanghai,wsc-2026-shanghai-td.zip,done
WSC2026,WorldSkills Shanghai 2026,TD,18,Electrical Installations,,en,WSC2026_TD18_en.pdf,909377,dc622899ddd3a7594362a5d7f855f738aec9827134b2a3ca2460bdef34a3a81e,WSC2026/TD/18/en/WSC2026_TD18_en.pdf,https://api.worldskills.org/skillman/documents/3/skills/2442/pdf?l=en,wsc-2026-shanghai,wsc-2026-shanghai-td.zip,done
WSC2026,WorldSkills Shanghai 2026,TD,18,Electrical Installations,,es,WSC2026_TD18_es.pdf,439378,d97c0206e718e8cfd20c0d75f750ae777cdafc8314a109e7dc71ebc250b1d209,WSC2026/TD/18/es/WSC2026_TD18_es.pdf,https://api.worldskills.org/skillman/documents/3/skills/2442/pdf?l=es,wsc-2026-shanghai,wsc-2026-shanghai-td.zip,done
WSC2026,WorldSkills Shanghai 2026,TD,18,Electrical Installations,,fi,WSC2026_TD18_fi.pdf,439398,ca3684e229054e18e88ac006a11fd03fd14a6acceee81fce625eb64bea988b8f,WSC2026/TD/18/fi/WSC2026_TD18_fi.pdf,https://api.worldskills.org/skillman/documents/3/skills/2442/pdf?l=fi,wsc-2026-shanghai,wsc-2026-shanghai-td.zip,done
WSC2026,WorldSkills Shanghai 2026,TD,18,Electrical Installations,,fr,WSC2026_TD18_fr.pdf,439657,a20e3f9bbbc828c91cf772784d8c1ebed0ceaff9205e4fd16fd7cff53eb41bb4,WSC2026/TD/18/fr/WSC2026_TD18_fr.pdf,https://api.worldskills.org/skillman/documents/3/skills/2442/pdf?l=fr,wsc-2026-shanghai,wsc-2026-shanghai-td.zip,done
WSC2026,WorldSkills Shanghai 2026,TD,18,Electrical Installations,,ja,WSC2026_TD18_ja.pdf,439418,5962ef2c0a716bdbb8d20fa203fca82c6f0b571d08f4f7cbcdff62b572de0c7e,WSC2026/TD/18/ja/WSC2026_TD18_ja.pdf,https://api.worldskills.org/skillman/documents/3/skills/2442/pdf?l=ja,wsc-2026-shanghai,wsc-2026-shanghai-td.zip,done
WSC2026,WorldSkills Shanghai 2026,TD,18,Electrical Installations,,ko,WSC2026_TD18_ko.pdf,439415,589379df49c658c97677baac1ac2b33cd0f394419857702ea60ffe8f611c7e29,WSC2026/TD/18/ko/WSC2026_TD18_ko.pdf,https://api.worldskills.org/skillman/documents/3/skills/2442/pdf?l=ko,wsc-2026-shanghai,wsc-2026-shanghai-td.zip,done
WSC2026,WorldSkills Shanghai 2026,TD,18,Electrical Installations,,pt,WSC2026_TD18_pt.pdf,439398,2e5e3d6aaf45db2add4acfb9f9c6b23eaab6b155b9c996f44f7a56c8671d609a,WSC2026/TD/18/pt/WSC2026_TD18_pt.pdf,https://api.worldskills.org/skillman/documents/3/skills/2442/pdf?l=pt,wsc-2026-shanghai,wsc-2026-shanghai-td.zip,done
WSC2026,WorldSkills Shanghai 2026,TD,18,Electrical Installations,,ru,WSC2026_TD18_ru.pdf,439401,06871b4a093aec298c467fc0d7b067824360df3b108a80e77b579a4a9037930d,WSC2026/TD/18/ru/WSC2026_TD18_ru.pdf,https://api.worldskills.org/skillman/documents/3/skills/2442/pdf?l=ru,wsc-2026-shanghai,wsc-2026-shanghai-td.zip,done
WSC2026,WorldSkills Shanghai 2026,TD,18,Electrical Installations,,zh,WSC2026_TD18_zh.pdf,439420,061f8599303ec0fe08d11aba3804134c951ec70daea5f1bd9856e27dc396f494,WSC2026/TD/18/zh/WSC2026_TD18_zh.pdf,https://api.worldskills.org/skillman/documents/3/skills/2442/pdf?l=zh,wsc-2026-shanghai,wsc-2026-shanghai-td.zip,done
WSC2026,WorldSkills Shanghai 2026,TD,19,Industrial Control,,ar,WSC2026_TD19_ar.pdf,439348,a09f7da8278a37930ada58ce138d6a6ee43a7768f828af2cabb32a363c560144,WSC2026/TD/19/ar/WSC2026_TD19_ar.pdf,https://api.worldskills.org/skillman/documents/3/skills/2427/pdf?l=ar,wsc-2026-shanghai,wsc-2026-shanghai-td.zip,done
WSC2026,WorldSkills Shanghai 2026,TD,19,Industrial Control,,de,WSC2026_TD19_de.pdf,439321,3b14aaae032f21efcee27b4017f68f330e9ed48912ae812c892e1f3ad3eb4433,WSC2026/TD/19/de/WSC2026_TD19_de.pdf,https://api.worldskills.org/skillman/documents/3/skills/2427/pdf?l=de,wsc-2026-shanghai,wsc-2026-shanghai-td.zip,done
WSC2026,WorldSkills Shanghai 2026,TD,19,Industrial Control,,en,WSC2026_TD19_en.pdf,2082384,5198bc474dc94def4dc5ac6602f20ea9eff575cb1b52401d8add6a413b59f58f,WSC2026/TD/19/en/WSC2026_TD19_en.pdf,https://api.worldskills.org/skillman/documents/3/skills/2427/pdf?l=en,wsc-2026-shanghai,wsc-2026-shanghai-td.zip,done
WSC2026,WorldSkills Shanghai 2026,TD,19,Industrial Control,,es,WSC2026_TD19_es.pdf,439329,75501540bb5e6f6316a2b26d6707ef998ef8a40e486a881d29c9539172009d34,WSC2026/TD/19/es/WSC2026_TD19_es.pdf,https://api.worldskills.org/skillman/documents/3/skills/2427/pdf?l=es,wsc-2026-shanghai,wsc-2026-shanghai-td.zip,done
WSC2026,WorldSkills Shanghai 2026,TD,19,Industrial Control,,fi,WSC2026_TD19_fi.pdf,439347,25aeb6e3ed116238c1b210c6987046ab1ba94f1f21ce1dd4b254672dc4a16e32,WSC2026/TD/19/fi/WSC2026_TD19_fi.pdf,https://api.worldskills.org/skillman/documents/3/skills/2427/pdf?l=fi,wsc-2026-shanghai,wsc-2026-shanghai-td.zip,done
WSC2026,WorldSkills Shanghai 2026,TD,19,Industrial Control,,fr,WSC2026_TD19_fr.pdf,439620,c6e3f67d50aeb5eeeae31a529b22c06c79508e78248e9bb6dda6a0d4c3809d74,WSC2026/TD/19/fr/WSC2026_TD19_fr.pdf,https://api.worldskills.org/skillman/documents/3/skills/2427/pdf?l=fr,wsc-2026-shanghai,wsc-2026-shanghai-td.zip,done
WSC2026,WorldSkills Shanghai 2026,TD,19,Industrial Control,,ja,WSC2026_TD19_ja.pdf,439372,540cf14eaf30c2c552530b325ee9f51b7a8c58639bb810f10799bbc8aff3b3cd,WSC2026/TD/19/ja/WSC2026_TD19_ja.pdf,https://api.worldskills.org/skillman/documents/3/skills/2427/pdf?l=ja,wsc-2026-shanghai,wsc-2026-shanghai-td.zip,done
WSC2026,WorldSkills Shanghai 2026,TD,19,Industrial Control,,ko,WSC2026_TD19_ko.pdf,439368,9e55e537a4ad1cc980451235bb37ab0fb6cf7d3ec8b2d0e59f2ad65fb58d66fd,WSC2026/TD/19/ko/WSC2026_TD19_ko.pdf,https://api.worldskills.org/skillman/documents/3/skills/2427/pdf?l=ko,wsc-2026-shanghai,wsc-2026-shanghai-td.zip,done
WSC2026,WorldSkills Shanghai 2026,TD,19,Industrial Control,,pt,WSC2026_TD19_pt.pdf,439353,2eea756588506b8b21b4641e0b7ac0e38a460183a30ec3bd23f14a2eebac1f21,WSC2026/TD/19/pt/WSC2026_TD19_pt.pdf,https://api.worldskills.org/skillman/documents/3/skills/2427/pdf?l=pt,wsc-2026-shanghai,wsc-2026-shanghai-td.zip,done
WSC2026,WorldSkills Shanghai 2026,TD,19,Industrial Control,,ru,WSC2026_TD19_ru.pdf,439362,4b9816452cb3b79fcdb5c6a94e0eda79e7571121bb6c95fda1310cba16465c02,WSC2026/TD/19/ru/WSC2026_TD19_ru.pdf,https://api.worldskills.org/skillman/documents/3/skills/2427/pdf?l=ru,wsc-2026-shanghai,wsc-2026-shanghai-td.zip,done
WSC2026,WorldSkills Shanghai 2026,TD,19,Industrial Control,,zh,WSC2026_TD19_zh.pdf,439369,1556c2155e7bfa9ab96b2ef9411e7b1f6970f6f035f430221ef53c2d0d7f6cf8,WSC2026/TD/19/zh/WSC2026_TD19_zh.pdf,https://api.worldskills.org/skillman/documents/3/skills/2427/pdf?l=zh,wsc-2026-shanghai,wsc-2026-shanghai-td.zip,done
WSC2026,WorldSkills Shanghai 2026,TD,20,Bricklaying,,ar,WSC2026_TD20_ar.pdf,439286,5eb886e9dc25fcf29996981caa00b99b1e2b4f96aeea14e147a794366601adb1,WSC2026/TD/20/ar/WSC2026_TD20_ar.pdf,https://api.worldskills.org/skillman/documents/3/skills/2434/pdf?l=ar,wsc-2026-shanghai,wsc-2026-shanghai-td.zip,done
WSC2026,WorldSkills Shanghai 2026,TD,20,Bricklaying,,de,WSC2026_TD20_de.pdf,439131,a518abb8539a1a7b6fb56a0fcdb72d98a121230d0a41a165fc2ad4a620b3351e,WSC2026/TD/20/de/WSC2026_TD20_de.pdf,https://api.worldskills.org/skillman/documents/3/skills/2434/pdf?l=de,wsc-2026-shanghai,wsc-2026-shanghai-td.zip,done
WSC2026,WorldSkills Shanghai 2026,TD,20,Bricklaying,,en,WSC2026_TD20_en.pdf,959090,d938c0cae64bbbcb2afc208175b538e09c7c09e1d9b65de29e76004e77cd15af,WSC2026/TD/20/en/WSC2026_TD20_en.pdf,https://api.worldskills.org/skillman/documents/3/skills/2434/pdf?l=en,wsc-2026-shanghai,wsc-2026-shanghai-td.zip,done
WSC2026,WorldSkills Shanghai 2026,TD,20,Bricklaying,,es,WSC2026_TD20_es.pdf,439260,cc18f7d5c21c5743d82ad8ee0eda0ec018673b04e53a4a5eea5d8d2e955837c4,WSC2026/TD/20/es/WSC2026_TD20_es.pdf,https://api.worldskills.org/skillman/documents/3/skills/2434/pdf?l=es,wsc-2026-shanghai,wsc-2026-shanghai-td.zip,done
WSC2026,WorldSkills Shanghai 2026,TD,20,Bricklaying,,fi,WSC2026_TD20_fi.pdf,439284,b49245682b7a16aab1de773c82123de3bc1cbc906aeabd39e8289d8d84cfedb0,WSC2026/TD/20/fi/WSC2026_TD20_fi.pdf,https://api.worldskills.org/skillman/documents/3/skills/2434/pdf?l=fi,wsc-2026-shanghai,wsc-2026-shanghai-td.zip,done
WSC2026,WorldSkills Shanghai 2026,TD,20,Bricklaying,,fr,WSC2026_TD20_fr.pdf,439448,537a38c5f94d57f03b1c2d360465c3c22b75dc7d7d33eb735ba10816b12c8a00,WSC2026/TD/20/fr/WSC2026_TD20_fr.pdf,https://api.worldskills.org/skillman/documents/3/skills/2434/pdf?l=fr,wsc-2026-shanghai,wsc-2026-shanghai-td.zip,done
WSC2026,WorldSkills Shanghai 2026,TD,20,Bricklaying,,ja,WSC2026_TD20_ja.pdf,439293,399e98797567da70d76799d7b880540287241df08cba9853d617a7c2cb07b553,WSC2026/TD/20/ja/WSC2026_TD20_ja.pdf,https://api.worldskills.org/skillman/documents/3/skills/2434/pdf?l=ja,wsc-2026-shanghai,wsc-2026-shanghai-td.zip,done
WSC2026,WorldSkills Shanghai 2026,TD,20,Bricklaying,,ko,WSC2026_TD20_ko.pdf,439304,a8b90876d9f1d68cc6d9c26e017b17f2d83f3ca17e2aff5f65c9558f4f90cd7b,WSC2026/TD/20/ko/WSC2026_TD20_ko.pdf,https://api.worldskills.org/skillman/documents/3/skills/2434/pdf?l=ko,wsc-2026-shanghai,wsc-2026-shanghai-td.zip,done
WSC2026,WorldSkills Shanghai 2026,TD,20,Bricklaying,,pt,WSC2026_TD20_pt.pdf,439281,f206c9315153ee5033647d01447075162243780a21c3a69b2b1328627716e9cf,WSC2026/TD/20/pt/WSC2026_TD20_pt.pdf,https://api.worldskills.org/skillman/documents/3/skills/2434/pdf?l=pt,wsc-2026-shanghai,wsc-2026-shanghai-td.zip,done
WSC2026,WorldSkills Shanghai 2026,TD,20,Bricklaying,,ru,WSC2026_TD20_ru.pdf,439270,bd26ce0b884cd234a1368c0d513872a10fe1f765bcd3f01d76879ec4090076f6,WSC2026/TD/20/ru/WSC2026_TD20_ru.pdf,https://api.worldskills.org/skillman/documents/3/skills/2434/pdf?l=ru,wsc-2026-shanghai,wsc-2026-shanghai-td.zip,done
WSC2026,WorldSkills Shanghai 2026,TD,20,Bricklaying,,zh,WSC2026_TD20_zh.pdf,439302,48ab7e3ecf6a115a7613837cc72cd7916f8926fe9f650e75612daef71a206be1,WSC2026/TD/20/zh/WSC2026_TD20_zh.pdf,https://api.worldskills.org/skillman/documents/3/skills/2434/pdf?l=zh,wsc-2026-shanghai,wsc-2026-shanghai-td.zip,done
WSC2026,WorldSkills Shanghai 2026,TD,21,Plastering and Drywall Systems,,ar,WSC2026_TD21_ar.pdf,439873,458321cebb87d3f373115d5d2dce01ad36ecf50dab042edb96ab3170de1716bc,WSC2026/TD/21/ar/WSC2026_TD21_ar.pdf,https://api.worldskills.org/skillman/documents/3/skills/2441/pdf?l=ar,wsc-2026-shanghai,wsc-2026-shanghai-td.zip,done
WSC2026,WorldSkills Shanghai 2026,TD,21,Plastering and Drywall Systems,,de,WSC2026_TD21_de.pdf,440208,de89587d55640845b5dd3fbf4d0e543f8dace22826326124ca88c0875608e7b3,WSC2026/TD/21/de/WSC2026_TD21_de.pdf,https://api.worldskills.org/skillman/documents/3/skills/2441/pdf?l=de,wsc-2026-shanghai,wsc-2026-shanghai-td.zip,done
WSC2026,WorldSkills Shanghai 2026,TD,21,Plastering and Drywall Systems,,en,WSC2026_TD21_en.pdf,869796,2a62b927b8a04eac3234085b1e985ce5747ad726896da2e21f67da53d3f5a178,WSC2026/TD/21/en/WSC2026_TD21_en.pdf,https://api.worldskills.org/skillman/documents/3/skills/2441/pdf?l=en,wsc-2026-shanghai,wsc-2026-shanghai-td.zip,done
WSC2026,WorldSkills Shanghai 2026,TD,21,Plastering and Drywall Systems,,es,WSC2026_TD21_es.pdf,439851,d5d6dbb80e6d86bea448a6528aabf4b0730e15118ea109b96bbe0dc8e4817b12,WSC2026/TD/21/es/WSC2026_TD21_es.pdf,https://api.worldskills.org/skillman/documents/3/skills/2441/pdf?l=es,wsc-2026-shanghai,wsc-2026-shanghai-td.zip,done
WSC2026,WorldSkills Shanghai 2026,TD,21,Plastering and Drywall Systems,,fi,WSC2026_TD21_fi.pdf,439881,8cb3e5b6c5ab8392910c36107273e8b84eaf2f7ffa5a531b0f4922b9667ff5a9,WSC2026/TD/21/fi/WSC2026_TD21_fi.pdf,https://api.worldskills.org/skillman/documents/3/skills/2441/pdf?l=fi,wsc-2026-shanghai,wsc-2026-shanghai-td.zip,done
WSC2026,WorldSkills Shanghai 2026,TD,21,Plastering and Drywall Systems,,fr,WSC2026_TD21_fr.pdf,440331,228381cdd5a668936a603b5fdd7b2f40590630b87b93bb0655728f9052da2a72,WSC2026/TD/21/fr/WSC2026_TD21_fr.pdf,https://api.worldskills.org/skillman/documents/3/skills/2441/pdf?l=fr,wsc-2026-shanghai,wsc-2026-shanghai-td.zip,done
WSC2026,WorldSkills Shanghai 2026,TD,21,Plastering and Drywall Systems,,ja,WSC2026_TD21_ja.pdf,439895,c5d2412edbc0dd2bbe5f0090060a31e964685fbae49ba5205d681da8bb629b77,WSC2026/TD/21/ja/WSC2026_TD21_ja.pdf,https://api.worldskills.org/skillman/documents/3/skills/2441/pdf?l=ja,wsc-2026-shanghai,wsc-2026-shanghai-td.zip,done
WSC2026,WorldSkills Shanghai 2026,TD,21,Plastering and Drywall Systems,,ko,WSC2026_TD21_ko.pdf,439893,ba961336f79ac2dc45dd24bd163dceecb7edc7e076c58eac7005fa98fb12eed9,WSC2026/TD/21/ko/WSC2026_TD21_ko.pdf,https://api.worldskills.org/skillman/documents/3/skills/2441/pdf?l=ko,wsc-2026-shanghai,wsc-2026-shanghai-td.zip,done
WSC2026,WorldSkills Shanghai 2026,TD,21,Plastering and Drywall Systems,,pt,WSC2026_TD21_pt.pdf,439874,787663cb5a6c16b73bba8e89b7c1bf4091aab9a948bd31eef47bc9f5cf84333a,WSC2026/TD/21/pt/WSC2026_TD21_pt.pdf,https://api.worldskills.org/skillman/documents/3/skills/2441/pdf?l=pt,wsc-2026-shanghai,wsc-2026-shanghai-td.zip,done
WSC2026,WorldSkills Shanghai 2026,TD,21,Plastering and Drywall Systems,,ru,WSC2026_TD21_ru.pdf,439878,ba0fe73303fbfc5da36fb27993cfe2d651eaf16e6d75feba6bafafc23672c263,WSC2026/TD/21/ru/WSC2026_TD21_ru.pdf,https://api.worldskills.org/skillman/documents/3/skills/2441/pdf?l=ru,wsc-2026-shanghai,wsc-2026-shanghai-td.zip,done
WSC2026,WorldSkills Shanghai 2026,TD,21,Plastering and Drywall Systems,,zh,WSC2026_TD21_zh.pdf,439894,b5520bc74a1fa77f612fcdd6aa5c99f57857fc82c03a102d21d690775ae170a0,WSC2026/TD/21/zh/WSC2026_TD21_zh.pdf,https://api.worldskills.org/skillman/documents/3/skills/2441/pdf?l=zh,wsc-2026-shanghai,wsc-2026-shanghai-td.zip,done
WSC2026,WorldSkills Shanghai 2026,TD,22,Painting and Decorating,,ar,WSC2026_TD22_ar.pdf,439375,b2e2bb35776635b67dc174ac4b311073f6b99aed7405853aeca91894f5cf0d8d,WSC2026/TD/22/ar/WSC2026_TD22_ar.pdf,https://api.worldskills.org/skillman/documents/3/skills/2409/pdf?l=ar,wsc-2026-shanghai,wsc-2026-shanghai-td.zip,done
WSC2026,WorldSkills Shanghai 2026,TD,22,Painting and Decorating,,de,WSC2026_TD22_de.pdf,439306,032ee4a2a9580b298b732174cc4a5cfefd83c3c127e8853f99d579c5a04e1a56,WSC2026/TD/22/de/WSC2026_TD22_de.pdf,https://api.worldskills.org/skillman/documents/3/skills/2409/pdf?l=de,wsc-2026-shanghai,wsc-2026-shanghai-td.zip,done
WSC2026,WorldSkills Shanghai 2026,TD,22,Painting and Decorating,,en,WSC2026_TD22_en.pdf,1284907,8cd78a0e1ce1e3b0260434dae6366c286159973e8d9452e3d2668bdabdd6901a,WSC2026/TD/22/en/WSC2026_TD22_en.pdf,https://api.worldskills.org/skillman/documents/3/skills/2409/pdf?l=en,wsc-2026-shanghai,wsc-2026-shanghai-td.zip,done
WSC2026,WorldSkills Shanghai 2026,TD,22,Painting and Decorating,,es,WSC2026_TD22_es.pdf,439352,e633e2302d84c0dc456d4d9585b9e7ef5b32022ee8fd42f0b12e36f18f9aac5a,WSC2026/TD/22/es/WSC2026_TD22_es.pdf,https://api.worldskills.org/skillman/documents/3/skills/2409/pdf?l=es,wsc-2026-shanghai,wsc-2026-shanghai-td.zip,done
WSC2026,WorldSkills Shanghai 2026,TD,22,Painting and Decorating,,fi,WSC2026_TD22_fi.pdf,439375,c306f705f2f67a50367dc25c331c9f563ca3b797e10df27027ca797216457d70,WSC2026/TD/22/fi/WSC2026_TD22_fi.pdf,https://api.worldskills.org/skillman/documents/3/skills/2409/pdf?l=fi,wsc-2026-shanghai,wsc-2026-shanghai-td.zip,done
WSC2026,WorldSkills Shanghai 2026,TD,22,Painting and Decorating,,fr,WSC2026_TD22_fr.pdf,439624,2f8c566c165d8f732916c3b936704afd9d18c4bed2c102b2daf15f9af6058a55,WSC2026/TD/22/fr/WSC2026_TD22_fr.pdf,https://api.worldskills.org/skillman/documents/3/skills/2409/pdf?l=fr,wsc-2026-shanghai,wsc-2026-shanghai-td.zip,done
WSC2026,WorldSkills Shanghai 2026,TD,22,Painting and Decorating,,ja,WSC2026_TD22_ja.pdf,439391,366c8862e3d5df7600bddca132a88b65a16f58f62cf26b106f64e4375b9b5107,WSC2026/TD/22/ja/WSC2026_TD22_ja.pdf,https://api.worldskills.org/skillman/documents/3/skills/2409/pdf?l=ja,wsc-2026-shanghai,wsc-2026-shanghai-td.zip,done
WSC2026,WorldSkills Shanghai 2026,TD,22,Painting and Decorating,,ko,WSC2026_TD22_ko.pdf,439391,210c3fe6aeb9dce3121c96a613bd659c42d6dfb84973fa7c5b48313da098e024,WSC2026/TD/22/ko/WSC2026_TD22_ko.pdf,https://api.worldskills.org/skillman/documents/3/skills/2409/pdf?l=ko,wsc-2026-shanghai,wsc-2026-shanghai-td.zip,done
WSC2026,WorldSkills Shanghai 2026,TD,22,Painting and Decorating,,pt,WSC2026_TD22_pt.pdf,439369,76fa757e3309c8ceb615da5bd1a2311055f7abb3c30aaef6093a027d3f6c3955,WSC2026/TD/22/pt/WSC2026_TD22_pt.pdf,https://api.worldskills.org/skillman/documents/3/skills/2409/pdf?l=pt,wsc-2026-shanghai,wsc-2026-shanghai-td.zip,done
WSC2026,WorldSkills Shanghai 2026,TD,22,Painting and Decorating,,ru,WSC2026_TD22_ru.pdf,439375,f04d234569815b310ae34bfba99665e020e64a247dbeeba16339b79d5e774f77,WSC2026/TD/22/ru/WSC2026_TD22_ru.pdf,https://api.worldskills.org/skillman/documents/3/skills/2409/pdf?l=ru,wsc-2026-shanghai,wsc-2026-shanghai-td.zip,done
WSC2026,WorldSkills Shanghai 2026,TD,22,Painting and Decorating,,zh,WSC2026_TD22_zh.pdf,439388,39a9da24fd843d57b88e48d19e005ca509d99e002d2153f4a455853fada75f7c,WSC2026/TD/22/zh/WSC2026_TD22_zh.pdf,https://api.worldskills.org/skillman/documents/3/skills/2409/pdf?l=zh,wsc-2026-shanghai,wsc-2026-shanghai-td.zip,done
WSC2026,WorldSkills Shanghai 2026,TD,23,Autonomous Mobile Robotics,,ar,WSC2026_TD23_ar.pdf,439608,1b7c35f08334116b5a8ce6390fa8b140c216968f161dd6672f1ce74e313d026e,WSC2026/TD/23/ar/WSC2026_TD23_ar.pdf,https://api.worldskills.org/skillman/documents/3/skills/2413/pdf?l=ar,wsc-2026-shanghai,wsc-2026-shanghai-td.zip,done
WSC2026,WorldSkills Shanghai 2026,TD,23,Autonomous Mobile Robotics,,de,WSC2026_TD23_de.pdf,439264,6c751012b9ff024c65169191b01cc5b58c5fff6649883fd01a0b222f1e8d8ae2,WSC2026/TD/23/de/WSC2026_TD23_de.pdf,https://api.worldskills.org/skillman/documents/3/skills/2413/pdf?l=de,wsc-2026-shanghai,wsc-2026-shanghai-td.zip,done
WSC2026,WorldSkills Shanghai 2026,TD,23,Autonomous Mobile Robotics,,en,WSC2026_TD23_en.pdf,550859,be25001fed580d6cd59d28f2c47a24a64720219dc396ac803b1567ed3bf9fb7b,WSC2026/TD/23/en/WSC2026_TD23_en.pdf,https://api.worldskills.org/skillman/documents/3/skills/2413/pdf?l=en,wsc-2026-shanghai,wsc-2026-shanghai-td.zip,done
WSC2026,WorldSkills Shanghai 2026,TD,23,Autonomous Mobile Robotics,,es,WSC2026_TD23_es.pdf,439596,ff00fe4f59a71f033b40d26320d6bd189d00705b50d02192cda81dfab6368215,WSC2026/TD/23/es/WSC2026_TD23_es.pdf,https://api.worldskills.org/skillman/documents/3/skills/2413/pdf?l=es,wsc-2026-shanghai,wsc-2026-shanghai-td.zip,done
WSC2026,WorldSkills Shanghai 2026,TD,23,Autonomous Mobile Robotics,,fi,WSC2026_TD23_fi.pdf,439621,19ed05ba3d71c9a00873a30e1c2b3914d818a209c8f8b8785071f6044496288e,WSC2026/TD/23/fi/WSC2026_TD23_fi.pdf,https://api.worldskills.org/skillman/documents/3/skills/2413/pdf?l=fi,wsc-2026-shanghai,wsc-2026-shanghai-td.zip,done
WSC2026,WorldSkills Shanghai 2026,TD,23,Autonomous Mobile Robotics,,fr,WSC2026_TD23_fr.pdf,439541,7696b3e10d3901290981cc205df532c56c57e0a3a71b8b0e33d672df9bb53a20,WSC2026/TD/23/fr/WSC2026_TD23_fr.pdf,https://api.worldskills.org/skillman/documents/3/skills/2413/pdf?l=fr,wsc-2026-shanghai,wsc-2026-shanghai-td.zip,done
WSC2026,WorldSkills Shanghai 2026,TD,23,Autonomous Mobile Robotics,,ja,WSC2026_TD23_ja.pdf,439637,fdcf52f2b693f4e3ff4cb2e81d43e62eaefbd6ad62ba950fb579617a559f7a7e,WSC2026/TD/23/ja/WSC2026_TD23_ja.pdf,https://api.worldskills.org/skillman/documents/3/skills/2413/pdf?l=ja,wsc-2026-shanghai,wsc-2026-shanghai-td.zip,done
WSC2026,WorldSkills Shanghai 2026,TD,23,Autonomous Mobile Robotics,,ko,WSC2026_TD23_ko.pdf,439631,72f5543aaa26c6be4e23fb37f4509fbe42e31c293a0a63f4b049a31c2d27f0fd,WSC2026/TD/23/ko/WSC2026_TD23_ko.pdf,https://api.worldskills.org/skillman/documents/3/skills/2413/pdf?l=ko,wsc-2026-shanghai,wsc-2026-shanghai-td.zip,done
WSC2026,WorldSkills Shanghai 2026,TD,23,Autonomous Mobile Robotics,,pt,WSC2026_TD23_pt.pdf,439624,4489e4ccce2954fac96b407ed21ba010e33751c294bccaa892e08af76a3fec80,WSC2026/TD/23/pt/WSC2026_TD23_pt.pdf,https://api.worldskills.org/skillman/documents/3/skills/2413/pdf?l=pt,wsc-2026-shanghai,wsc-2026-shanghai-td.zip,done
WSC2026,WorldSkills Shanghai 2026,TD,23,Autonomous Mobile Robotics,,ru,WSC2026_TD23_ru.pdf,439620,46fc74d3fa025f0f342fb1373b3ef61266d5c67c5ff7dbb0de50da3d6b1fdcbe,WSC2026/TD/23/ru/WSC2026_TD23_ru.pdf,https://api.worldskills.org/skillman/documents/3/skills/2413/pdf?l=ru,wsc-2026-shanghai,wsc-2026-shanghai-td.zip,done
WSC2026,WorldSkills Shanghai 2026,TD,23,Autonomous Mobile Robotics,,zh,WSC2026_TD23_zh.pdf,439637,1d36860858ec9c0d9770afe1d5e46eaeeedef4654c4c90e203b332b1900cfff5,WSC2026/TD/23/zh/WSC2026_TD23_zh.pdf,https://api.worldskills.org/skillman/documents/3/skills/2413/pdf?l=zh,wsc-2026-shanghai,wsc-2026-shanghai-td.zip,done
WSC2026,WorldSkills Shanghai 2026,TD,24,Cabinetmaking,,ar,WSC2026_TD24_ar.pdf,439229,d83a442727970f25530f91ac9be31eb39bd50be551488035a8e54d305002b176,WSC2026/TD/24/ar/WSC2026_TD24_ar.pdf,https://api.worldskills.org/skillman/documents/3/skills/2444/pdf?l=ar,wsc-2026-shanghai,wsc-2026-shanghai-td.zip,done
WSC2026,WorldSkills Shanghai 2026,TD,24,Cabinetmaking,,de,WSC2026_TD24_de.pdf,439590,1e04dcfc63e887d79c2336975964f3e6923e60e68109454ed35acb41b9a84ab4,WSC2026/TD/24/de/WSC2026_TD24_de.pdf,https://api.worldskills.org/skillman/documents/3/skills/2444/pdf?l=de,wsc-2026-shanghai,wsc-2026-shanghai-td.zip,done
WSC2026,WorldSkills Shanghai 2026,TD,24,Cabinetmaking,,en,WSC2026_TD24_en.pdf,1213760,8775bce559bb0d0a0a92a8639ec38f049abdbb0fc2a1bbbea0cd6d2a28db8ec1,WSC2026/TD/24/en/WSC2026_TD24_en.pdf,https://api.worldskills.org/skillman/documents/3/skills/2444/pdf?l=en,wsc-2026-shanghai,wsc-2026-shanghai-td.zip,done
WSC2026,WorldSkills Shanghai 2026,TD,24,Cabinetmaking,,es,WSC2026_TD24_es.pdf,439216,ef7ea1f2ddbd922f48b96198af5f82561f01ee524bdd71569a8c5b7a81d93bf6,WSC2026/TD/24/es/WSC2026_TD24_es.pdf,https://api.worldskills.org/skillman/documents/3/skills/2444/pdf?l=es,wsc-2026-shanghai,wsc-2026-shanghai-td.zip,done
WSC2026,WorldSkills Shanghai 2026,TD,24,Cabinetmaking,,fi,WSC2026_TD24_fi.pdf,439232,9fe456d5fceb238dff684ecf9eb2c5eb445d9f44eef9bd7c74a157b047c8b848,WSC2026/TD/24/fi/WSC2026_TD24_fi.pdf,https://api.worldskills.org/skillman/documents/3/skills/2444/pdf?l=fi,wsc-2026-shanghai,wsc-2026-shanghai-td.zip,done
WSC2026,WorldSkills Shanghai 2026,TD,24,Cabinetmaking,,fr,WSC2026_TD24_fr.pdf,439556,da3011f80a237aa8663edc4648305aadf43870c81ec8c8054fbb15ef9376345f,WSC2026/TD/24/fr/WSC2026_TD24_fr.pdf,https://api.worldskills.org/skillman/documents/3/skills/2444/pdf?l=fr,wsc-2026-shanghai,wsc-2026-shanghai-td.zip,done
WSC2026,WorldSkills Shanghai 2026,TD,24,Cabinetmaking,,ja,WSC2026_TD24_ja.pdf,439263,212f4e785328610cc4f2913dda4fba713a7f01e189c2bc27f88a424cb7b0b7fb,WSC2026/TD/24/ja/WSC2026_TD24_ja.pdf,https://api.worldskills.org/skillman/documents/3/skills/2444/pdf?l=ja,wsc-2026-shanghai,wsc-2026-shanghai-td.zip,done
WSC2026,WorldSkills Shanghai 2026,TD,24,Cabinetmaking,,ko,WSC2026_TD24_ko.pdf,439256,0fe66150cc20a1f6c9849b47db7ba2ceb4ce6ddc212952e3ad91692c5e87e2df,WSC2026/TD/24/ko/WSC2026_TD24_ko.pdf,https://api.worldskills.org/skillman/documents/3/skills/2444/pdf?l=ko,wsc-2026-shanghai,wsc-2026-shanghai-td.zip,done
WSC2026,WorldSkills Shanghai 2026,TD,24,Cabinetmaking,,pt,WSC2026_TD24_pt.pdf,439235,a417ced20ee1e70e8346066e6e7b09677334c6161adf842aa179b48337835b7c,WSC2026/TD/24/pt/WSC2026_TD24_pt.pdf,https://api.worldskills.org/skillman/documents/3/skills/2444/pdf?l=pt,wsc-2026-shanghai,wsc-2026-shanghai-td.zip,done
WSC2026,WorldSkills Shanghai 2026,TD,24,Cabinetmaking,,ru,WSC2026_TD24_ru.pdf,439241,73708abdf4cf384323ad84781eef0ad0f6c4ea6f767352ca778453ceca717a7d,WSC2026/TD/24/ru/WSC2026_TD24_ru.pdf,https://api.worldskills.org/skillman/documents/3/skills/2444/pdf?l=ru,wsc-2026-shanghai,wsc-2026-shanghai-td.zip,done
WSC2026,WorldSkills Shanghai 2026,TD,24,Cabinetmaking,,zh,WSC2026_TD24_zh.pdf,439252,bedecdf6b15dfb554ad7fd5e887482c1d5361d4b8ea36efc0ab8363b6ab99162,WSC2026/TD/24/zh/WSC2026_TD24_zh.pdf,https://api.worldskills.org/skillman/documents/3/skills/2444/pdf?l=zh,wsc-2026-shanghai,wsc-2026-shanghai-td.zip,done
WSC2026,WorldSkills Shanghai 2026,TD,25,Joinery,,ar,WSC2026_TD25_ar.pdf,439091,2e5461bc7021a8c3d16e29bcc0ee966efa9fee666776bd173daf2daa45efbc48,WSC2026/TD/25/ar/WSC2026_TD25_ar.pdf,https://api.worldskills.org/skillman/documents/3/skills/2420/pdf?l=ar,wsc-2026-shanghai,wsc-2026-shanghai-td.zip,done
WSC2026,WorldSkills Shanghai 2026,TD,25,Joinery,,de,WSC2026_TD25_de.pdf,439406,593cd417ba38632356dd7212126209cc4582042983c4754fa645d5f43fe12637,WSC2026/TD/25/de/WSC2026_TD25_de.pdf,https://api.worldskills.org/skillman/documents/3/skills/2420/pdf?l=de,wsc-2026-shanghai,wsc-2026-shanghai-td.zip,done
WSC2026,WorldSkills Shanghai 2026,TD,25,Joinery,,en,WSC2026_TD25_en.pdf,1594118,59ed45b42f3d69560e443d3c7eefa2b01521b6cb3abacd63d720f0e5676e4321,WSC2026/TD/25/en/WSC2026_TD25_en.pdf,https://api.worldskills.org/skillman/documents/3/skills/2420/pdf?l=en,wsc-2026-shanghai,wsc-2026-shanghai-td.zip,done
WSC2026,WorldSkills Shanghai 2026,TD,25,Joinery,,es,WSC2026_TD25_es.pdf,439069,2331180b0d9271415d59888afcc2171977945f4924fd60e09700d33272b91d87,WSC2026/TD/25/es/WSC2026_TD25_es.pdf,https://api.worldskills.org/skillman/documents/3/skills/2420/pdf?l=es,wsc-2026-shanghai,wsc-2026-shanghai-td.zip,done
WSC2026,WorldSkills Shanghai 2026,TD,25,Joinery,,fi,WSC2026_TD25_fi.pdf,439097,7b4789bd5358e46ea432bf86c6aaee1f808efaa747c730d0c1ef1438dfacab79,WSC2026/TD/25/fi/WSC2026_TD25_fi.pdf,https://api.worldskills.org/skillman/documents/3/skills/2420/pdf?l=fi,wsc-2026-shanghai,wsc-2026-shanghai-td.zip,done
WSC2026,WorldSkills Shanghai 2026,TD,25,Joinery,,fr,WSC2026_TD25_fr.pdf,439163,2a37fa3eb6a50f7c5392e8461d8a3570587780007219528acea137e8043383fd,WSC2026/TD/25/fr/WSC2026_TD25_fr.pdf,https://api.worldskills.org/skillman/documents/3/skills/2420/pdf?l=fr,wsc-2026-shanghai,wsc-2026-shanghai-td.zip,done
WSC2026,WorldSkills Shanghai 2026,TD,25,Joinery,,ja,WSC2026_TD25_ja.pdf,439119,3ac1a418bc4512e2c2e2335a1dfe8c1cc4936c3c22905447f36b4a155fe27690,WSC2026/TD/25/ja/WSC2026_TD25_ja.pdf,https://api.worldskills.org/skillman/documents/3/skills/2420/pdf?l=ja,wsc-2026-shanghai,wsc-2026-shanghai-td.zip,done
WSC2026,WorldSkills Shanghai 2026,TD,25,Joinery,,ko,WSC2026_TD25_ko.pdf,439114,484bd43ae90aaa098c8a3c485bf46eb6a9ca2c25c237a1625d71d92d35e242e1,WSC2026/TD/25/ko/WSC2026_TD25_ko.pdf,https://api.worldskills.org/skillman/documents/3/skills/2420/pdf?l=ko,wsc-2026-shanghai,wsc-2026-shanghai-td.zip,done
WSC2026,WorldSkills Shanghai 2026,TD,25,Joinery,,pt,WSC2026_TD25_pt.pdf,439095,5ec2b8ab93f17c11f502ddbcfe34972cfc3e12977aaee20f14ed2d6feb9102dd,WSC2026/TD/25/pt/WSC2026_TD25_pt.pdf,https://api.worldskills.org/skillman/documents/3/skills/2420/pdf?l=pt,wsc-2026-shanghai,wsc-2026-shanghai-td.zip,done
WSC2026,WorldSkills Shanghai 2026,TD,25,Joinery,,ru,WSC2026_TD25_ru.pdf,439093,0fefa2b71e42909eb06ef222575a9ce0ff90fcdd3e1063aa5e66463092be4ad6,WSC2026/TD/25/ru/WSC2026_TD25_ru.pdf,https://api.worldskills.org/skillman/documents/3/skills/2420/pdf?l=ru,wsc-2026-shanghai,wsc-2026-shanghai-td.zip,done
WSC2026,WorldSkills Shanghai 2026,TD,25,Joinery,,zh,WSC2026_TD25_zh.pdf,439113,08c2c389a59e55420360a3b91c7222041e92a91306b86c85c56cc2024844be88,WSC2026/TD/25/zh/WSC2026_TD25_zh.pdf,https://api.worldskills.org/skillman/documents/3/skills/2420/pdf?l=zh,wsc-2026-shanghai,wsc-2026-shanghai-td.zip,done
WSC2026,WorldSkills Shanghai 2026,TD,26,Carpentry,,ar,WSC2026_TD26_ar.pdf,439092,80e71992f3076a36b5faebbed39a318d637673bc1f50a9f3efd29becad503cd8,WSC2026/TD/26/ar/WSC2026_TD26_ar.pdf,https://api.worldskills.org/skillman/documents/3/skills/2437/pdf?l=ar,wsc-2026-shanghai,wsc-2026-shanghai-td.zip,done
WSC2026,WorldSkills Shanghai 2026,TD,26,Carpentry,,de,WSC2026_TD26_de.pdf,439220,c07d4fb699e4ebc03ad32229188da99c294aa137a383bba5d610573bcaaf6d7f,WSC2026/TD/26/de/WSC2026_TD26_de.pdf,https://api.worldskills.org/skillman/documents/3/skills/2437/pdf?l=de,wsc-2026-shanghai,wsc-2026-shanghai-td.zip,done
WSC2026,WorldSkills Shanghai 2026,TD,26,Carpentry,,en,WSC2026_TD26_en.pdf,1045427,cb5dd35eb43d69bd586853e0eff7b66695b3f7f93949c3467330812068369bce,WSC2026/TD/26/en/WSC2026_TD26_en.pdf,https://api.worldskills.org/skillman/documents/3/skills/2437/pdf?l=en,wsc-2026-shanghai,wsc-2026-shanghai-td.zip,done
WSC2026,WorldSkills Shanghai 2026,TD,26,Carpentry,,es,WSC2026_TD26_es.pdf,439079,a10b0548f8907a376c124e26f0349ecce88dd392420f8de744a5af185276ec98,WSC2026/TD/26/es/WSC2026_TD26_es.pdf,https://api.worldskills.org/skillman/documents/3/skills/2437/pdf?l=es,wsc-2026-shanghai,wsc-2026-shanghai-td.zip,done
WSC2026,WorldSkills Shanghai 2026,TD,26,Carpentry,,fi,WSC2026_TD26_fi.pdf,439100,37be2852fca8d7038961f645f84ac60395e93d0435f47efd7e0ddcdc2461478b,WSC2026/TD/26/fi/WSC2026_TD26_fi.pdf,https://api.worldskills.org/skillman/documents/3/skills/2437/pdf?l=fi,wsc-2026-shanghai,wsc-2026-shanghai-td.zip,done
WSC2026,WorldSkills Shanghai 2026,TD,26,Carpentry,,fr,WSC2026_TD26_fr.pdf,439098,8c51965a651940ac8909f8060dc2dfb408b6b5890670add95ae7f0f8477d8054,WSC2026/TD/26/fr/WSC2026_TD26_fr.pdf,https://api.worldskills.org/skillman/documents/3/skills/2437/pdf?l=fr,wsc-2026-shanghai,wsc-2026-shanghai-td.zip,done
WSC2026,WorldSkills Shanghai 2026,TD,26,Carpentry,,ja,WSC2026_TD26_ja.pdf,439110,d05b37fbcc9b40a37746fa4786d425272ebb831f7f60028d618c3455d178e4a8,WSC2026/TD/26/ja/WSC2026_TD26_ja.pdf,https://api.worldskills.org/skillman/documents/3/skills/2437/pdf?l=ja,wsc-2026-shanghai,wsc-2026-shanghai-td.zip,done
WSC2026,WorldSkills Shanghai 2026,TD,26,Carpentry,,ko,WSC2026_TD26_ko.pdf,439119,7876784d07c3883ecee85c7ee6bf2b7f7509d4cc79f75d6b9360c1779749f38b,WSC2026/TD/26/ko/WSC2026_TD26_ko.pdf,https://api.worldskills.org/skillman/documents/3/skills/2437/pdf?l=ko,wsc-2026-shanghai,wsc-2026-shanghai-td.zip,done
WSC2026,WorldSkills Shanghai 2026,TD,26,Carpentry,,pt,WSC2026_TD26_pt.pdf,439098,b39ccfd5b707c28faae058472643affe67f7c482220b1414e4f04f49cc8ffc60,WSC2026/TD/26/pt/WSC2026_TD26_pt.pdf,https://api.worldskills.org/skillman/documents/3/skills/2437/pdf?l=pt,wsc-2026-shanghai,wsc-2026-shanghai-td.zip,done
WSC2026,WorldSkills Shanghai 2026,TD,26,Carpentry,,ru,WSC2026_TD26_ru.pdf,439102,ab80d666a4303a949bc2d285c8a41adcb6c86a472dd300a1e204728ae52a24ab,WSC2026/TD/26/ru/WSC2026_TD26_ru.pdf,https://api.worldskills.org/skillman/documents/3/skills/2437/pdf?l=ru,wsc-2026-shanghai,wsc-2026-shanghai-td.zip,done
WSC2026,WorldSkills Shanghai 2026,TD,26,Carpentry,,zh,WSC2026_TD26_zh.pdf,439121,889616629e0e1f9bb3f8425ad8aacb6cf19f4b59bf6ef1cfcb27b8d62ee0362a,WSC2026/TD/26/zh/WSC2026_TD26_zh.pdf,https://api.worldskills.org/skillman/documents/3/skills/2437/pdf?l=zh,wsc-2026-shanghai,wsc-2026-shanghai-td.zip,done
WSC2026,WorldSkills Shanghai 2026,TD,27,Jewellery,,ar,WSC2026_TD27_ar.pdf,439198,e0a62181442de8072b59167e1150c99957a9851936e5b647608e78323f465cbb,WSC2026/TD/27/ar/WSC2026_TD27_ar.pdf,https://api.worldskills.org/skillman/documents/3/skills/2443/pdf?l=ar,wsc-2026-shanghai,wsc-2026-shanghai-td.zip,done
WSC2026,WorldSkills Shanghai 2026,TD,27,Jewellery,,de,WSC2026_TD27_de.pdf,439292,3f5ccde52447b6dbc2a09d4a4dd863e0a0d8e3b0d71081104afa106e1b4eda03,WSC2026/TD/27/de/WSC2026_TD27_de.pdf,https://api.worldskills.org/skillman/documents/3/skills/2443/pdf?l=de,wsc-2026-shanghai,wsc-2026-shanghai-td.zip,done
WSC2026,WorldSkills Shanghai 2026,TD,27,Jewellery,,en,WSC2026_TD27_en.pdf,1650836,5478d15f89eb785bc38aac058d512ed50fa3c25e6e55d4035d77ff5555d7ae02,WSC2026/TD/27/en/WSC2026_TD27_en.pdf,https://api.worldskills.org/skillman/documents/3/skills/2443/pdf?l=en,wsc-2026-shanghai,wsc-2026-shanghai-td.zip,done
WSC2026,WorldSkills Shanghai 2026,TD,27,Jewellery,,es,WSC2026_TD27_es.pdf,439182,ba8daa609775635262de801f35a16bbb1e990da2ac0cac6b5b75922be5d75bc0,WSC2026/TD/27/es/WSC2026_TD27_es.pdf,https://api.worldskills.org/skillman/documents/3/skills/2443/pdf?l=es,wsc-2026-shanghai,wsc-2026-shanghai-td.zip,done
WSC2026,WorldSkills Shanghai 2026,TD,27,Jewellery,,fi,WSC2026_TD27_fi.pdf,439194,30fce3d0e75a060368ed45b6f37631315f4035c34215dc272d3572a2cfd55806,WSC2026/TD/27/fi/WSC2026_TD27_fi.pdf,https://api.worldskills.org/skillman/documents/3/skills/2443/pdf?l=fi,wsc-2026-shanghai,wsc-2026-shanghai-td.zip,done
WSC2026,WorldSkills Shanghai 2026,TD,27,Jewellery,,fr,WSC2026_TD27_fr.pdf,439556,3cc621ec1bb4929934ced52973a638671a0d83f46c9c6b81fca2e55d1188025f,WSC2026/TD/27/fr/WSC2026_TD27_fr.pdf,https://api.worldskills.org/skillman/documents/3/skills/2443/pdf?l=fr,wsc-2026-shanghai,wsc-2026-shanghai-td.zip,done
WSC2026,WorldSkills Shanghai 2026,TD,27,Jewellery,,ja,WSC2026_TD27_ja.pdf,439221,dbee064a119402153f438d46aa89a647f4e7ebe7075603f1b2d6f19a1f20e4ba,WSC2026/TD/27/ja/WSC2026_TD27_ja.pdf,https://api.worldskills.org/skillman/documents/3/skills/2443/pdf?l=ja,wsc-2026-shanghai,wsc-2026-shanghai-td.zip,done
WSC2026,WorldSkills Shanghai 2026,TD,27,Jewellery,,ko,WSC2026_TD27_ko.pdf,439226,cb5dcb738c9fe6342a71508f411df70f3ea3e84063a591fa959848616f4dd212,WSC2026/TD/27/ko/WSC2026_TD27_ko.pdf,https://api.worldskills.org/skillman/documents/3/skills/2443/pdf?l=ko,wsc-2026-shanghai,wsc-2026-shanghai-td.zip,done
WSC2026,WorldSkills Shanghai 2026,TD,27,Jewellery,,pt,WSC2026_TD27_pt.pdf,439200,9e570e9c882b89f058ef155dcda34b032dd783a25c7e389d4b4574822c128e06,WSC2026/TD/27/pt/WSC2026_TD27_pt.pdf,https://api.worldskills.org/skillman/documents/3/skills/2443/pdf?l=pt,wsc-2026-shanghai,wsc-2026-shanghai-td.zip,done
WSC2026,WorldSkills Shanghai 2026,TD,27,Jewellery,,ru,WSC2026_TD27_ru.pdf,439204,e12b8c44e6b6f7411b269987f0e5b818cf2d7d1d619286f3fde17d519793a750,WSC2026/TD/27/ru/WSC2026_TD27_ru.pdf,https://api.worldskills.org/skillman/documents/3/skills/2443/pdf?l=ru,wsc-2026-shanghai,wsc-2026-shanghai-td.zip,done
WSC2026,WorldSkills Shanghai 2026,TD,27,Jewellery,,zh,WSC2026_TD27_zh.pdf,439222,a81a57d752ef1f7be948ed41f0094d1f38115f3e67b1a9617506638286089bbc,WSC2026/TD/27/zh/WSC2026_TD27_zh.pdf,https://api.worldskills.org/skillman/documents/3/skills/2443/pdf?l=zh,wsc-2026-shanghai,wsc-2026-shanghai-td.zip,done
WSC2026,WorldSkills Shanghai 2026,TD,28,Floristry,,ar,WSC2026_TD28_ar.pdf,439127,ae23162bd8087a6684494a5b7d483bbb81c4d4b080eee957102b69c948a19a2b,WSC2026/TD/28/ar/WSC2026_TD28_ar.pdf,https://api.worldskills.org/skillman/documents/3/skills/2458/pdf?l=ar,wsc-2026-shanghai,wsc-2026-shanghai-td.zip,done
WSC2026,WorldSkills Shanghai 2026,TD,28,Floristry,,de,WSC2026_TD28_de.pdf,439130,c6032ec267557f62a2becac1d8b152b692d3e034cf11748ec5e84bcc4c084526,WSC2026/TD/28/de/WSC2026_TD28_de.pdf,https://api.worldskills.org/skillman/documents/3/skills/2458/pdf?l=de,wsc-2026-shanghai,wsc-2026-shanghai-td.zip,done
WSC2026,WorldSkills Shanghai 2026,TD,28,Floristry,,en,WSC2026_TD28_en.pdf,850742,4c66310f4c2c0723c13e02e040927325de0348aef6c1b7976c8ff272956f2994,WSC2026/TD/28/en/WSC2026_TD28_en.pdf,https://api.worldskills.org/skillman/documents/3/skills/2458/pdf?l=en,wsc-2026-shanghai,wsc-2026-shanghai-td.zip,done
WSC2026,WorldSkills Shanghai 2026,TD,28,Floristry,,es,WSC2026_TD28_es.pdf,439105,fe0286360966dbcfe64e6bf4a5961b411ae9efdd4fea7fb4a9ee877444100f8f,WSC2026/TD/28/es/WSC2026_TD28_es.pdf,https://api.worldskills.org/skillman/documents/3/skills/2458/pdf?l=es,wsc-2026-shanghai,wsc-2026-shanghai-td.zip,done
WSC2026,WorldSkills Shanghai 2026,TD,28,Floristry,,fi,WSC2026_TD28_fi.pdf,439134,f562dd4f94ca8693876f7cfd132680a68464bad18b51718b44d95d749f4c6f4e,WSC2026/TD/28/fi/WSC2026_TD28_fi.pdf,https://api.worldskills.org/skillman/documents/3/skills/2458/pdf?l=fi,wsc-2026-shanghai,wsc-2026-shanghai-td.zip,done
WSC2026,WorldSkills Shanghai 2026,TD,28,Floristry,,fr,WSC2026_TD28_fr.pdf,439131,01789ed2a9919407321495f50ae82599dbe3200efc409bad3e04b755ef7d8a72,WSC2026/TD/28/fr/WSC2026_TD28_fr.pdf,https://api.worldskills.org/skillman/documents/3/skills/2458/pdf?l=fr,wsc-2026-shanghai,wsc-2026-shanghai-td.zip,done
WSC2026,WorldSkills Shanghai 2026,TD,28,Floristry,,ja,WSC2026_TD28_ja.pdf,439150,33cf47d72ba6175a3163670a709b682ab76344da3faa16f8424164ef572ce551,WSC2026/TD/28/ja/WSC2026_TD28_ja.pdf,https://api.worldskills.org/skillman/documents/3/skills/2458/pdf?l=ja,wsc-2026-shanghai,wsc-2026-shanghai-td.zip,done
WSC2026,WorldSkills Shanghai 2026,TD,28,Floristry,,ko,WSC2026_TD28_ko.pdf,439149,ad26a32118639d434385adcf8a2d2d0955609b99bd154ff6602a1f379892e4b5,WSC2026/TD/28/ko/WSC2026_TD28_ko.pdf,https://api.worldskills.org/skillman/documents/3/skills/2458/pdf?l=ko,wsc-2026-shanghai,wsc-2026-shanghai-td.zip,done
WSC2026,WorldSkills Shanghai 2026,TD,28,Floristry,,pt,WSC2026_TD28_pt.pdf,439128,d4da9b8d1ac0d064a1639169be1391a8d7f80a8b6e1c40fef7f8ba53b976ffb8,WSC2026/TD/28/pt/WSC2026_TD28_pt.pdf,https://api.worldskills.org/skillman/documents/3/skills/2458/pdf?l=pt,wsc-2026-shanghai,wsc-2026-shanghai-td.zip,done
WSC2026,WorldSkills Shanghai 2026,TD,28,Floristry,,ru,WSC2026_TD28_ru.pdf,439134,c3ac801ddd8efa1c975b62f70d8894e310d666ac17ef69e87a0cea36492e7b99,WSC2026/TD/28/ru/WSC2026_TD28_ru.pdf,https://api.worldskills.org/skillman/documents/3/skills/2458/pdf?l=ru,wsc-2026-shanghai,wsc-2026-shanghai-td.zip,done
WSC2026,WorldSkills Shanghai 2026,TD,28,Floristry,,zh,WSC2026_TD28_zh.pdf,439150,a896a77188a434b4ad0352e524095b944be94f296fdf894aa519ed880640b64b,WSC2026/TD/28/zh/WSC2026_TD28_zh.pdf,https://api.worldskills.org/skillman/documents/3/skills/2458/pdf?l=zh,wsc-2026-shanghai,wsc-2026-shanghai-td.zip,done
WSC2026,WorldSkills Shanghai 2026,TD,29,Hairdressing,,ar,WSC2026_TD29_ar.pdf,439233,566d4f37d34029f8a1123114fa1ecd945034423ce0d4b0e8eb9130f5a54f0155,WSC2026/TD/29/ar/WSC2026_TD29_ar.pdf,https://api.worldskills.org/skillman/documents/3/skills/2445/pdf?l=ar,wsc-2026-shanghai,wsc-2026-shanghai-td.zip,done
WSC2026,WorldSkills Shanghai 2026,TD,29,Hairdressing,,de,WSC2026_TD29_de.pdf,439198,81feef7d55df43651d5b3c8fca20d56ae6a5a983d697c450ef218106a5e757dd,WSC2026/TD/29/de/WSC2026_TD29_de.pdf,https://api.worldskills.org/skillman/documents/3/skills/2445/pdf?l=de,wsc-2026-shanghai,wsc-2026-shanghai-td.zip,done
WSC2026,WorldSkills Shanghai 2026,TD,29,Hairdressing,,en,WSC2026_TD29_en.pdf,1449180,d8769cb51216acb430edab69e4a5796b7e919df20d362323916eed135d0175c7,WSC2026/TD/29/en/WSC2026_TD29_en.pdf,https://api.worldskills.org/skillman/documents/3/skills/2445/pdf?l=en,wsc-2026-shanghai,wsc-2026-shanghai-td.zip,done
WSC2026,WorldSkills Shanghai 2026,TD,29,Hairdressing,,es,WSC2026_TD29_es.pdf,439227,8d96cbaf3c1de9fa5e15e7726294b9c124219241032ab5657329b6a95996d17b,WSC2026/TD/29/es/WSC2026_TD29_es.pdf,https://api.worldskills.org/skillman/documents/3/skills/2445/pdf?l=es,wsc-2026-shanghai,wsc-2026-shanghai-td.zip,done
WSC2026,WorldSkills Shanghai 2026,TD,29,Hairdressing,,fi,WSC2026_TD29_fi.pdf,439241,8865b86c0d71e359bdd719cf29856aaa47a302cf6ea6b8c39377293dc43fe271,WSC2026/TD/29/fi/WSC2026_TD29_fi.pdf,https://api.worldskills.org/skillman/documents/3/skills/2445/pdf?l=fi,wsc-2026-shanghai,wsc-2026-shanghai-td.zip,done
WSC2026,WorldSkills Shanghai 2026,TD,29,Hairdressing,,fr,WSC2026_TD29_fr.pdf,439195,526d7f0da161ec2f45fb79de1ebb0e63ac13e655b13cb1020d2d70bcf83fb335,WSC2026/TD/29/fr/WSC2026_TD29_fr.pdf,https://api.worldskills.org/skillman/documents/3/skills/2445/pdf?l=fr,wsc-2026-shanghai,wsc-2026-shanghai-td.zip,done
WSC2026,WorldSkills Shanghai 2026,TD,29,Hairdressing,,ja,WSC2026_TD29_ja.pdf,439263,c11684edf6f36e5c8756408caa3bf28f033ee8f5a1e397bff597cf1a0ffc743c,WSC2026/TD/29/ja/WSC2026_TD29_ja.pdf,https://api.worldskills.org/skillman/documents/3/skills/2445/pdf?l=ja,wsc-2026-shanghai,wsc-2026-shanghai-td.zip,done
WSC2026,WorldSkills Shanghai 2026,TD,29,Hairdressing,,ko,WSC2026_TD29_ko.pdf,439256,0274d934ef1d4914557248925bc14d532e16029d684e33ddb1e48e916d6c7c46,WSC2026/TD/29/ko/WSC2026_TD29_ko.pdf,https://api.worldskills.org/skillman/documents/3/skills/2445/pdf?l=ko,wsc-2026-shanghai,wsc-2026-shanghai-td.zip,done
WSC2026,WorldSkills Shanghai 2026,TD,29,Hairdressing,,pt,WSC2026_TD29_pt.pdf,439244,6945da16cc16d5ac4464b711c92558626357cd971c288da6d9fd35b29330c422,WSC2026/TD/29/pt/WSC2026_TD29_pt.pdf,https://api.worldskills.org/skillman/documents/3/skills/2445/pdf?l=pt,wsc-2026-shanghai,wsc-2026-shanghai-td.zip,done
WSC2026,WorldSkills Shanghai 2026,TD,29,Hairdressing,,ru,WSC2026_TD29_ru.pdf,439239,5438f1d7510dbefcba5ead44c846f89e455b811c5a2615715f9cfdd960b668fd,WSC2026/TD/29/ru/WSC2026_TD29_ru.pdf,https://api.worldskills.org/skillman/documents/3/skills/2445/pdf?l=ru,wsc-2026-shanghai,wsc-2026-shanghai-td.zip,done
WSC2026,WorldSkills Shanghai 2026,TD,29,Hairdressing,,zh,WSC2026_TD29_zh.pdf,439255,1118e244fc3a252208ef934199574cca940bc098411af81952029e093da40776,WSC2026/TD/29/zh/WSC2026_TD29_zh.pdf,https://api.worldskills.org/skillman/documents/3/skills/2445/pdf?l=zh,wsc-2026-shanghai,wsc-2026-shanghai-td.zip,done
WSC2026,WorldSkills Shanghai 2026,TD,30,Beauty Therapy,,ar,WSC2026_TD30_ar.pdf,439454,4341a26298cf23e68b67fb38af3fc6ec363fe0fd51b6e97d90fe36f31cb95736,WSC2026/TD/30/ar/WSC2026_TD30_ar.pdf,https://api.worldskills.org/skillman/documents/3/skills/2421/pdf?l=ar,wsc-2026-shanghai,wsc-2026-shanghai-td.zip,done
WSC2026,WorldSkills Shanghai 2026,TD,30,Beauty Therapy,,de,WSC2026_TD30_de.pdf,439173,3c569963759e404ec894129be169e7a715d041b9992b6b55cf2abd9526cb656b,WSC2026/TD/30/de/WSC2026_TD30_de.pdf,https://api.worldskills.org/skillman/documents/3/skills/2421/pdf?l=de,wsc-2026-shanghai,wsc-2026-shanghai-td.zip,done
WSC2026,WorldSkills Shanghai 2026,TD,30,Beauty Therapy,,en,WSC2026_TD30_en.pdf,1052144,e24a3b75f8d3687d5ec67789a38170faada842faed22a1a3e8983daa51c19689,WSC2026/TD/30/en/WSC2026_TD30_en.pdf,https://api.worldskills.org/skillman/documents/3/skills/2421/pdf?l=en,wsc-2026-shanghai,wsc-2026-shanghai-td.zip,done
WSC2026,WorldSkills Shanghai 2026,TD,30,Beauty Therapy,,es,WSC2026_TD30_es.pdf,439433,b608b1e93e9c74b080fa069f64f015b311d0dc61a85374fff84c7fc6da9023ff,WSC2026/TD/30/es/WSC2026_TD30_es.pdf,https://api.worldskills.org/skillman/documents/3/skills/2421/pdf?l=es,wsc-2026-shanghai,wsc-2026-shanghai-td.zip,done
WSC2026,WorldSkills Shanghai 2026,TD,30,Beauty Therapy,,fi,WSC2026_TD30_fi.pdf,439448,25f5abeb6ca4787bd3579745111a9152b597291a34636a56ff695f2a393bf46a,WSC2026/TD/30/fi/WSC2026_TD30_fi.pdf,https://api.worldskills.org/skillman/documents/3/skills/2421/pdf?l=fi,wsc-2026-shanghai,wsc-2026-shanghai-td.zip,done
WSC2026,WorldSkills Shanghai 2026,TD,30,Beauty Therapy,,fr,WSC2026_TD30_fr.pdf,439560,83d2ebd8aed64eb952de623cb9d8bec30bdb683d756e41aa02aabb3146339ffe,WSC2026/TD/30/fr/WSC2026_TD30_fr.pdf,https://api.worldskills.org/skillman/documents/3/skills/2421/pdf?l=fr,wsc-2026-shanghai,wsc-2026-shanghai-td.zip,done
WSC2026,WorldSkills Shanghai 2026,TD,30,Beauty Therapy,,ja,WSC2026_TD30_ja.pdf,439463,df30ca7da2877b1effbf73dcb7689bf4d202eac74f667f8a0d0725a14e15561b,WSC2026/TD/30/ja/WSC2026_TD30_ja.pdf,https://api.worldskills.org/skillman/documents/3/skills/2421/pdf?l=ja,wsc-2026-shanghai,wsc-2026-shanghai-td.zip,done
WSC2026,WorldSkills Shanghai 2026,TD,30,Beauty Therapy,,ko,WSC2026_TD30_ko.pdf,439476,f6edd019a111a08515deb1582530baad7950c43169d5963d92a3f4c725a00aa5,WSC2026/TD/30/ko/WSC2026_TD30_ko.pdf,https://api.worldskills.org/skillman/documents/3/skills/2421/pdf?l=ko,wsc-2026-shanghai,wsc-2026-shanghai-td.zip,done
WSC2026,WorldSkills Shanghai 2026,TD,30,Beauty Therapy,,pt,WSC2026_TD30_pt.pdf,439451,5b929f30f3779414c06c326f061deb102c6ab83e084c066a98cfb68b862770f0,WSC2026/TD/30/pt/WSC2026_TD30_pt.pdf,https://api.worldskills.org/skillman/documents/3/skills/2421/pdf?l=pt,wsc-2026-shanghai,wsc-2026-shanghai-td.zip,done
WSC2026,WorldSkills Shanghai 2026,TD,30,Beauty Therapy,,ru,WSC2026_TD30_ru.pdf,439445,b1ba7118b10855d34ed29c134413898a21fef4261cab913c7f5da5ec47f4a75d,WSC2026/TD/30/ru/WSC2026_TD30_ru.pdf,https://api.worldskills.org/skillman/documents/3/skills/2421/pdf?l=ru,wsc-2026-shanghai,wsc-2026-shanghai-td.zip,done
WSC2026,WorldSkills Shanghai 2026,TD,30,Beauty Therapy,,zh,WSC2026_TD30_zh.pdf,439471,6fdf2e13f266d89432a72eafabaff238a84ae6977872fb5b8fecca5cf7d4318f,WSC2026/TD/30/zh/WSC2026_TD30_zh.pdf,https://api.worldskills.org/skillman/documents/3/skills/2421/pdf?l=zh,wsc-2026-shanghai,wsc-2026-shanghai-td.zip,done
WSC2026,WorldSkills Shanghai 2026,TD,31,Fashion Technology,,ar,WSC2026_TD31_ar.pdf,439651,b7b424297df1a7192c9c4b1f8ba2fca78f7c416aa31f2d22cd5371052bd644fc,WSC2026/TD/31/ar/WSC2026_TD31_ar.pdf,https://api.worldskills.org/skillman/documents/3/skills/2424/pdf?l=ar,wsc-2026-shanghai,wsc-2026-shanghai-td.zip,done
WSC2026,WorldSkills Shanghai 2026,TD,31,Fashion Technology,,de,WSC2026_TD31_de.pdf,439557,a7ab4781e8f9e8d8a66cd2b955a3bce33072085dc0700c5be9dd1b0980d3787a,WSC2026/TD/31/de/WSC2026_TD31_de.pdf,https://api.worldskills.org/skillman/documents/3/skills/2424/pdf?l=de,wsc-2026-shanghai,wsc-2026-shanghai-td.zip,done
WSC2026,WorldSkills Shanghai 2026,TD,31,Fashion Technology,,en,WSC2026_TD31_en.pdf,1074653,3075f54a10505ec448d590ad3ab44ebf24b271e834f4411b6a8b17dd66736cb1,WSC2026/TD/31/en/WSC2026_TD31_en.pdf,https://api.worldskills.org/skillman/documents/3/skills/2424/pdf?l=en,wsc-2026-shanghai,wsc-2026-shanghai-td.zip,done
WSC2026,WorldSkills Shanghai 2026,TD,31,Fashion Technology,,es,WSC2026_TD31_es.pdf,439635,ab17aae18c2f0aa759449852fa372a6f4e011823ed9c3a2df59ec29e458ed93b,WSC2026/TD/31/es/WSC2026_TD31_es.pdf,https://api.worldskills.org/skillman/documents/3/skills/2424/pdf?l=es,wsc-2026-shanghai,wsc-2026-shanghai-td.zip,done
WSC2026,WorldSkills Shanghai 2026,TD,31,Fashion Technology,,fi,WSC2026_TD31_fi.pdf,439651,bd676a4ef3d24056707797e8aaace400728c4ba5617e2ac23823cfe8df76620e,WSC2026/TD/31/fi/WSC2026_TD31_fi.pdf,https://api.worldskills.org/skillman/documents/3/skills/2424/pdf?l=fi,wsc-2026-shanghai,wsc-2026-shanghai-td.zip,done
WSC2026,WorldSkills Shanghai 2026,TD,31,Fashion Technology,,fr,WSC2026_TD31_fr.pdf,439492,f7794fdfbaa364ab6d8087ae4e30a3a4076391c8112d883fdd7648af31471838,WSC2026/TD/31/fr/WSC2026_TD31_fr.pdf,https://api.worldskills.org/skillman/documents/3/skills/2424/pdf?l=fr,wsc-2026-shanghai,wsc-2026-shanghai-td.zip,done
WSC2026,WorldSkills Shanghai 2026,TD,31,Fashion Technology,,ja,WSC2026_TD31_ja.pdf,439668,e1c19784fa4a8d9baa40a065ef4f238147ba9d9c866fad38eaf84ef8eb46b99c,WSC2026/TD/31/ja/WSC2026_TD31_ja.pdf,https://api.worldskills.org/skillman/documents/3/skills/2424/pdf?l=ja,wsc-2026-shanghai,wsc-2026-shanghai-td.zip,done
WSC2026,WorldSkills Shanghai 2026,TD,31,Fashion Technology,,ko,WSC2026_TD31_ko.pdf,439673,9f75f2cbbed5fed4ab2b2a0d2b1f16dcda0239020d8fd2c4a07ca9eb7c6db0d4,WSC2026/TD/31/ko/WSC2026_TD31_ko.pdf,https://api.worldskills.org/skillman/documents/3/skills/2424/pdf?l=ko,wsc-2026-shanghai,wsc-2026-shanghai-td.zip,done
WSC2026,WorldSkills Shanghai 2026,TD,31,Fashion Technology,,pt,WSC2026_TD31_pt.pdf,439651,8f08aa5c47c5186a2eb31fc5d938bbb33d4654ef62a371c0e6eb5f33e82971cf,WSC2026/TD/31/pt/WSC2026_TD31_pt.pdf,https://api.worldskills.org/skillman/documents/3/skills/2424/pdf?l=pt,wsc-2026-shanghai,wsc-2026-shanghai-td.zip,done
WSC2026,WorldSkills Shanghai 2026,TD,31,Fashion Technology,,ru,WSC2026_TD31_ru.pdf,439647,22defaf493ad7ee4bdc4a0f5311993380df00b1ec3ec4e54a446aeedee70411a,WSC2026/TD/31/ru/WSC2026_TD31_ru.pdf,https://api.worldskills.org/skillman/documents/3/skills/2424/pdf?l=ru,wsc-2026-shanghai,wsc-2026-shanghai-td.zip,done
WSC2026,WorldSkills Shanghai 2026,TD,31,Fashion Technology,,zh,WSC2026_TD31_zh.pdf,439670,9721896a22d871756f31d6d07d83574f48f74ad6438728fa1d1f9b04390f095e,WSC2026/TD/31/zh/WSC2026_TD31_zh.pdf,https://api.worldskills.org/skillman/documents/3/skills/2424/pdf?l=zh,wsc-2026-shanghai,wsc-2026-shanghai-td.zip,done
WSC2026,WorldSkills Shanghai 2026,TD,32,Pâtisserie and Confectionery,,ar,WSC2026_TD32_ar.pdf,439802,4fcdd9d5323168370e5ec27ad298e9b0350cf71d6ca362b8498fcf80d3109bbf,WSC2026/TD/32/ar/WSC2026_TD32_ar.pdf,https://api.worldskills.org/skillman/documents/3/skills/2418/pdf?l=ar,wsc-2026-shanghai,wsc-2026-shanghai-td.zip,done
WSC2026,WorldSkills Shanghai 2026,TD,32,Pâtisserie and Confectionery,,de,WSC2026_TD32_de.pdf,439259,c632d68baec2c39f0203795f18f4a69abbaeabb949d11b34119f739bd5b81542,WSC2026/TD/32/de/WSC2026_TD32_de.pdf,https://api.worldskills.org/skillman/documents/3/skills/2418/pdf?l=de,wsc-2026-shanghai,wsc-2026-shanghai-td.zip,done
WSC2026,WorldSkills Shanghai 2026,TD,32,Pâtisserie and Confectionery,,en,WSC2026_TD32_en.pdf,1077584,1f2971fe4cd17eed9a5c2c26c176c8c4a900238fff03e9fcded7de2956f05329,WSC2026/TD/32/en/WSC2026_TD32_en.pdf,https://api.worldskills.org/skillman/documents/3/skills/2418/pdf?l=en,wsc-2026-shanghai,wsc-2026-shanghai-td.zip,done
WSC2026,WorldSkills Shanghai 2026,TD,32,Pâtisserie and Confectionery,,es,WSC2026_TD32_es.pdf,439786,0be670dfc954b709958907bc553e3b0712ecc94893f176e7b7b062b52dbc3ac7,WSC2026/TD/32/es/WSC2026_TD32_es.pdf,https://api.worldskills.org/skillman/documents/3/skills/2418/pdf?l=es,wsc-2026-shanghai,wsc-2026-shanghai-td.zip,done
WSC2026,WorldSkills Shanghai 2026,TD,32,Pâtisserie and Confectionery,,fi,WSC2026_TD32_fi.pdf,439801,15687a636a68b150689073b7f1231e077ae59ce15b2b0113890ec7d1479fbc11,WSC2026/TD/32/fi/WSC2026_TD32_fi.pdf,https://api.worldskills.org/skillman/documents/3/skills/2418/pdf?l=fi,wsc-2026-shanghai,wsc-2026-shanghai-td.zip,done
WSC2026,WorldSkills Shanghai 2026,TD,32,Pâtisserie and Confectionery,,fr,WSC2026_TD32_fr.pdf,439662,9e430d6f6781f63537a510125486c16a94af56c11d62d96abd233d043a38e0dd,WSC2026/TD/32/fr/WSC2026_TD32_fr.pdf,https://api.worldskills.org/skillman/documents/3/skills/2418/pdf?l=fr,wsc-2026-shanghai,wsc-2026-shanghai-td.zip,done
WSC2026,WorldSkills Shanghai 2026,TD,32,Pâtisserie and Confectionery,,ja,WSC2026_TD32_ja.pdf,439815,253e2ff803cdf27b6b313a1060396e7059f6f121022183ff25b7b44a15032332,WSC2026/TD/32/ja/WSC2026_TD32_ja.pdf,https://api.worldskills.org/skillman/documents/3/skills/2418/pdf?l=ja,wsc-2026-shanghai,wsc-2026-shanghai-td.zip,done
WSC2026,WorldSkills Shanghai 2026,TD,32,Pâtisserie and Confectionery,,ko,WSC2026_TD32_ko.pdf,439821,add16cbdbfe2cdb59808eda5bd474415183882331728755e05fed46df86cc8f8,WSC2026/TD/32/ko/WSC2026_TD32_ko.pdf,https://api.worldskills.org/skillman/documents/3/skills/2418/pdf?l=ko,wsc-2026-shanghai,wsc-2026-shanghai-td.zip,done
WSC2026,WorldSkills Shanghai 2026,TD,32,Pâtisserie and Confectionery,,pt,WSC2026_TD32_pt.pdf,439801,fe579635c05af6ff22fe577764b7bf020e10fa487ee318c7b6b62f39f477268e,WSC2026/TD/32/pt/WSC2026_TD32_pt.pdf,https://api.worldskills.org/skillman/documents/3/skills/2418/pdf?l=pt,wsc-2026-shanghai,wsc-2026-shanghai-td.zip,done
WSC2026,WorldSkills Shanghai 2026,TD,32,Pâtisserie and Confectionery,,ru,WSC2026_TD32_ru.pdf,439786,fdfd2768b76b4ec636a8d271f173684965a634d517d2ac8c9445cabe1d31714c,WSC2026/TD/32/ru/WSC2026_TD32_ru.pdf,https://api.worldskills.org/skillman/documents/3/skills/2418/pdf?l=ru,wsc-2026-shanghai,wsc-2026-shanghai-td.zip,done
WSC2026,WorldSkills Shanghai 2026,TD,32,Pâtisserie and Confectionery,,zh,WSC2026_TD32_zh.pdf,439822,9d2d6183cfc3cc0cc5b303d8a56ac5589795fe37036ead802e3860a41e0c6edf,WSC2026/TD/32/zh/WSC2026_TD32_zh.pdf,https://api.worldskills.org/skillman/documents/3/skills/2418/pdf?l=zh,wsc-2026-shanghai,wsc-2026-shanghai-td.zip,done
WSC2026,WorldSkills Shanghai 2026,TD,33,Automobile Technology,,ar,WSC2026_TD33_ar.pdf,439715,cd0b2bd941c1edb734847f3dc8c803c0994b926ad32e7cc496ef5f875b103eb4,WSC2026/TD/33/ar/WSC2026_TD33_ar.pdf,https://api.worldskills.org/skillman/documents/3/skills/2459/pdf?l=ar,wsc-2026-shanghai,wsc-2026-shanghai-td.zip,done
WSC2026,WorldSkills Shanghai 2026,TD,33,Automobile Technology,,de,WSC2026_TD33_de.pdf,439446,e6b3caba8bf78ce8b1dda6b01423a3a437dc085710d01834e40f22d8bc7412de,WSC2026/TD/33/de/WSC2026_TD33_de.pdf,https://api.worldskills.org/skillman/documents/3/skills/2459/pdf?l=de,wsc-2026-shanghai,wsc-2026-shanghai-td.zip,done
WSC2026,WorldSkills Shanghai 2026,TD,33,Automobile Technology,,en,WSC2026_TD33_en.pdf,658469,4577b2abf3d654e07b4331b6174a4c411e26aae347035e6a3525335660660e06,WSC2026/TD/33/en/WSC2026_TD33_en.pdf,https://api.worldskills.org/skillman/documents/3/skills/2459/pdf?l=en,wsc-2026-shanghai,wsc-2026-shanghai-td.zip,done
WSC2026,WorldSkills Shanghai 2026,TD,33,Automobile Technology,,es,WSC2026_TD33_es.pdf,439701,fcc8d32b967a9820ce954063d9095a0b1a6cd627f1087dafd0e4f2f0cbd8300a,WSC2026/TD/33/es/WSC2026_TD33_es.pdf,https://api.worldskills.org/skillman/documents/3/skills/2459/pdf?l=es,wsc-2026-shanghai,wsc-2026-shanghai-td.zip,done
WSC2026,WorldSkills Shanghai 2026,TD,33,Automobile Technology,,fi,WSC2026_TD33_fi.pdf,439716,4c3ad21ba0941464d699c621b16a9dd2f80883444fe609e4ca45a0d4ed3f9ce4,WSC2026/TD/33/fi/WSC2026_TD33_fi.pdf,https://api.worldskills.org/skillman/documents/3/skills/2459/pdf?l=fi,wsc-2026-shanghai,wsc-2026-shanghai-td.zip,done
WSC2026,WorldSkills Shanghai 2026,TD,33,Automobile Technology,,fr,WSC2026_TD33_fr.pdf,439673,0fe5d86ff1d574ac048928b0cb49b8ba993bf64b9f24eda6559a6e66253b6d94,WSC2026/TD/33/fr/WSC2026_TD33_fr.pdf,https://api.worldskills.org/skillman/documents/3/skills/2459/pdf?l=fr,wsc-2026-shanghai,wsc-2026-shanghai-td.zip,done
WSC2026,WorldSkills Shanghai 2026,TD,33,Automobile Technology,,ja,WSC2026_TD33_ja.pdf,439735,f6fc2f9a74729587686b8999d28c5c52f307efbfb469589189a52f037800c6c7,WSC2026/TD/33/ja/WSC2026_TD33_ja.pdf,https://api.worldskills.org/skillman/documents/3/skills/2459/pdf?l=ja,wsc-2026-shanghai,wsc-2026-shanghai-td.zip,done
WSC2026,WorldSkills Shanghai 2026,TD,33,Automobile Technology,,ko,WSC2026_TD33_ko.pdf,439739,50f548a27293a79669f30c6222c7b150d21c7dd8d0cab3105da5d52237afb68e,WSC2026/TD/33/ko/WSC2026_TD33_ko.pdf,https://api.worldskills.org/skillman/documents/3/skills/2459/pdf?l=ko,wsc-2026-shanghai,wsc-2026-shanghai-td.zip,done
WSC2026,WorldSkills Shanghai 2026,TD,33,Automobile Technology,,pt,WSC2026_TD33_pt.pdf,439715,0c4815df76db7261377596fca465cf14669c8a5d012c199c88489cade4510987,WSC2026/TD/33/pt/WSC2026_TD33_pt.pdf,https://api.worldskills.org/skillman/documents/3/skills/2459/pdf?l=pt,wsc-2026-shanghai,wsc-2026-shanghai-td.zip,done
WSC2026,WorldSkills Shanghai 2026,TD,33,Automobile Technology,,ru,WSC2026_TD33_ru.pdf,439707,af3f52c5c3ce606325f2b3c295d98584f61f0e52d4c710969a2f5b84baa5b03c,WSC2026/TD/33/ru/WSC2026_TD33_ru.pdf,https://api.worldskills.org/skillman/documents/3/skills/2459/pdf?l=ru,wsc-2026-shanghai,wsc-2026-shanghai-td.zip,done
WSC2026,WorldSkills Shanghai 2026,TD,33,Automobile Technology,,zh,WSC2026_TD33_zh.pdf,439736,e7d676f019992866dc75e94b96b0424b5b5e0c5c36f447e84c3d954880617acb,WSC2026/TD/33/zh/WSC2026_TD33_zh.pdf,https://api.worldskills.org/skillman/documents/3/skills/2459/pdf?l=zh,wsc-2026-shanghai,wsc-2026-shanghai-td.zip,done
WSC2026,WorldSkills Shanghai 2026,TD,34,Cooking,,ar,WSC2026_TD34_ar.pdf,439083,201ef9257ea27bdb0851290de69c6181424b9d588bc06c9c70e292cc6cbc806d,WSC2026/TD/34/ar/WSC2026_TD34_ar.pdf,https://api.worldskills.org/skillman/documents/3/skills/2457/pdf?l=ar,wsc-2026-shanghai,wsc-2026-shanghai-td.zip,done
WSC2026,WorldSkills Shanghai 2026,TD,34,Cooking,,de,WSC2026_TD34_de.pdf,439530,86c19b69dd93b994801181d0a8a391ce8f33badf7856547fea40af07d6e4d654,WSC2026/TD/34/de/WSC2026_TD34_de.pdf,https://api.worldskills.org/skillman/documents/3/skills/2457/pdf?l=de,wsc-2026-shanghai,wsc-2026-shanghai-td.zip,done
WSC2026,WorldSkills Shanghai 2026,TD,34,Cooking,,en,WSC2026_TD34_en.pdf,1111470,4071ba5f5204b3de9543da0b4a834f05dd63502bbcdddef2e00c5a134caf33f9,WSC2026/TD/34/en/WSC2026_TD34_en.pdf,https://api.worldskills.org/skillman/documents/3/skills/2457/pdf?l=en,wsc-2026-shanghai,wsc-2026-shanghai-td.zip,done
WSC2026,WorldSkills Shanghai 2026,TD,34,Cooking,,es,WSC2026_TD34_es.pdf,439055,37d761f82846dd8595a10984e3620756f6f9b3e3ce0783eeadb8529cd816ca81,WSC2026/TD/34/es/WSC2026_TD34_es.pdf,https://api.worldskills.org/skillman/documents/3/skills/2457/pdf?l=es,wsc-2026-shanghai,wsc-2026-shanghai-td.zip,done
WSC2026,WorldSkills Shanghai 2026,TD,34,Cooking,,fi,WSC2026_TD34_fi.pdf,439081,e0748d5a3f5f00c60d062fe0c9849ac0d294b670a10c1641203c7e08bee9114e,WSC2026/TD/34/fi/WSC2026_TD34_fi.pdf,https://api.worldskills.org/skillman/documents/3/skills/2457/pdf?l=fi,wsc-2026-shanghai,wsc-2026-shanghai-td.zip,done
WSC2026,WorldSkills Shanghai 2026,TD,34,Cooking,,fr,WSC2026_TD34_fr.pdf,439085,6edfec25d1c6b4add57e23ba08245fbf5d854918453deec2950d0b709250fd09,WSC2026/TD/34/fr/WSC2026_TD34_fr.pdf,https://api.worldskills.org/skillman/documents/3/skills/2457/pdf?l=fr,wsc-2026-shanghai,wsc-2026-shanghai-td.zip,done
WSC2026,WorldSkills Shanghai 2026,TD,34,Cooking,,ja,WSC2026_TD34_ja.pdf,439091,f05f5503c0367c4b0e236b153eba3686e735afb6560bff15ce82de4712f0f144,WSC2026/TD/34/ja/WSC2026_TD34_ja.pdf,https://api.worldskills.org/skillman/documents/3/skills/2457/pdf?l=ja,wsc-2026-shanghai,wsc-2026-shanghai-td.zip,done
WSC2026,WorldSkills Shanghai 2026,TD,34,Cooking,,ko,WSC2026_TD34_ko.pdf,439095,0b4d47498a40072888b2be40bdcc0f0f72a5f5480199ee1c07f92d96d34628c9,WSC2026/TD/34/ko/WSC2026_TD34_ko.pdf,https://api.worldskills.org/skillman/documents/3/skills/2457/pdf?l=ko,wsc-2026-shanghai,wsc-2026-shanghai-td.zip,done
WSC2026,WorldSkills Shanghai 2026,TD,34,Cooking,,pt,WSC2026_TD34_pt.pdf,439080,374dc23ced54b1a884ee0deeaf4ad72399e077a1b421b70b1d046f72f1df5b6e,WSC2026/TD/34/pt/WSC2026_TD34_pt.pdf,https://api.worldskills.org/skillman/documents/3/skills/2457/pdf?l=pt,wsc-2026-shanghai,wsc-2026-shanghai-td.zip,done
WSC2026,WorldSkills Shanghai 2026,TD,34,Cooking,,ru,WSC2026_TD34_ru.pdf,439078,4a076afd2cc4026de1d7304f6680fab4608ab57346ac5c6cac6a7eb39ce62173,WSC2026/TD/34/ru/WSC2026_TD34_ru.pdf,https://api.worldskills.org/skillman/documents/3/skills/2457/pdf?l=ru,wsc-2026-shanghai,wsc-2026-shanghai-td.zip,done
WSC2026,WorldSkills Shanghai 2026,TD,34,Cooking,,zh,WSC2026_TD34_zh.pdf,439097,51f7ded72e2b3f6637085ad129898c6a5b2fe7fc9127bacb167bae52b8c0b2e2,WSC2026/TD/34/zh/WSC2026_TD34_zh.pdf,https://api.worldskills.org/skillman/documents/3/skills/2457/pdf?l=zh,wsc-2026-shanghai,wsc-2026-shanghai-td.zip,done
WSC2026,WorldSkills Shanghai 2026,TD,35,Restaurant Service,,ar,WSC2026_TD35_ar.pdf,439381,cdfa2b809a95449bf8a593c3885eadba7689aec21c3f1b620d345fb394fd22fd,WSC2026/TD/35/ar/WSC2026_TD35_ar.pdf,https://api.worldskills.org/skillman/documents/3/skills/2432/pdf?l=ar,wsc-2026-shanghai,wsc-2026-shanghai-td.zip,done
WSC2026,WorldSkills Shanghai 2026,TD,35,Restaurant Service,,de,WSC2026_TD35_de.pdf,439377,6c921bdbb2112124eac5796e9b446c8509e1d1ab582f15f3e497936053cb851d,WSC2026/TD/35/de/WSC2026_TD35_de.pdf,https://api.worldskills.org/skillman/documents/3/skills/2432/pdf?l=de,wsc-2026-shanghai,wsc-2026-shanghai-td.zip,done
WSC2026,WorldSkills Shanghai 2026,TD,35,Restaurant Service,,en,WSC2026_TD35_en.pdf,1121121,98c7ae89c77685cf4b732a2e5a73c00660ea7d4691e0ac300f242787ae91d801,WSC2026/TD/35/en/WSC2026_TD35_en.pdf,https://api.worldskills.org/skillman/documents/3/skills/2432/pdf?l=en,wsc-2026-shanghai,wsc-2026-shanghai-td.zip,done
WSC2026,WorldSkills Shanghai 2026,TD,35,Restaurant Service,,es,WSC2026_TD35_es.pdf,439366,6115aa542fae800afb44b87230b052dbaa19f450a20f17763376d95405abfbd9,WSC2026/TD/35/es/WSC2026_TD35_es.pdf,https://api.worldskills.org/skillman/documents/3/skills/2432/pdf?l=es,wsc-2026-shanghai,wsc-2026-shanghai-td.zip,done
WSC2026,WorldSkills Shanghai 2026,TD,35,Restaurant Service,,fi,WSC2026_TD35_fi.pdf,439395,ce0b52c6b33f150b6eeb6c7cff0e6c0dd6872ef5335b0ce930461da68275b457,WSC2026/TD/35/fi/WSC2026_TD35_fi.pdf,https://api.worldskills.org/skillman/documents/3/skills/2432/pdf?l=fi,wsc-2026-shanghai,wsc-2026-shanghai-td.zip,done
WSC2026,WorldSkills Shanghai 2026,TD,35,Restaurant Service,,fr,WSC2026_TD35_fr.pdf,439396,41cb610658179d8ba81b3b566cf61565ec423bf79eb48052f6f1567e9911a88b,WSC2026/TD/35/fr/WSC2026_TD35_fr.pdf,https://api.worldskills.org/skillman/documents/3/skills/2432/pdf?l=fr,wsc-2026-shanghai,wsc-2026-shanghai-td.zip,done
WSC2026,WorldSkills Shanghai 2026,TD,35,Restaurant Service,,ja,WSC2026_TD35_ja.pdf,439405,2f8e0fa8846a42a0c24ab555e235c29a675aaa98f0368a306f36e31fdd92eca9,WSC2026/TD/35/ja/WSC2026_TD35_ja.pdf,https://api.worldskills.org/skillman/documents/3/skills/2432/pdf?l=ja,wsc-2026-shanghai,wsc-2026-shanghai-td.zip,done
WSC2026,WorldSkills Shanghai 2026,TD,35,Restaurant Service,,ko,WSC2026_TD35_ko.pdf,439408,4fd9521b186a05d062a658937821b163b6499b36a386a52e11d0c9a9bd2bf8e7,WSC2026/TD/35/ko/WSC2026_TD35_ko.pdf,https://api.worldskills.org/skillman/documents/3/skills/2432/pdf?l=ko,wsc-2026-shanghai,wsc-2026-shanghai-td.zip,done
WSC2026,WorldSkills Shanghai 2026,TD,35,Restaurant Service,,pt,WSC2026_TD35_pt.pdf,439390,3254b27c9923638e4e04b62b249b8d9ef23603a4b582455ee19de6d973f33875,WSC2026/TD/35/pt/WSC2026_TD35_pt.pdf,https://api.worldskills.org/skillman/documents/3/skills/2432/pdf?l=pt,wsc-2026-shanghai,wsc-2026-shanghai-td.zip,done
WSC2026,WorldSkills Shanghai 2026,TD,35,Restaurant Service,,ru,WSC2026_TD35_ru.pdf,439387,ce500ea7d6d8c84e4426f5a672056580a6ff45a0c11cefaaaa6a0f970433073a,WSC2026/TD/35/ru/WSC2026_TD35_ru.pdf,https://api.worldskills.org/skillman/documents/3/skills/2432/pdf?l=ru,wsc-2026-shanghai,wsc-2026-shanghai-td.zip,done
WSC2026,WorldSkills Shanghai 2026,TD,35,Restaurant Service,,zh,WSC2026_TD35_zh.pdf,439416,7310fe7f0a747c535c88154d00ff13107c8d69039fa6ab265a32991370654e86,WSC2026/TD/35/zh/WSC2026_TD35_zh.pdf,https://api.worldskills.org/skillman/documents/3/skills/2432/pdf?l=zh,wsc-2026-shanghai,wsc-2026-shanghai-td.zip,done
WSC2026,WorldSkills Shanghai 2026,TD,36,Car Painting,,ar,WSC2026_TD36_ar.pdf,439415,0523d1640d5a61c75c036e230ff445680781d7a3ab8b07adb2c92d01fc721e36,WSC2026/TD/36/ar/WSC2026_TD36_ar.pdf,https://api.worldskills.org/skillman/documents/3/skills/2438/pdf?l=ar,wsc-2026-shanghai,wsc-2026-shanghai-td.zip,done
WSC2026,WorldSkills Shanghai 2026,TD,36,Car Painting,,de,WSC2026_TD36_de.pdf,439522,2dfbc17a4e2feb500f05531aed6ed3e343224bbe0a28491fa7ad440fbe537d06,WSC2026/TD/36/de/WSC2026_TD36_de.pdf,https://api.worldskills.org/skillman/documents/3/skills/2438/pdf?l=de,wsc-2026-shanghai,wsc-2026-shanghai-td.zip,done
WSC2026,WorldSkills Shanghai 2026,TD,36,Car Painting,,en,WSC2026_TD36_en.pdf,687870,7bad85ae72164388a85b8ccaa49611f691285d0618d139cc28f3fc8709e1da55,WSC2026/TD/36/en/WSC2026_TD36_en.pdf,https://api.worldskills.org/skillman/documents/3/skills/2438/pdf?l=en,wsc-2026-shanghai,wsc-2026-shanghai-td.zip,done
WSC2026,WorldSkills Shanghai 2026,TD,36,Car Painting,,es,WSC2026_TD36_es.pdf,439401,5540cd6dda069c3d86dee46107cb0b308242930cfa81fbc745896cbde2b7f41c,WSC2026/TD/36/es/WSC2026_TD36_es.pdf,https://api.worldskills.org/skillman/documents/3/skills/2438/pdf?l=es,wsc-2026-shanghai,wsc-2026-shanghai-td.zip,done
WSC2026,WorldSkills Shanghai 2026,TD,36,Car Painting,,fi,WSC2026_TD36_fi.pdf,439422,a98af7d264e76bf0160072dcd7ac74fc8e7ef963ec8ad01afc67a0331a93b8ec,WSC2026/TD/36/fi/WSC2026_TD36_fi.pdf,https://api.worldskills.org/skillman/documents/3/skills/2438/pdf?l=fi,wsc-2026-shanghai,wsc-2026-shanghai-td.zip,done
WSC2026,WorldSkills Shanghai 2026,TD,36,Car Painting,,fr,WSC2026_TD36_fr.pdf,439578,5b03aee359ea45e9ee8f6d20f5aaac320f85e803b54416ccd4da0e5bf51cf9d1,WSC2026/TD/36/fr/WSC2026_TD36_fr.pdf,https://api.worldskills.org/skillman/documents/3/skills/2438/pdf?l=fr,wsc-2026-shanghai,wsc-2026-shanghai-td.zip,done
WSC2026,WorldSkills Shanghai 2026,TD,36,Car Painting,,ja,WSC2026_TD36_ja.pdf,439448,95a2a6a9780a49de962f9247f78f6b66155a8652b12b50f07dd463c724fbf04e,WSC2026/TD/36/ja/WSC2026_TD36_ja.pdf,https://api.worldskills.org/skillman/documents/3/skills/2438/pdf?l=ja,wsc-2026-shanghai,wsc-2026-shanghai-td.zip,done
WSC2026,WorldSkills Shanghai 2026,TD,36,Car Painting,,ko,WSC2026_TD36_ko.pdf,439444,0111a30b133f4a680ba6f86ebe9bbf9c7f1ccf982f386960e9b6493a2538de70,WSC2026/TD/36/ko/WSC2026_TD36_ko.pdf,https://api.worldskills.org/skillman/documents/3/skills/2438/pdf?l=ko,wsc-2026-shanghai,wsc-2026-shanghai-td.zip,done
WSC2026,WorldSkills Shanghai 2026,TD,36,Car Painting,,pt,WSC2026_TD36_pt.pdf,439428,022b1d3dffb295cf827ec8d7fc71f92457feb6e278bf3029b8f18b66473a22a4,WSC2026/TD/36/pt/WSC2026_TD36_pt.pdf,https://api.worldskills.org/skillman/documents/3/skills/2438/pdf?l=pt,wsc-2026-shanghai,wsc-2026-shanghai-td.zip,done
WSC2026,WorldSkills Shanghai 2026,TD,36,Car Painting,,ru,WSC2026_TD36_ru.pdf,439424,c7606f31b0ae6fa2285b5b308a92a479a45b249566fd7aac2bb05cf82db03dbe,WSC2026/TD/36/ru/WSC2026_TD36_ru.pdf,https://api.worldskills.org/skillman/documents/3/skills/2438/pdf?l=ru,wsc-2026-shanghai,wsc-2026-shanghai-td.zip,done
WSC2026,WorldSkills Shanghai 2026,TD,36,Car Painting,,zh,WSC2026_TD36_zh.pdf,439451,6f788ad56e314e2f7a73cfe5861781ac41f0072d9174fcb5f44272d9c49bb10b,WSC2026/TD/36/zh/WSC2026_TD36_zh.pdf,https://api.worldskills.org/skillman/documents/3/skills/2438/pdf?l=zh,wsc-2026-shanghai,wsc-2026-shanghai-td.zip,done
WSC2026,WorldSkills Shanghai 2026,TD,37,Landscape Gardening,,ar,WSC2026_TD37_ar.pdf,439584,16721b973f6a56de1d6aa9b81a745cf6b3670b068979dc498a66638a33de98c0,WSC2026/TD/37/ar/WSC2026_TD37_ar.pdf,https://api.worldskills.org/skillman/documents/3/skills/2449/pdf?l=ar,wsc-2026-shanghai,wsc-2026-shanghai-td.zip,done
WSC2026,WorldSkills Shanghai 2026,TD,37,Landscape Gardening,,de,WSC2026_TD37_de.pdf,439934,95e910f4c5b316bad470a08081cbf25a46b5c55ffce2d565de72f749b7760cd1,WSC2026/TD/37/de/WSC2026_TD37_de.pdf,https://api.worldskills.org/skillman/documents/3/skills/2449/pdf?l=de,wsc-2026-shanghai,wsc-2026-shanghai-td.zip,done
WSC2026,WorldSkills Shanghai 2026,TD,37,Landscape Gardening,,en,WSC2026_TD37_en.pdf,720043,0aa8337940fa188f7237802afd653bb9b310c80d97a6c459ac73618a5394095a,WSC2026/TD/37/en/WSC2026_TD37_en.pdf,https://api.worldskills.org/skillman/documents/3/skills/2449/pdf?l=en,wsc-2026-shanghai,wsc-2026-shanghai-td.zip,done
WSC2026,WorldSkills Shanghai 2026,TD,37,Landscape Gardening,,es,WSC2026_TD37_es.pdf,439572,cecdceec782c46c9df0cb046cb25fa6275cc853f607df1f44a705a68ce1771b5,WSC2026/TD/37/es/WSC2026_TD37_es.pdf,https://api.worldskills.org/skillman/documents/3/skills/2449/pdf?l=es,wsc-2026-shanghai,wsc-2026-shanghai-td.zip,done
WSC2026,WorldSkills Shanghai 2026,TD,37,Landscape Gardening,,fi,WSC2026_TD37_fi.pdf,439588,818e89a72da4b845bc4dfde629ddc9dafbd9c2671c54fe4bb2b2b31cc0d676e8,WSC2026/TD/37/fi/WSC2026_TD37_fi.pdf,https://api.worldskills.org/skillman/documents/3/skills/2449/pdf?l=fi,wsc-2026-shanghai,wsc-2026-shanghai-td.zip,done
WSC2026,WorldSkills Shanghai 2026,TD,37,Landscape Gardening,,fr,WSC2026_TD37_fr.pdf,439704,a80f6bea8870502929af185222f73ec9d052cc09c239ebb1bd5f340ef4b92999,WSC2026/TD/37/fr/WSC2026_TD37_fr.pdf,https://api.worldskills.org/skillman/documents/3/skills/2449/pdf?l=fr,wsc-2026-shanghai,wsc-2026-shanghai-td.zip,done
WSC2026,WorldSkills Shanghai 2026,TD,37,Landscape Gardening,,ja,WSC2026_TD37_ja.pdf,439613,36f5a304b2c812dec3ba5d858fe25f3f7c6de11f6419deb0b2e4307c4959622b,WSC2026/TD/37/ja/WSC2026_TD37_ja.pdf,https://api.worldskills.org/skillman/documents/3/skills/2449/pdf?l=ja,wsc-2026-shanghai,wsc-2026-shanghai-td.zip,done
WSC2026,WorldSkills Shanghai 2026,TD,37,Landscape Gardening,,ko,WSC2026_TD37_ko.pdf,439610,5b6696439f661d10f042aabe5cc5db879e5ead67c4de14a55de2b80d61805f35,WSC2026/TD/37/ko/WSC2026_TD37_ko.pdf,https://api.worldskills.org/skillman/documents/3/skills/2449/pdf?l=ko,wsc-2026-shanghai,wsc-2026-shanghai-td.zip,done
WSC2026,WorldSkills Shanghai 2026,TD,37,Landscape Gardening,,pt,WSC2026_TD37_pt.pdf,439591,db4442f764ef897a7d49cbef7107e1104acf8f7db9831b193479e4719018604f,WSC2026/TD/37/pt/WSC2026_TD37_pt.pdf,https://api.worldskills.org/skillman/documents/3/skills/2449/pdf?l=pt,wsc-2026-shanghai,wsc-2026-shanghai-td.zip,done
WSC2026,WorldSkills Shanghai 2026,TD,37,Landscape Gardening,,ru,WSC2026_TD37_ru.pdf,439593,60dda2f61259e0e6f8594b6519618c1d36baea135108425c812d0afd2fa7a8bb,WSC2026/TD/37/ru/WSC2026_TD37_ru.pdf,https://api.worldskills.org/skillman/documents/3/skills/2449/pdf?l=ru,wsc-2026-shanghai,wsc-2026-shanghai-td.zip,done
WSC2026,WorldSkills Shanghai 2026,TD,37,Landscape Gardening,,zh,WSC2026_TD37_zh.pdf,439607,85584ae356f3f93ffd7781f1a718447da736e626ccbfee456c823283ae8a87ae,WSC2026/TD/37/zh/WSC2026_TD37_zh.pdf,https://api.worldskills.org/skillman/documents/3/skills/2449/pdf?l=zh,wsc-2026-shanghai,wsc-2026-shanghai-td.zip,done
WSC2026,WorldSkills Shanghai 2026,TD,38,Refrigeration and Air Conditioning,,ar,WSC2026_TD38_ar.pdf,440037,bde12c91362d27d5554321de8a44e966d6aa1b60d00a7d7c1e1c794cdec52d4c,WSC2026/TD/38/ar/WSC2026_TD38_ar.pdf,https://api.worldskills.org/skillman/documents/3/skills/2415/pdf?l=ar,wsc-2026-shanghai,wsc-2026-shanghai-td.zip,done
WSC2026,WorldSkills Shanghai 2026,TD,38,Refrigeration and Air Conditioning,,de,WSC2026_TD38_de.pdf,440088,16318ad2646d9c5ed048a051e383ae3d06f44526940708b7a6f68dfe4744593a,WSC2026/TD/38/de/WSC2026_TD38_de.pdf,https://api.worldskills.org/skillman/documents/3/skills/2415/pdf?l=de,wsc-2026-shanghai,wsc-2026-shanghai-td.zip,done
WSC2026,WorldSkills Shanghai 2026,TD,38,Refrigeration and Air Conditioning,,en,WSC2026_TD38_en.pdf,914732,0d62b19bbfb0aecc64fd461b5a1d11ab0658a976781b544787f1498862d92676,WSC2026/TD/38/en/WSC2026_TD38_en.pdf,https://api.worldskills.org/skillman/documents/3/skills/2415/pdf?l=en,wsc-2026-shanghai,wsc-2026-shanghai-td.zip,done
WSC2026,WorldSkills Shanghai 2026,TD,38,Refrigeration and Air Conditioning,,es,WSC2026_TD38_es.pdf,440023,6774fbae061dc7eccfe8e736cf49ea806895f74c6b4285c5729201178832668e,WSC2026/TD/38/es/WSC2026_TD38_es.pdf,https://api.worldskills.org/skillman/documents/3/skills/2415/pdf?l=es,wsc-2026-shanghai,wsc-2026-shanghai-td.zip,done
WSC2026,WorldSkills Shanghai 2026,TD,38,Refrigeration and Air Conditioning,,fi,WSC2026_TD38_fi.pdf,440042,a31cd3f3ae7cfe07e36a411c91a4a7df533f54597923b1792d3e0de1eada509b,WSC2026/TD/38/fi/WSC2026_TD38_fi.pdf,https://api.worldskills.org/skillman/documents/3/skills/2415/pdf?l=fi,wsc-2026-shanghai,wsc-2026-shanghai-td.zip,done
WSC2026,WorldSkills Shanghai 2026,TD,38,Refrigeration and Air Conditioning,,fr,WSC2026_TD38_fr.pdf,439951,75043605566a852b3f60f42a7a3c6e09d3719f8ce77a7f600a2b9df93774dc20,WSC2026/TD/38/fr/WSC2026_TD38_fr.pdf,https://api.worldskills.org/skillman/documents/3/skills/2415/pdf?l=fr,wsc-2026-shanghai,wsc-2026-shanghai-td.zip,done
WSC2026,WorldSkills Shanghai 2026,TD,38,Refrigeration and Air Conditioning,,ja,WSC2026_TD38_ja.pdf,440058,df5abdc6481d9952beccc69a82d453879d36a58bf65a30d5ebe96a9c14340363,WSC2026/TD/38/ja/WSC2026_TD38_ja.pdf,https://api.worldskills.org/skillman/documents/3/skills/2415/pdf?l=ja,wsc-2026-shanghai,wsc-2026-shanghai-td.zip,done
WSC2026,WorldSkills Shanghai 2026,TD,38,Refrigeration and Air Conditioning,,ko,WSC2026_TD38_ko.pdf,440061,09723e299b20f2cbe54ce33063277145f9c2d5aaf542789b9f77be3a9528d9fd,WSC2026/TD/38/ko/WSC2026_TD38_ko.pdf,https://api.worldskills.org/skillman/documents/3/skills/2415/pdf?l=ko,wsc-2026-shanghai,wsc-2026-shanghai-td.zip,done
WSC2026,WorldSkills Shanghai 2026,TD,38,Refrigeration and Air Conditioning,,pt,WSC2026_TD38_pt.pdf,440039,aa1b1fe997aa9661c8a576a9d04c32bcdc6e563d2d5e3a1ae13df6f3f6270b89,WSC2026/TD/38/pt/WSC2026_TD38_pt.pdf,https://api.worldskills.org/skillman/documents/3/skills/2415/pdf?l=pt,wsc-2026-shanghai,wsc-2026-shanghai-td.zip,done
WSC2026,WorldSkills Shanghai 2026,TD,38,Refrigeration and Air Conditioning,,ru,WSC2026_TD38_ru.pdf,440047,d87f4bf6876076a976a3319b168b71829b3e54982029fdddefe1050457cd89fe,WSC2026/TD/38/ru/WSC2026_TD38_ru.pdf,https://api.worldskills.org/skillman/documents/3/skills/2415/pdf?l=ru,wsc-2026-shanghai,wsc-2026-shanghai-td.zip,done
WSC2026,WorldSkills Shanghai 2026,TD,38,Refrigeration and Air Conditioning,,zh,WSC2026_TD38_zh.pdf,440061,8804add13f01642b2b4a680ce3c3fa13739013c2d7ee16f3b0dddd64881704af,WSC2026/TD/38/zh/WSC2026_TD38_zh.pdf,https://api.worldskills.org/skillman/documents/3/skills/2415/pdf?l=zh,wsc-2026-shanghai,wsc-2026-shanghai-td.zip,done
WSC2026,WorldSkills Shanghai 2026,TD,39,IT Network Systems Administration,,ar,WSC2026_TD39_ar.pdf,439901,fa56c851a04c5efc59b95561deb0f3266f30006d5d3bdaf0a84a73ca733c8afd,WSC2026/TD/39/ar/WSC2026_TD39_ar.pdf,https://api.worldskills.org/skillman/documents/3/skills/2447/pdf?l=ar,wsc-2026-shanghai,wsc-2026-shanghai-td.zip,done
WSC2026,WorldSkills Shanghai 2026,TD,39,IT Network Systems Administration,,de,WSC2026_TD39_de.pdf,440077,66a3105c4497d589d9f846cf31326a4f0bb19dc6591f5be40f2e31c46faa50af,WSC2026/TD/39/de/WSC2026_TD39_de.pdf,https://api.worldskills.org/skillman/documents/3/skills/2447/pdf?l=de,wsc-2026-shanghai,wsc-2026-shanghai-td.zip,done
WSC2026,WorldSkills Shanghai 2026,TD,39,IT Network Systems Administration,,en,WSC2026_TD39_en.pdf,821332,6ef003cbcf22ab80b9c00318c1e618236706bc040c2e0dbadc27053fe2480005,WSC2026/TD/39/en/WSC2026_TD39_en.pdf,https://api.worldskills.org/skillman/documents/3/skills/2447/pdf?l=en,wsc-2026-shanghai,wsc-2026-shanghai-td.zip,done
WSC2026,WorldSkills Shanghai 2026,TD,39,IT Network Systems Administration,,es,WSC2026_TD39_es.pdf,439890,77365e65445a7e6426e487d8b26329338ec53dfbe5bf1039934964ad5812e105,WSC2026/TD/39/es/WSC2026_TD39_es.pdf,https://api.worldskills.org/skillman/documents/3/skills/2447/pdf?l=es,wsc-2026-shanghai,wsc-2026-shanghai-td.zip,done
WSC2026,WorldSkills Shanghai 2026,TD,39,IT Network Systems Administration,,fi,WSC2026_TD39_fi.pdf,439903,e00ef35dcaeec175d8b04e56021533f000a47d264f05a8a8f9b53fadab5c7bd1,WSC2026/TD/39/fi/WSC2026_TD39_fi.pdf,https://api.worldskills.org/skillman/documents/3/skills/2447/pdf?l=fi,wsc-2026-shanghai,wsc-2026-shanghai-td.zip,done
WSC2026,WorldSkills Shanghai 2026,TD,39,IT Network Systems Administration,,fr,WSC2026_TD39_fr.pdf,440517,6b371d57be0bee2482181fe4e128e22e44abd3ba5e2c6b03d4fe2c1fae2364cb,WSC2026/TD/39/fr/WSC2026_TD39_fr.pdf,https://api.worldskills.org/skillman/documents/3/skills/2447/pdf?l=fr,wsc-2026-shanghai,wsc-2026-shanghai-td.zip,done
WSC2026,WorldSkills Shanghai 2026,TD,39,IT Network Systems Administration,,ja,WSC2026_TD39_ja.pdf,439927,e0ff66afe218fbafe21902478c720fbc804fe830c96a64c6e39f898dcd1846f7,WSC2026/TD/39/ja/WSC2026_TD39_ja.pdf,https://api.worldskills.org/skillman/documents/3/skills/2447/pdf?l=ja,wsc-2026-shanghai,wsc-2026-shanghai-td.zip,done
WSC2026,WorldSkills Shanghai 2026,TD,39,IT Network Systems Administration,,ko,WSC2026_TD39_ko.pdf,439925,3e7d350dee24e5c4b33b7735053dd40b1b403a7421d2bcac62e326db39092501,WSC2026/TD/39/ko/WSC2026_TD39_ko.pdf,https://api.worldskills.org/skillman/documents/3/skills/2447/pdf?l=ko,wsc-2026-shanghai,wsc-2026-shanghai-td.zip,done
WSC2026,WorldSkills Shanghai 2026,TD,39,IT Network Systems Administration,,pt,WSC2026_TD39_pt.pdf,439910,512ef84a7ee50b68192efcac223501127664d8ba5014872356d9f30366e42f19,WSC2026/TD/39/pt/WSC2026_TD39_pt.pdf,https://api.worldskills.org/skillman/documents/3/skills/2447/pdf?l=pt,wsc-2026-shanghai,wsc-2026-shanghai-td.zip,done
WSC2026,WorldSkills Shanghai 2026,TD,39,IT Network Systems Administration,,ru,WSC2026_TD39_ru.pdf,439920,975a32ca3170a84a120372176b0159e98f63922370c7a9957093a23a0fddf057,WSC2026/TD/39/ru/WSC2026_TD39_ru.pdf,https://api.worldskills.org/skillman/documents/3/skills/2447/pdf?l=ru,wsc-2026-shanghai,wsc-2026-shanghai-td.zip,done
WSC2026,WorldSkills Shanghai 2026,TD,39,IT Network Systems Administration,,zh,WSC2026_TD39_zh.pdf,439926,678d47e3d7f1036792edb061727268210db935e39376a7fa871fd7bbf34102b8,WSC2026/TD/39/zh/WSC2026_TD39_zh.pdf,https://api.worldskills.org/skillman/documents/3/skills/2447/pdf?l=zh,wsc-2026-shanghai,wsc-2026-shanghai-td.zip,done
WSC2026,WorldSkills Shanghai 2026,TD,40,Graphic Design Technology,,ar,WSC2026_TD40_ar.pdf,439879,ca1d92c42123365542f9159b208283b5e7e12f2013485587632211531df9f9b5,WSC2026/TD/40/ar/WSC2026_TD40_ar.pdf,https://api.worldskills.org/skillman/documents/3/skills/2448/pdf?l=ar,wsc-2026-shanghai,wsc-2026-shanghai-td.zip,done
WSC2026,WorldSkills Shanghai 2026,TD,40,Graphic Design Technology,,de,WSC2026_TD40_de.pdf,439275,f01c414643682345812521da509da5f6a6cc3d74a5d0f86e83dce2cc7a22af97,WSC2026/TD/40/de/WSC2026_TD40_de.pdf,https://api.worldskills.org/skillman/documents/3/skills/2448/pdf?l=de,wsc-2026-shanghai,wsc-2026-shanghai-td.zip,done
WSC2026,WorldSkills Shanghai 2026,TD,40,Graphic Design Technology,,en,WSC2026_TD40_en.pdf,1714593,240408ca3076e66cf929a8cb92eb72a18e5608ae5cabe55211f72bc3a7d9b965,WSC2026/TD/40/en/WSC2026_TD40_en.pdf,https://api.worldskills.org/skillman/documents/3/skills/2448/pdf?l=en,wsc-2026-shanghai,wsc-2026-shanghai-td.zip,done
WSC2026,WorldSkills Shanghai 2026,TD,40,Graphic Design Technology,,es,WSC2026_TD40_es.pdf,439864,a085481b41147c95b93ff00831f822591b6d847b2e4746c16bf1ebecf0252e7d,WSC2026/TD/40/es/WSC2026_TD40_es.pdf,https://api.worldskills.org/skillman/documents/3/skills/2448/pdf?l=es,wsc-2026-shanghai,wsc-2026-shanghai-td.zip,done
WSC2026,WorldSkills Shanghai 2026,TD,40,Graphic Design Technology,,fi,WSC2026_TD40_fi.pdf,439884,5aa4d8590e2bbf74a6a84b87ec5178ac0f82f0600d13b0f0038172b571de694d,WSC2026/TD/40/fi/WSC2026_TD40_fi.pdf,https://api.worldskills.org/skillman/documents/3/skills/2448/pdf?l=fi,wsc-2026-shanghai,wsc-2026-shanghai-td.zip,done
WSC2026,WorldSkills Shanghai 2026,TD,40,Graphic Design Technology,,fr,WSC2026_TD40_fr.pdf,439959,7e808791a2c5f694d31942d094c58ede6aa42f9c8c64aed9531dd7a452bc5598,WSC2026/TD/40/fr/WSC2026_TD40_fr.pdf,https://api.worldskills.org/skillman/documents/3/skills/2448/pdf?l=fr,wsc-2026-shanghai,wsc-2026-shanghai-td.zip,done
WSC2026,WorldSkills Shanghai 2026,TD,40,Graphic Design Technology,,ja,WSC2026_TD40_ja.pdf,439891,4ca3520c49e7c542f9353822882a8b8ea4695b944b394a8634b276c8ebec450c,WSC2026/TD/40/ja/WSC2026_TD40_ja.pdf,https://api.worldskills.org/skillman/documents/3/skills/2448/pdf?l=ja,wsc-2026-shanghai,wsc-2026-shanghai-td.zip,done
WSC2026,WorldSkills Shanghai 2026,TD,40,Graphic Design Technology,,ko,WSC2026_TD40_ko.pdf,439899,5bdfe2a38ddbdbbd48c550b1802cdad4a65d0d060433bc7e639b0d4068e132bc,WSC2026/TD/40/ko/WSC2026_TD40_ko.pdf,https://api.worldskills.org/skillman/documents/3/skills/2448/pdf?l=ko,wsc-2026-shanghai,wsc-2026-shanghai-td.zip,done
WSC2026,WorldSkills Shanghai 2026,TD,40,Graphic Design Technology,,pt,WSC2026_TD40_pt.pdf,439882,f1cfda3baae596b3ad3ec504b518eeb898eaaef784cac576e0c832b29b1352ab,WSC2026/TD/40/pt/WSC2026_TD40_pt.pdf,https://api.worldskills.org/skillman/documents/3/skills/2448/pdf?l=pt,wsc-2026-shanghai,wsc-2026-shanghai-td.zip,done
WSC2026,WorldSkills Shanghai 2026,TD,40,Graphic Design Technology,,ru,WSC2026_TD40_ru.pdf,439873,1426a948e1972fbaf7375546a8dacb5f70fc7c2ff8b3b429396391f79fdf7951,WSC2026/TD/40/ru/WSC2026_TD40_ru.pdf,https://api.worldskills.org/skillman/documents/3/skills/2448/pdf?l=ru,wsc-2026-shanghai,wsc-2026-shanghai-td.zip,done
WSC2026,WorldSkills Shanghai 2026,TD,40,Graphic Design Technology,,zh,WSC2026_TD40_zh.pdf,439898,9734ab86c5d57bf419ff77ed08931c34afe4f74da11eb3990c4a1c070d50a617,WSC2026/TD/40/zh/WSC2026_TD40_zh.pdf,https://api.worldskills.org/skillman/documents/3/skills/2448/pdf?l=zh,wsc-2026-shanghai,wsc-2026-shanghai-td.zip,done
WSC2026,WorldSkills Shanghai 2026,TD,41,Health and Social Care,,ar,WSC2026_TD41_ar.pdf,439451,fdb89f9f9536e3e3fb33830a18551d5fbbb5b1dedfe2b122011109ce89acc0f5,WSC2026/TD/41/ar/WSC2026_TD41_ar.pdf,https://api.worldskills.org/skillman/documents/3/skills/2431/pdf?l=ar,wsc-2026-shanghai,wsc-2026-shanghai-td.zip,done
WSC2026,WorldSkills Shanghai 2026,TD,41,Health and Social Care,,de,WSC2026_TD41_de.pdf,439821,9c872bd714ad474ca62ec2238baae4613ad717bd0adc83b10069223f49f8ebb4,WSC2026/TD/41/de/WSC2026_TD41_de.pdf,https://api.worldskills.org/skillman/documents/3/skills/2431/pdf?l=de,wsc-2026-shanghai,wsc-2026-shanghai-td.zip,done
WSC2026,WorldSkills Shanghai 2026,TD,41,Health and Social Care,,en,WSC2026_TD41_en.pdf,738567,b9f7ff230f7867147894bedc8548445836935254fc00f576ccc10d616a196846,WSC2026/TD/41/en/WSC2026_TD41_en.pdf,https://api.worldskills.org/skillman/documents/3/skills/2431/pdf?l=en,wsc-2026-shanghai,wsc-2026-shanghai-td.zip,done
WSC2026,WorldSkills Shanghai 2026,TD,41,Health and Social Care,,es,WSC2026_TD41_es.pdf,439431,3c277f6b2a1ce2d3fcbc547ebb4ad9d98eaf0805087086f73904ac3aa874191f,WSC2026/TD/41/es/WSC2026_TD41_es.pdf,https://api.worldskills.org/skillman/documents/3/skills/2431/pdf?l=es,wsc-2026-shanghai,wsc-2026-shanghai-td.zip,done
WSC2026,WorldSkills Shanghai 2026,TD,41,Health and Social Care,,fi,WSC2026_TD41_fi.pdf,439456,9d4c4fa929ad1f8b15c8d65eb9f0ddcc0dcb5a55c36f75a08a7950e71b7b7489,WSC2026/TD/41/fi/WSC2026_TD41_fi.pdf,https://api.worldskills.org/skillman/documents/3/skills/2431/pdf?l=fi,wsc-2026-shanghai,wsc-2026-shanghai-td.zip,done
WSC2026,WorldSkills Shanghai 2026,TD,41,Health and Social Care,,fr,WSC2026_TD41_fr.pdf,439290,a08970ba52e4f62480b3664a09b23cd0c761d53e209e1f70556fb8700350b20b,WSC2026/TD/41/fr/WSC2026_TD41_fr.pdf,https://api.worldskills.org/skillman/documents/3/skills/2431/pdf?l=fr,wsc-2026-shanghai,wsc-2026-shanghai-td.zip,done
WSC2026,WorldSkills Shanghai 2026,TD,41,Health and Social Care,,ja,WSC2026_TD41_ja.pdf,439470,83f4ffe47fd834db4a277c837d4db091e8a9c6c4ec094aee1e231835e984826a,WSC2026/TD/41/ja/WSC2026_TD41_ja.pdf,https://api.worldskills.org/skillman/documents/3/skills/2431/pdf?l=ja,wsc-2026-shanghai,wsc-2026-shanghai-td.zip,done
WSC2026,WorldSkills Shanghai 2026,TD,41,Health and Social Care,,ko,WSC2026_TD41_ko.pdf,439462,6a27b20a3f01e42156d3304ea5396ea8113b3d207dbd141da497b770e5dee4fc,WSC2026/TD/41/ko/WSC2026_TD41_ko.pdf,https://api.worldskills.org/skillman/documents/3/skills/2431/pdf?l=ko,wsc-2026-shanghai,wsc-2026-shanghai-td.zip,done
WSC2026,WorldSkills Shanghai 2026,TD,41,Health and Social Care,,pt,WSC2026_TD41_pt.pdf,439457,dbc3ae00fdb2d4ccfa7080bdb6a34df444c698ca484da98d4bd3548eda5ac359,WSC2026/TD/41/pt/WSC2026_TD41_pt.pdf,https://api.worldskills.org/skillman/documents/3/skills/2431/pdf?l=pt,wsc-2026-shanghai,wsc-2026-shanghai-td.zip,done
WSC2026,WorldSkills Shanghai 2026,TD,41,Health and Social Care,,ru,WSC2026_TD41_ru.pdf,439456,9e4b00f2a505e54f6c21a8a5214a8bc9189abcc2723ff838dcfa765ca2519f07,WSC2026/TD/41/ru/WSC2026_TD41_ru.pdf,https://api.worldskills.org/skillman/documents/3/skills/2431/pdf?l=ru,wsc-2026-shanghai,wsc-2026-shanghai-td.zip,done
WSC2026,WorldSkills Shanghai 2026,TD,41,Health and Social Care,,zh,WSC2026_TD41_zh.pdf,439468,ad16b86e10294d7a4c50cad13d955c74f5dc280a44c91353fd1e24f8411b71e8,WSC2026/TD/41/zh/WSC2026_TD41_zh.pdf,https://api.worldskills.org/skillman/documents/3/skills/2431/pdf?l=zh,wsc-2026-shanghai,wsc-2026-shanghai-td.zip,done
WSC2026,WorldSkills Shanghai 2026,TD,42,Dental Prosthetics,,ar,WSC2026_TD42_ar.pdf,439349,e3d0cc0ed297cb25eb9425a237243791d46127b2c9db0ad4d1c6cefde81568a3,WSC2026/TD/42/ar/WSC2026_TD42_ar.pdf,https://api.worldskills.org/skillman/documents/3/skills/2692/pdf?l=ar,wsc-2026-shanghai,wsc-2026-shanghai-td.zip,done
WSC2026,WorldSkills Shanghai 2026,TD,42,Dental Prosthetics,,de,WSC2026_TD42_de.pdf,439345,c35b1842e214c70ad9490246a603b387e8ab6387f7eae5ab20e0b7093111533d,WSC2026/TD/42/de/WSC2026_TD42_de.pdf,https://api.worldskills.org/skillman/documents/3/skills/2692/pdf?l=de,wsc-2026-shanghai,wsc-2026-shanghai-td.zip,done
WSC2026,WorldSkills Shanghai 2026,TD,42,Dental Prosthetics,,en,WSC2026_TD42_en.pdf,514726,bdcab5d99086009aa646c39337e16d06b9065fd13c8b4f2ce535f8d25dc8ffa9,WSC2026/TD/42/en/WSC2026_TD42_en.pdf,https://api.worldskills.org/skillman/documents/3/skills/2692/pdf?l=en,wsc-2026-shanghai,wsc-2026-shanghai-td.zip,done
WSC2026,WorldSkills Shanghai 2026,TD,42,Dental Prosthetics,,es,WSC2026_TD42_es.pdf,439324,ac1ed512e728b332bc65e854a6645db3fc6ee01e1e8247ff81e3c69cde5ca0b8,WSC2026/TD/42/es/WSC2026_TD42_es.pdf,https://api.worldskills.org/skillman/documents/3/skills/2692/pdf?l=es,wsc-2026-shanghai,wsc-2026-shanghai-td.zip,done
WSC2026,WorldSkills Shanghai 2026,TD,42,Dental Prosthetics,,fi,WSC2026_TD42_fi.pdf,439353,07a379332d5d8e1624f33a700942279b9dd29fb8466fd54963237b4b56395698,WSC2026/TD/42/fi/WSC2026_TD42_fi.pdf,https://api.worldskills.org/skillman/documents/3/skills/2692/pdf?l=fi,wsc-2026-shanghai,wsc-2026-shanghai-td.zip,done
WSC2026,WorldSkills Shanghai 2026,TD,42,Dental Prosthetics,,fr,WSC2026_TD42_fr.pdf,439346,4fc6d7e1d52c9ced039c3978cf5021fb9b13f2593bccb55abe1a2b8610364873,WSC2026/TD/42/fr/WSC2026_TD42_fr.pdf,https://api.worldskills.org/skillman/documents/3/skills/2692/pdf?l=fr,wsc-2026-shanghai,wsc-2026-shanghai-td.zip,done
WSC2026,WorldSkills Shanghai 2026,TD,42,Dental Prosthetics,,ja,WSC2026_TD42_ja.pdf,439363,d2b4a45622e6a7853f344b10ee0943e981b5a77ab65f5a5af6c5fe67814d879c,WSC2026/TD/42/ja/WSC2026_TD42_ja.pdf,https://api.worldskills.org/skillman/documents/3/skills/2692/pdf?l=ja,wsc-2026-shanghai,wsc-2026-shanghai-td.zip,done
WSC2026,WorldSkills Shanghai 2026,TD,42,Dental Prosthetics,,ko,WSC2026_TD42_ko.pdf,439370,4762f4f336988bc2b556f12aae542a9ffd6ba88aa0362fe9166e0d61eb2b0c1e,WSC2026/TD/42/ko/WSC2026_TD42_ko.pdf,https://api.worldskills.org/skillman/documents/3/skills/2692/pdf?l=ko,wsc-2026-shanghai,wsc-2026-shanghai-td.zip,done
WSC2026,WorldSkills Shanghai 2026,TD,42,Dental Prosthetics,,pt,WSC2026_TD42_pt.pdf,439346,12dbb83e753474f0670d8b6918ea4747e4a68bfab54abaecb65177a9bcc1454c,WSC2026/TD/42/pt/WSC2026_TD42_pt.pdf,https://api.worldskills.org/skillman/documents/3/skills/2692/pdf?l=pt,wsc-2026-shanghai,wsc-2026-shanghai-td.zip,done
WSC2026,WorldSkills Shanghai 2026,TD,42,Dental Prosthetics,,ru,WSC2026_TD42_ru.pdf,439349,fc1a7b3fdb7709919bb6beb9f4ee5930e52c10e12ffe5a67e319f41bdd7eefde,WSC2026/TD/42/ru/WSC2026_TD42_ru.pdf,https://api.worldskills.org/skillman/documents/3/skills/2692/pdf?l=ru,wsc-2026-shanghai,wsc-2026-shanghai-td.zip,done
WSC2026,WorldSkills Shanghai 2026,TD,42,Dental Prosthetics,,zh,WSC2026_TD42_zh.pdf,439361,401477cc39e2f2d1cc3c47c9cb9629778257dda921c48b4701f62e178488ffd8,WSC2026/TD/42/zh/WSC2026_TD42_zh.pdf,https://api.worldskills.org/skillman/documents/3/skills/2692/pdf?l=zh,wsc-2026-shanghai,wsc-2026-shanghai-td.zip,done
WSC2026,WorldSkills Shanghai 2026,TD,43,Retail Sales,,ar,WSC2026_TD43_ar.pdf,439160,451cf840198e6446cc44c9794dd59d631581b8158fd5af0c67c1e7cb2ca2d958,WSC2026/TD/43/ar/WSC2026_TD43_ar.pdf,https://api.worldskills.org/skillman/documents/3/skills/2696/pdf?l=ar,wsc-2026-shanghai,wsc-2026-shanghai-td.zip,done
WSC2026,WorldSkills Shanghai 2026,TD,43,Retail Sales,,de,WSC2026_TD43_de.pdf,439156,cc688012c75c7a851b73dfaba04a445b92087bd67b94216024adb054137d0d3d,WSC2026/TD/43/de/WSC2026_TD43_de.pdf,https://api.worldskills.org/skillman/documents/3/skills/2696/pdf?l=de,wsc-2026-shanghai,wsc-2026-shanghai-td.zip,done
WSC2026,WorldSkills Shanghai 2026,TD,43,Retail Sales,,en,WSC2026_TD43_en.pdf,720319,3d80a529bbff4a1e54fac26bd01f90ea965bc9397a72cfbd08da81f18656db62,WSC2026/TD/43/en/WSC2026_TD43_en.pdf,https://api.worldskills.org/skillman/documents/3/skills/2696/pdf?l=en,wsc-2026-shanghai,wsc-2026-shanghai-td.zip,done
WSC2026,WorldSkills Shanghai 2026,TD,43,Retail Sales,,es,WSC2026_TD43_es.pdf,439127,ca5cef91a2e1dcccedf0f6e30f4bcb18d6c708e98d2819939d9f90840035fba4,WSC2026/TD/43/es/WSC2026_TD43_es.pdf,https://api.worldskills.org/skillman/documents/3/skills/2696/pdf?l=es,wsc-2026-shanghai,wsc-2026-shanghai-td.zip,done
WSC2026,WorldSkills Shanghai 2026,TD,43,Retail Sales,,fi,WSC2026_TD43_fi.pdf,439161,2413fddb8ebd0f307af8a6555cefcd168c893dee4fa18db48d1833a04d00673c,WSC2026/TD/43/fi/WSC2026_TD43_fi.pdf,https://api.worldskills.org/skillman/documents/3/skills/2696/pdf?l=fi,wsc-2026-shanghai,wsc-2026-shanghai-td.zip,done
WSC2026,WorldSkills Shanghai 2026,TD,43,Retail Sales,,fr,WSC2026_TD43_fr.pdf,439165,038eb13fad81018e9ca444051a64b61861115631764cc647a72452fd25e5d759,WSC2026/TD/43/fr/WSC2026_TD43_fr.pdf,https://api.worldskills.org/skillman/documents/3/skills/2696/pdf?l=fr,wsc-2026-shanghai,wsc-2026-shanghai-td.zip,done
WSC2026,WorldSkills Shanghai 2026,TD,43,Retail Sales,,ja,WSC2026_TD43_ja.pdf,439180,e1cbfd471fcc7963db6d7823d6dd5a153e91790ef44162dfee004b98c44c1543,WSC2026/TD/43/ja/WSC2026_TD43_ja.pdf,https://api.worldskills.org/skillman/documents/3/skills/2696/pdf?l=ja,wsc-2026-shanghai,wsc-2026-shanghai-td.zip,done
WSC2026,WorldSkills Shanghai 2026,TD,43,Retail Sales,,ko,WSC2026_TD43_ko.pdf,439174,f48bc8e9bc07b59df34ed6cf560b1b76dbeede91fe761f2e177bb7ff06dd9d42,WSC2026/TD/43/ko/WSC2026_TD43_ko.pdf,https://api.worldskills.org/skillman/documents/3/skills/2696/pdf?l=ko,wsc-2026-shanghai,wsc-2026-shanghai-td.zip,done
WSC2026,WorldSkills Shanghai 2026,TD,43,Retail Sales,,pt,WSC2026_TD43_pt.pdf,439159,17e033a5b93ccc6cdca7097d8e82ac1b8caf54c978c9c0563fd1d4020eb57abe,WSC2026/TD/43/pt/WSC2026_TD43_pt.pdf,https://api.worldskills.org/skillman/documents/3/skills/2696/pdf?l=pt,wsc-2026-shanghai,wsc-2026-shanghai-td.zip,done
WSC2026,WorldSkills Shanghai 2026,TD,43,Retail Sales,,ru,WSC2026_TD43_ru.pdf,439157,31ab31062c9892ecfbde2f385c061440fc5505b369aaae12c5874db3179dc2e7,WSC2026/TD/43/ru/WSC2026_TD43_ru.pdf,https://api.worldskills.org/skillman/documents/3/skills/2696/pdf?l=ru,wsc-2026-shanghai,wsc-2026-shanghai-td.zip,done
WSC2026,WorldSkills Shanghai 2026,TD,43,Retail Sales,,zh,WSC2026_TD43_zh.pdf,439179,1be46100d25e483f61708f900b242585706fbb7a527031c978d1147da9f784a4,WSC2026/TD/43/zh/WSC2026_TD43_zh.pdf,https://api.worldskills.org/skillman/documents/3/skills/2696/pdf?l=zh,wsc-2026-shanghai,wsc-2026-shanghai-td.zip,done
WSC2026,WorldSkills Shanghai 2026,TD,44,Visual Merchandising,,ar,WSC2026_TD44_ar.pdf,439524,e19ec7d0b843e8db81025933d394b7a829a64aa8185bf0b28ad47909acaadd1f,WSC2026/TD/44/ar/WSC2026_TD44_ar.pdf,https://api.worldskills.org/skillman/documents/3/skills/2430/pdf?l=ar,wsc-2026-shanghai,wsc-2026-shanghai-td.zip,done
WSC2026,WorldSkills Shanghai 2026,TD,44,Visual Merchandising,,de,WSC2026_TD44_de.pdf,439478,bd3dd6866462a74d90183597226a4cf7476bdca5a37b8e078917b8e1c2fd2b6e,WSC2026/TD/44/de/WSC2026_TD44_de.pdf,https://api.worldskills.org/skillman/documents/3/skills/2430/pdf?l=de,wsc-2026-shanghai,wsc-2026-shanghai-td.zip,done
WSC2026,WorldSkills Shanghai 2026,TD,44,Visual Merchandising,,en,WSC2026_TD44_en.pdf,980615,72b815409b2831624d3eccf46b86abe8e291422c48b2462c91a96e1a06058abc,WSC2026/TD/44/en/WSC2026_TD44_en.pdf,https://api.worldskills.org/skillman/documents/3/skills/2430/pdf?l=en,wsc-2026-shanghai,wsc-2026-shanghai-td.zip,done
WSC2026,WorldSkills Shanghai 2026,TD,44,Visual Merchandising,,es,WSC2026_TD44_es.pdf,439499,924bc8207111a63d52713dbfc4d67b588e59522beb3a66a0b2321a14ef653957,WSC2026/TD/44/es/WSC2026_TD44_es.pdf,https://api.worldskills.org/skillman/documents/3/skills/2430/pdf?l=es,wsc-2026-shanghai,wsc-2026-shanghai-td.zip,done
WSC2026,WorldSkills Shanghai 2026,TD,44,Visual Merchandising,,fi,WSC2026_TD44_fi.pdf,439522,bfb6d323c8874ffbaef9b3323e5ba86a60fbccf05b0941cb7eec5a2e09f25609,WSC2026/TD/44/fi/WSC2026_TD44_fi.pdf,https://api.worldskills.org/skillman/documents/3/skills/2430/pdf?l=fi,wsc-2026-shanghai,wsc-2026-shanghai-td.zip,done
WSC2026,WorldSkills Shanghai 2026,TD,44,Visual Merchandising,,fr,WSC2026_TD44_fr.pdf,439519,3fb08fda00ad350f7e92ce727d65493e4a96d54dcaa253f7ab7c6b4fbd3dc6f9,WSC2026/TD/44/fr/WSC2026_TD44_fr.pdf,https://api.worldskills.org/skillman/documents/3/skills/2430/pdf?l=fr,wsc-2026-shanghai,wsc-2026-shanghai-td.zip,done
WSC2026,WorldSkills Shanghai 2026,TD,44,Visual Merchandising,,ja,WSC2026_TD44_ja.pdf,439530,1ac2358155d12fe80ec83bdee23d8dc8b5094614310de7711f60724661bf2d0f,WSC2026/TD/44/ja/WSC2026_TD44_ja.pdf,https://api.worldskills.org/skillman/documents/3/skills/2430/pdf?l=ja,wsc-2026-shanghai,wsc-2026-shanghai-td.zip,done
WSC2026,WorldSkills Shanghai 2026,TD,44,Visual Merchandising,,ko,WSC2026_TD44_ko.pdf,439546,0db07e6632b41b63a433139ea8947b0ba21f1215cc2f2745ee214cf43856feff,WSC2026/TD/44/ko/WSC2026_TD44_ko.pdf,https://api.worldskills.org/skillman/documents/3/skills/2430/pdf?l=ko,wsc-2026-shanghai,wsc-2026-shanghai-td.zip,done
WSC2026,WorldSkills Shanghai 2026,TD,44,Visual Merchandising,,pt,WSC2026_TD44_pt.pdf,439522,df1a54728235b1cfa28be6d553d07ac32905ac1087423e2dfe591c5a4f69fa59,WSC2026/TD/44/pt/WSC2026_TD44_pt.pdf,https://api.worldskills.org/skillman/documents/3/skills/2430/pdf?l=pt,wsc-2026-shanghai,wsc-2026-shanghai-td.zip,done
WSC2026,WorldSkills Shanghai 2026,TD,44,Visual Merchandising,,ru,WSC2026_TD44_ru.pdf,439514,bc074069aa2e3f0ee0e57f75ddf0fe3772295c1c8a7c5a8174b6360afbfbf3eb,WSC2026/TD/44/ru/WSC2026_TD44_ru.pdf,https://api.worldskills.org/skillman/documents/3/skills/2430/pdf?l=ru,wsc-2026-shanghai,wsc-2026-shanghai-td.zip,done
WSC2026,WorldSkills Shanghai 2026,TD,44,Visual Merchandising,,zh,WSC2026_TD44_zh.pdf,439553,c891b48149d505199a5127b883d7c3c431842c3653fc25d741314e9d94da3c67,WSC2026/TD/44/zh/WSC2026_TD44_zh.pdf,https://api.worldskills.org/skillman/documents/3/skills/2430/pdf?l=zh,wsc-2026-shanghai,wsc-2026-shanghai-td.zip,done
WSC2026,WorldSkills Shanghai 2026,TD,45,Digital Interactive Media Design,,ar,WSC2026_TD45_ar.pdf,439635,9cd3016f83eea5406517a5e6792e2ae44727fc693a51e3b6fafaa07aff8c84bb,WSC2026/TD/45/ar/WSC2026_TD45_ar.pdf,https://api.worldskills.org/skillman/documents/3/skills/2693/pdf?l=ar,wsc-2026-shanghai,wsc-2026-shanghai-td.zip,done
WSC2026,WorldSkills Shanghai 2026,TD,45,Digital Interactive Media Design,,de,WSC2026_TD45_de.pdf,439636,cfc97ecdae0115e3f8453b7c903eba4643a99acb17a908855e9d3eda0f5b09d5,WSC2026/TD/45/de/WSC2026_TD45_de.pdf,https://api.worldskills.org/skillman/documents/3/skills/2693/pdf?l=de,wsc-2026-shanghai,wsc-2026-shanghai-td.zip,done
WSC2026,WorldSkills Shanghai 2026,TD,45,Digital Interactive Media Design,,en,WSC2026_TD45_en.pdf,1215954,1e03f2b8b7f09bc4230408f6ebfd2946dcd6b3ffbe48e90df6c38e8d5b2a9b58,WSC2026/TD/45/en/WSC2026_TD45_en.pdf,https://api.worldskills.org/skillman/documents/3/skills/2693/pdf?l=en,wsc-2026-shanghai,wsc-2026-shanghai-td.zip,done
WSC2026,WorldSkills Shanghai 2026,TD,45,Digital Interactive Media Design,,es,WSC2026_TD45_es.pdf,439622,ea17de8520873350b3959b8511ce375f63be9643e2a4d7d7bf45fb04bf53e4a4,WSC2026/TD/45/es/WSC2026_TD45_es.pdf,https://api.worldskills.org/skillman/documents/3/skills/2693/pdf?l=es,wsc-2026-shanghai,wsc-2026-shanghai-td.zip,done
WSC2026,WorldSkills Shanghai 2026,TD,45,Digital Interactive Media Design,,fi,WSC2026_TD45_fi.pdf,439641,9b83bf86b511b22bdc5af1cddb5aa6503e9861ed8f6b524df11dcdcf81a69102,WSC2026/TD/45/fi/WSC2026_TD45_fi.pdf,https://api.worldskills.org/skillman/documents/3/skills/2693/pdf?l=fi,wsc-2026-shanghai,wsc-2026-shanghai-td.zip,done
WSC2026,WorldSkills Shanghai 2026,TD,45,Digital Interactive Media Design,,fr,WSC2026_TD45_fr.pdf,439640,2e0b5921b96f3f1c7a0d0da1c6ce7fa5889f3cc19527ad5f6792187e7dea4b31,WSC2026/TD/45/fr/WSC2026_TD45_fr.pdf,https://api.worldskills.org/skillman/documents/3/skills/2693/pdf?l=fr,wsc-2026-shanghai,wsc-2026-shanghai-td.zip,done
WSC2026,WorldSkills Shanghai 2026,TD,45,Digital Interactive Media Design,,ja,WSC2026_TD45_ja.pdf,439657,9f2f4b990988d025b3a2b1ffa442871e75d1404bb8c04668b5ca9376f62a69cc,WSC2026/TD/45/ja/WSC2026_TD45_ja.pdf,https://api.worldskills.org/skillman/documents/3/skills/2693/pdf?l=ja,wsc-2026-shanghai,wsc-2026-shanghai-td.zip,done
WSC2026,WorldSkills Shanghai 2026,TD,45,Digital Interactive Media Design,,ko,WSC2026_TD45_ko.pdf,439660,05b1e9c99d688b8314a1e7b3956a2d9eb3f3944760133061242a386b8b20fff8,WSC2026/TD/45/ko/WSC2026_TD45_ko.pdf,https://api.worldskills.org/skillman/documents/3/skills/2693/pdf?l=ko,wsc-2026-shanghai,wsc-2026-shanghai-td.zip,done
WSC2026,WorldSkills Shanghai 2026,TD,45,Digital Interactive Media Design,,pt,WSC2026_TD45_pt.pdf,439638,8bffaad29fc36b61ff7d722f0c8c7c04be86215f5a2c8e7b39b0cd0add802c59,WSC2026/TD/45/pt/WSC2026_TD45_pt.pdf,https://api.worldskills.org/skillman/documents/3/skills/2693/pdf?l=pt,wsc-2026-shanghai,wsc-2026-shanghai-td.zip,done
WSC2026,WorldSkills Shanghai 2026,TD,45,Digital Interactive Media Design,,ru,WSC2026_TD45_ru.pdf,439641,635474a202ead05593939f2d8b703be8cb98d075038341b9fa6ac749ddabda6c,WSC2026/TD/45/ru/WSC2026_TD45_ru.pdf,https://api.worldskills.org/skillman/documents/3/skills/2693/pdf?l=ru,wsc-2026-shanghai,wsc-2026-shanghai-td.zip,done
WSC2026,WorldSkills Shanghai 2026,TD,45,Digital Interactive Media Design,,zh,WSC2026_TD45_zh.pdf,439659,96d73de54ca78859c29af28be02ee5ae71f064f07d8d8c48459745cdee85ccb3,WSC2026/TD/45/zh/WSC2026_TD45_zh.pdf,https://api.worldskills.org/skillman/documents/3/skills/2693/pdf?l=zh,wsc-2026-shanghai,wsc-2026-shanghai-td.zip,done
WSC2026,WorldSkills Shanghai 2026,TD,46,Concrete Construction Work,,ar,WSC2026_TD46_ar.pdf,439462,cc853b3fbad9fa6db36667b680a4ae806a789affa83cff04466b1b48d3fe564e,WSC2026/TD/46/ar/WSC2026_TD46_ar.pdf,https://api.worldskills.org/skillman/documents/3/skills/2450/pdf?l=ar,wsc-2026-shanghai,wsc-2026-shanghai-td.zip,done
WSC2026,WorldSkills Shanghai 2026,TD,46,Concrete Construction Work,,de,WSC2026_TD46_de.pdf,439182,f9647043584b6531b59a4549194fa7b3eb8ddd97b4de973e1257bdd0621f8b4a,WSC2026/TD/46/de/WSC2026_TD46_de.pdf,https://api.worldskills.org/skillman/documents/3/skills/2450/pdf?l=de,wsc-2026-shanghai,wsc-2026-shanghai-td.zip,done
WSC2026,WorldSkills Shanghai 2026,TD,46,Concrete Construction Work,,en,WSC2026_TD46_en.pdf,3224602,38b78c03da6802d8cd956e04f58a9298e1f4259204a9f64ba2a927da5789036d,WSC2026/TD/46/en/WSC2026_TD46_en.pdf,https://api.worldskills.org/skillman/documents/3/skills/2450/pdf?l=en,wsc-2026-shanghai,wsc-2026-shanghai-td.zip,done
WSC2026,WorldSkills Shanghai 2026,TD,46,Concrete Construction Work,,es,WSC2026_TD46_es.pdf,439448,f2668c8df515534c3b6491f1e530fb5d9bfffc933f632dda3b4b77b96f100998,WSC2026/TD/46/es/WSC2026_TD46_es.pdf,https://api.worldskills.org/skillman/documents/3/skills/2450/pdf?l=es,wsc-2026-shanghai,wsc-2026-shanghai-td.zip,done
WSC2026,WorldSkills Shanghai 2026,TD,46,Concrete Construction Work,,fi,WSC2026_TD46_fi.pdf,439467,d86aafe438629739834f7452594542eeb84bfb541decf1b1fc24196196e55e69,WSC2026/TD/46/fi/WSC2026_TD46_fi.pdf,https://api.worldskills.org/skillman/documents/3/skills/2450/pdf?l=fi,wsc-2026-shanghai,wsc-2026-shanghai-td.zip,done
WSC2026,WorldSkills Shanghai 2026,TD,46,Concrete Construction Work,,fr,WSC2026_TD46_fr.pdf,439950,99fc24655d52c5fe19a27d526714396f7e2bbb3e96205aab8632d1b7b25fd497,WSC2026/TD/46/fr/WSC2026_TD46_fr.pdf,https://api.worldskills.org/skillman/documents/3/skills/2450/pdf?l=fr,wsc-2026-shanghai,wsc-2026-shanghai-td.zip,done
WSC2026,WorldSkills Shanghai 2026,TD,46,Concrete Construction Work,,ja,WSC2026_TD46_ja.pdf,439480,d9db03f8281e1585756a2d150748a153bfc62f05edddae0da1d977c99943583d,WSC2026/TD/46/ja/WSC2026_TD46_ja.pdf,https://api.worldskills.org/skillman/documents/3/skills/2450/pdf?l=ja,wsc-2026-shanghai,wsc-2026-shanghai-td.zip,done
WSC2026,WorldSkills Shanghai 2026,TD,46,Concrete Construction Work,,ko,WSC2026_TD46_ko.pdf,439477,8409765dd3b4be74b83161a6d8228505e4a2a147fe625f8c41b5b45d9960f4ab,WSC2026/TD/46/ko/WSC2026_TD46_ko.pdf,https://api.worldskills.org/skillman/documents/3/skills/2450/pdf?l=ko,wsc-2026-shanghai,wsc-2026-shanghai-td.zip,done
WSC2026,WorldSkills Shanghai 2026,TD,46,Concrete Construction Work,,pt,WSC2026_TD46_pt.pdf,439463,d0025a4563b54b2f11bd6bdeae34b3649f7b3889a98aea0ade822c5a78ebc037,WSC2026/TD/46/pt/WSC2026_TD46_pt.pdf,https://api.worldskills.org/skillman/documents/3/skills/2450/pdf?l=pt,wsc-2026-shanghai,wsc-2026-shanghai-td.zip,done
WSC2026,WorldSkills Shanghai 2026,TD,46,Concrete Construction Work,,ru,WSC2026_TD46_ru.pdf,439469,7f12884766049ed3d8737791d6db5440dd66252b631ef31ae03e42bae6170a28,WSC2026/TD/46/ru/WSC2026_TD46_ru.pdf,https://api.worldskills.org/skillman/documents/3/skills/2450/pdf?l=ru,wsc-2026-shanghai,wsc-2026-shanghai-td.zip,done
WSC2026,WorldSkills Shanghai 2026,TD,46,Concrete Construction Work,,zh,WSC2026_TD46_zh.pdf,439488,774fd1dac8029f9edc39ecd2d4b6e938fdc71151823625c3e4fb464f9f04707f,WSC2026/TD/46/zh/WSC2026_TD46_zh.pdf,https://api.worldskills.org/skillman/documents/3/skills/2450/pdf?l=zh,wsc-2026-shanghai,wsc-2026-shanghai-td.zip,done
WSC2026,WorldSkills Shanghai 2026,TD,47,Bakery,,ar,WSC2026_TD47_ar.pdf,439212,1dcdabc006ea12c9ff100c24cb9e44fc0af666a42b3ce3bcee8a240af941bea3,WSC2026/TD/47/ar/WSC2026_TD47_ar.pdf,https://api.worldskills.org/skillman/documents/3/skills/2456/pdf?l=ar,wsc-2026-shanghai,wsc-2026-shanghai-td.zip,done
WSC2026,WorldSkills Shanghai 2026,TD,47,Bakery,,de,WSC2026_TD47_de.pdf,439508,929b83aec2800beb75d0fd6544a5f95c15bf7be90f5d0b64df895625935e14d1,WSC2026/TD/47/de/WSC2026_TD47_de.pdf,https://api.worldskills.org/skillman/documents/3/skills/2456/pdf?l=de,wsc-2026-shanghai,wsc-2026-shanghai-td.zip,done
WSC2026,WorldSkills Shanghai 2026,TD,47,Bakery,,en,WSC2026_TD47_en.pdf,783351,acbfd34169efd542eeeba219b036c4fe920d22bec6836635e2ffd487a2b3b4da,WSC2026/TD/47/en/WSC2026_TD47_en.pdf,https://api.worldskills.org/skillman/documents/3/skills/2456/pdf?l=en,wsc-2026-shanghai,wsc-2026-shanghai-td.zip,done
WSC2026,WorldSkills Shanghai 2026,TD,47,Bakery,,es,WSC2026_TD47_es.pdf,439203,d5be65fafc1e4169595d3faeb4dddfd94afd8efb34b09564fbec7a9ad33d3d7a,WSC2026/TD/47/es/WSC2026_TD47_es.pdf,https://api.worldskills.org/skillman/documents/3/skills/2456/pdf?l=es,wsc-2026-shanghai,wsc-2026-shanghai-td.zip,done
WSC2026,WorldSkills Shanghai 2026,TD,47,Bakery,,fi,WSC2026_TD47_fi.pdf,439212,bdf1d8c448bc1821434623cb8a5268c0feee7c4bcb64795b198b24f0f398b9c2,WSC2026/TD/47/fi/WSC2026_TD47_fi.pdf,https://api.worldskills.org/skillman/documents/3/skills/2456/pdf?l=fi,wsc-2026-shanghai,wsc-2026-shanghai-td.zip,done
WSC2026,WorldSkills Shanghai 2026,TD,47,Bakery,,fr,WSC2026_TD47_fr.pdf,439316,0ad67bc8510d2a2e41aca7e4b9c0a634834ea9e85a4474c640bc1ae26a296ac6,WSC2026/TD/47/fr/WSC2026_TD47_fr.pdf,https://api.worldskills.org/skillman/documents/3/skills/2456/pdf?l=fr,wsc-2026-shanghai,wsc-2026-shanghai-td.zip,done
WSC2026,WorldSkills Shanghai 2026,TD,47,Bakery,,ja,WSC2026_TD47_ja.pdf,439239,a2bb3400efb6aecda91c10ab421e259c75b41ff3d5991a80e942495d58f15ed6,WSC2026/TD/47/ja/WSC2026_TD47_ja.pdf,https://api.worldskills.org/skillman/documents/3/skills/2456/pdf?l=ja,wsc-2026-shanghai,wsc-2026-shanghai-td.zip,done
WSC2026,WorldSkills Shanghai 2026,TD,47,Bakery,,ko,WSC2026_TD47_ko.pdf,439233,7d662173b07bfd7ea5f4d5bc0dad3f7ac8e87ea371ca5eb919523b3af915e721,WSC2026/TD/47/ko/WSC2026_TD47_ko.pdf,https://api.worldskills.org/skillman/documents/3/skills/2456/pdf?l=ko,wsc-2026-shanghai,wsc-2026-shanghai-td.zip,done
WSC2026,WorldSkills Shanghai 2026,TD,47,Bakery,,pt,WSC2026_TD47_pt.pdf,439221,618c0bd2503456e699e47ded6e334d345ea9a4300f1d7c12a1201ded4aa537c4,WSC2026/TD/47/pt/WSC2026_TD47_pt.pdf,https://api.worldskills.org/skillman/documents/3/skills/2456/pdf?l=pt,wsc-2026-shanghai,wsc-2026-shanghai-td.zip,done
WSC2026,WorldSkills Shanghai 2026,TD,47,Bakery,,ru,WSC2026_TD47_ru.pdf,439222,abe0c90fa011626816b9b4a12614b7c5897b61cacf65db9cdb856fb8d69aba6e,WSC2026/TD/47/ru/WSC2026_TD47_ru.pdf,https://api.worldskills.org/skillman/documents/3/skills/2456/pdf?l=ru,wsc-2026-shanghai,wsc-2026-shanghai-td.zip,done
WSC2026,WorldSkills Shanghai 2026,TD,47,Bakery,,zh,WSC2026_TD47_zh.pdf,439235,9cad75735e392e0df1bf87dcf6c00ee540bedd1896e00537135a40d892b7b410,WSC2026/TD/47/zh/WSC2026_TD47_zh.pdf,https://api.worldskills.org/skillman/documents/3/skills/2456/pdf?l=zh,wsc-2026-shanghai,wsc-2026-shanghai-td.zip,done
WSC2026,WorldSkills Shanghai 2026,TD,48,Industry 4.0,,ar,WSC2026_TD48_ar.pdf,439186,fabc0caf44750b4655729358fbc3182cb421395059a1c064c238938c4b2ac2c0,WSC2026/TD/48/ar/WSC2026_TD48_ar.pdf,https://api.worldskills.org/skillman/documents/3/skills/2452/pdf?l=ar,wsc-2026-shanghai,wsc-2026-shanghai-td.zip,done
WSC2026,WorldSkills Shanghai 2026,TD,48,Industry 4.0,,de,WSC2026_TD48_de.pdf,439183,ba407627f8bff67e2288a48d777f5493c32d6a861e69ecb918a0500af7bcd121,WSC2026/TD/48/de/WSC2026_TD48_de.pdf,https://api.worldskills.org/skillman/documents/3/skills/2452/pdf?l=de,wsc-2026-shanghai,wsc-2026-shanghai-td.zip,done
WSC2026,WorldSkills Shanghai 2026,TD,48,Industry 4.0,,en,WSC2026_TD48_en.pdf,827847,888d114fa112c5edde62e1e9d94da7a7b1f587382eda87b055d4abbd9156404e,WSC2026/TD/48/en/WSC2026_TD48_en.pdf,https://api.worldskills.org/skillman/documents/3/skills/2452/pdf?l=en,wsc-2026-shanghai,wsc-2026-shanghai-td.zip,done
WSC2026,WorldSkills Shanghai 2026,TD,48,Industry 4.0,,es,WSC2026_TD48_es.pdf,439165,a5f3fabfd38d3e904b3a29e4e30a90221b76a2211a5805b74b451bd42d6ba9c5,WSC2026/TD/48/es/WSC2026_TD48_es.pdf,https://api.worldskills.org/skillman/documents/3/skills/2452/pdf?l=es,wsc-2026-shanghai,wsc-2026-shanghai-td.zip,done
WSC2026,WorldSkills Shanghai 2026,TD,48,Industry 4.0,,fi,WSC2026_TD48_fi.pdf,439192,fa1a2d050078972efe1d58492e24d9a871c67467a4a74f1bcfdd8526299d6bd0,WSC2026/TD/48/fi/WSC2026_TD48_fi.pdf,https://api.worldskills.org/skillman/documents/3/skills/2452/pdf?l=fi,wsc-2026-shanghai,wsc-2026-shanghai-td.zip,done
WSC2026,WorldSkills Shanghai 2026,TD,48,Industry 4.0,,fr,WSC2026_TD48_fr.pdf,439250,d0851c916ecfe71eecdf196b11e224e80b7908dbdc44f255dcbf0b6d63badfc9,WSC2026/TD/48/fr/WSC2026_TD48_fr.pdf,https://api.worldskills.org/skillman/documents/3/skills/2452/pdf?l=fr,wsc-2026-shanghai,wsc-2026-shanghai-td.zip,done
WSC2026,WorldSkills Shanghai 2026,TD,48,Industry 4.0,,ja,WSC2026_TD48_ja.pdf,439204,fa9ad4599eaae5094a81c20a9b71f6fc40635abf8f354ad6ac02c3bf66e51afa,WSC2026/TD/48/ja/WSC2026_TD48_ja.pdf,https://api.worldskills.org/skillman/documents/3/skills/2452/pdf?l=ja,wsc-2026-shanghai,wsc-2026-shanghai-td.zip,done
WSC2026,WorldSkills Shanghai 2026,TD,48,Industry 4.0,,ko,WSC2026_TD48_ko.pdf,439205,91ee805b3b7b4ffef50b63ecf8209c78d9f6fdb62b4847900e89da709b53ce9c,WSC2026/TD/48/ko/WSC2026_TD48_ko.pdf,https://api.worldskills.org/skillman/documents/3/skills/2452/pdf?l=ko,wsc-2026-shanghai,wsc-2026-shanghai-td.zip,done
WSC2026,WorldSkills Shanghai 2026,TD,48,Industry 4.0,,pt,WSC2026_TD48_pt.pdf,439186,eea35b91c297c4730b6d68980fa8246c450d7afa94edec3859652a83a9863ea3,WSC2026/TD/48/pt/WSC2026_TD48_pt.pdf,https://api.worldskills.org/skillman/documents/3/skills/2452/pdf?l=pt,wsc-2026-shanghai,wsc-2026-shanghai-td.zip,done
WSC2026,WorldSkills Shanghai 2026,TD,48,Industry 4.0,,ru,WSC2026_TD48_ru.pdf,439191,91005e6af260c1c58446cc8095b2bf54d84930a3f4678deb2fb1668fb6acc887,WSC2026/TD/48/ru/WSC2026_TD48_ru.pdf,https://api.worldskills.org/skillman/documents/3/skills/2452/pdf?l=ru,wsc-2026-shanghai,wsc-2026-shanghai-td.zip,done
WSC2026,WorldSkills Shanghai 2026,TD,48,Industry 4.0,,zh,WSC2026_TD48_zh.pdf,439202,48036db2d2939ded6611f768d95e27f51c13c9f336d0fbea1e994ef978f6e07b,WSC2026/TD/48/zh/WSC2026_TD48_zh.pdf,https://api.worldskills.org/skillman/documents/3/skills/2452/pdf?l=zh,wsc-2026-shanghai,wsc-2026-shanghai-td.zip,done
WSC2026,WorldSkills Shanghai 2026,TD,49,Heavy Vehicle Technology,,ar,WSC2026_TD49_ar.pdf,440037,4336ca5c9057b9d38eca94ec37fa06a97352c5c40f7467145a8594b5c54ba477,WSC2026/TD/49/ar/WSC2026_TD49_ar.pdf,https://api.worldskills.org/skillman/documents/3/skills/2425/pdf?l=ar,wsc-2026-shanghai,wsc-2026-shanghai-td.zip,done
WSC2026,WorldSkills Shanghai 2026,TD,49,Heavy Vehicle Technology,,de,WSC2026_TD49_de.pdf,439572,d0a15fc7b050ee908e0d48017d4de8348d7ff085e1fb88438dce6210a61f0b3f,WSC2026/TD/49/de/WSC2026_TD49_de.pdf,https://api.worldskills.org/skillman/documents/3/skills/2425/pdf?l=de,wsc-2026-shanghai,wsc-2026-shanghai-td.zip,done
WSC2026,WorldSkills Shanghai 2026,TD,49,Heavy Vehicle Technology,,en,WSC2026_TD49_en.pdf,699855,861c5c03e1da76c4f32e30bc9a0aa0377c6bc9f1c4aec2984a39cb2819c04ec7,WSC2026/TD/49/en/WSC2026_TD49_en.pdf,https://api.worldskills.org/skillman/documents/3/skills/2425/pdf?l=en,wsc-2026-shanghai,wsc-2026-shanghai-td.zip,done
WSC2026,WorldSkills Shanghai 2026,TD,49,Heavy Vehicle Technology,,es,WSC2026_TD49_es.pdf,440022,c0cfb8e0e0638aff0d26ace458fa70f51a386fa0dd15f90083dd606d991d5b3d,WSC2026/TD/49/es/WSC2026_TD49_es.pdf,https://api.worldskills.org/skillman/documents/3/skills/2425/pdf?l=es,wsc-2026-shanghai,wsc-2026-shanghai-td.zip,done
WSC2026,WorldSkills Shanghai 2026,TD,49,Heavy Vehicle Technology,,fi,WSC2026_TD49_fi.pdf,440044,47b765cd1d6ff2399d86885f26d7ae3f6f8ccfbed2a38c5b0b2448627ed19158,WSC2026/TD/49/fi/WSC2026_TD49_fi.pdf,https://api.worldskills.org/skillman/documents/3/skills/2425/pdf?l=fi,wsc-2026-shanghai,wsc-2026-shanghai-td.zip,done
WSC2026,WorldSkills Shanghai 2026,TD,49,Heavy Vehicle Technology,,fr,WSC2026_TD49_fr.pdf,439739,dbd3656db8b92448ea17a55cb4ea9cabe99b359200361f83cb0eded82a7b5b08,WSC2026/TD/49/fr/WSC2026_TD49_fr.pdf,https://api.worldskills.org/skillman/documents/3/skills/2425/pdf?l=fr,wsc-2026-shanghai,wsc-2026-shanghai-td.zip,done
WSC2026,WorldSkills Shanghai 2026,TD,49,Heavy Vehicle Technology,,ja,WSC2026_TD49_ja.pdf,440063,5731ab0475507e05f14b87f2b8551f6dff008415089da0bfdbadb30085b510ca,WSC2026/TD/49/ja/WSC2026_TD49_ja.pdf,https://api.worldskills.org/skillman/documents/3/skills/2425/pdf?l=ja,wsc-2026-shanghai,wsc-2026-shanghai-td.zip,done
WSC2026,WorldSkills Shanghai 2026,TD,49,Heavy Vehicle Technology,,ko,WSC2026_TD49_ko.pdf,440062,e2e0b9f22330d132a9b928270ac055eb6753d2f0fd48ef159a7539e907c26025,WSC2026/TD/49/ko/WSC2026_TD49_ko.pdf,https://api.worldskills.org/skillman/documents/3/skills/2425/pdf?l=ko,wsc-2026-shanghai,wsc-2026-shanghai-td.zip,done
WSC2026,WorldSkills Shanghai 2026,TD,49,Heavy Vehicle Technology,,pt,WSC2026_TD49_pt.pdf,440046,329079e0938295ec2d53b8adf57fe09b141986adb5b4e17cdeb2cec4de204b20,WSC2026/TD/49/pt/WSC2026_TD49_pt.pdf,https://api.worldskills.org/skillman/documents/3/skills/2425/pdf?l=pt,wsc-2026-shanghai,wsc-2026-shanghai-td.zip,done
WSC2026,WorldSkills Shanghai 2026,TD,49,Heavy Vehicle Technology,,ru,WSC2026_TD49_ru.pdf,440049,eee595f6594cb8afe8dbb592f73b73e48cb7f55c0e06cf8ebfbfaeb2d43b279e,WSC2026/TD/49/ru/WSC2026_TD49_ru.pdf,https://api.worldskills.org/skillman/documents/3/skills/2425/pdf?l=ru,wsc-2026-shanghai,wsc-2026-shanghai-td.zip,done
WSC2026,WorldSkills Shanghai 2026,TD,49,Heavy Vehicle Technology,,zh,WSC2026_TD49_zh.pdf,440068,3a621182e311068574134279766381043bdd71d6e1ca244c2837113a483cc738,WSC2026/TD/49/zh/WSC2026_TD49_zh.pdf,https://api.worldskills.org/skillman/documents/3/skills/2425/pdf?l=zh,wsc-2026-shanghai,wsc-2026-shanghai-td.zip,done
WSC2026,WorldSkills Shanghai 2026,TD,50,3D Digital Game Art,,ar,WSC2026_TD50_ar.pdf,439564,da706eedb3e16f1ae6422307d8e06af199a86819d64b0f7af3a44a55c0acec00,WSC2026/TD/50/ar/WSC2026_TD50_ar.pdf,https://api.worldskills.org/skillman/documents/3/skills/2451/pdf?l=ar,wsc-2026-shanghai,wsc-2026-shanghai-td.zip,done
WSC2026,WorldSkills Shanghai 2026,TD,50,3D Digital Game Art,,de,WSC2026_TD50_de.pdf,439566,1eaf2910cff336988acdfe0585d3be3e04aa3d01f6927201448f83c830ccc4be,WSC2026/TD/50/de/WSC2026_TD50_de.pdf,https://api.worldskills.org/skillman/documents/3/skills/2451/pdf?l=de,wsc-2026-shanghai,wsc-2026-shanghai-td.zip,done
WSC2026,WorldSkills Shanghai 2026,TD,50,3D Digital Game Art,,en,WSC2026_TD50_en.pdf,730178,0f8598ed02ea08142844375c92b7c05faaa7b0069d671f5f9fe2ddcfbe40e014,WSC2026/TD/50/en/WSC2026_TD50_en.pdf,https://api.worldskills.org/skillman/documents/3/skills/2451/pdf?l=en,wsc-2026-shanghai,wsc-2026-shanghai-td.zip,done
WSC2026,WorldSkills Shanghai 2026,TD,50,3D Digital Game Art,,es,WSC2026_TD50_es.pdf,439550,2bfdbb48022ebcf519899a0a08d4feee7df67e22a03ff6d59c34ad218f05448a,WSC2026/TD/50/es/WSC2026_TD50_es.pdf,https://api.worldskills.org/skillman/documents/3/skills/2451/pdf?l=es,wsc-2026-shanghai,wsc-2026-shanghai-td.zip,done
WSC2026,WorldSkills Shanghai 2026,TD,50,3D Digital Game Art,,fi,WSC2026_TD50_fi.pdf,439561,16d89a4e4ecd1c6f9827757ee381a5ca98b91e977ce32c7969a3736642b17d98,WSC2026/TD/50/fi/WSC2026_TD50_fi.pdf,https://api.worldskills.org/skillman/documents/3/skills/2451/pdf?l=fi,wsc-2026-shanghai,wsc-2026-shanghai-td.zip,done
WSC2026,WorldSkills Shanghai 2026,TD,50,3D Digital Game Art,,fr,WSC2026_TD50_fr.pdf,437357,c561d06a42e1bfd4b49642c90bb6746806ad102d13d5d06cf4a8240a3abf2c78,WSC2026/TD/50/fr/WSC2026_TD50_fr.pdf,https://api.worldskills.org/skillman/documents/3/skills/2451/pdf?l=fr,wsc-2026-shanghai,wsc-2026-shanghai-td.zip,done
WSC2026,WorldSkills Shanghai 2026,TD,50,3D Digital Game Art,,ja,WSC2026_TD50_ja.pdf,439580,2e5a3c2ae1eacce385d9afa0491a1736af98645f41f9e8f7d3121398f1541e3d,WSC2026/TD/50/ja/WSC2026_TD50_ja.pdf,https://api.worldskills.org/skillman/documents/3/skills/2451/pdf?l=ja,wsc-2026-shanghai,wsc-2026-shanghai-td.zip,done
WSC2026,WorldSkills Shanghai 2026,TD,50,3D Digital Game Art,,ko,WSC2026_TD50_ko.pdf,439584,50b7cb113e81ec33a2603a6312ab8596896bb5b5f1cd6cf4feb1f655cea66765,WSC2026/TD/50/ko/WSC2026_TD50_ko.pdf,https://api.worldskills.org/skillman/documents/3/skills/2451/pdf?l=ko,wsc-2026-shanghai,wsc-2026-shanghai-td.zip,done
WSC2026,WorldSkills Shanghai 2026,TD,50,3D Digital Game Art,,pt,WSC2026_TD50_pt.pdf,439559,759a36b146c04fe7a30179e8e63e743024e1d15dc3eaaac0519a5f68ce254c68,WSC2026/TD/50/pt/WSC2026_TD50_pt.pdf,https://api.worldskills.org/skillman/documents/3/skills/2451/pdf?l=pt,wsc-2026-shanghai,wsc-2026-shanghai-td.zip,done
WSC2026,WorldSkills Shanghai 2026,TD,50,3D Digital Game Art,,ru,WSC2026_TD50_ru.pdf,439560,393ef55c0c482982ee07ad9f4fd8af737b2d61f84b80c4aff568b9f1e294233c,WSC2026/TD/50/ru/WSC2026_TD50_ru.pdf,https://api.worldskills.org/skillman/documents/3/skills/2451/pdf?l=ru,wsc-2026-shanghai,wsc-2026-shanghai-td.zip,done
WSC2026,WorldSkills Shanghai 2026,TD,50,3D Digital Game Art,,zh,WSC2026_TD50_zh.pdf,439585,fecbb79cd3dd947a3da4905dc8e42d3e3953cf36726f9b4dad8d6b6d7ae9c58b,WSC2026/TD/50/zh/WSC2026_TD50_zh.pdf,https://api.worldskills.org/skillman/documents/3/skills/2451/pdf?l=zh,wsc-2026-shanghai,wsc-2026-shanghai-td.zip,done
WSC2026,WorldSkills Shanghai 2026,TD,51,Logistics and Freight Forwarding,,ar,WSC2026_TD51_ar.pdf,439671,b5cbc462b0e824698c0baaa83fcd1a232061bfa263c179d1f53c7b8a929a3d5e,WSC2026/TD/51/ar/WSC2026_TD51_ar.pdf,https://api.worldskills.org/skillman/documents/3/skills/2423/pdf?l=ar,wsc-2026-shanghai,wsc-2026-shanghai-td.zip,done
WSC2026,WorldSkills Shanghai 2026,TD,51,Logistics and Freight Forwarding,,de,WSC2026_TD51_de.pdf,440485,a1d1a393469810ab7d87ed95a708e5a8f2034edf37186f37ba62c78137e429e4,WSC2026/TD/51/de/WSC2026_TD51_de.pdf,https://api.worldskills.org/skillman/documents/3/skills/2423/pdf?l=de,wsc-2026-shanghai,wsc-2026-shanghai-td.zip,done
WSC2026,WorldSkills Shanghai 2026,TD,51,Logistics and Freight Forwarding,,en,WSC2026_TD51_en.pdf,779913,c3a7f5c618b25d1301bbc5299cb5e800b79a7c89ee593b02590f1d51b43c536c,WSC2026/TD/51/en/WSC2026_TD51_en.pdf,https://api.worldskills.org/skillman/documents/3/skills/2423/pdf?l=en,wsc-2026-shanghai,wsc-2026-shanghai-td.zip,done
WSC2026,WorldSkills Shanghai 2026,TD,51,Logistics and Freight Forwarding,,es,WSC2026_TD51_es.pdf,439664,9d8e1d9728d05d92058fd60c2fb5a8033c45cf65a3150781f301c44545b14318,WSC2026/TD/51/es/WSC2026_TD51_es.pdf,https://api.worldskills.org/skillman/documents/3/skills/2423/pdf?l=es,wsc-2026-shanghai,wsc-2026-shanghai-td.zip,done
WSC2026,WorldSkills Shanghai 2026,TD,51,Logistics and Freight Forwarding,,fi,WSC2026_TD51_fi.pdf,439683,b60b1c6d1415fe41667902bd3cba6be4e572d6b73f912edea08f12798d51969e,WSC2026/TD/51/fi/WSC2026_TD51_fi.pdf,https://api.worldskills.org/skillman/documents/3/skills/2423/pdf?l=fi,wsc-2026-shanghai,wsc-2026-shanghai-td.zip,done
WSC2026,WorldSkills Shanghai 2026,TD,51,Logistics and Freight Forwarding,,fr,WSC2026_TD51_fr.pdf,439722,8c6e5291110da1f2a7a6007fe31b6b68bed82ad5a21daba07788a169b1088aab,WSC2026/TD/51/fr/WSC2026_TD51_fr.pdf,https://api.worldskills.org/skillman/documents/3/skills/2423/pdf?l=fr,wsc-2026-shanghai,wsc-2026-shanghai-td.zip,done
WSC2026,WorldSkills Shanghai 2026,TD,51,Logistics and Freight Forwarding,,ja,WSC2026_TD51_ja.pdf,439699,07546a26f0fb15e13d55c780e244908813a62226197d0767c0bced27bb2f36b6,WSC2026/TD/51/ja/WSC2026_TD51_ja.pdf,https://api.worldskills.org/skillman/documents/3/skills/2423/pdf?l=ja,wsc-2026-shanghai,wsc-2026-shanghai-td.zip,done
WSC2026,WorldSkills Shanghai 2026,TD,51,Logistics and Freight Forwarding,,ko,WSC2026_TD51_ko.pdf,439695,d6242802d973a90aaf8e7b03fa16aaebbb68c175f1d83222a95ee41092b91869,WSC2026/TD/51/ko/WSC2026_TD51_ko.pdf,https://api.worldskills.org/skillman/documents/3/skills/2423/pdf?l=ko,wsc-2026-shanghai,wsc-2026-shanghai-td.zip,done
WSC2026,WorldSkills Shanghai 2026,TD,51,Logistics and Freight Forwarding,,pt,WSC2026_TD51_pt.pdf,439681,2775327c94ab7ec50274583a36a5ce2c7fb6ae9722d6d287bc10976b986e7fea,WSC2026/TD/51/pt/WSC2026_TD51_pt.pdf,https://api.worldskills.org/skillman/documents/3/skills/2423/pdf?l=pt,wsc-2026-shanghai,wsc-2026-shanghai-td.zip,done
WSC2026,WorldSkills Shanghai 2026,TD,51,Logistics and Freight Forwarding,,ru,WSC2026_TD51_ru.pdf,439676,caf4e28cb63ceb17568cd9c6ae1b81c1daf6d93f914a4e9dd0e1619b033fd244,WSC2026/TD/51/ru/WSC2026_TD51_ru.pdf,https://api.worldskills.org/skillman/documents/3/skills/2423/pdf?l=ru,wsc-2026-shanghai,wsc-2026-shanghai-td.zip,done
WSC2026,WorldSkills Shanghai 2026,TD,51,Logistics and Freight Forwarding,,zh,WSC2026_TD51_zh.pdf,439709,ef0ab2495f56e569fd3a620a6122ee417c58565879aa87115b268b68804603a9,WSC2026/TD/51/zh/WSC2026_TD51_zh.pdf,https://api.worldskills.org/skillman/documents/3/skills/2423/pdf?l=zh,wsc-2026-shanghai,wsc-2026-shanghai-td.zip,done
WSC2026,WorldSkills Shanghai 2026,TD,52,Chemical Laboratory Technology,,ar,WSC2026_TD52_ar.pdf,439947,40f7dbb756ec175ee31383ef47ca1f7b3e20cc1c57b620f2945b5d1378191c55,WSC2026/TD/52/ar/WSC2026_TD52_ar.pdf,https://api.worldskills.org/skillman/documents/3/skills/2440/pdf?l=ar,wsc-2026-shanghai,wsc-2026-shanghai-td.zip,done
WSC2026,WorldSkills Shanghai 2026,TD,52,Chemical Laboratory Technology,,de,WSC2026_TD52_de.pdf,439936,02f1679a0873c08e233ad0ffb9396a036a6944a6a256424978e606309613dedc,WSC2026/TD/52/de/WSC2026_TD52_de.pdf,https://api.worldskills.org/skillman/documents/3/skills/2440/pdf?l=de,wsc-2026-shanghai,wsc-2026-shanghai-td.zip,done
WSC2026,WorldSkills Shanghai 2026,TD,52,Chemical Laboratory Technology,,en,WSC2026_TD52_en.pdf,1008179,66e6d0254a33296531d749b6863afca4aa040e6525dafbc5f6e78f855f2df64e,WSC2026/TD/52/en/WSC2026_TD52_en.pdf,https://api.worldskills.org/skillman/documents/3/skills/2440/pdf?l=en,wsc-2026-shanghai,wsc-2026-shanghai-td.zip,done
WSC2026,WorldSkills Shanghai 2026,TD,52,Chemical Laboratory Technology,,es,WSC2026_TD52_es.pdf,439932,30b646cac371834ae686d78ccc0c76fbd5d32651ddfb68e988ed2094c9f636fc,WSC2026/TD/52/es/WSC2026_TD52_es.pdf,https://api.worldskills.org/skillman/documents/3/skills/2440/pdf?l=es,wsc-2026-shanghai,wsc-2026-shanghai-td.zip,done
WSC2026,WorldSkills Shanghai 2026,TD,52,Chemical Laboratory Technology,,fi,WSC2026_TD52_fi.pdf,439944,86da184e9e3dcfa4e7259b8efb39995342f6d722b5a81d5f65cba5766b1a4045,WSC2026/TD/52/fi/WSC2026_TD52_fi.pdf,https://api.worldskills.org/skillman/documents/3/skills/2440/pdf?l=fi,wsc-2026-shanghai,wsc-2026-shanghai-td.zip,done
WSC2026,WorldSkills Shanghai 2026,TD,52,Chemical Laboratory Technology,,fr,WSC2026_TD52_fr.pdf,440013,d36ae404ca661ba1cab027da631f1411d6c7ccdb6c958d0b7b5e268977b8d5bd,WSC2026/TD/52/fr/WSC2026_TD52_fr.pdf,https://api.worldskills.org/skillman/documents/3/skills/2440/pdf?l=fr,wsc-2026-shanghai,wsc-2026-shanghai-td.zip,done
WSC2026,WorldSkills Shanghai 2026,TD,52,Chemical Laboratory Technology,,ja,WSC2026_TD52_ja.pdf,439958,4d25beecd25849909b7ebb1a3341148d30cb78a1f0cb99891525d6dbc734db9b,WSC2026/TD/52/ja/WSC2026_TD52_ja.pdf,https://api.worldskills.org/skillman/documents/3/skills/2440/pdf?l=ja,wsc-2026-shanghai,wsc-2026-shanghai-td.zip,done
WSC2026,WorldSkills Shanghai 2026,TD,52,Chemical Laboratory Technology,,ko,WSC2026_TD52_ko.pdf,439956,64ec68725c221acdb6935d540930dd8798b44a933e8421e6da92766602dfdb21,WSC2026/TD/52/ko/WSC2026_TD52_ko.pdf,https://api.worldskills.org/skillman/documents/3/skills/2440/pdf?l=ko,wsc-2026-shanghai,wsc-2026-shanghai-td.zip,done
WSC2026,WorldSkills Shanghai 2026,TD,52,Chemical Laboratory Technology,,pt,WSC2026_TD52_pt.pdf,439948,0ca6adf7b1d233b4699132de50807b24acbdfd26c70e766dc54899ee9b99ca99,WSC2026/TD/52/pt/WSC2026_TD52_pt.pdf,https://api.worldskills.org/skillman/documents/3/skills/2440/pdf?l=pt,wsc-2026-shanghai,wsc-2026-shanghai-td.zip,done
WSC2026,WorldSkills Shanghai 2026,TD,52,Chemical Laboratory Technology,,ru,WSC2026_TD52_ru.pdf,439941,3e5bc7ed858afd6da93d5411faca70e9d0cb2982ab99e2db32a4fa5d0a24c460,WSC2026/TD/52/ru/WSC2026_TD52_ru.pdf,https://api.worldskills.org/skillman/documents/3/skills/2440/pdf?l=ru,wsc-2026-shanghai,wsc-2026-shanghai-td.zip,done
WSC2026,WorldSkills Shanghai 2026,TD,52,Chemical Laboratory Technology,,zh,WSC2026_TD52_zh.pdf,439970,cd3d8b7e5d319e1fdc286395655786aea7fc9ffa94a51f43cde46a107175731f,WSC2026/TD/52/zh/WSC2026_TD52_zh.pdf,https://api.worldskills.org/skillman/documents/3/skills/2440/pdf?l=zh,wsc-2026-shanghai,wsc-2026-shanghai-td.zip,done
WSC2026,WorldSkills Shanghai 2026,TD,53,Cloud Computing,,ar,WSC2026_TD53_ar.pdf,439278,00b26020f12a8b7a13febed82f444efb2f88154d651f8e331364caf5e6b83e59,WSC2026/TD/53/ar/WSC2026_TD53_ar.pdf,https://api.worldskills.org/skillman/documents/3/skills/2455/pdf?l=ar,wsc-2026-shanghai,wsc-2026-shanghai-td.zip,done
WSC2026,WorldSkills Shanghai 2026,TD,53,Cloud Computing,,de,WSC2026_TD53_de.pdf,439279,1811a54846fd0af92d600d0665a259149c5f74d7631609d1394ae2c4067f9890,WSC2026/TD/53/de/WSC2026_TD53_de.pdf,https://api.worldskills.org/skillman/documents/3/skills/2455/pdf?l=de,wsc-2026-shanghai,wsc-2026-shanghai-td.zip,done
WSC2026,WorldSkills Shanghai 2026,TD,53,Cloud Computing,,en,WSC2026_TD53_en.pdf,798210,58214e009c45983577382189fa90e1c10014ca98a7e39b8485a3cce984fa5cf7,WSC2026/TD/53/en/WSC2026_TD53_en.pdf,https://api.worldskills.org/skillman/documents/3/skills/2455/pdf?l=en,wsc-2026-shanghai,wsc-2026-shanghai-td.zip,done
WSC2026,WorldSkills Shanghai 2026,TD,53,Cloud Computing,,es,WSC2026_TD53_es.pdf,439261,37a1a7315f6e17dfd2b15b015a866d5e0913c31a5d74c11835943a9ce3eb1bf4,WSC2026/TD/53/es/WSC2026_TD53_es.pdf,https://api.worldskills.org/skillman/documents/3/skills/2455/pdf?l=es,wsc-2026-shanghai,wsc-2026-shanghai-td.zip,done
WSC2026,WorldSkills Shanghai 2026,TD,53,Cloud Computing,,fi,WSC2026_TD53_fi.pdf,439287,1c9bdddb8adfa0e32b1f0855b3f0146348c458a914bdf79d71cb141f748cf254,WSC2026/TD/53/fi/WSC2026_TD53_fi.pdf,https://api.worldskills.org/skillman/documents/3/skills/2455/pdf?l=fi,wsc-2026-shanghai,wsc-2026-shanghai-td.zip,done
WSC2026,WorldSkills Shanghai 2026,TD,53,Cloud Computing,,fr,WSC2026_TD53_fr.pdf,439276,62b76a5545e0254cdb503a27c3758d086d122aaaf447d285ba0898fb501f5ce4,WSC2026/TD/53/fr/WSC2026_TD53_fr.pdf,https://api.worldskills.org/skillman/documents/3/skills/2455/pdf?l=fr,wsc-2026-shanghai,wsc-2026-shanghai-td.zip,done
WSC2026,WorldSkills Shanghai 2026,TD,53,Cloud Computing,,ja,WSC2026_TD53_ja.pdf,439294,b554e1fb71d7c8f1bac55786dbb8155feb3ee7fa8377f9506eaf19eb79fd7619,WSC2026/TD/53/ja/WSC2026_TD53_ja.pdf,https://api.worldskills.org/skillman/documents/3/skills/2455/pdf?l=ja,wsc-2026-shanghai,wsc-2026-shanghai-td.zip,done
WSC2026,WorldSkills Shanghai 2026,TD,53,Cloud Computing,,ko,WSC2026_TD53_ko.pdf,439299,2d333606cc2f8e66c810b4aea589f7158abc9b6fbf2719c5922cf9c36fe6227d,WSC2026/TD/53/ko/WSC2026_TD53_ko.pdf,https://api.worldskills.org/skillman/documents/3/skills/2455/pdf?l=ko,wsc-2026-shanghai,wsc-2026-shanghai-td.zip,done
WSC2026,WorldSkills Shanghai 2026,TD,53,Cloud Computing,,pt,WSC2026_TD53_pt.pdf,439284,3ae89b47f4d62565f926a0061cc92ef75ada17ca6a780b689a01d3c6e2687e47,WSC2026/TD/53/pt/WSC2026_TD53_pt.pdf,https://api.worldskills.org/skillman/documents/3/skills/2455/pdf?l=pt,wsc-2026-shanghai,wsc-2026-shanghai-td.zip,done
WSC2026,WorldSkills Shanghai 2026,TD,53,Cloud Computing,,ru,WSC2026_TD53_ru.pdf,439283,bfd08c095611a46506263fd15f5e8ee36d6896fb78f83eec85512ec73d59aa43,WSC2026/TD/53/ru/WSC2026_TD53_ru.pdf,https://api.worldskills.org/skillman/documents/3/skills/2455/pdf?l=ru,wsc-2026-shanghai,wsc-2026-shanghai-td.zip,done
WSC2026,WorldSkills Shanghai 2026,TD,53,Cloud Computing,,zh,WSC2026_TD53_zh.pdf,439304,1a1f26d29e4cc82287f54e2ef72a58db182e51c66152919f0ece95aebdaf9f3a,WSC2026/TD/53/zh/WSC2026_TD53_zh.pdf,https://api.worldskills.org/skillman/documents/3/skills/2455/pdf?l=zh,wsc-2026-shanghai,wsc-2026-shanghai-td.zip,done
WSC2026,WorldSkills Shanghai 2026,TD,54,Cyber Security,,ar,WSC2026_TD54_ar.pdf,439249,7820a98e3e4a61a912e1d92a0cd690816f6ec44c6b24d15934797d16945b5dee,WSC2026/TD/54/ar/WSC2026_TD54_ar.pdf,https://api.worldskills.org/skillman/documents/3/skills/2461/pdf?l=ar,wsc-2026-shanghai,wsc-2026-shanghai-td.zip,done
WSC2026,WorldSkills Shanghai 2026,TD,54,Cyber Security,,de,WSC2026_TD54_de.pdf,439251,773f66c3dc2f0f6318376db2ef1550f782484b898a445a1ad0a50f0a456abd39,WSC2026/TD/54/de/WSC2026_TD54_de.pdf,https://api.worldskills.org/skillman/documents/3/skills/2461/pdf?l=de,wsc-2026-shanghai,wsc-2026-shanghai-td.zip,done
WSC2026,WorldSkills Shanghai 2026,TD,54,Cyber Security,,en,WSC2026_TD54_en.pdf,791345,87a75f920f13313fcaa41866c3b7131873321fdf2354aab28fc1ca20e61e4319,WSC2026/TD/54/en/WSC2026_TD54_en.pdf,https://api.worldskills.org/skillman/documents/3/skills/2461/pdf?l=en,wsc-2026-shanghai,wsc-2026-shanghai-td.zip,done
WSC2026,WorldSkills Shanghai 2026,TD,54,Cyber Security,,es,WSC2026_TD54_es.pdf,439236,bc69818f5bb0bdb26db8605f24ebbaff075589744712f3e92efd7295fa92be2d,WSC2026/TD/54/es/WSC2026_TD54_es.pdf,https://api.worldskills.org/skillman/documents/3/skills/2461/pdf?l=es,wsc-2026-shanghai,wsc-2026-shanghai-td.zip,done
WSC2026,WorldSkills Shanghai 2026,TD,54,Cyber Security,,fi,WSC2026_TD54_fi.pdf,439252,7048cee574b2b1cfb6d8e8df59e19d6827472ef7132d2161a4caf878d392ec70,WSC2026/TD/54/fi/WSC2026_TD54_fi.pdf,https://api.worldskills.org/skillman/documents/3/skills/2461/pdf?l=fi,wsc-2026-shanghai,wsc-2026-shanghai-td.zip,done
WSC2026,WorldSkills Shanghai 2026,TD,54,Cyber Security,,fr,WSC2026_TD54_fr.pdf,439511,d6fd463f00790447ff048e501256a64d915799613dca8359b81e2fdb36fe8a44,WSC2026/TD/54/fr/WSC2026_TD54_fr.pdf,https://api.worldskills.org/skillman/documents/3/skills/2461/pdf?l=fr,wsc-2026-shanghai,wsc-2026-shanghai-td.zip,done
WSC2026,WorldSkills Shanghai 2026,TD,54,Cyber Security,,ja,WSC2026_TD54_ja.pdf,439268,6f3e213eab8dfdf5022e8b1df0157bcba8173e20e52d05592ced67139d538598,WSC2026/TD/54/ja/WSC2026_TD54_ja.pdf,https://api.worldskills.org/skillman/documents/3/skills/2461/pdf?l=ja,wsc-2026-shanghai,wsc-2026-shanghai-td.zip,done
WSC2026,WorldSkills Shanghai 2026,TD,54,Cyber Security,,ko,WSC2026_TD54_ko.pdf,439264,1835fd6a99eb46fd67bcf001a82e5b82a791793786f92fa0dde55e12cbe6a999,WSC2026/TD/54/ko/WSC2026_TD54_ko.pdf,https://api.worldskills.org/skillman/documents/3/skills/2461/pdf?l=ko,wsc-2026-shanghai,wsc-2026-shanghai-td.zip,done
WSC2026,WorldSkills Shanghai 2026,TD,54,Cyber Security,,pt,WSC2026_TD54_pt.pdf,439254,719bab097fe05d82d075cd729cfbf8518cd529d9891d751ed230b64f1aba1b6e,WSC2026/TD/54/pt/WSC2026_TD54_pt.pdf,https://api.worldskills.org/skillman/documents/3/skills/2461/pdf?l=pt,wsc-2026-shanghai,wsc-2026-shanghai-td.zip,done
WSC2026,WorldSkills Shanghai 2026,TD,54,Cyber Security,,ru,WSC2026_TD54_ru.pdf,439250,4979a0d4672753028d8df6f3df84fddbe65ff1edc3ae6cfad458977b5d900628,WSC2026/TD/54/ru/WSC2026_TD54_ru.pdf,https://api.worldskills.org/skillman/documents/3/skills/2461/pdf?l=ru,wsc-2026-shanghai,wsc-2026-shanghai-td.zip,done
WSC2026,WorldSkills Shanghai 2026,TD,54,Cyber Security,,zh,WSC2026_TD54_zh.pdf,439271,c0764c16bb72b8f7e5ac9c7fa6ebae0c2dcede54e5cbf114759133d5e5d92741,WSC2026/TD/54/zh/WSC2026_TD54_zh.pdf,https://api.worldskills.org/skillman/documents/3/skills/2461/pdf?l=zh,wsc-2026-shanghai,wsc-2026-shanghai-td.zip,done
WSC2026,WorldSkills Shanghai 2026,TD,55,Water Technology,,ar,WSC2026_TD55_ar.pdf,439721,82f4f6a4822b017ca437e79c13c93673fa4b63f7cb54a648a3464adaf34ba4ba,WSC2026/TD/55/ar/WSC2026_TD55_ar.pdf,https://api.worldskills.org/skillman/documents/3/skills/2428/pdf?l=ar,wsc-2026-shanghai,wsc-2026-shanghai-td.zip,done
WSC2026,WorldSkills Shanghai 2026,TD,55,Water Technology,,de,WSC2026_TD55_de.pdf,439713,2b6f8cd91a3ae84f2231d6c082dad23a635448124e6efe15e3ee2774fb26ae98,WSC2026/TD/55/de/WSC2026_TD55_de.pdf,https://api.worldskills.org/skillman/documents/3/skills/2428/pdf?l=de,wsc-2026-shanghai,wsc-2026-shanghai-td.zip,done
WSC2026,WorldSkills Shanghai 2026,TD,55,Water Technology,,en,WSC2026_TD55_en.pdf,806202,38f94a9c4b01e1597c72dab6ef04e3079166a29f6f86b5bac78b199f5397382c,WSC2026/TD/55/en/WSC2026_TD55_en.pdf,https://api.worldskills.org/skillman/documents/3/skills/2428/pdf?l=en,wsc-2026-shanghai,wsc-2026-shanghai-td.zip,done
WSC2026,WorldSkills Shanghai 2026,TD,55,Water Technology,,es,WSC2026_TD55_es.pdf,439707,e4e71cef8995fb41288d6718dec130dae2bc1f17d97371bedd4d082014318760,WSC2026/TD/55/es/WSC2026_TD55_es.pdf,https://api.worldskills.org/skillman/documents/3/skills/2428/pdf?l=es,wsc-2026-shanghai,wsc-2026-shanghai-td.zip,done
WSC2026,WorldSkills Shanghai 2026,TD,55,Water Technology,,fi,WSC2026_TD55_fi.pdf,439721,607534de19f773ecc5af143157a7a45bf1029cc6af3b1e63b2d1d391d7215f4c,WSC2026/TD/55/fi/WSC2026_TD55_fi.pdf,https://api.worldskills.org/skillman/documents/3/skills/2428/pdf?l=fi,wsc-2026-shanghai,wsc-2026-shanghai-td.zip,done
WSC2026,WorldSkills Shanghai 2026,TD,55,Water Technology,,fr,WSC2026_TD55_fr.pdf,435014,4a3f85e397b01ca76753eb4a00f4ad32b311c3a200091064f48c4f4d3f770b13,WSC2026/TD/55/fr/WSC2026_TD55_fr.pdf,https://api.worldskills.org/skillman/documents/3/skills/2428/pdf?l=fr,wsc-2026-shanghai,wsc-2026-shanghai-td.zip,done
WSC2026,WorldSkills Shanghai 2026,TD,55,Water Technology,,ja,WSC2026_TD55_ja.pdf,439734,7ea250ad2e8501292d7349a0d7c6a600db9ac125f0d4211b092c0a8cc7c913c3,WSC2026/TD/55/ja/WSC2026_TD55_ja.pdf,https://api.worldskills.org/skillman/documents/3/skills/2428/pdf?l=ja,wsc-2026-shanghai,wsc-2026-shanghai-td.zip,done
WSC2026,WorldSkills Shanghai 2026,TD,55,Water Technology,,ko,WSC2026_TD55_ko.pdf,439744,eee79ab27d20b140195751884cef61b16ff3ad7d968b606a6cb19b7b6b3b94bd,WSC2026/TD/55/ko/WSC2026_TD55_ko.pdf,https://api.worldskills.org/skillman/documents/3/skills/2428/pdf?l=ko,wsc-2026-shanghai,wsc-2026-shanghai-td.zip,done
WSC2026,WorldSkills Shanghai 2026,TD,55,Water Technology,,pt,WSC2026_TD55_pt.pdf,439729,fcb0c3d6ef6fa87fc087b1c4b5454e183f23daf4418f833d3a371fbd52cdf236,WSC2026/TD/55/pt/WSC2026_TD55_pt.pdf,https://api.worldskills.org/skillman/documents/3/skills/2428/pdf?l=pt,wsc-2026-shanghai,wsc-2026-shanghai-td.zip,done
WSC2026,WorldSkills Shanghai 2026,TD,55,Water Technology,,ru,WSC2026_TD55_ru.pdf,439713,7816d5c8f354f188b977fd94a09fc82290d3249b9942950e1e851576e8b9e0aa,WSC2026/TD/55/ru/WSC2026_TD55_ru.pdf,https://api.worldskills.org/skillman/documents/3/skills/2428/pdf?l=ru,wsc-2026-shanghai,wsc-2026-shanghai-td.zip,done
WSC2026,WorldSkills Shanghai 2026,TD,55,Water Technology,,zh,WSC2026_TD55_zh.pdf,439736,a1b5acd31265a2bff116ac5d2a6596b02a0daa1d08293f32719cf9b63b604259,WSC2026/TD/55/zh/WSC2026_TD55_zh.pdf,https://api.worldskills.org/skillman/documents/3/skills/2428/pdf?l=zh,wsc-2026-shanghai,wsc-2026-shanghai-td.zip,done
WSC2026,WorldSkills Shanghai 2026,TD,56,Hotel Reception,,ar,WSC2026_TD56_ar.pdf,439229,417f5cb5e9c7a8f6bea6337651343eeea576b90b298daed636959c48b8474a00,WSC2026/TD/56/ar/WSC2026_TD56_ar.pdf,https://api.worldskills.org/skillman/documents/3/skills/2454/pdf?l=ar,wsc-2026-shanghai,wsc-2026-shanghai-td.zip,done
WSC2026,WorldSkills Shanghai 2026,TD,56,Hotel Reception,,de,WSC2026_TD56_de.pdf,439230,7469c7bf7314b1394eacc505904adc1d2378a145bbd48e79369e8831b806ccef,WSC2026/TD/56/de/WSC2026_TD56_de.pdf,https://api.worldskills.org/skillman/documents/3/skills/2454/pdf?l=de,wsc-2026-shanghai,wsc-2026-shanghai-td.zip,done
WSC2026,WorldSkills Shanghai 2026,TD,56,Hotel Reception,,en,WSC2026_TD56_en.pdf,705072,b6349241adb15f87085ad3ecabffe6495fac719576b4e9cef3ad42bcfde6317a,WSC2026/TD/56/en/WSC2026_TD56_en.pdf,https://api.worldskills.org/skillman/documents/3/skills/2454/pdf?l=en,wsc-2026-shanghai,wsc-2026-shanghai-td.zip,done
WSC2026,WorldSkills Shanghai 2026,TD,56,Hotel Reception,,es,WSC2026_TD56_es.pdf,439212,1f9ff2a9de1a80fc830851d42a79b0b7ba8d6726035ee11432eedef5cfb5bd48,WSC2026/TD/56/es/WSC2026_TD56_es.pdf,https://api.worldskills.org/skillman/documents/3/skills/2454/pdf?l=es,wsc-2026-shanghai,wsc-2026-shanghai-td.zip,done
WSC2026,WorldSkills Shanghai 2026,TD,56,Hotel Reception,,fi,WSC2026_TD56_fi.pdf,439237,2a0b10abec09f581e15ed45db0597e98fc1cfc5949817fe0c7034875e27ccaac,WSC2026/TD/56/fi/WSC2026_TD56_fi.pdf,https://api.worldskills.org/skillman/documents/3/skills/2454/pdf?l=fi,wsc-2026-shanghai,wsc-2026-shanghai-td.zip,done
WSC2026,WorldSkills Shanghai 2026,TD,56,Hotel Reception,,fr,WSC2026_TD56_fr.pdf,434984,5adee9eb1f06694f226a3bcff97b873a13bd057a62060fea40f5121d91c68f46,WSC2026/TD/56/fr/WSC2026_TD56_fr.pdf,https://api.worldskills.org/skillman/documents/3/skills/2454/pdf?l=fr,wsc-2026-shanghai,wsc-2026-shanghai-td.zip,done
WSC2026,WorldSkills Shanghai 2026,TD,56,Hotel Reception,,ja,WSC2026_TD56_ja.pdf,439248,6c9f980c5e38ea17565c11c786015ac6792af5587e8203dc13d10e5e4c34d369,WSC2026/TD/56/ja/WSC2026_TD56_ja.pdf,https://api.worldskills.org/skillman/documents/3/skills/2454/pdf?l=ja,wsc-2026-shanghai,wsc-2026-shanghai-td.zip,done
WSC2026,WorldSkills Shanghai 2026,TD,56,Hotel Reception,,ko,WSC2026_TD56_ko.pdf,439250,8bbfe3f7d19d311d2cbc992325d5f626bd4f5ae772238e9d4239fb8956df33eb,WSC2026/TD/56/ko/WSC2026_TD56_ko.pdf,https://api.worldskills.org/skillman/documents/3/skills/2454/pdf?l=ko,wsc-2026-shanghai,wsc-2026-shanghai-td.zip,done
WSC2026,WorldSkills Shanghai 2026,TD,56,Hotel Reception,,pt,WSC2026_TD56_pt.pdf,439236,76631c5c3c36791d794004485b53fe295919fe7c8d49c95012b5a3a9338d5515,WSC2026/TD/56/pt/WSC2026_TD56_pt.pdf,https://api.worldskills.org/skillman/documents/3/skills/2454/pdf?l=pt,wsc-2026-shanghai,wsc-2026-shanghai-td.zip,done
WSC2026,WorldSkills Shanghai 2026,TD,56,Hotel Reception,,ru,WSC2026_TD56_ru.pdf,439242,d4d265896c00c9d1e43ebf23d9d4ffb5e2f09f22bbfb560c985de2ff0a63016e,WSC2026/TD/56/ru/WSC2026_TD56_ru.pdf,https://api.worldskills.org/skillman/documents/3/skills/2454/pdf?l=ru,wsc-2026-shanghai,wsc-2026-shanghai-td.zip,done
WSC2026,WorldSkills Shanghai 2026,TD,56,Hotel Reception,,zh,WSC2026_TD56_zh.pdf,439251,192a91cb3bcf85536841a50e9bb06ffeecaef14b6590136c41378d625837306a,WSC2026/TD/56/zh/WSC2026_TD56_zh.pdf,https://api.worldskills.org/skillman/documents/3/skills/2454/pdf?l=zh,wsc-2026-shanghai,wsc-2026-shanghai-td.zip,done
WSC2026,WorldSkills Shanghai 2026,TD,57,Additive Manufacturing,,ar,WSC2026_TD57_ar.pdf,439423,019ca6db3f516f4a1a7b75f09d54cadc58ebcfc9c59407e69aa8d37eaec55165,WSC2026/TD/57/ar/WSC2026_TD57_ar.pdf,https://api.worldskills.org/skillman/documents/3/skills/2463/pdf?l=ar,wsc-2026-shanghai,wsc-2026-shanghai-td.zip,done
WSC2026,WorldSkills Shanghai 2026,TD,57,Additive Manufacturing,,de,WSC2026_TD57_de.pdf,439433,fb5d799f64d4a4ffbe4d3d0e816ad368c6b6e1607e2c2e18eb8256e913e72450,WSC2026/TD/57/de/WSC2026_TD57_de.pdf,https://api.worldskills.org/skillman/documents/3/skills/2463/pdf?l=de,wsc-2026-shanghai,wsc-2026-shanghai-td.zip,done
WSC2026,WorldSkills Shanghai 2026,TD,57,Additive Manufacturing,,en,WSC2026_TD57_en.pdf,1699937,a9e49aac123c2cc0e5093a6599fbe070efef50fbf5cbbcea68b3124b5c00cc1d,WSC2026/TD/57/en/WSC2026_TD57_en.pdf,https://api.worldskills.org/skillman/documents/3/skills/2463/pdf?l=en,wsc-2026-shanghai,wsc-2026-shanghai-td.zip,done
WSC2026,WorldSkills Shanghai 2026,TD,57,Additive Manufacturing,,es,WSC2026_TD57_es.pdf,439419,a96dd20fc31c1b16ac3363d07b0ab9e72b9a81c11b3c6f1b968c5e67c399ffdc,WSC2026/TD/57/es/WSC2026_TD57_es.pdf,https://api.worldskills.org/skillman/documents/3/skills/2463/pdf?l=es,wsc-2026-shanghai,wsc-2026-shanghai-td.zip,done
WSC2026,WorldSkills Shanghai 2026,TD,57,Additive Manufacturing,,fi,WSC2026_TD57_fi.pdf,439430,b9088ff11028d29661a89bf3a8f810a94de57fa3991720ef56f2dee9d1586781,WSC2026/TD/57/fi/WSC2026_TD57_fi.pdf,https://api.worldskills.org/skillman/documents/3/skills/2463/pdf?l=fi,wsc-2026-shanghai,wsc-2026-shanghai-td.zip,done
WSC2026,WorldSkills Shanghai 2026,TD,57,Additive Manufacturing,,fr,WSC2026_TD57_fr.pdf,439341,8ddea175740ba09e17acfcb584502a10d34df84a9629b577ac50b91f85a53a5f,WSC2026/TD/57/fr/WSC2026_TD57_fr.pdf,https://api.worldskills.org/skillman/documents/3/skills/2463/pdf?l=fr,wsc-2026-shanghai,wsc-2026-shanghai-td.zip,done
WSC2026,WorldSkills Shanghai 2026,TD,57,Additive Manufacturing,,ja,WSC2026_TD57_ja.pdf,439444,63efddb9a8aea03ddbf7ff8499c8efa43f185302a8138065d4cec8fb78b8af12,WSC2026/TD/57/ja/WSC2026_TD57_ja.pdf,https://api.worldskills.org/skillman/documents/3/skills/2463/pdf?l=ja,wsc-2026-shanghai,wsc-2026-shanghai-td.zip,done
WSC2026,WorldSkills Shanghai 2026,TD,57,Additive Manufacturing,,ko,WSC2026_TD57_ko.pdf,439460,6beeeb7832e0d38269918237157ee6d65ec203e2f71d2f73351c52eda645f251,WSC2026/TD/57/ko/WSC2026_TD57_ko.pdf,https://api.worldskills.org/skillman/documents/3/skills/2463/pdf?l=ko,wsc-2026-shanghai,wsc-2026-shanghai-td.zip,done
WSC2026,WorldSkills Shanghai 2026,TD,57,Additive Manufacturing,,pt,WSC2026_TD57_pt.pdf,439440,993b2b085fa1ce362fc19caa2ef2db1083be146266bda5080383e2371d8373a4,WSC2026/TD/57/pt/WSC2026_TD57_pt.pdf,https://api.worldskills.org/skillman/documents/3/skills/2463/pdf?l=pt,wsc-2026-shanghai,wsc-2026-shanghai-td.zip,done
WSC2026,WorldSkills Shanghai 2026,TD,57,Additive Manufacturing,,ru,WSC2026_TD57_ru.pdf,439435,d74dca2bc44a4ca109e0563e286b60dc6a61000abc38c8d557f22683edab7534,WSC2026/TD/57/ru/WSC2026_TD57_ru.pdf,https://api.worldskills.org/skillman/documents/3/skills/2463/pdf?l=ru,wsc-2026-shanghai,wsc-2026-shanghai-td.zip,done
WSC2026,WorldSkills Shanghai 2026,TD,57,Additive Manufacturing,,zh,WSC2026_TD57_zh.pdf,439458,b30af0eede27d6a37785d36caa9a029abde85a1bf1efcff3cbee642805bbd65c,WSC2026/TD/57/zh/WSC2026_TD57_zh.pdf,https://api.worldskills.org/skillman/documents/3/skills/2463/pdf?l=zh,wsc-2026-shanghai,wsc-2026-shanghai-td.zip,done
WSC2026,WorldSkills Shanghai 2026,TD,58,Digital Construction,,ar,WSC2026_TD58_ar.pdf,439361,4a6d41ba3f363317d99557b18502f72a4e9be9ddc77ee8777ec08f5e74212bcf,WSC2026/TD/58/ar/WSC2026_TD58_ar.pdf,https://api.worldskills.org/skillman/documents/3/skills/2419/pdf?l=ar,wsc-2026-shanghai,wsc-2026-shanghai-td.zip,done
WSC2026,WorldSkills Shanghai 2026,TD,58,Digital Construction,,de,WSC2026_TD58_de.pdf,439363,a498dd1deae9b9e64a0056ecbec9ab9d8085428fc4c61b1add40d7c6b46efea7,WSC2026/TD/58/de/WSC2026_TD58_de.pdf,https://api.worldskills.org/skillman/documents/3/skills/2419/pdf?l=de,wsc-2026-shanghai,wsc-2026-shanghai-td.zip,done
WSC2026,WorldSkills Shanghai 2026,TD,58,Digital Construction,,en,WSC2026_TD58_en.pdf,1040127,dc438eb226b0b1cecf325475cc96e4632c77c7c7578b94b686665e28811f5d4d,WSC2026/TD/58/en/WSC2026_TD58_en.pdf,https://api.worldskills.org/skillman/documents/3/skills/2419/pdf?l=en,wsc-2026-shanghai,wsc-2026-shanghai-td.zip,done
WSC2026,WorldSkills Shanghai 2026,TD,58,Digital Construction,,es,WSC2026_TD58_es.pdf,439350,ab34118578a5777bc1aef233d52ba103ad6b61381da4ec794fb5ed92760c7338,WSC2026/TD/58/es/WSC2026_TD58_es.pdf,https://api.worldskills.org/skillman/documents/3/skills/2419/pdf?l=es,wsc-2026-shanghai,wsc-2026-shanghai-td.zip,done
WSC2026,WorldSkills Shanghai 2026,TD,58,Digital Construction,,fi,WSC2026_TD58_fi.pdf,439362,a6d598be31b0c426ced933b78049d2e2e4bb06e54448da1bb40bf5d313289186,WSC2026/TD/58/fi/WSC2026_TD58_fi.pdf,https://api.worldskills.org/skillman/documents/3/skills/2419/pdf?l=fi,wsc-2026-shanghai,wsc-2026-shanghai-td.zip,done
WSC2026,WorldSkills Shanghai 2026,TD,58,Digital Construction,,fr,WSC2026_TD58_fr.pdf,439360,7955cfb3381922e9878d354baffcd1d5220f97eafa6aab9dfbdc4c2dd43e18d6,WSC2026/TD/58/fr/WSC2026_TD58_fr.pdf,https://api.worldskills.org/skillman/documents/3/skills/2419/pdf?l=fr,wsc-2026-shanghai,wsc-2026-shanghai-td.zip,done
WSC2026,WorldSkills Shanghai 2026,TD,58,Digital Construction,,ja,WSC2026_TD58_ja.pdf,439381,ca66429992f84e1ad340241017578476fd0f0fcca7affd50b18b21e147e761fd,WSC2026/TD/58/ja/WSC2026_TD58_ja.pdf,https://api.worldskills.org/skillman/documents/3/skills/2419/pdf?l=ja,wsc-2026-shanghai,wsc-2026-shanghai-td.zip,done
WSC2026,WorldSkills Shanghai 2026,TD,58,Digital Construction,,ko,WSC2026_TD58_ko.pdf,439383,7681b31559eb670ba95f8164e243dde1ddb466f2c103f25eedc6588837f908cf,WSC2026/TD/58/ko/WSC2026_TD58_ko.pdf,https://api.worldskills.org/skillman/documents/3/skills/2419/pdf?l=ko,wsc-2026-shanghai,wsc-2026-shanghai-td.zip,done
WSC2026,WorldSkills Shanghai 2026,TD,58,Digital Construction,,pt,WSC2026_TD58_pt.pdf,439367,a55c3676173313afd63b1688e18bbbed7cfa591f8b1b9005bff1f64f01691b9b,WSC2026/TD/58/pt/WSC2026_TD58_pt.pdf,https://api.worldskills.org/skillman/documents/3/skills/2419/pdf?l=pt,wsc-2026-shanghai,wsc-2026-shanghai-td.zip,done
WSC2026,WorldSkills Shanghai 2026,TD,58,Digital Construction,,ru,WSC2026_TD58_ru.pdf,439365,3f75512076da7617f7fba49f9a35dbd30d548d3720a2504a34359ef7bad57865,WSC2026/TD/58/ru/WSC2026_TD58_ru.pdf,https://api.worldskills.org/skillman/documents/3/skills/2419/pdf?l=ru,wsc-2026-shanghai,wsc-2026-shanghai-td.zip,done
WSC2026,WorldSkills Shanghai 2026,TD,58,Digital Construction,,zh,WSC2026_TD58_zh.pdf,439387,cedf5d77362b5d17d0d0bc81ab60d220ca96808e937503aef36462eb9452cb63,WSC2026/TD/58/zh/WSC2026_TD58_zh.pdf,https://api.worldskills.org/skillman/documents/3/skills/2419/pdf?l=zh,wsc-2026-shanghai,wsc-2026-shanghai-td.zip,done
WSC2026,WorldSkills Shanghai 2026,TD,59,Industrial Design Technology,,ar,WSC2026_TD59_ar.pdf,439898,e8d6bec9c4d62d817d4e3e38fe8a532d22e7c0ababc145860fa7f63ce21ca904,WSC2026/TD/59/ar/WSC2026_TD59_ar.pdf,https://api.worldskills.org/skillman/documents/3/skills/2462/pdf?l=ar,wsc-2026-shanghai,wsc-2026-shanghai-td.zip,done
WSC2026,WorldSkills Shanghai 2026,TD,59,Industrial Design Technology,,de,WSC2026_TD59_de.pdf,439893,34e900133dc0489ee7d45de1bef86c6ceec21c59a5a98955c9c2f3396663ed11,WSC2026/TD/59/de/WSC2026_TD59_de.pdf,https://api.worldskills.org/skillman/documents/3/skills/2462/pdf?l=de,wsc-2026-shanghai,wsc-2026-shanghai-td.zip,done
WSC2026,WorldSkills Shanghai 2026,TD,59,Industrial Design Technology,,en,WSC2026_TD59_en.pdf,762502,bd0b9cfbf02f86e8fb1e98807ba85fcd85988847f571ff937e57cfd688799288,WSC2026/TD/59/en/WSC2026_TD59_en.pdf,https://api.worldskills.org/skillman/documents/3/skills/2462/pdf?l=en,wsc-2026-shanghai,wsc-2026-shanghai-td.zip,done
WSC2026,WorldSkills Shanghai 2026,TD,59,Industrial Design Technology,,es,WSC2026_TD59_es.pdf,439888,2684ee42b612b0c5b0483c93c50e4e2b57f361bfde9a93b757132b3f04245baf,WSC2026/TD/59/es/WSC2026_TD59_es.pdf,https://api.worldskills.org/skillman/documents/3/skills/2462/pdf?l=es,wsc-2026-shanghai,wsc-2026-shanghai-td.zip,done
WSC2026,WorldSkills Shanghai 2026,TD,59,Industrial Design Technology,,fi,WSC2026_TD59_fi.pdf,439903,6614b50cdd9f980156d2c10f2dcc8e17cc9ea58f4d12599ba2b788e7a1ef90f8,WSC2026/TD/59/fi/WSC2026_TD59_fi.pdf,https://api.worldskills.org/skillman/documents/3/skills/2462/pdf?l=fi,wsc-2026-shanghai,wsc-2026-shanghai-td.zip,done
WSC2026,WorldSkills Shanghai 2026,TD,59,Industrial Design Technology,,fr,WSC2026_TD59_fr.pdf,439311,7f89f47a3e318e4ed6ac884cba92eb34115bbcb6c756f8e1bbc3310eb384204a,WSC2026/TD/59/fr/WSC2026_TD59_fr.pdf,https://api.worldskills.org/skillman/documents/3/skills/2462/pdf?l=fr,wsc-2026-shanghai,wsc-2026-shanghai-td.zip,done
WSC2026,WorldSkills Shanghai 2026,TD,59,Industrial Design Technology,,ja,WSC2026_TD59_ja.pdf,439921,3526c29e957b3a661a79e56d9e28efd99d09ad4501e9b3119c986761fb7dcd45,WSC2026/TD/59/ja/WSC2026_TD59_ja.pdf,https://api.worldskills.org/skillman/documents/3/skills/2462/pdf?l=ja,wsc-2026-shanghai,wsc-2026-shanghai-td.zip,done
WSC2026,WorldSkills Shanghai 2026,TD,59,Industrial Design Technology,,ko,WSC2026_TD59_ko.pdf,439912,cdef2591e429b78d5f2aa5db04da44a86497bc696518b505530c20a1afe998f3,WSC2026/TD/59/ko/WSC2026_TD59_ko.pdf,https://api.worldskills.org/skillman/documents/3/skills/2462/pdf?l=ko,wsc-2026-shanghai,wsc-2026-shanghai-td.zip,done
WSC2026,WorldSkills Shanghai 2026,TD,59,Industrial Design Technology,,pt,WSC2026_TD59_pt.pdf,439903,e0fa3e94c94a421914460eb8eecdde72456e208fdad102610c07311fa79e0abd,WSC2026/TD/59/pt/WSC2026_TD59_pt.pdf,https://api.worldskills.org/skillman/documents/3/skills/2462/pdf?l=pt,wsc-2026-shanghai,wsc-2026-shanghai-td.zip,done
WSC2026,WorldSkills Shanghai 2026,TD,59,Industrial Design Technology,,ru,WSC2026_TD59_ru.pdf,439906,cb8f7c88173c91dced03c25bbe649bec6733fd0a0dce23c730df9125f648d494,WSC2026/TD/59/ru/WSC2026_TD59_ru.pdf,https://api.worldskills.org/skillman/documents/3/skills/2462/pdf?l=ru,wsc-2026-shanghai,wsc-2026-shanghai-td.zip,done
WSC2026,WorldSkills Shanghai 2026,TD,59,Industrial Design Technology,,zh,WSC2026_TD59_zh.pdf,439927,3d70d9ea362f49bc5dcb27d82f5f9db699ef2002984a4be88cf245b920b3b124,WSC2026/TD/59/zh/WSC2026_TD59_zh.pdf,https://api.worldskills.org/skillman/documents/3/skills/2462/pdf?l=zh,wsc-2026-shanghai,wsc-2026-shanghai-td.zip,done
WSC2026,WorldSkills Shanghai 2026,TD,60,Optoelectronic Technology,,ar,WSC2026_TD60_ar.pdf,439864,9df93f25e7ec745d7d616cf11bde17ea637c447e4fd41e08642bb3a4d863e7fb,WSC2026/TD/60/ar/WSC2026_TD60_ar.pdf,https://api.worldskills.org/skillman/documents/3/skills/2460/pdf?l=ar,wsc-2026-shanghai,wsc-2026-shanghai-td.zip,done
WSC2026,WorldSkills Shanghai 2026,TD,60,Optoelectronic Technology,,de,WSC2026_TD60_de.pdf,439860,a116b8c0b695d240c0c9de1ecfa1c7f0d1595f7e00dbb20798d6d8ac5f350ceb,WSC2026/TD/60/de/WSC2026_TD60_de.pdf,https://api.worldskills.org/skillman/documents/3/skills/2460/pdf?l=de,wsc-2026-shanghai,wsc-2026-shanghai-td.zip,done
WSC2026,WorldSkills Shanghai 2026,TD,60,Optoelectronic Technology,,en,WSC2026_TD60_en.pdf,1013029,a97299f1384a0eb7e00d0ce37a6293e15000d8d68b209f8dcad477dfe600345c,WSC2026/TD/60/en/WSC2026_TD60_en.pdf,https://api.worldskills.org/skillman/documents/3/skills/2460/pdf?l=en,wsc-2026-shanghai,wsc-2026-shanghai-td.zip,done
WSC2026,WorldSkills Shanghai 2026,TD,60,Optoelectronic Technology,,es,WSC2026_TD60_es.pdf,439854,225a450e8a4e8592a628347e60d6009b5d36d37cec5e9f768cfd424d6c015a27,WSC2026/TD/60/es/WSC2026_TD60_es.pdf,https://api.worldskills.org/skillman/documents/3/skills/2460/pdf?l=es,wsc-2026-shanghai,wsc-2026-shanghai-td.zip,done
WSC2026,WorldSkills Shanghai 2026,TD,60,Optoelectronic Technology,,fi,WSC2026_TD60_fi.pdf,439863,0892334c6d3c73599b57a073532419cc6f729a8926bfec0cb9f0661b601f0ac1,WSC2026/TD/60/fi/WSC2026_TD60_fi.pdf,https://api.worldskills.org/skillman/documents/3/skills/2460/pdf?l=fi,wsc-2026-shanghai,wsc-2026-shanghai-td.zip,done
WSC2026,WorldSkills Shanghai 2026,TD,60,Optoelectronic Technology,,fr,WSC2026_TD60_fr.pdf,439596,126ce47834bdd2d824384413119daec08873efcfde19006e0729e971bb22976c,WSC2026/TD/60/fr/WSC2026_TD60_fr.pdf,https://api.worldskills.org/skillman/documents/3/skills/2460/pdf?l=fr,wsc-2026-shanghai,wsc-2026-shanghai-td.zip,done
WSC2026,WorldSkills Shanghai 2026,TD,60,Optoelectronic Technology,,ja,WSC2026_TD60_ja.pdf,439883,1359e44c12c0ce5092c1e718ed13464a977b7d47e241390e59459a2e1b19b09a,WSC2026/TD/60/ja/WSC2026_TD60_ja.pdf,https://api.worldskills.org/skillman/documents/3/skills/2460/pdf?l=ja,wsc-2026-shanghai,wsc-2026-shanghai-td.zip,done
WSC2026,WorldSkills Shanghai 2026,TD,60,Optoelectronic Technology,,ko,WSC2026_TD60_ko.pdf,439884,a1c02c8cca04055758b3b16baaeb4e415ce12292c4349a369b347607885a3887,WSC2026/TD/60/ko/WSC2026_TD60_ko.pdf,https://api.worldskills.org/skillman/documents/3/skills/2460/pdf?l=ko,wsc-2026-shanghai,wsc-2026-shanghai-td.zip,done
WSC2026,WorldSkills Shanghai 2026,TD,60,Optoelectronic Technology,,pt,WSC2026_TD60_pt.pdf,439861,12d9eb12dbd211771f320c8a9c56fc0fdf71f3f6afac1466307dd82e8268c145,WSC2026/TD/60/pt/WSC2026_TD60_pt.pdf,https://api.worldskills.org/skillman/documents/3/skills/2460/pdf?l=pt,wsc-2026-shanghai,wsc-2026-shanghai-td.zip,done
WSC2026,WorldSkills Shanghai 2026,TD,60,Optoelectronic Technology,,ru,WSC2026_TD60_ru.pdf,439862,4e0c0d932819cd853b347b53fbb1e060dd4e15c9911e8c3fcbb90c9ad03b7017,WSC2026/TD/60/ru/WSC2026_TD60_ru.pdf,https://api.worldskills.org/skillman/documents/3/skills/2460/pdf?l=ru,wsc-2026-shanghai,wsc-2026-shanghai-td.zip,done
WSC2026,WorldSkills Shanghai 2026,TD,60,Optoelectronic Technology,,zh,WSC2026_TD60_zh.pdf,439892,1f0d495dcba2cec4f31dcb45700317c877bdd8286bdc270af3b1308da26fedbc,WSC2026/TD/60/zh/WSC2026_TD60_zh.pdf,https://api.worldskills.org/skillman/documents/3/skills/2460/pdf?l=zh,wsc-2026-shanghai,wsc-2026-shanghai-td.zip,done
WSC2026,WorldSkills Shanghai 2026,TD,61,Rail Vehicle Technology,,ar,WSC2026_TD61_ar.pdf,439941,2fdacabece274097a32e40273de2cddd82ba915eaa19393904cbf62395594a1f,WSC2026/TD/61/ar/WSC2026_TD61_ar.pdf,https://api.worldskills.org/skillman/documents/3/skills/2695/pdf?l=ar,wsc-2026-shanghai,wsc-2026-shanghai-td.zip,done
WSC2026,WorldSkills Shanghai 2026,TD,61,Rail Vehicle Technology,,de,WSC2026_TD61_de.pdf,439933,2990f0304812e6124e871c83fb57a8ae3b6e953e0609bceeb0e91b1febe0a931,WSC2026/TD/61/de/WSC2026_TD61_de.pdf,https://api.worldskills.org/skillman/documents/3/skills/2695/pdf?l=de,wsc-2026-shanghai,wsc-2026-shanghai-td.zip,done
WSC2026,WorldSkills Shanghai 2026,TD,61,Rail Vehicle Technology,,en,WSC2026_TD61_en.pdf,643042,8557788b913314764637ebe9ccb1b26c2f120943ca6dac0afb268e2c84537be0,WSC2026/TD/61/en/WSC2026_TD61_en.pdf,https://api.worldskills.org/skillman/documents/3/skills/2695/pdf?l=en,wsc-2026-shanghai,wsc-2026-shanghai-td.zip,done
WSC2026,WorldSkills Shanghai 2026,TD,61,Rail Vehicle Technology,,es,WSC2026_TD61_es.pdf,439923,8bb0b42244c7ff98c0eacbc216b5ff4317644ddb8be4b8ca690f08a8a81b14f6,WSC2026/TD/61/es/WSC2026_TD61_es.pdf,https://api.worldskills.org/skillman/documents/3/skills/2695/pdf?l=es,wsc-2026-shanghai,wsc-2026-shanghai-td.zip,done
WSC2026,WorldSkills Shanghai 2026,TD,61,Rail Vehicle Technology,,fi,WSC2026_TD61_fi.pdf,439941,3a69e697ccf33802f014dd7d10403f2389647ff459eab76686229f9015fc82c2,WSC2026/TD/61/fi/WSC2026_TD61_fi.pdf,https://api.worldskills.org/skillman/documents/3/skills/2695/pdf?l=fi,wsc-2026-shanghai,wsc-2026-shanghai-td.zip,done
WSC2026,WorldSkills Shanghai 2026,TD,61,Rail Vehicle Technology,,fr,WSC2026_TD61_fr.pdf,439943,233677e1587b7326f75e54a786d50390d84d686642f57db26e802d10840555ef,WSC2026/TD/61/fr/WSC2026_TD61_fr.pdf,https://api.worldskills.org/skillman/documents/3/skills/2695/pdf?l=fr,wsc-2026-shanghai,wsc-2026-shanghai-td.zip,done
WSC2026,WorldSkills Shanghai 2026,TD,61,Rail Vehicle Technology,,ja,WSC2026_TD61_ja.pdf,439960,fc172e7fdb7b6943f8e872f521729e530e4cf3f5dd42716c25be41b7037c89d3,WSC2026/TD/61/ja/WSC2026_TD61_ja.pdf,https://api.worldskills.org/skillman/documents/3/skills/2695/pdf?l=ja,wsc-2026-shanghai,wsc-2026-shanghai-td.zip,done
WSC2026,WorldSkills Shanghai 2026,TD,61,Rail Vehicle Technology,,ko,WSC2026_TD61_ko.pdf,439962,6a7b972396348ce43ae4e8b00990db07616649181fbdef4cd638f395f9353ac4,WSC2026/TD/61/ko/WSC2026_TD61_ko.pdf,https://api.worldskills.org/skillman/documents/3/skills/2695/pdf?l=ko,wsc-2026-shanghai,wsc-2026-shanghai-td.zip,done
WSC2026,WorldSkills Shanghai 2026,TD,61,Rail Vehicle Technology,,pt,WSC2026_TD61_pt.pdf,439945,6662a8a505ad7ee1f1706d4a0b5699be3df3b09c093335ed5d4471f784ef39ea,WSC2026/TD/61/pt/WSC2026_TD61_pt.pdf,https://api.worldskills.org/skillman/documents/3/skills/2695/pdf?l=pt,wsc-2026-shanghai,wsc-2026-shanghai-td.zip,done
WSC2026,WorldSkills Shanghai 2026,TD,61,Rail Vehicle Technology,,ru,WSC2026_TD61_ru.pdf,439946,ffe1f6355a21dfd87c0b2cc4242c7b5b50c35f054836c7dee1ed7464ce020084,WSC2026/TD/61/ru/WSC2026_TD61_ru.pdf,https://api.worldskills.org/skillman/documents/3/skills/2695/pdf?l=ru,wsc-2026-shanghai,wsc-2026-shanghai-td.zip,done
WSC2026,WorldSkills Shanghai 2026,TD,61,Rail Vehicle Technology,,zh,WSC2026_TD61_zh.pdf,439959,0b6572713430d492eb17dd2434ee35945ab84103051803c038884899efa03ea4,WSC2026/TD/61/zh/WSC2026_TD61_zh.pdf,https://api.worldskills.org/skillman/documents/3/skills/2695/pdf?l=zh,wsc-2026-shanghai,wsc-2026-shanghai-td.zip,done
WSC2026,WorldSkills Shanghai 2026,TD,62,Renewable Energy,,ar,WSC2026_TD62_ar.pdf,439283,f46b55f36fcc962f682dcd8d9614999757940366efbcfcf60fe6c357ef69cc1f,WSC2026/TD/62/ar/WSC2026_TD62_ar.pdf,https://api.worldskills.org/skillman/documents/3/skills/2453/pdf?l=ar,wsc-2026-shanghai,wsc-2026-shanghai-td.zip,done
WSC2026,WorldSkills Shanghai 2026,TD,62,Renewable Energy,,de,WSC2026_TD62_de.pdf,439284,71446027e9e22aa69021fad2614d9717034ac6f88ea1c0ab709ad98d206a6936,WSC2026/TD/62/de/WSC2026_TD62_de.pdf,https://api.worldskills.org/skillman/documents/3/skills/2453/pdf?l=de,wsc-2026-shanghai,wsc-2026-shanghai-td.zip,done
WSC2026,WorldSkills Shanghai 2026,TD,62,Renewable Energy,,en,WSC2026_TD62_en.pdf,1303714,7a991ab4fbc8ba891e28f4fd7ce3789d59cb2ed52d5b268f8dd54f90b5873120,WSC2026/TD/62/en/WSC2026_TD62_en.pdf,https://api.worldskills.org/skillman/documents/3/skills/2453/pdf?l=en,wsc-2026-shanghai,wsc-2026-shanghai-td.zip,done
WSC2026,WorldSkills Shanghai 2026,TD,62,Renewable Energy,,es,WSC2026_TD62_es.pdf,439264,bfa618f52907ca594410f4411ae58b4898bad1430d5e66545ebb32be0f071114,WSC2026/TD/62/es/WSC2026_TD62_es.pdf,https://api.worldskills.org/skillman/documents/3/skills/2453/pdf?l=es,wsc-2026-shanghai,wsc-2026-shanghai-td.zip,done
WSC2026,WorldSkills Shanghai 2026,TD,62,Renewable Energy,,fi,WSC2026_TD62_fi.pdf,439287,a8f9277bcfbabad0a66eefa0b804cfba696403ce298ecd9dd4443b7a271b196d,WSC2026/TD/62/fi/WSC2026_TD62_fi.pdf,https://api.worldskills.org/skillman/documents/3/skills/2453/pdf?l=fi,wsc-2026-shanghai,wsc-2026-shanghai-td.zip,done
WSC2026,WorldSkills Shanghai 2026,TD,62,Renewable Energy,,fr,WSC2026_TD62_fr.pdf,439611,b0a8766e8a8bb8468871e1ba87fba110ccdc9d65ce710e613b77e50d03fa53e9,WSC2026/TD/62/fr/WSC2026_TD62_fr.pdf,https://api.worldskills.org/skillman/documents/3/skills/2453/pdf?l=fr,wsc-2026-shanghai,wsc-2026-shanghai-td.zip,done
WSC2026,WorldSkills Shanghai 2026,TD,62,Renewable Energy,,ja,WSC2026_TD62_ja.pdf,439296,87d969215dc557f7934c1555e2b5978fb45b46e7ae3dbe140daa0b4ee84847ec,WSC2026/TD/62/ja/WSC2026_TD62_ja.pdf,https://api.worldskills.org/skillman/documents/3/skills/2453/pdf?l=ja,wsc-2026-shanghai,wsc-2026-shanghai-td.zip,done
WSC2026,WorldSkills Shanghai 2026,TD,62,Renewable Energy,,ko,WSC2026_TD62_ko.pdf,439307,6dbcc1b014a075acaced6d1ccecf4cd28e5bc7b40d7e33c688fbfa7903370e36,WSC2026/TD/62/ko/WSC2026_TD62_ko.pdf,https://api.worldskills.org/skillman/documents/3/skills/2453/pdf?l=ko,wsc-2026-shanghai,wsc-2026-shanghai-td.zip,done
WSC2026,WorldSkills Shanghai 2026,TD,62,Renewable Energy,,pt,WSC2026_TD62_pt.pdf,439283,e91adbee27f8a26f63daa1a44a269ff04d1dafe2bb53048c910ea6f9280e012c,WSC2026/TD/62/pt/WSC2026_TD62_pt.pdf,https://api.worldskills.org/skillman/documents/3/skills/2453/pdf?l=pt,wsc-2026-shanghai,wsc-2026-shanghai-td.zip,done
WSC2026,WorldSkills Shanghai 2026,TD,62,Renewable Energy,,ru,WSC2026_TD62_ru.pdf,439273,ac7517d9d781dd2749ce4c95eca2bfc7e808bef638a30045046cec07a84729eb,WSC2026/TD/62/ru/WSC2026_TD62_ru.pdf,https://api.worldskills.org/skillman/documents/3/skills/2453/pdf?l=ru,wsc-2026-shanghai,wsc-2026-shanghai-td.zip,done
WSC2026,WorldSkills Shanghai 2026,TD,62,Renewable Energy,,zh,WSC2026_TD62_zh.pdf,439296,2d8b19f4575ba8fb800dc5623b2a18a117af256e39d31425b14268f97f90a7b4,WSC2026/TD/62/zh/WSC2026_TD62_zh.pdf,https://api.worldskills.org/skillman/documents/3/skills/2453/pdf?l=zh,wsc-2026-shanghai,wsc-2026-shanghai-td.zip,done
WSC2026,WorldSkills Shanghai 2026,TD,63,Robot Systems Integration,,ar,WSC2026_TD63_ar.pdf,439463,1a2f854aa467a55b02a18b549c8c06ac7d55e0cc14c35377a23ed59b5475db46,WSC2026/TD/63/ar/WSC2026_TD63_ar.pdf,https://api.worldskills.org/skillman/documents/3/skills/2407/pdf?l=ar,wsc-2026-shanghai,wsc-2026-shanghai-td.zip,done
WSC2026,WorldSkills Shanghai 2026,TD,63,Robot Systems Integration,,de,WSC2026_TD63_de.pdf,439468,37784de60b55f6b190d905d563edf69e6a17e4650412b15880ff44263228e2a0,WSC2026/TD/63/de/WSC2026_TD63_de.pdf,https://api.worldskills.org/skillman/documents/3/skills/2407/pdf?l=de,wsc-2026-shanghai,wsc-2026-shanghai-td.zip,done
WSC2026,WorldSkills Shanghai 2026,TD,63,Robot Systems Integration,,en,WSC2026_TD63_en.pdf,3035067,0864c0dfedbf47ae518581096fa185829bfb855cde3166c4b7d4cb7f94629432,WSC2026/TD/63/en/WSC2026_TD63_en.pdf,https://api.worldskills.org/skillman/documents/3/skills/2407/pdf?l=en,wsc-2026-shanghai,wsc-2026-shanghai-td.zip,done
WSC2026,WorldSkills Shanghai 2026,TD,63,Robot Systems Integration,,es,WSC2026_TD63_es.pdf,439452,5de7faaa71bad265056006f69bac6f82234282a315657b0b9091cec05e1c5133,WSC2026/TD/63/es/WSC2026_TD63_es.pdf,https://api.worldskills.org/skillman/documents/3/skills/2407/pdf?l=es,wsc-2026-shanghai,wsc-2026-shanghai-td.zip,done
WSC2026,WorldSkills Shanghai 2026,TD,63,Robot Systems Integration,,fi,WSC2026_TD63_fi.pdf,439472,29ca14fccbfe2109878dfac1e06215c916ecdc94b509493ef916e5035c6b8896,WSC2026/TD/63/fi/WSC2026_TD63_fi.pdf,https://api.worldskills.org/skillman/documents/3/skills/2407/pdf?l=fi,wsc-2026-shanghai,wsc-2026-shanghai-td.zip,done
WSC2026,WorldSkills Shanghai 2026,TD,63,Robot Systems Integration,,fr,WSC2026_TD63_fr.pdf,439718,34b7a30ada7737e9ea4ea6a7b9d64b1724a83b464e91b51f94ae7aa271f9facc,WSC2026/TD/63/fr/WSC2026_TD63_fr.pdf,https://api.worldskills.org/skillman/documents/3/skills/2407/pdf?l=fr,wsc-2026-shanghai,wsc-2026-shanghai-td.zip,done
WSC2026,WorldSkills Shanghai 2026,TD,63,Robot Systems Integration,,ja,WSC2026_TD63_ja.pdf,439490,93f6445251ffba3c7fd6e4df8bc45ea19a12086a1f9cbdf26df4e52f2f062762,WSC2026/TD/63/ja/WSC2026_TD63_ja.pdf,https://api.worldskills.org/skillman/documents/3/skills/2407/pdf?l=ja,wsc-2026-shanghai,wsc-2026-shanghai-td.zip,done
WSC2026,WorldSkills Shanghai 2026,TD,63,Robot Systems Integration,,ko,WSC2026_TD63_ko.pdf,439492,8d4e322139d8eaaa425d3c52a2e6a625422eeeda17d8dcc382f855595b751ded,WSC2026/TD/63/ko/WSC2026_TD63_ko.pdf,https://api.worldskills.org/skillman/documents/3/skills/2407/pdf?l=ko,wsc-2026-shanghai,wsc-2026-shanghai-td.zip,done
WSC2026,WorldSkills Shanghai 2026,TD,63,Robot Systems Integration,,pt,WSC2026_TD63_pt.pdf,439470,120a2c0ce0900be6c23f413947a23670e16b2e1e2a193e255989b3965d85badb,WSC2026/TD/63/pt/WSC2026_TD63_pt.pdf,https://api.worldskills.org/skillman/documents/3/skills/2407/pdf?l=pt,wsc-2026-shanghai,wsc-2026-shanghai-td.zip,done
WSC2026,WorldSkills Shanghai 2026,TD,63,Robot Systems Integration,,ru,WSC2026_TD63_ru.pdf,439471,7b6a3b8c3352b32b112e939889926b57576a4f9c89713486ec5b3c8f5d95c960,WSC2026/TD/63/ru/WSC2026_TD63_ru.pdf,https://api.worldskills.org/skillman/documents/3/skills/2407/pdf?l=ru,wsc-2026-shanghai,wsc-2026-shanghai-td.zip,done
WSC2026,WorldSkills Shanghai 2026,TD,63,Robot Systems Integration,,zh,WSC2026_TD63_zh.pdf,439492,5023b4ecb78b7657310c6032860291471ec71fd2606d2d60f7e981d37b3d69eb,WSC2026/TD/63/zh/WSC2026_TD63_zh.pdf,https://api.worldskills.org/skillman/documents/3/skills/2407/pdf?l=zh,wsc-2026-shanghai,wsc-2026-shanghai-td.zip,done
WSC2026,WorldSkills Shanghai 2026,TD,64,Unmanned Aerial Systems,,ar,WSC2026_TD64_ar.pdf,439702,7587b0a011d68b51d4d5b552a293c8d9f716b5f73461366c4af7d8223f6414bf,WSC2026/TD/64/ar/WSC2026_TD64_ar.pdf,https://api.worldskills.org/skillman/documents/3/skills/2698/pdf?l=ar,wsc-2026-shanghai,wsc-2026-shanghai-td.zip,done
WSC2026,WorldSkills Shanghai 2026,TD,64,Unmanned Aerial Systems,,de,WSC2026_TD64_de.pdf,439709,c9cc2adf12c2019c03b36ac9295e3ecb919f30f0d7ddc03ee3c21e6a1073e31a,WSC2026/TD/64/de/WSC2026_TD64_de.pdf,https://api.worldskills.org/skillman/documents/3/skills/2698/pdf?l=de,wsc-2026-shanghai,wsc-2026-shanghai-td.zip,done
WSC2026,WorldSkills Shanghai 2026,TD,64,Unmanned Aerial Systems,,en,WSC2026_TD64_en.pdf,510279,98002440084a39eb930c6bbb94aea13e48e6957098fa7a3b06b694cae5b59ab6,WSC2026/TD/64/en/WSC2026_TD64_en.pdf,https://api.worldskills.org/skillman/documents/3/skills/2698/pdf?l=en,wsc-2026-shanghai,wsc-2026-shanghai-td.zip,done
WSC2026,WorldSkills Shanghai 2026,TD,64,Unmanned Aerial Systems,,es,WSC2026_TD64_es.pdf,439695,9cb22b1f5ca836492260f5807debfbf2cd15b2f2b9eda8c11402992670282dfe,WSC2026/TD/64/es/WSC2026_TD64_es.pdf,https://api.worldskills.org/skillman/documents/3/skills/2698/pdf?l=es,wsc-2026-shanghai,wsc-2026-shanghai-td.zip,done
WSC2026,WorldSkills Shanghai 2026,TD,64,Unmanned Aerial Systems,,fi,WSC2026_TD64_fi.pdf,439701,650b92222f2797afec578dca2b7f51eca1ced2f1cffc8c94b3ca343bbcf4069d,WSC2026/TD/64/fi/WSC2026_TD64_fi.pdf,https://api.worldskills.org/skillman/documents/3/skills/2698/pdf?l=fi,wsc-2026-shanghai,wsc-2026-shanghai-td.zip,done
WSC2026,WorldSkills Shanghai 2026,TD,64,Unmanned Aerial Systems,,fr,WSC2026_TD64_fr.pdf,439707,aa94f2520fa9ca9ff0420b1828b2d708926f61647a6adb1ae7e8ae32c27b658f,WSC2026/TD/64/fr/WSC2026_TD64_fr.pdf,https://api.worldskills.org/skillman/documents/3/skills/2698/pdf?l=fr,wsc-2026-shanghai,wsc-2026-shanghai-td.zip,done
WSC2026,WorldSkills Shanghai 2026,TD,64,Unmanned Aerial Systems,,ja,WSC2026_TD64_ja.pdf,439729,656e1dafaedeed6b744673cc45e330e4d389b8c70c99aea908e4453dc7a8980e,WSC2026/TD/64/ja/WSC2026_TD64_ja.pdf,https://api.worldskills.org/skillman/documents/3/skills/2698/pdf?l=ja,wsc-2026-shanghai,wsc-2026-shanghai-td.zip,done
WSC2026,WorldSkills Shanghai 2026,TD,64,Unmanned Aerial Systems,,ko,WSC2026_TD64_ko.pdf,439732,8a875df48a412c2c36be70c3a36a878207e217595d3926c262978792ac3eb769,WSC2026/TD/64/ko/WSC2026_TD64_ko.pdf,https://api.worldskills.org/skillman/documents/3/skills/2698/pdf?l=ko,wsc-2026-shanghai,wsc-2026-shanghai-td.zip,done
WSC2026,WorldSkills Shanghai 2026,TD,64,Unmanned Aerial Systems,,pt,WSC2026_TD64_pt.pdf,439711,5c108ba6c32ab0f152dbef2a0c54353e0011063d1e28716fad6740478fa7d354,WSC2026/TD/64/pt/WSC2026_TD64_pt.pdf,https://api.worldskills.org/skillman/documents/3/skills/2698/pdf?l=pt,wsc-2026-shanghai,wsc-2026-shanghai-td.zip,done
WSC2026,WorldSkills Shanghai 2026,TD,64,Unmanned Aerial Systems,,ru,WSC2026_TD64_ru.pdf,439706,4bd23904a3ad9e2c9ae1347657b6d0dea4c4efe3575226f2215ac3bfb6fb0fc3,WSC2026/TD/64/ru/WSC2026_TD64_ru.pdf,https://api.worldskills.org/skillman/documents/3/skills/2698/pdf?l=ru,wsc-2026-shanghai,wsc-2026-shanghai-td.zip,done
WSC2026,WorldSkills Shanghai 2026,TD,64,Unmanned Aerial Systems,,zh,WSC2026_TD64_zh.pdf,439726,fb4f4cf2cd269fd0fbc660f0618c21652e7682e9858062fb532b451b79508e49,WSC2026/TD/64/zh/WSC2026_TD64_zh.pdf,https://api.worldskills.org/skillman/documents/3/skills/2698/pdf?l=zh,wsc-2026-shanghai,wsc-2026-shanghai-td.zip,done
WSC2026,WorldSkills Shanghai 2026,TP,01,Industrial Mechanics,actual,de,WSC2026_TP01_actual_de.zip,1065838,50ed66b239b32f349556207c9d3c2567899f4279ded4d13fa50a0d661e58706e,WSC2026/TP/01/actual/de/WSC2026_TP01_actual_de.zip,https://api.worldskills.org/resources/download/32709/35217/36324?l=en,wsc-2026-shanghai,wsc-2026-shanghai-tp.zip,done
WSC2026,WorldSkills Shanghai 2026,TP,01,Industrial Mechanics,pre,en,WSC2026_TP01_skill_sets_pre_en.zip,7326498,b6e3514b2f6d9f58a84c16a1bd40b032d61d930eb6318c386826d9bab25c7f59,WSC2026/TP/01/pre/en/WSC2026_TP01_skill_sets_pre_en.zip,https://api.worldskills.org/resources/download/29211/33876/34931?l=en,wsc-2026-shanghai,wsc-2026-shanghai-tp.zip,done
WSC2026,WorldSkills Shanghai 2026,TP,02,ICT Network Infrastructure,actual,en,WSC2026_TP02_actual_en.zip,3462618,c86c4488120d67b7a3c8ba931fa0ca0e7ff7d3ce5ab01fbba5c235e7fb2ad3fc,WSC2026/TP/02/actual/en/WSC2026_TP02_actual_en.zip,https://api.worldskills.org/resources/download/32756/35265/36595?l=en,wsc-2026-shanghai,wsc-2026-shanghai-tp.zip,done
WSC2026,WorldSkills Shanghai 2026,TP,02,ICT Network Infrastructure,pre,en,WSC2026_TP02_pre_en.pdf,381237,c99c7d6d31b52f711a8a887e3a8186820f01fcff68903a53624bd172e4cd18e1,WSC2026/TP/02/pre/en/WSC2026_TP02_pre_en.pdf,https://api.worldskills.org/resources/download/29535/31902/32957?l=en,wsc-2026-shanghai,wsc-2026-shanghai-tp.zip,done
WSC2026,WorldSkills Shanghai 2026,TP,03,Intelligent Security Technology,actual,en,WSC2026_TP03_actual_en.zip,3156395,bfc2615714998e73a833586bbd36ef9825b46f00878c8fa834b89e3c8c17a1bb,WSC2026/TP/03/actual/en/WSC2026_TP03_actual_en.zip,https://api.worldskills.org/resources/download/32675/35182/36288?l=en,wsc-2026-shanghai,wsc-2026-shanghai-tp.zip,done
WSC2026,WorldSkills Shanghai 2026,TP,03,Intelligent Security Technology,actual,en,WSC2026_TP03_actual_en.zip,2551512,649e06cc8660b66a87de4e2f34a9ac833956da722b87d193c45bc85d503234c2,WSC2026/TP/03/actual/en/WSC2026_TP03_actual_en-649e06cc.zip,https://api.worldskills.org/resources/download/32512/35015/36112?l=en,wsc-2026-shanghai,wsc-2026-shanghai-tp.zip,done
WSC2026,WorldSkills Shanghai 2026,TP,04,Mechatronics,actual,en,WSC2026_TP04_actual_en.zip,12836777,723824f79454725808f9db388c64e8a2eeab2d67789c08038c03773010c906f4,WSC2026/TP/04/actual/en/WSC2026_TP04_actual_en.zip,https://api.worldskills.org/resources/download/32676/35185/36291?l=en,wsc-2026-shanghai,wsc-2026-shanghai-tp.zip,done
WSC2026,WorldSkills Shanghai 2026,TP,04,Mechatronics,pre,en,WSC2026_TP04_pre_en.zip,5553754,ff092cc8c5c996e50f6bc2407afdb307d81178862187860f89f0abb2b78a59f0,WSC2026/TP/04/pre/en/WSC2026_TP04_pre_en.zip,https://api.worldskills.org/resources/download/30848/33232/34287?l=en,wsc-2026-shanghai,wsc-2026-shanghai-tp.zip,done
WSC2026,WorldSkills Shanghai 2026,TP,05,Mechanical Engineering CAD,actual,en,WSC2026_TP05_actual_en.zip,30422065,6fd0bdfaaed7b49b0c0a2d054e1ada41136cfd56f16aa56839007fe6fe37ca11,WSC2026/TP/05/actual/en/WSC2026_TP05_actual_en.zip,https://api.worldskills.org/resources/download/32677/35184/36290?l=en,wsc-2026-shanghai,wsc-2026-shanghai-tp.zip,done
WSC2026,WorldSkills Shanghai 2026,TP,06,CNC Turning,actual,en,WSC2026_TP06_actual_en.zip,1603586,fabf579c13d8f732bf2a1d339f49507e817b46f6132496b87c594a0dda6fc739,WSC2026/TP/06/actual/en/WSC2026_TP06_actual_en.zip,https://api.worldskills.org/resources/download/32678/35186/36292?l=en,wsc-2026-shanghai,wsc-2026-shanghai-tp.zip,done
WSC2026,WorldSkills Shanghai 2026,TP,07,CNC Milling,actual,en,WSC2026_TP07_actual_en.zip,29481612,699978396e411fa7f61363531544c31eeb9b79bcaf64a0212285faa4e7022c3c,WSC2026/TP/07/actual/en/WSC2026_TP07_actual_en.zip,https://api.worldskills.org/resources/download/32679/35187/36293?l=en,wsc-2026-shanghai,wsc-2026-shanghai-tp.zip,done
WSC2026,WorldSkills Shanghai 2026,TP,08,Mobile Applications Development,actual,en,WSC2026_TP08_actual_en.zip,5083430,655523abc55fb4086914c5c4f6ec8345a564398e5d252d13ef7b49a020157215,WSC2026/TP/08/actual/en/WSC2026_TP08_actual_en.zip,https://api.worldskills.org/resources/download/32710/35219/36336?l=en,wsc-2026-shanghai,wsc-2026-shanghai-tp.zip,done
WSC2026,WorldSkills Shanghai 2026,TP,09,Software Applications Development,actual,en,WSC2026_TP09_actual_en.zip,4919004,9a4e43d22afe60edeeec007ad64d60b88a54c9728b1213a006a1d2a48e11d676,WSC2026/TP/09/actual/en/WSC2026_TP09_actual_en.zip,https://api.worldskills.org/resources/download/32711/35220/36347?l=en,wsc-2026-shanghai,wsc-2026-shanghai-tp.zip,done
WSC2026,WorldSkills Shanghai 2026,TP,10,Welding,actual,en,WSC2026_TP10_actual_en.zip,8286371,7aa687e1804293b94dbcc9f63d60c62a901a83a1948b0067ae39b7d6fb0ae0a2,WSC2026/TP/10/actual/en/WSC2026_TP10_actual_en.zip,https://api.worldskills.org/resources/download/32680/35188/36294?l=en,wsc-2026-shanghai,wsc-2026-shanghai-tp.zip,done
WSC2026,WorldSkills Shanghai 2026,TP,10,Welding,pre,en,WSC2026_TP10_pre_EN.zip,4769115,30498b1884961f461b11cd3668e489cf8e6a341a09f9c6cc323dcaea22735cba,WSC2026/TP/10/pre/en/WSC2026_TP10_pre_EN.zip,https://api.worldskills.org/resources/download/29007/32026/33081?l=en,wsc-2026-shanghai,wsc-2026-shanghai-tp.zip,done
WSC2026,WorldSkills Shanghai 2026,TP,10,Welding,pre,en,WSC2026_TP10_pre_EN.zip,4769115,30498b1884961f461b11cd3668e489cf8e6a341a09f9c6cc323dcaea22735cba,WSC2026/TP/10/pre/en/WSC2026_TP10_pre_EN-2.zip,https://api.worldskills.org/resources/download/29007/32026/33081?l=en,wsc-2026-shanghai,wsc-2026-shanghai-tp.zip,done
WSC2026,WorldSkills Shanghai 2026,TP,11,Software Testing,actual,en,WSC2026_TP11_actual_en.zip,350911,987a2ca23cfdd0b1bc8853d7a681a0a567158f99ff40cf2c9088ba8551521ebe,WSC2026/TP/11/actual/en/WSC2026_TP11_actual_en.zip,https://api.worldskills.org/resources/download/32712/35221/36358?l=en,wsc-2026-shanghai,wsc-2026-shanghai-tp.zip,done
WSC2026,WorldSkills Shanghai 2026,TP,12,Wall and Floor Tiling,actual,en,WSC2026_TP12_actual_en.zip,13297476,73e513d784de4fac499bc426ea0c3d5dedd01bb27edcdf6be6f36dd337a8f122,WSC2026/TP/12/actual/en/WSC2026_TP12_actual_en.zip,https://api.worldskills.org/resources/download/32681/35189/36295?l=en,wsc-2026-shanghai,wsc-2026-shanghai-tp.zip,done
WSC2026,WorldSkills Shanghai 2026,TP,13,Autobody Repair,actual,en,WSC2026_TP13_actual_en.zip,13145247,cda6e3ebd491f822ea686b8348c0843a7a27ef38cc52189574e4a9bcdd465ea2,WSC2026/TP/13/actual/en/WSC2026_TP13_actual_en.zip,https://api.worldskills.org/resources/download/32682/35190/36296?l=en,wsc-2026-shanghai,wsc-2026-shanghai-tp.zip,done
WSC2026,WorldSkills Shanghai 2026,TP,14,Aircraft Maintenance,actual,en,WSC2026_TP14_actual_en.zip,6570286,e4609f7836f3c007e612401a1f535851277f8006df412a71a2d95d077f7c1a0c,WSC2026/TP/14/actual/en/WSC2026_TP14_actual_en.zip,https://api.worldskills.org/resources/download/32683/35191/36297?l=en,wsc-2026-shanghai,wsc-2026-shanghai-tp.zip,done
WSC2026,WorldSkills Shanghai 2026,TP,15,Plumbing and Heating,actual,en,WSC2026_TP15_actual_en.zip,4185653,5ad6401309bcbd4888c7f264d7e2b645fc28d32bfd3440ddfbdf3ab72e2529f7,WSC2026/TP/15/actual/en/WSC2026_TP15_actual_en.zip,https://api.worldskills.org/resources/download/32684/35307/36645?l=en,wsc-2026-shanghai,wsc-2026-shanghai-tp.zip,done
WSC2026,WorldSkills Shanghai 2026,TP,16,Electronics,actual,en,WSC2026_TP16_actual_ar-SA.zip,7333587,7c6a632d7d4e91b16f41cf22eae790629231ce46d9d6a01d5677cf1426752c30,WSC2026/TP/16/actual/en/WSC2026_TP16_actual_ar-SA.zip,https://api.worldskills.org/resources/download/32724/35233/36464?l=en,wsc-2026-shanghai,wsc-2026-shanghai-tp.zip,done
WSC2026,WorldSkills Shanghai 2026,TP,17,Web Technologies,actual,en,WS2026_TP17_MA_selected_actual_en.pdf,308760,f655bd8e8a2b1c0e3f76fce6fa728d25cbf9034dbcf994d1ebfe4772f9204d90,WSC2026/TP/17/actual/en/WS2026_TP17_MA_selected_actual_en.pdf,https://api.worldskills.org/resources/download/32496/34996/36083?l=en,wsc-2026-shanghai,wsc-2026-shanghai-tp.zip,done
WSC2026,WorldSkills Shanghai 2026,TP,17,Web Technologies,actual,und,WSC2026_TP17_MA_actual.zip,6643856,cdf1267a8fb94202d4474181f3e83c4d8e97f77701be4a292c71d7d0c710785f,WSC2026/TP/17/actual/und/WSC2026_TP17_MA_actual.zip,https://api.worldskills.org/resources/download/32518/35023/36120?l=en,wsc-2026-shanghai,wsc-2026-shanghai-tp.zip,done
WSC2026,WorldSkills Shanghai 2026,TP,17,Web Technologies,actual,und,WSC2026_TP17_MB_actual.zip,18490183,6ace41e0255c1fd44bfb6cc992d608f55997693711b438a7eb201bb733ac7928,WSC2026/TP/17/actual/und/WSC2026_TP17_MB_actual.zip,https://api.worldskills.org/resources/download/32517/35022/36119?l=en,wsc-2026-shanghai,wsc-2026-shanghai-tp.zip,done
WSC2026,WorldSkills Shanghai 2026,TP,17,Web Technologies,actual,und,WSC2026_TP17_MC_actual.zip,4784454,2701dce263fae63e61bf19f87e520a5f9942ec042c34c836b4e0d3c728f0a237,WSC2026/TP/17/actual/und/WSC2026_TP17_MC_actual.zip,https://api.worldskills.org/resources/download/32515/35020/36117?l=en,wsc-2026-shanghai,wsc-2026-shanghai-tp.zip,done
WSC2026,WorldSkills Shanghai 2026,TP,17,Web Technologies,actual,und,WSC2026_TP17_MD_actual.zip,7634311,8c2c490cf706966bf327b11cb507a0eb077c4e0239885d264f18e84e12a14adf,WSC2026/TP/17/actual/und/WSC2026_TP17_MD_actual.zip,https://api.worldskills.org/resources/download/32516/35021/36118?l=en,wsc-2026-shanghai,wsc-2026-shanghai-tp.zip,done
WSC2026,WorldSkills Shanghai 2026,TP,17,Web Technologies,actual,und,WSC2026_TP17_ME_actual.zip,6571308,a6df32cd23f0c4a68da160d1414f3faafb5207141e367fc69d5872036e969e24,WSC2026/TP/17/actual/und/WSC2026_TP17_ME_actual.zip,https://api.worldskills.org/resources/download/32523/35028/36125?l=en,wsc-2026-shanghai,wsc-2026-shanghai-tp.zip,done
WSC2026,WorldSkills Shanghai 2026,TP,17,Web Technologies,actual,und,WSC2026_TP17_MF_actual.zip,10084957,ff1a551b36629f406cbc04545725fc7be71e8be4445e48552a4bd05145a8fbb8,WSC2026/TP/17/actual/und/WSC2026_TP17_MF_actual.zip,https://api.worldskills.org/resources/download/32524/35029/36126?l=en,wsc-2026-shanghai,wsc-2026-shanghai-tp.zip,done
WSC2026,WorldSkills Shanghai 2026,TP,17,Web Technologies,actual,und,WSC2026_TP17_MG_actual.zip,3682979,445f34b34504788e8b0a0dc5e63da5390f0962f00ce0a495f23184f2640c2918,WSC2026/TP/17/actual/und/WSC2026_TP17_MG_actual.zip,https://api.worldskills.org/resources/download/32570/35077/36183?l=en,wsc-2026-shanghai,wsc-2026-shanghai-tp.zip,done
WSC2026,WorldSkills Shanghai 2026,TP,17,Web Technologies,actual,en,WSC2026_TP17_actual_en.zip,4860225,69c42365b3d5ae44a10c332f425fa198b0d5d3601167d6802c164617e34df842,WSC2026/TP/17/actual/en/WSC2026_TP17_actual_en.zip,https://api.worldskills.org/resources/download/32725/35234/36476?l=en,wsc-2026-shanghai,wsc-2026-shanghai-tp.zip,done
WSC2026,WorldSkills Shanghai 2026,TP,17,Web Technologies,pre,und,WSC2026_TP17_technologies_pre.pdf,99807,676af4fa5831726cd3bcbda528e7de5250c2183e868b33ccd91e356969aea912,WSC2026/TP/17/pre/und/WSC2026_TP17_technologies_pre.pdf,https://api.worldskills.org/resources/download/30878/33260/34315?l=en,wsc-2026-shanghai,wsc-2026-shanghai-tp.zip,done
WSC2026,WorldSkills Shanghai 2026,TP,18,Electrical Installations,actual,en,WSC2026_TP18_actual_en.zip,2941093,5f1c0173642fed9d54372af0d6b321c90a57bb43c9a2ac43229ec95c08f8d8ea,WSC2026/TP/18/actual/en/WSC2026_TP18_actual_en.zip,https://api.worldskills.org/resources/download/32685/35193/36299?l=en,wsc-2026-shanghai,wsc-2026-shanghai-tp.zip,done
WSC2026,WorldSkills Shanghai 2026,TP,19,Industrial Control,actual,en,WSC2026_TP19_actual_en.zip,136685718,f50870dcfbc2d283bfbe85ebe2fab6e150c9a3b8b5e89449ebd311c31f65fec5,WSC2026/TP/19/actual/en/WSC2026_TP19_actual_en.zip,https://api.worldskills.org/resources/download/32686/35194/36300?l=en,wsc-2026-shanghai,wsc-2026-shanghai-tp.zip,done
WSC2026,WorldSkills Shanghai 2026,TP,19,Industrial Control,pre,en,WSC2026_TP19_safety_report_pre_en.pdf,325632,c6aaa6192d7ac9710455176e547d1b0fb1a220442566f9b2fe49f7fcda2c133d,WSC2026/TP/19/pre/en/WSC2026_TP19_safety_report_pre_en.pdf,https://api.worldskills.org/resources/download/30860/33242/34297?l=en,wsc-2026-shanghai,wsc-2026-shanghai-tp.zip,done
WSC2026,WorldSkills Shanghai 2026,TP,20,Bricklaying,actual,en,WSC2026_TP20_actual_en.zip,8756750,ba8c659fa31cdfb67d922466beaa19f5c40cdc797053e27adf6b25269c035c9c,WSC2026/TP/20/actual/en/WSC2026_TP20_actual_en.zip,https://api.worldskills.org/resources/download/32687/35218/36335?l=en,wsc-2026-shanghai,wsc-2026-shanghai-tp.zip,done
WSC2026,WorldSkills Shanghai 2026,TP,21,Plastering and Drywall Systems,actual,en,WSC2026_TP21_actual_en.zip,2628636,16d51208c0f5d6bf1e1ff23288488aaf4039bc33b58a16817c3cb086b428ecfb,WSC2026/TP/21/actual/en/WSC2026_TP21_actual_en.zip,https://api.worldskills.org/resources/download/32688/35196/36302?l=en,wsc-2026-shanghai,wsc-2026-shanghai-tp.zip,done
WSC2026,WorldSkills Shanghai 2026,TP,22,Painting and Decorating,actual,en,WSC2026_TP22_actual_en.zip,6181639,d48ef11ff192932e0b779f3b9fe27782253486a9b889cdc8c2bb1c0217af66d2,WSC2026/TP/22/actual/en/WSC2026_TP22_actual_en.zip,https://api.worldskills.org/resources/download/32689/35197/36303?l=en,wsc-2026-shanghai,wsc-2026-shanghai-tp.zip,done
WSC2026,WorldSkills Shanghai 2026,TP,22,Painting and Decorating,pre,en,WSC2026_TP22_pre_en.pdf,619475,fd54f8ec2d1e13307a44c21a06d25e7462de8f28388e444696f4d782418e3e6b,WSC2026/TP/22/pre/en/WSC2026_TP22_pre_en.pdf,https://api.worldskills.org/resources/download/30861/33243/34298?l=en,wsc-2026-shanghai,wsc-2026-shanghai-tp.zip,done
WSC2026,WorldSkills Shanghai 2026,TP,23,Autonomous Mobile Robotics,actual,en,WSC2026_TP23_actual_en.zip,13698489,db6ade7c0e8184e1f4bf038e8f129dbacbacf240bef25765a8747cb885575aa3,WSC2026/TP/23/actual/en/WSC2026_TP23_actual_en.zip,https://api.worldskills.org/resources/download/32690/35198/36304?l=en,wsc-2026-shanghai,wsc-2026-shanghai-tp.zip,done
WSC2026,WorldSkills Shanghai 2026,TP,23,Autonomous Mobile Robotics,pre,en,WSC2026_TP23_pre_en.pdf,3058788,0011be2b3603b3d0981bf12a1e724f37a071f493926736d511403e34afd1f285,WSC2026/TP/23/pre/en/WSC2026_TP23_pre_en.pdf,https://api.worldskills.org/resources/download/29230/31596/32651?l=en,wsc-2026-shanghai,wsc-2026-shanghai-tp.zip,done
WSC2026,WorldSkills Shanghai 2026,TP,24,Cabinetmaking,actual,en,WSC2026_TP24_actual_en.zip,4720922,db2ad2d8a9b62085a874f138c8e7da82eda67c6539fef4fc70f4e7f3b3436785,WSC2026/TP/24/actual/en/WSC2026_TP24_actual_en.zip,https://api.worldskills.org/resources/download/32691/35199/36305?l=en,wsc-2026-shanghai,wsc-2026-shanghai-tp.zip,done
WSC2026,WorldSkills Shanghai 2026,TP,25,Joinery,actual,en,WSC2026_TP25_actual_en.zip,6470393,3e3956e9f4cad298906e40691ceaacb37dda7cab2eaf7dd66d487d0c8a5b27a8,WSC2026/TP/25/actual/en/WSC2026_TP25_actual_en.zip,https://api.worldskills.org/resources/download/32692/35200/36306?l=en,wsc-2026-shanghai,wsc-2026-shanghai-tp.zip,done
WSC2026,WorldSkills Shanghai 2026,TP,25,Joinery,pre,en,WSC2026_TP25_cutting_list_pre_en.pdf,207644,97bac35c696c6e0193bdf8d961c9f62264ce8801b1a30faf942245e53071c208,WSC2026/TP/25/pre/en/WSC2026_TP25_cutting_list_pre_en.pdf,https://api.worldskills.org/resources/download/30905/33287/34342?l=en,wsc-2026-shanghai,wsc-2026-shanghai-tp.zip,done
WSC2026,WorldSkills Shanghai 2026,TP,26,Carpentry,actual,en,WSC2026_TP26_actual_en.zip,5900891,8186d829d2fdb56f8ae811a6e95ffab9207cb2c2861a5393231b6a3467b997f5,WSC2026/TP/26/actual/en/WSC2026_TP26_actual_en.zip,https://api.worldskills.org/resources/download/32693/35201/36307?l=en,wsc-2026-shanghai,wsc-2026-shanghai-tp.zip,done
WSC2026,WorldSkills Shanghai 2026,TP,26,Carpentry,pre,en,WSC2026_TP26_pre.zip,4501843,a2f18703c2f28402bf970327efd8041ea1e4293a9b80671eb162c0f07a3b2c22,WSC2026/TP/26/pre/en/WSC2026_TP26_pre.zip,https://api.worldskills.org/resources/download/30583/33319/34374?l=en,wsc-2026-shanghai,wsc-2026-shanghai-tp.zip,done
WSC2026,WorldSkills Shanghai 2026,TP,27,Jewellery,actual,en,WSC2026_TP27_actual_en.zip,1190965,2da2fe7cc166ace607f2d8bf2620bfc58af7014727760b7982f2ee073c319d66,WSC2026/TP/27/actual/en/WSC2026_TP27_actual_en.zip,https://api.worldskills.org/resources/download/32386/35034/36131?l=en,wsc-2026-shanghai,wsc-2026-shanghai-tp.zip,done
WSC2026,WorldSkills Shanghai 2026,TP,28,Floristry,actual,de,WSC2026_TP28_actual_de.pdf,514813,81bf9fc47e65fb29c896ea04b6e6a4650d91a93ba427b0f21596fb9c9fb172eb,WSC2026/TP/28/actual/de/WSC2026_TP28_actual_de.pdf,https://api.worldskills.org/resources/download/32730/35239/36508?l=en,wsc-2026-shanghai,wsc-2026-shanghai-tp.zip,done
WSC2026,WorldSkills Shanghai 2026,TP,29,Hairdressing,actual,en,WSC2026_TP29_actual_de.zip,1743596,85f26c925859d804cbec3b453750b50e884739d983c49092af93624b06c4b3ef,WSC2026/TP/29/actual/en/WSC2026_TP29_actual_de.zip,https://api.worldskills.org/resources/download/32731/35240/36494?l=en,wsc-2026-shanghai,wsc-2026-shanghai-tp.zip,done
WSC2026,WorldSkills Shanghai 2026,TP,30,Beauty Therapy,actual,de,WSC2026_TP30_actual_de.zip,333469,b2ef2f169b8f47013ce0b079021b04ea60db012b12d20fd3fd9cc785851ccaac,WSC2026/TP/30/actual/de/WSC2026_TP30_actual_de.zip,https://api.worldskills.org/resources/download/32755/35264/36582?l=en,wsc-2026-shanghai,wsc-2026-shanghai-tp.zip,done
WSC2026,WorldSkills Shanghai 2026,TP,31,Fashion Technology,pre,en,WSC2026_TP31_pre_en.pdf,579015,ee5b893b4c6499ec6d037123487b02520f531996d78ed7a436b304f3d27da297,WSC2026/TP/31/pre/en/WSC2026_TP31_pre_en.pdf,https://api.worldskills.org/resources/download/30686/33064/34119?l=en,wsc-2026-shanghai,wsc-2026-shanghai-tp.zip,done
WSC2026,WorldSkills Shanghai 2026,TP,32,Pâtisserie and Confectionery,actual,de,WSC2026_TP32_GroupA_actual_de.pdf,489231,ce6ef800b21879ba2e60d8aa1beb992edc05dac621437bd7da55af7c508d80b2,WSC2026/TP/32/actual/de/WSC2026_TP32_GroupA_actual_de.pdf,https://api.worldskills.org/resources/download/32721/35230/36421?l=en,wsc-2026-shanghai,wsc-2026-shanghai-tp.zip,done
WSC2026,WorldSkills Shanghai 2026,TP,32,Pâtisserie and Confectionery,pre,en,WSC2026_TP32_pre_en.pdf,422218,abc665d42f434813972a37bcfc270bc787edb95eb4d133da564eecd0ad9249ed,WSC2026/TP/32/pre/en/WSC2026_TP32_pre_en.pdf,https://api.worldskills.org/resources/download/31524/34002/35057?l=en,wsc-2026-shanghai,wsc-2026-shanghai-tp.zip,done
WSC2026,WorldSkills Shanghai 2026,TP,33,Automobile Technology,actual,en,WSC2026_TP33_actual_en.zip,2461219,9b51ab23ffc6a8db5cf7121fef40db595c30f3a32696d0e72820c5b04c1c0c58,WSC2026/TP/33/actual/en/WSC2026_TP33_actual_en.zip,https://api.worldskills.org/resources/download/32694/35202/36308?l=en,wsc-2026-shanghai,wsc-2026-shanghai-tp.zip,done
WSC2026,WorldSkills Shanghai 2026,TP,33,Automobile Technology,pre,en,WSC2026_TP33_pre_en.zip,1895192,3b92eef0e5d1a7eaf80828cc474a0b4fefebb299ddb8a24eb40194924b6614ce,WSC2026/TP/33/pre/en/WSC2026_TP33_pre_en.zip,https://api.worldskills.org/resources/download/32022/34667/35722?l=en,wsc-2026-shanghai,wsc-2026-shanghai-tp.zip,done
WSC2026,WorldSkills Shanghai 2026,TP,34,Cooking,actual,ar,WSC2026_TP34_actual_ar-EG.zip,2494807,185c6d4cc728bd92e7e254b85659cd3ad5e8279ce625ecb12e5fabf577d1398f,WSC2026/TP/34/actual/ar/WSC2026_TP34_actual_ar-EG.zip,https://api.worldskills.org/resources/download/32723/35232/36445?l=en,wsc-2026-shanghai,wsc-2026-shanghai-tp.zip,done
WSC2026,WorldSkills Shanghai 2026,TP,35,Restaurant Service,actual,en,WSC2026_TP35_actual_en.pdf,507075,b3763f4b474fd8fd48310cd0325e3cc67c87662db0ef9a80784d8c9987fec3a7,WSC2026/TP/35/actual/en/WSC2026_TP35_actual_en.pdf,https://api.worldskills.org/resources/download/32483/34982/36059?l=en,wsc-2026-shanghai,wsc-2026-shanghai-tp.zip,done
WSC2026,WorldSkills Shanghai 2026,TP,35,Restaurant Service,actual,en,WSC2026_TP35_actual_en.zip,721431,830cc657f4d5b7e987cfebf5d5254078524e887e554c61c42e0cc9f5887c36d6,WSC2026/TP/35/actual/en/WSC2026_TP35_actual_en.zip,https://api.worldskills.org/resources/download/32720/35229/36409?l=en,wsc-2026-shanghai,wsc-2026-shanghai-tp.zip,done
WSC2026,WorldSkills Shanghai 2026,TP,35,Restaurant Service,pre,und,WSC2026_TP35_training_cocktails_pre.pdf,165436,3fc3a4307cf2dba442884f2a5d936fd0745dd816e120b1337f12d771047bdd16,WSC2026/TP/35/pre/und/WSC2026_TP35_training_cocktails_pre.pdf,https://api.worldskills.org/resources/download/31421/33892/34947?l=en,wsc-2026-shanghai,wsc-2026-shanghai-tp.zip,done
WSC2026,WorldSkills Shanghai 2026,TP,36,Car Painting,actual,en,WSC2026_TP36_actual_en.zip,2459237,0ec55332837155a87732af954dbd95579b1cbac83448bb16d21f8660bbe891e0,WSC2026/TP/36/actual/en/WSC2026_TP36_actual_en.zip,https://api.worldskills.org/resources/download/32695/35203/36309?l=en,wsc-2026-shanghai,wsc-2026-shanghai-tp.zip,done
WSC2026,WorldSkills Shanghai 2026,TP,37,Landscape Gardening,actual,en,WSC2026_TP37_actual_en.zip,17719048,f7ee9d6a791cd343336bd0b32f9519ea4722ddd6812fbe94c939c6346d6957d7,WSC2026/TP/37/actual/en/WSC2026_TP37_actual_en.zip,https://api.worldskills.org/resources/download/32696/35204/36310?l=en,wsc-2026-shanghai,wsc-2026-shanghai-tp.zip,done
WSC2026,WorldSkills Shanghai 2026,TP,37,Landscape Gardening,pre,en,WSC2026_TP37_pre_en.pdf,13125580,c95a827dc2e8a5671b30a2f70297403f22325678de5613abaef4f892d7325b54,WSC2026/TP/37/pre/en/WSC2026_TP37_pre_en.pdf,https://api.worldskills.org/resources/download/30866/33248/34303?l=en,wsc-2026-shanghai,wsc-2026-shanghai-tp.zip,done
WSC2026,WorldSkills Shanghai 2026,TP,38,Refrigeration and Air Conditioning,pre,en,WSC2026_TP38_PA_pre_en.pdf,385177,91e92784088f65f61ce4227344b6f02fa66b8951351aca11e882788b08d3b7b7,WSC2026/TP/38/pre/en/WSC2026_TP38_PA_pre_en.pdf,https://api.worldskills.org/resources/download/31646/34130/35185?l=en,wsc-2026-shanghai,wsc-2026-shanghai-tp.zip,done
WSC2026,WorldSkills Shanghai 2026,TP,38,Refrigeration and Air Conditioning,actual,en,WSC2026_TP38_actual_en.zip,2116118,ed568400e5410dec145b32c7b7c4c90211b213b8127edca0cc819c3b2eb44eb7,WSC2026/TP/38/actual/en/WSC2026_TP38_actual_en.zip,https://api.worldskills.org/resources/download/32697/35205/36311?l=en,wsc-2026-shanghai,wsc-2026-shanghai-tp.zip,done
WSC2026,WorldSkills Shanghai 2026,TP,39,IT Network Systems Administration,actual,en,WSC2026_TP39_actual_en.zip,4039640,0e11212ec4af78d416c9d397142499c36327dddda3bf33f2a1dc2d0c9ae888b7,WSC2026/TP/39/actual/en/WSC2026_TP39_actual_en.zip,https://api.worldskills.org/resources/download/32722/35231/36431?l=en,wsc-2026-shanghai,wsc-2026-shanghai-tp.zip,done
WSC2026,WorldSkills Shanghai 2026,TP,39,IT Network Systems Administration,pre,und,WSC2026_TP39_topology_pre.pdf,1134968,6c8fb16d7cf58699b4df110d3e7fc3b0ce1f351da5831951ffb394c2924d2660,WSC2026/TP/39/pre/und/WSC2026_TP39_topology_pre.pdf,https://api.worldskills.org/resources/download/30883/34012/35067?l=en,wsc-2026-shanghai,wsc-2026-shanghai-tp.zip,done
WSC2026,WorldSkills Shanghai 2026,TP,40,Graphic Design Technology,actual,ar,WSC2026_TP40_actcual_ar-SA.zip,6511044,761aeaa1422bfddd4a8c703dc7529ce2ab551300f700717b4c6c44cac3785bb1,WSC2026/TP/40/actual/ar/WSC2026_TP40_actcual_ar-SA.zip,https://api.worldskills.org/resources/download/32740/35249/36552?l=en,wsc-2026-shanghai,wsc-2026-shanghai-tp.zip,done
WSC2026,WorldSkills Shanghai 2026,TP,41,Health and Social Care,actual,de,WSC2026_TP41_actual_de.pdf,358781,3dbc4f553f5bfa12c57e168b0c185ccba5293a321776a52b69c7599e7e88a996,WSC2026/TP/41/actual/de/WSC2026_TP41_actual_de.pdf,https://api.worldskills.org/resources/download/32717/35226/36384?l=en,wsc-2026-shanghai,wsc-2026-shanghai-tp.zip,done
WSC2026,WorldSkills Shanghai 2026,TP,42,Dental Prosthetics,actual,en,WSC2026_TP42_actual_en.zip,542664,6c9297409e93621b29b8305e0f1a6ef6b2d1fc9cf0690dba58c69f342b5c0859,WSC2026/TP/42/actual/en/WSC2026_TP42_actual_en.zip,https://api.worldskills.org/resources/download/32715/35224/36374?l=en,wsc-2026-shanghai,wsc-2026-shanghai-tp.zip,done
WSC2026,WorldSkills Shanghai 2026,TP,42,Dental Prosthetics,pre,en,WSC2026_TP42_pre_en.pdf,267365,73a1490733c94902922fd6b5d52d04221b175b3b8cacccd3db74115a28073c78,WSC2026/TP/42/pre/en/WSC2026_TP42_pre_en.pdf,https://api.worldskills.org/resources/download/30886/33268/34323?l=en,wsc-2026-shanghai,wsc-2026-shanghai-tp.zip,done
WSC2026,WorldSkills Shanghai 2026,TP,43,Retail Sales,actual,en,WSC2026_TP43_actual_en.zip,1198440,4220af8033026111ab86d25cfa149bbfdd5d03c9d97c7fcb074e77ef226bf6c8,WSC2026/TP/43/actual/en/WSC2026_TP43_actual_en.zip,https://api.worldskills.org/resources/download/32737/35246/36539?l=en,wsc-2026-shanghai,wsc-2026-shanghai-tp.zip,done
WSC2026,WorldSkills Shanghai 2026,TP,44,Visual Merchandising,actual,en,WSC2026_TP44_actual_en.zip,667685,0e730fb21dd373fa84b2db8b7fac86e76ebb1775549ae225cdfcab22a80429bb,WSC2026/TP/44/actual/en/WSC2026_TP44_actual_en.zip,https://api.worldskills.org/resources/download/32719/35228/36399?l=en,wsc-2026-shanghai,wsc-2026-shanghai-tp.zip,done
WSC2026,WorldSkills Shanghai 2026,TP,44,Visual Merchandising,pre,en,WSC2026_TP44_pre_en.pdf,942821,edbe1eb4a570fbd53c5fd07451a8966b37b1483cd002b3c4eac4f461ab3c580c,WSC2026/TP/44/pre/en/WSC2026_TP44_pre_en.pdf,https://api.worldskills.org/resources/download/30674/34453/35508?l=en,wsc-2026-shanghai,wsc-2026-shanghai-tp.zip,done
WSC2026,WorldSkills Shanghai 2026,TP,45,Digital Interactive Media Design,actual,en,WSC2026_TP45_actual_en.zip,2183837,47c76dfadfecc05d45e33d247ec3595d724588f6b7c33016df0ec74605c5e0c4,WSC2026/TP/45/actual/en/WSC2026_TP45_actual_en.zip,https://api.worldskills.org/resources/download/32716/35225/36378?l=en,wsc-2026-shanghai,wsc-2026-shanghai-tp.zip,done
WSC2026,WorldSkills Shanghai 2026,TP,45,Digital Interactive Media Design,pre,en,WSC2026_TP45_pre_en.pdf,214359,40d43d129c5442bd3259cba429eeda4ed8bfc8ee6c55db37139ab05bfb8e1c57,WSC2026/TP/45/pre/en/WSC2026_TP45_pre_en.pdf,https://api.worldskills.org/resources/download/31077/33463/34518?l=en,wsc-2026-shanghai,wsc-2026-shanghai-tp.zip,done
WSC2026,WorldSkills Shanghai 2026,TP,46,Concrete Construction Work,actual,en,WSC2026_TP46_actual_en.zip,20555731,f7192cc911cd832651654dea2e9c0bdacfdd5c8956509b2549361b0a6c5fec01,WSC2026/TP/46/actual/en/WSC2026_TP46_actual_en.zip,https://api.worldskills.org/resources/download/32698/35206/36312?l=en,wsc-2026-shanghai,wsc-2026-shanghai-tp.zip,done
WSC2026,WorldSkills Shanghai 2026,TP,46,Concrete Construction Work,pre,en,WSC2026_TP46_pre_en.pdf,407114,fc59729079e849af21c30fbb699542c8c395db2d3c40ebbc610c1f8644c0571b,WSC2026/TP/46/pre/en/WSC2026_TP46_pre_en.pdf,https://api.worldskills.org/resources/download/30765/33143/34198?l=en,wsc-2026-shanghai,wsc-2026-shanghai-tp.zip,done
WSC2026,WorldSkills Shanghai 2026,TP,47,Bakery,actual,en,WSC2026_TP47_actual_en.zip,693910,3be80609e87323ddff3c6e055dee680f946c50fb6bb52dba0f21bedfe926f34a,WSC2026/TP/47/actual/en/WSC2026_TP47_actual_en.zip,https://api.worldskills.org/resources/download/32718/35227/36389?l=en,wsc-2026-shanghai,wsc-2026-shanghai-tp.zip,done
WSC2026,WorldSkills Shanghai 2026,TP,47,Bakery,pre,en,WSC2026_TP47_pre_en.pdf,332621,372bd7f473fea214f404dfc86d6a33c50af775de0ab3ef6cf7b0f51fec107df9,WSC2026/TP/47/pre/en/WSC2026_TP47_pre_en.pdf,https://api.worldskills.org/resources/download/30858/34013/35068?l=en,wsc-2026-shanghai,wsc-2026-shanghai-tp.zip,done
WSC2026,WorldSkills Shanghai 2026,TP,48,Industry 4.0,actual,en,WSC2026_TP48_actual_en.zip,2752703,b458ade816edce62a76d88fb2c0030c3439cea3b5ea966c7a1fc112eafe8518a,WSC2026/TP/48/actual/en/WSC2026_TP48_actual_en.zip,https://api.worldskills.org/resources/download/32699/35207/36313?l=en,wsc-2026-shanghai,wsc-2026-shanghai-tp.zip,done
WSC2026,WorldSkills Shanghai 2026,TP,49,Heavy Vehicle Technology,actual,en,WSC2026_TP49_actual_en.zip,5716024,61a6705df3dd836a50d702fd6c50476b9d786d348dc7c03767127dd349c4a5c3,WSC2026/TP/49/actual/en/WSC2026_TP49_actual_en.zip,https://api.worldskills.org/resources/download/32738/35247/36543?l=en,wsc-2026-shanghai,wsc-2026-shanghai-tp.zip,done
WSC2026,WorldSkills Shanghai 2026,TP,50,,actual,en,WSC2026_TP50_actual_en.zip,1745156,b0b517e1cd681ad0d1cfe6f780e64a5b391c42dabf8809c769377bd5b40d5f25,WSC2026/TP/50/actual/en/WSC2026_TP50_actual_en.zip,https://api.worldskills.org/resources/download/32734/35243/36529?l=en,wsc-2026-shanghai,wsc-2026-shanghai-tp.zip,done
WSC2026,WorldSkills Shanghai 2026,TP,51,,actual,en,WSC2026_TP51_actual_en.zip,33198851,00f17b7107548428a8ac27df1797f3677f9655464c7cfca7ff1ec6d71b112b0f,WSC2026/TP/51/actual/en/WSC2026_TP51_actual_en.zip,https://api.worldskills.org/resources/download/32736/35245/36538?l=en,wsc-2026-shanghai,wsc-2026-shanghai-tp.zip,done
WSC2026,WorldSkills Shanghai 2026,TP,52,Chemical Laboratory Technology,actual,en,WSC2026_TP52_actual_en.zip,4333234,de707211c95c14db8588d4f2339721ee7227e719e470e641a75c8229fb064b2e,WSC2026/TP/52/actual/en/WSC2026_TP52_actual_en.zip,https://api.worldskills.org/resources/download/32700/35208/36314?l=en,wsc-2026-shanghai,wsc-2026-shanghai-tp.zip,done
WSC2026,WorldSkills Shanghai 2026,TP,53,Cloud Computing,actual,en,WSC2026_TP53_actual_en.zip,1711008,fa7cee398d3e8729cad3a9c2dc6aa813a2e1e93f56a206d73aa3417745e6d3fc,WSC2026/TP/53/actual/en/WSC2026_TP53_actual_en.zip,https://api.worldskills.org/resources/download/32714/35223/36365?l=en,wsc-2026-shanghai,wsc-2026-shanghai-tp.zip,done
WSC2026,WorldSkills Shanghai 2026,TP,55,Water Technology,actual,en,WSC2026_TP55_actual_en.zip,16988954,0f3efc9d4f5052fd04e5623fe99b229f2e1447021e94acd53f2e6e5198ddf1a0,WSC2026/TP/55/actual/en/WSC2026_TP55_actual_en.zip,https://api.worldskills.org/resources/download/32701/35209/36315?l=en,wsc-2026-shanghai,wsc-2026-shanghai-tp.zip,done
WSC2026,WorldSkills Shanghai 2026,TP,56,Hotel Reception,actual,en,WSC2026_TP56_actual_en.zip,694772,0294cc6c3f51e69c07cdf2a5b1eaaff5fc0dae3c6f137daea092b49a9fc81373,WSC2026/TP/56/actual/en/WSC2026_TP56_actual_en.zip,https://api.worldskills.org/resources/download/32713/35222/36364?l=en,wsc-2026-shanghai,wsc-2026-shanghai-tp.zip,done
WSC2026,WorldSkills Shanghai 2026,TP,56,Hotel Reception,pre,en,WSC2026_TP56_pre_en.pdf,1200654,b45d3632fbc35424b41ee3613d335bac2e6872343e8b5ea0ed3a60d8cb6f6d27,WSC2026/TP/56/pre/en/WSC2026_TP56_pre_en.pdf,https://api.worldskills.org/resources/download/29541/34171/35226?l=en,wsc-2026-shanghai,wsc-2026-shanghai-tp.zip,done
WSC2026,WorldSkills Shanghai 2026,TP,57,Additive Manufacturing,actual,en,WSC2026_TP57_actual_en.zip,1895670,05ca55ffa210305f746446db6edf3046b744975131aeb42111b444b27f840381,WSC2026/TP/57/actual/en/WSC2026_TP57_actual_en.zip,https://api.worldskills.org/resources/download/32702/35210/36316?l=en,wsc-2026-shanghai,wsc-2026-shanghai-tp.zip,done
WSC2026,WorldSkills Shanghai 2026,TP,58,,actual,en,WSC2026_TP58_actual_ar-SA.pdf,4832244,e0d3cbf0b8c71683109d6657ae6396ec09016138f15dbfbc7a8d6ba62d218b12,WSC2026/TP/58/actual/en/WSC2026_TP58_actual_ar-SA.pdf,https://api.worldskills.org/resources/download/32733/35242/36528?l=en,wsc-2026-shanghai,wsc-2026-shanghai-tp.zip,done
WSC2026,WorldSkills Shanghai 2026,TP,59,Industrial Design Technology,actual,en,WSC2026_TP59_actual_en.zip,1278184,7abf39fad704d9382f4b7d00cc2576cf37ad30d2edae51fb495a2af52a96f480,WSC2026/TP/59/actual/en/WSC2026_TP59_actual_en.zip,https://api.worldskills.org/resources/download/32703/35211/36317?l=en,wsc-2026-shanghai,wsc-2026-shanghai-tp.zip,done
WSC2026,WorldSkills Shanghai 2026,TP,60,Optoelectronic Technology,actual,en,WSC2026_TP60_actual_en.zip,5180539,a074b61f3d126b9ac77677e63b4b6f77896a4ed8883e9e733e445be06c383d31,WSC2026/TP/60/actual/en/WSC2026_TP60_actual_en.zip,https://api.worldskills.org/resources/download/32704/35212/36318?l=en,wsc-2026-shanghai,wsc-2026-shanghai-tp.zip,done
WSC2026,WorldSkills Shanghai 2026,TP,60,Optoelectronic Technology,pre,en,WSC2026_TP60_pre_en.zip,2613430,b876eb997fd5b85a7d9548c84041b568f7b453ee0df17b4f22bb8b2f30b905a6,WSC2026/TP/60/pre/en/WSC2026_TP60_pre_en.zip,https://api.worldskills.org/resources/download/31645/34129/35184?l=en,wsc-2026-shanghai,wsc-2026-shanghai-tp.zip,done
WSC2026,WorldSkills Shanghai 2026,TP,61,Rail Vehicle Technology,actual,en,WSC2026_TP61_actual_en.zip,2325126,ccb4e0ee1988f1a15b5ab1857726f2bbbcf0ab34773a7a3eedf2678f53ec2258,WSC2026/TP/61/actual/en/WSC2026_TP61_actual_en.zip,https://api.worldskills.org/resources/download/32706/35214/36320?l=en,wsc-2026-shanghai,wsc-2026-shanghai-tp.zip,done
WSC2026,WorldSkills Shanghai 2026,TP,61,Rail Vehicle Technology,pre,en,WSC2026_TP61_pre_en.zip,11394119,76736029c5e5e689f3e4ac8b7dd5ee1cbf4cb2c77edf55ca681be55899e21777,WSC2026/TP/61/pre/en/WSC2026_TP61_pre_en.zip,https://api.worldskills.org/resources/download/31694/34181/35236?l=en,wsc-2026-shanghai,wsc-2026-shanghai-tp.zip,done
WSC2026,WorldSkills Shanghai 2026,TP,62,Renewable Energy,actual,en,WSC2026_TP62_actual_en.zip,286920,4b9b1d92da2d9d166d0bd4c43f31f188b33cb026fd989eb20df81e1ec8de6b0f,WSC2026/TP/62/actual/en/WSC2026_TP62_actual_en.zip,https://api.worldskills.org/resources/download/32707/35215/36321?l=en,wsc-2026-shanghai,wsc-2026-shanghai-tp.zip,done
WSC2026,WorldSkills Shanghai 2026,TP,63,,actual,en,WSC2026_TP63_actual_en.zip,5789479,609f4ccc502b88c4c464a291ddf0d3d164b31f2a8efa852b0e617187c112ab01,WSC2026/TP/63/actual/en/WSC2026_TP63_actual_en.zip,https://api.worldskills.org/resources/download/32735/35244/36537?l=en,wsc-2026-shanghai,wsc-2026-shanghai-tp.zip,done
WSC2026,WorldSkills Shanghai 2026,TP,64,Unmanned Aerial Systems,actual,en,WSC2026_TP64_actual_en.zip,29260600,33b1d3a762589edea35e8325397fd3ee787ab56bd2b9971cd98ac44feeb93adf,WSC2026/TP/64/actual/en/WSC2026_TP64_actual_en.zip,https://api.worldskills.org/resources/download/32708/35216/36322?l=en,wsc-2026-shanghai,wsc-2026-shanghai-tp.zip,done
