edition,kind,skill,skill_name,stage,lang,filename,bytes,sha256,store_path,url,state,release,asset
WSC2001,DOC,01,Fitting,,und,R01_01.pdf,0,,WSC2001/DOC/01/und/R01_01.pdf,https://api.worldskills.org/resources/download/2692,queued,wsc-2001-seoul,
WSC2001,DOC,02,Press tool making,,und,R02_01.pdf,0,,WSC2001/DOC/02/und/R02_01.pdf,https://api.worldskills.org/resources/download/2693,queued,wsc-2001-seoul,
WSC2001,DOC,03,Instrument making,,und,R03_01.pdf,0,,WSC2001/DOC/03/und/R03_01.pdf,https://api.worldskills.org/resources/download/2694,queued,wsc-2001-seoul,
WSC2001,DOC,04,Mechatronics,,und,R04_01.pdf,0,,WSC2001/DOC/04/und/R04_01.pdf,https://api.worldskills.org/resources/download/2695,queued,wsc-2001-seoul,
WSC2001,DOC,05,Mech. Eng. CADD,,und,R05_01.pdf,0,,WSC2001/DOC/05/und/R05_01.pdf,https://api.worldskills.org/resources/download/2696,queued,wsc-2001-seoul,
WSC2001,DOC,06,CNC Turning,,und,R06_01.pdf,0,,WSC2001/DOC/06/und/R06_01.pdf,https://api.worldskills.org/resources/download/2697,queued,wsc-2001-seoul,
WSC2001,DOC,07,CNC Milling,,und,R07_01.pdf,0,,WSC2001/DOC/07/und/R07_01.pdf,https://api.worldskills.org/resources/download/2698,queued,wsc-2001-seoul,
WSC2001,DOC,08,Construction steel work,,und,R08_01.pdf,0,,WSC2001/DOC/08/und/R08_01.pdf,https://api.worldskills.org/resources/download/2699,queued,wsc-2001-seoul,
WSC2001,DOC,09,IT/Software Applications,,und,R09_01.pdf,0,,WSC2001/DOC/09/und/R09_01.pdf,https://api.worldskills.org/resources/download/2700,queued,wsc-2001-seoul,
WSC2001,DOC,10,Welding,,und,R10_01.pdf,0,,WSC2001/DOC/10/und/R10_01.pdf,https://api.worldskills.org/resources/download/2701,queued,wsc-2001-seoul,
WSC2001,DOC,11,Pattern Making,,und,R11_01.pdf,0,,WSC2001/DOC/11/und/R11_01.pdf,https://api.worldskills.org/resources/download/2702,queued,wsc-2001-seoul,
WSC2001,DOC,12,Wall and Floor Tiling,,und,R12_01.pdf,0,,WSC2001/DOC/12/und/R12_01.pdf,https://api.worldskills.org/resources/download/2703,queued,wsc-2001-seoul,
WSC2001,DOC,13,Autobody Repair,,und,R13_01.pdf,0,,WSC2001/DOC/13/und/R13_01.pdf,https://api.worldskills.org/resources/download/2704,queued,wsc-2001-seoul,
WSC2001,DOC,14,Sheet metal work,,und,R14_01.pdf,0,,WSC2001/DOC/14/und/R14_01.pdf,https://api.worldskills.org/resources/download/2705,queued,wsc-2001-seoul,
WSC2001,DOC,15,Plumbing,,und,R15_01.pdf,0,,WSC2001/DOC/15/und/R15_01.pdf,https://api.worldskills.org/resources/download/2706,queued,wsc-2001-seoul,
WSC2001,DOC,16,Industrial Electronics,,und,R16_01.pdf,0,,WSC2001/DOC/16/und/R16_01.pdf,https://api.worldskills.org/resources/download/2707,queued,wsc-2001-seoul,
WSC2001,DOC,18,Electrical Installations,,und,R18_01.pdf,0,,WSC2001/DOC/18/und/R18_01.pdf,https://api.worldskills.org/resources/download/2708,queued,wsc-2001-seoul,
WSC2001,DOC,19,Industrial Control,,und,R19_01.pdf,0,,WSC2001/DOC/19/und/R19_01.pdf,https://api.worldskills.org/resources/download/2709,queued,wsc-2001-seoul,
WSC2001,DOC,20,Bricklaying,,und,R20_01.pdf,0,,WSC2001/DOC/20/und/R20_01.pdf,https://api.worldskills.org/resources/download/2710,queued,wsc-2001-seoul,
WSC2001,DOC,21,Stonemasonry,,und,R21_01.pdf,0,,WSC2001/DOC/21/und/R21_01.pdf,https://api.worldskills.org/resources/download/2711,queued,wsc-2001-seoul,
WSC2001,DOC,22,Painting and Decorating,,und,R22_01.pdf,0,,WSC2001/DOC/22/und/R22_01.pdf,https://api.worldskills.org/resources/download/2712,queued,wsc-2001-seoul,
WSC2001,DOC,23,Plastering,,und,R23_01.pdf,0,,WSC2001/DOC/23/und/R23_01.pdf,https://api.worldskills.org/resources/download/2713,queued,wsc-2001-seoul,
WSC2001,DOC,24,Cabinetmaking,,und,R24_01.pdf,0,,WSC2001/DOC/24/und/R24_01.pdf,https://api.worldskills.org/resources/download/2714,queued,wsc-2001-seoul,
WSC2001,DOC,25,Joinery,,und,R25_01.pdf,0,,WSC2001/DOC/25/und/R25_01.pdf,https://api.worldskills.org/resources/download/2715,queued,wsc-2001-seoul,
WSC2001,DOC,26,Carpentry,,und,R26_01.pdf,0,,WSC2001/DOC/26/und/R26_01.pdf,https://api.worldskills.org/resources/download/2716,queued,wsc-2001-seoul,
WSC2001,DOC,27,Jewellery,,und,R27_01.pdf,0,,WSC2001/DOC/27/und/R27_01.pdf,https://api.worldskills.org/resources/download/2717,queued,wsc-2001-seoul,
WSC2001,DOC,28,Floristry,,und,R28_01.pdf,0,,WSC2001/DOC/28/und/R28_01.pdf,https://api.worldskills.org/resources/download/2718,queued,wsc-2001-seoul,
WSC2001,DOC,29,Ladies' hairdressing,,und,R29_01.pdf,0,,WSC2001/DOC/29/und/R29_01.pdf,https://api.worldskills.org/resources/download/2719,queued,wsc-2001-seoul,
WSC2001,DOC,30,Men's hairdressing,,und,R30_01.pdf,0,,WSC2001/DOC/30/und/R30_01.pdf,https://api.worldskills.org/resources/download/2720,queued,wsc-2001-seoul,
WSC2001,DOC,31,Ladies Dressmaking,,und,R31_01.pdf,0,,WSC2001/DOC/31/und/R31_01.pdf,https://api.worldskills.org/resources/download/2721,queued,wsc-2001-seoul,
WSC2001,DOC,32,Confectioner/Pastry Cook,,und,R32_01.pdf,0,,WSC2001/DOC/32/und/R32_01.pdf,https://api.worldskills.org/resources/download/2722,queued,wsc-2001-seoul,
WSC2001,DOC,33,Automobile Technology,,und,R33_01.pdf,0,,WSC2001/DOC/33/und/R33_01.pdf,https://api.worldskills.org/resources/download/2723,queued,wsc-2001-seoul,
WSC2001,DOC,34,Cooking,,und,R34_01.pdf,0,,WSC2001/DOC/34/und/R34_01.pdf,https://api.worldskills.org/resources/download/2724,queued,wsc-2001-seoul,
WSC2001,DOC,35,Restaurant Service,,und,R35_01.pdf,0,,WSC2001/DOC/35/und/R35_01.pdf,https://api.worldskills.org/resources/download/2725,queued,wsc-2001-seoul,
WSC2001,DOC,36,Car Painting,,und,R36_01.pdf,0,,WSC2001/DOC/36/und/R36_01.pdf,https://api.worldskills.org/resources/download/2726,queued,wsc-2001-seoul,
WSC2001,DOC,37,Landscape Gardening,,und,R37_01.pdf,0,,WSC2001/DOC/37/und/R37_01.pdf,https://api.worldskills.org/resources/download/2727,queued,wsc-2001-seoul,
WSC2001,DOC,38,Refrigeration,,und,R38_01.pdf,0,,WSC2001/DOC/38/und/R38_01.pdf,https://api.worldskills.org/resources/download/2728,queued,wsc-2001-seoul,
WSC2001,DOC,39,IT PC/Network Support,,und,R39_01.pdf,0,,WSC2001/DOC/39/und/R39_01.pdf,https://api.worldskills.org/resources/download/2729,queued,wsc-2001-seoul,
WSC2001,DOC,40,Graphic Design Technology,,und,R40_01.pdf,0,,WSC2001/DOC/40/und/R40_01.pdf,https://api.worldskills.org/resources/download/2730,queued,wsc-2001-seoul,
WSC2001,TD,xx,,,und,documents.json,0,,WSC2001/TD/xx/und/documents.json,https://api.worldskills.org/skillman/documents/events/3,forbidden,wsc-2001-seoul,
WSC2001,TP,01,Fitting,actual,und,TP01_36KR.zip,0,,WSC2001/TP/01/actual/und/TP01_36KR.zip,https://api.worldskills.org/resources/download/2359,queued,wsc-2001-seoul,
WSC2001,TP,02,Press tool making,actual,und,TP02_36KR.zip,0,,WSC2001/TP/02/actual/und/TP02_36KR.zip,https://api.worldskills.org/resources/download/2360,queued,wsc-2001-seoul,
WSC2001,TP,04,Mechatronics,actual,und,TP04_36KR.zip,0,,WSC2001/TP/04/actual/und/TP04_36KR.zip,https://api.worldskills.org/resources/download/2361,queued,wsc-2001-seoul,
WSC2001,TP,05,Mech. Eng. CADD,actual,und,TP05_36KR.zip,0,,WSC2001/TP/05/actual/und/TP05_36KR.zip,https://api.worldskills.org/resources/download/2362,queued,wsc-2001-seoul,
WSC2001,TP,06,CNC Turning,actual,und,TP06_36KR.zip,0,,WSC2001/TP/06/actual/und/TP06_36KR.zip,https://api.worldskills.org/resources/download/2363,queued,wsc-2001-seoul,
WSC2001,TP,07,CNC Milling,actual,und,TP07_36KR.zip,0,,WSC2001/TP/07/actual/und/TP07_36KR.zip,https://api.worldskills.org/resources/download/2364,queued,wsc-2001-seoul,
WSC2001,TP,09,IT/Software Applications,actual,und,TP09_36KR.zip,0,,WSC2001/TP/09/actual/und/TP09_36KR.zip,https://api.worldskills.org/resources/download/2365,queued,wsc-2001-seoul,
WSC2001,TP,12,Wall and Floor Tiling,actual,und,TP12_36KR.zip,0,,WSC2001/TP/12/actual/und/TP12_36KR.zip,https://api.worldskills.org/resources/download/2366,queued,wsc-2001-seoul,
WSC2001,TP,13,Autobody Repair,actual,und,TP13_36KR.zip,0,,WSC2001/TP/13/actual/und/TP13_36KR.zip,https://api.worldskills.org/resources/download/2367,queued,wsc-2001-seoul,
WSC2001,TP,15,Plumbing,actual,und,TP15_36KR.zip,0,,WSC2001/TP/15/actual/und/TP15_36KR.zip,https://api.worldskills.org/resources/download/2368,queued,wsc-2001-seoul,
WSC2001,TP,18,Electrical Installations,actual,und,TP18_36KR.zip,0,,WSC2001/TP/18/actual/und/TP18_36KR.zip,https://api.worldskills.org/resources/download/2369,queued,wsc-2001-seoul,
WSC2001,TP,19,Industrial Control,actual,und,TP19_36KR.zip,0,,WSC2001/TP/19/actual/und/TP19_36KR.zip,https://api.worldskills.org/resources/download/2370,queued,wsc-2001-seoul,
WSC2001,TP,20,Bricklaying,actual,und,TP20_36KR.zip,0,,WSC2001/TP/20/actual/und/TP20_36KR.zip,https://api.worldskills.org/resources/download/2371,queued,wsc-2001-seoul,
WSC2001,TP,22,Painting and Decorating,actual,und,TP22_36KR.zip,0,,WSC2001/TP/22/actual/und/TP22_36KR.zip,https://api.worldskills.org/resources/download/2372,queued,wsc-2001-seoul,
WSC2001,TP,24,Cabinetmaking,actual,und,TP24_36KR.zip,0,,WSC2001/TP/24/actual/und/TP24_36KR.zip,https://api.worldskills.org/resources/download/2373,queued,wsc-2001-seoul,
WSC2001,TP,25,Joinery,actual,und,TP25_36KR.zip,0,,WSC2001/TP/25/actual/und/TP25_36KR.zip,https://api.worldskills.org/resources/download/2374,queued,wsc-2001-seoul,
WSC2001,TP,29,Ladies' hairdressing,actual,und,TP29_36KR.zip,0,,WSC2001/TP/29/actual/und/TP29_36KR.zip,https://api.worldskills.org/resources/download/2375,queued,wsc-2001-seoul,
WSC2001,TP,33,Automobile Technology,actual,und,TP33_36KR.zip,0,,WSC2001/TP/33/actual/und/TP33_36KR.zip,https://api.worldskills.org/resources/download/2376,queued,wsc-2001-seoul,
WSC2001,TP,35,Restaurant Service,actual,und,TP35_36KR.zip,0,,WSC2001/TP/35/actual/und/TP35_36KR.zip,https://api.worldskills.org/resources/download/2377,queued,wsc-2001-seoul,
WSC2001,TP,36,Car Painting,actual,und,TP36_36KR.zip,0,,WSC2001/TP/36/actual/und/TP36_36KR.zip,https://api.worldskills.org/resources/download/2378,queued,wsc-2001-seoul,
WSC2001,TP,37,Landscape Gardening,actual,und,TP37_36KR.zip,0,,WSC2001/TP/37/actual/und/TP37_36KR.zip,https://api.worldskills.org/resources/download/2379,queued,wsc-2001-seoul,
WSC2001,TP,38,Refrigeration,actual,und,TP38_36KR.zip,0,,WSC2001/TP/38/actual/und/TP38_36KR.zip,https://api.worldskills.org/resources/download/2380,queued,wsc-2001-seoul,
WSC2001,TP,39,IT PC/Network Support,actual,und,TP39_36KR.zip,0,,WSC2001/TP/39/actual/und/TP39_36KR.zip,https://api.worldskills.org/resources/download/2381,queued,wsc-2001-seoul,
WSC2001,TP,40,Graphic Design Technology,actual,und,TP40_36KR.zip,0,,WSC2001/TP/40/actual/und/TP40_36KR.zip,https://api.worldskills.org/resources/download/2382,queued,wsc-2001-seoul,
WSC2003,DOC,01,Mechanical Systems Technician,,und,R01_03.pdf,0,,WSC2003/DOC/01/und/R01_03.pdf,https://api.worldskills.org/resources/download/2648,queued,wsc-2003-st-gallen,
WSC2003,DOC,02,Press tool making,,und,R02_03.pdf,0,,WSC2003/DOC/02/und/R02_03.pdf,https://api.worldskills.org/resources/download/2649,queued,wsc-2003-st-gallen,
WSC2003,DOC,03,Instrument making,,und,R03_03.pdf,0,,WSC2003/DOC/03/und/R03_03.pdf,https://api.worldskills.org/resources/download/2650,queued,wsc-2003-st-gallen,
WSC2003,DOC,04,Mechatronics,,und,R04_03.pdf,0,,WSC2003/DOC/04/und/R04_03.pdf,https://api.worldskills.org/resources/download/2651,queued,wsc-2003-st-gallen,
WSC2003,DOC,05,Mech. Eng. CADD,,und,R05_03.pdf,0,,WSC2003/DOC/05/und/R05_03.pdf,https://api.worldskills.org/resources/download/2652,queued,wsc-2003-st-gallen,
WSC2003,DOC,06,CNC Turning,,und,R06_03.pdf,0,,WSC2003/DOC/06/und/R06_03.pdf,https://api.worldskills.org/resources/download/2653,queued,wsc-2003-st-gallen,
WSC2003,DOC,07,CNC Milling,,und,R07_03.pdf,0,,WSC2003/DOC/07/und/R07_03.pdf,https://api.worldskills.org/resources/download/2654,queued,wsc-2003-st-gallen,
WSC2003,DOC,08,Construction steel work,,und,R08_03.pdf,0,,WSC2003/DOC/08/und/R08_03.pdf,https://api.worldskills.org/resources/download/2655,queued,wsc-2003-st-gallen,
WSC2003,DOC,09,IT/Software Applications,,und,R09_03.pdf,0,,WSC2003/DOC/09/und/R09_03.pdf,https://api.worldskills.org/resources/download/2656,queued,wsc-2003-st-gallen,
WSC2003,DOC,10,Welding,,und,R10_03.pdf,0,,WSC2003/DOC/10/und/R10_03.pdf,https://api.worldskills.org/resources/download/2657,queued,wsc-2003-st-gallen,
WSC2003,DOC,11,Pattern Making,,und,R11_03.pdf,0,,WSC2003/DOC/11/und/R11_03.pdf,https://api.worldskills.org/resources/download/2658,queued,wsc-2003-st-gallen,
WSC2003,DOC,12,Wall and Floor Tiling,,und,R12_03.pdf,0,,WSC2003/DOC/12/und/R12_03.pdf,https://api.worldskills.org/resources/download/2659,queued,wsc-2003-st-gallen,
WSC2003,DOC,13,Autobody Repair,,und,R13_03.pdf,0,,WSC2003/DOC/13/und/R13_03.pdf,https://api.worldskills.org/resources/download/2660,queued,wsc-2003-st-gallen,
WSC2003,DOC,14,Sheet metal work,,und,R14_03.pdf,0,,WSC2003/DOC/14/und/R14_03.pdf,https://api.worldskills.org/resources/download/2661,queued,wsc-2003-st-gallen,
WSC2003,DOC,15,Plumbing,,und,R15_03.pdf,0,,WSC2003/DOC/15/und/R15_03.pdf,https://api.worldskills.org/resources/download/2662,queued,wsc-2003-st-gallen,
WSC2003,DOC,16,Industrial Electronics,,und,R16_03.pdf,0,,WSC2003/DOC/16/und/R16_03.pdf,https://api.worldskills.org/resources/download/2663,queued,wsc-2003-st-gallen,
WSC2003,DOC,18,Electrical Installations,,und,R18_03.pdf,0,,WSC2003/DOC/18/und/R18_03.pdf,https://api.worldskills.org/resources/download/2664,queued,wsc-2003-st-gallen,
WSC2003,DOC,19,Industrial Control,,und,R19_03.pdf,0,,WSC2003/DOC/19/und/R19_03.pdf,https://api.worldskills.org/resources/download/2665,queued,wsc-2003-st-gallen,
WSC2003,DOC,20,Bricklaying,,und,R20_03.pdf,0,,WSC2003/DOC/20/und/R20_03.pdf,https://api.worldskills.org/resources/download/2666,queued,wsc-2003-st-gallen,
WSC2003,DOC,21,Stonemasonry,,und,R21_03.pdf,0,,WSC2003/DOC/21/und/R21_03.pdf,https://api.worldskills.org/resources/download/2667,queued,wsc-2003-st-gallen,
WSC2003,DOC,22,Painting and Decorating,,und,R22_03.pdf,0,,WSC2003/DOC/22/und/R22_03.pdf,https://api.worldskills.org/resources/download/2668,queued,wsc-2003-st-gallen,
WSC2003,DOC,23,Plastering,,und,R23_03.pdf,0,,WSC2003/DOC/23/und/R23_03.pdf,https://api.worldskills.org/resources/download/2669,queued,wsc-2003-st-gallen,
WSC2003,DOC,24,Cabinetmaking,,und,R24_03.pdf,0,,WSC2003/DOC/24/und/R24_03.pdf,https://api.worldskills.org/resources/download/2670,queued,wsc-2003-st-gallen,
WSC2003,DOC,25,Joinery,,und,R25_03.pdf,0,,WSC2003/DOC/25/und/R25_03.pdf,https://api.worldskills.org/resources/download/2671,queued,wsc-2003-st-gallen,
WSC2003,DOC,26,Carpentry,,und,R26_03.pdf,0,,WSC2003/DOC/26/und/R26_03.pdf,https://api.worldskills.org/resources/download/2672,queued,wsc-2003-st-gallen,
WSC2003,DOC,27,Jewellery,,und,R27_03.pdf,0,,WSC2003/DOC/27/und/R27_03.pdf,https://api.worldskills.org/resources/download/2673,queued,wsc-2003-st-gallen,
WSC2003,DOC,28,Floristry,,und,R28_03.pdf,0,,WSC2003/DOC/28/und/R28_03.pdf,https://api.worldskills.org/resources/download/2674,queued,wsc-2003-st-gallen,
WSC2003,DOC,29,Ladies'/Men's Hairdressing,,und,R29_03.pdf,0,,WSC2003/DOC/29/und/R29_03.pdf,https://api.worldskills.org/resources/download/2675,queued,wsc-2003-st-gallen,
WSC2003,DOC,31,Ladies Dressmaking,,und,R31_03.pdf,0,,WSC2003/DOC/31/und/R31_03.pdf,https://api.worldskills.org/resources/download/2676,queued,wsc-2003-st-gallen,
WSC2003,DOC,32,Confectioner/Pastry Cook,,und,R32_03.pdf,0,,WSC2003/DOC/32/und/R32_03.pdf,https://api.worldskills.org/resources/download/2677,queued,wsc-2003-st-gallen,
WSC2003,DOC,33,Automobile Technology,,und,R33_03.pdf,0,,WSC2003/DOC/33/und/R33_03.pdf,https://api.worldskills.org/resources/download/2678,queued,wsc-2003-st-gallen,
WSC2003,DOC,34,Cooking,,und,R34_03.pdf,0,,WSC2003/DOC/34/und/R34_03.pdf,https://api.worldskills.org/resources/download/2679,queued,wsc-2003-st-gallen,
WSC2003,DOC,35,Restaurant Service,,und,R35_03.pdf,0,,WSC2003/DOC/35/und/R35_03.pdf,https://api.worldskills.org/resources/download/2680,queued,wsc-2003-st-gallen,
WSC2003,DOC,36,Car Painting,,und,R36_03.pdf,0,,WSC2003/DOC/36/und/R36_03.pdf,https://api.worldskills.org/resources/download/2681,queued,wsc-2003-st-gallen,
WSC2003,DOC,37,Landscape Gardening,,und,R37_03.pdf,0,,WSC2003/DOC/37/und/R37_03.pdf,https://api.worldskills.org/resources/download/2682,queued,wsc-2003-st-gallen,
WSC2003,DOC,38,Refrigeration,,und,R38_03.pdf,0,,WSC2003/DOC/38/und/R38_03.pdf,https://api.worldskills.org/resources/download/2683,queued,wsc-2003-st-gallen,
WSC2003,DOC,39,IT PC/Network Support,,und,R39_03.pdf,0,,WSC2003/DOC/39/und/R39_03.pdf,https://api.worldskills.org/resources/download/2684,queued,wsc-2003-st-gallen,
WSC2003,DOC,40,Graphic Design Technology,,und,R40_03.pdf,0,,WSC2003/DOC/40/und/R40_03.pdf,https://api.worldskills.org/resources/download/2685,queued,wsc-2003-st-gallen,
WSC2003,DOC,41,Beauty Therapy,,und,R41_03.pdf,0,,WSC2003/DOC/41/und/R41_03.pdf,https://api.worldskills.org/resources/download/2686,queued,wsc-2003-st-gallen,
WSC2003,DOC,42,Polymechanics/Automation,,und,R42_03.pdf,0,,WSC2003/DOC/42/und/R42_03.pdf,https://api.worldskills.org/resources/download/2687,queued,wsc-2003-st-gallen,
WSC2003,DOC,43,Web Design,,und,R43_03.pdf,0,,WSC2003/DOC/43/und/R43_03.pdf,https://api.worldskills.org/resources/download/2688,queued,wsc-2003-st-gallen,
WSC2003,DOC,44,Manufacturing Team Challenge,,und,R44_03.pdf,0,,WSC2003/DOC/44/und/R44_03.pdf,https://api.worldskills.org/resources/download/2689,queued,wsc-2003-st-gallen,
WSC2003,DOC,45,Bakery,,und,R45_03.pdf,0,,WSC2003/DOC/45/und/R45_03.pdf,https://api.worldskills.org/resources/download/2690,queued,wsc-2003-st-gallen,
WSC2003,DOC,xx,,,und,Final_results_by_Nations2003.pdf,0,,WSC2003/DOC/xx/und/Final_results_by_Nations2003.pdf,https://api.worldskills.org/resources/download/2646,queued,wsc-2003-st-gallen,
WSC2003,DOC,xx,,,und,Final_results_by_Trade2003.pdf,0,,WSC2003/DOC/xx/und/Final_results_by_Trade2003.pdf,https://api.worldskills.org/resources/download/2647,queued,wsc-2003-st-gallen,
WSC2003,DOC,xx,,,und,RTotal_03.pdf,0,,WSC2003/DOC/xx/und/RTotal_03.pdf,https://api.worldskills.org/resources/download/2691,queued,wsc-2003-st-gallen,
WSC2003,TD,01,Mechanical Systems Technician,,en,TD01_37CH_EN.pdf,0,,WSC2003/TD/01/en/TD01_37CH_EN.pdf,https://api.worldskills.org/resources/download/1314,queued,wsc-2003-st-gallen,
WSC2003,TD,02,Press tool making,,en,TD02_37CH_EN.pdf,0,,WSC2003/TD/02/en/TD02_37CH_EN.pdf,https://api.worldskills.org/resources/download/1315,queued,wsc-2003-st-gallen,
WSC2003,TD,03,Instrument making,,en,TD03_37CH_EN.pdf,0,,WSC2003/TD/03/en/TD03_37CH_EN.pdf,https://api.worldskills.org/resources/download/1316,queued,wsc-2003-st-gallen,
WSC2003,TD,04,Mechatronics,,en,TD04_37CH_EN.pdf,0,,WSC2003/TD/04/en/TD04_37CH_EN.pdf,https://api.worldskills.org/resources/download/1317,queued,wsc-2003-st-gallen,
WSC2003,TD,05,Mech. Eng. CADD,,en,TD05_37CH_EN.pdf,0,,WSC2003/TD/05/en/TD05_37CH_EN.pdf,https://api.worldskills.org/resources/download/1318,queued,wsc-2003-st-gallen,
WSC2003,TD,06,CNC Turning,,en,TD06_37CH_EN.pdf,0,,WSC2003/TD/06/en/TD06_37CH_EN.pdf,https://api.worldskills.org/resources/download/1312,queued,wsc-2003-st-gallen,
WSC2003,TD,07,CNC Milling,,en,TD07_37CH_EN.pdf,0,,WSC2003/TD/07/en/TD07_37CH_EN.pdf,https://api.worldskills.org/resources/download/1313,queued,wsc-2003-st-gallen,
WSC2003,TD,08,Construction steel work,,en,TD08_37CH_EN.pdf,0,,WSC2003/TD/08/en/TD08_37CH_EN.pdf,https://api.worldskills.org/resources/download/1319,queued,wsc-2003-st-gallen,
WSC2003,TD,09,IT/Software Applications,,en,TD09_37CH_EN.pdf,0,,WSC2003/TD/09/en/TD09_37CH_EN.pdf,https://api.worldskills.org/resources/download/1320,queued,wsc-2003-st-gallen,
WSC2003,TD,10,Welding,,en,TD10_37CH_EN.pdf,0,,WSC2003/TD/10/en/TD10_37CH_EN.pdf,https://api.worldskills.org/resources/download/1321,queued,wsc-2003-st-gallen,
WSC2003,TD,11,Pattern Making,,en,TD11_37CH_EN.pdf,0,,WSC2003/TD/11/en/TD11_37CH_EN.pdf,https://api.worldskills.org/resources/download/1322,queued,wsc-2003-st-gallen,
WSC2003,TD,12,Wall and Floor Tiling,,en,TD12_37CH_EN.pdf,0,,WSC2003/TD/12/en/TD12_37CH_EN.pdf,https://api.worldskills.org/resources/download/1323,queued,wsc-2003-st-gallen,
WSC2003,TD,13,Autobody Repair,,en,TD13_37CH_EN.pdf,0,,WSC2003/TD/13/en/TD13_37CH_EN.pdf,https://api.worldskills.org/resources/download/1324,queued,wsc-2003-st-gallen,
WSC2003,TD,14,Sheet metal work,,en,TD14_37CH_EN.pdf,0,,WSC2003/TD/14/en/TD14_37CH_EN.pdf,https://api.worldskills.org/resources/download/1325,queued,wsc-2003-st-gallen,
WSC2003,TD,15,Plumbing,,en,TD15_37CH_EN.pdf,0,,WSC2003/TD/15/en/TD15_37CH_EN.pdf,https://api.worldskills.org/resources/download/1326,queued,wsc-2003-st-gallen,
WSC2003,TD,16,Industrial Electronics,,en,TD16_37CH_EN.pdf,0,,WSC2003/TD/16/en/TD16_37CH_EN.pdf,https://api.worldskills.org/resources/download/1327,queued,wsc-2003-st-gallen,
WSC2003,TD,18,Electrical Installations,,en,TD18_37CH_EN.pdf,0,,WSC2003/TD/18/en/TD18_37CH_EN.pdf,https://api.worldskills.org/resources/download/1328,queued,wsc-2003-st-gallen,
WSC2003,TD,19,Industrial Control,,en,TD19_37CH_EN.pdf,0,,WSC2003/TD/19/en/TD19_37CH_EN.pdf,https://api.worldskills.org/resources/download/1329,queued,wsc-2003-st-gallen,
WSC2003,TD,20,Bricklaying,,en,TD20_37CH_EN.pdf,0,,WSC2003/TD/20/en/TD20_37CH_EN.pdf,https://api.worldskills.org/resources/download/1330,queued,wsc-2003-st-gallen,
WSC2003,TD,21,Stonemasonry,,en,TD21_37CH_EN.pdf,0,,WSC2003/TD/21/en/TD21_37CH_EN.pdf,https://api.worldskills.org/resources/download/1331,queued,wsc-2003-st-gallen,
WSC2003,TD,22,Painting and Decorating,,en,TD22_37CH_EN.pdf,0,,WSC2003/TD/22/en/TD22_37CH_EN.pdf,https://api.worldskills.org/resources/download/1332,queued,wsc-2003-st-gallen,
WSC2003,TD,23,Plastering,,en,TD23_37CH_EN.pdf,0,,WSC2003/TD/23/en/TD23_37CH_EN.pdf,https://api.worldskills.org/resources/download/1333,queued,wsc-2003-st-gallen,
WSC2003,TD,24,Cabinetmaking,,en,TD24_37CH_EN.pdf,0,,WSC2003/TD/24/en/TD24_37CH_EN.pdf,https://api.worldskills.org/resources/download/1334,queued,wsc-2003-st-gallen,
WSC2003,TD,25,Joinery,,en,TD25_37CH_EN.pdf,0,,WSC2003/TD/25/en/TD25_37CH_EN.pdf,https://api.worldskills.org/resources/download/1335,queued,wsc-2003-st-gallen,
WSC2003,TD,26,Carpentry,,en,TD26_37CH_EN.pdf,0,,WSC2003/TD/26/en/TD26_37CH_EN.pdf,https://api.worldskills.org/resources/download/1336,queued,wsc-2003-st-gallen,
WSC2003,TD,27,Jewellery,,en,TD27_37CH_EN.pdf,0,,WSC2003/TD/27/en/TD27_37CH_EN.pdf,https://api.worldskills.org/resources/download/1337,queued,wsc-2003-st-gallen,
WSC2003,TD,28,Floristry,,en,TD28_37CH_EN.pdf,0,,WSC2003/TD/28/en/TD28_37CH_EN.pdf,https://api.worldskills.org/resources/download/1338,queued,wsc-2003-st-gallen,
WSC2003,TD,29,Ladies'/Men's Hairdressing,,en,TD29_37CH_EN.pdf,0,,WSC2003/TD/29/en/TD29_37CH_EN.pdf,https://api.worldskills.org/resources/download/1339,queued,wsc-2003-st-gallen,
WSC2003,TD,31,Ladies Dressmaking,,en,TD31_37CH_EN.pdf,0,,WSC2003/TD/31/en/TD31_37CH_EN.pdf,https://api.worldskills.org/resources/download/1340,queued,wsc-2003-st-gallen,
WSC2003,TD,32,Confectioner/Pastry Cook,,en,TD32_37CH_EN.pdf,0,,WSC2003/TD/32/en/TD32_37CH_EN.pdf,https://api.worldskills.org/resources/download/1341,queued,wsc-2003-st-gallen,
WSC2003,TD,33,Automobile Technology,,en,TD33_37CH_EN.pdf,0,,WSC2003/TD/33/en/TD33_37CH_EN.pdf,https://api.worldskills.org/resources/download/1342,queued,wsc-2003-st-gallen,
WSC2003,TD,34,Cooking,,en,TD34_37CH_EN.pdf,0,,WSC2003/TD/34/en/TD34_37CH_EN.pdf,https://api.worldskills.org/resources/download/1343,queued,wsc-2003-st-gallen,
WSC2003,TD,35,Restaurant Service,,en,TD35_37CH_EN.pdf,0,,WSC2003/TD/35/en/TD35_37CH_EN.pdf,https://api.worldskills.org/resources/download/1344,queued,wsc-2003-st-gallen,
WSC2003,TD,36,Car Painting,,en,TD36_37CH_EN.pdf,0,,WSC2003/TD/36/en/TD36_37CH_EN.pdf,https://api.worldskills.org/resources/download/1345,queued,wsc-2003-st-gallen,
WSC2003,TD,37,Landscape Gardening,,en,TD37_37CH_EN.pdf,0,,WSC2003/TD/37/en/TD37_37CH_EN.pdf,https://api.worldskills.org/resources/download/1346,queued,wsc-2003-st-gallen,
WSC2003,TD,38,Refrigeration,,en,TD38_37CH_EN.pdf,0,,WSC2003/TD/38/en/TD38_37CH_EN.pdf,https://api.worldskills.org/resources/download/1347,queued,wsc-2003-st-gallen,
WSC2003,TD,39,IT PC/Network Support,,en,TD39_37CH_EN.pdf,0,,WSC2003/TD/39/en/TD39_37CH_EN.pdf,https://api.worldskills.org/resources/download/1348,queued,wsc-2003-st-gallen,
WSC2003,TD,40,Graphic Design Technology,,en,TD40_37CH_EN.pdf,0,,WSC2003/TD/40/en/TD40_37CH_EN.pdf,https://api.worldskills.org/resources/download/1349,queued,wsc-2003-st-gallen,
WSC2003,TD,xx,,,und,documents.json,0,,WSC2003/TD/xx/und/documents.json,https://api.worldskills.org/skillman/documents/events/4,forbidden,wsc-2003-st-gallen,
WSC2003,TP,09,IT/Software Applications,actual,und,TP09_37CHproject_data_files.zip,0,,WSC2003/TP/09/actual/und/TP09_37CHproject_data_files.zip,https://api.worldskills.org/resources/download/2334,queued,wsc-2003-st-gallen,
WSC2003,TP,10,Welding,actual,en,TP10_37CH_EN.zip,0,,WSC2003/TP/10/actual/en/TP10_37CH_EN.zip,https://api.worldskills.org/resources/download/2335,queued,wsc-2003-st-gallen,
WSC2003,TP,12,Wall and Floor Tiling,actual,und,TP12_37CH.zip,0,,WSC2003/TP/12/actual/und/TP12_37CH.zip,https://api.worldskills.org/resources/download/2336,queued,wsc-2003-st-gallen,
WSC2003,TP,13,Autobody Repair,actual,en,TP13_37CH_EN.zip,0,,WSC2003/TP/13/actual/en/TP13_37CH_EN.zip,https://api.worldskills.org/resources/download/2337,queued,wsc-2003-st-gallen,
WSC2003,TP,15,Plumbing,actual,mul,TP15_37CH_EN_FR.zip,0,,WSC2003/TP/15/actual/mul/TP15_37CH_EN_FR.zip,https://api.worldskills.org/resources/download/2338,queued,wsc-2003-st-gallen,
WSC2003,TP,18,Electrical Installations,actual,en,TP18_37CH_EN.zip,0,,WSC2003/TP/18/actual/en/TP18_37CH_EN.zip,https://api.worldskills.org/resources/download/2339,queued,wsc-2003-st-gallen,
WSC2003,TP,19,Industrial Control,actual,und,TP19_37CH.zip,0,,WSC2003/TP/19/actual/und/TP19_37CH.zip,https://api.worldskills.org/resources/download/2340,queued,wsc-2003-st-gallen,
WSC2003,TP,20,Bricklaying,actual,en,TP20_37CH_EN.zip,0,,WSC2003/TP/20/actual/en/TP20_37CH_EN.zip,https://api.worldskills.org/resources/download/2341,queued,wsc-2003-st-gallen,
WSC2003,TP,22,Painting and Decorating,actual,und,TP22_37CH.zip,0,,WSC2003/TP/22/actual/und/TP22_37CH.zip,https://api.worldskills.org/resources/download/2342,queued,wsc-2003-st-gallen,
WSC2003,TP,24,Cabinetmaking,actual,de,TP24_37CH_DE.zip,0,,WSC2003/TP/24/actual/de/TP24_37CH_DE.zip,https://api.worldskills.org/resources/download/2343,queued,wsc-2003-st-gallen,
WSC2003,TP,25,Joinery,actual,en,TP25_37CH_EN.zip,0,,WSC2003/TP/25/actual/en/TP25_37CH_EN.zip,https://api.worldskills.org/resources/download/2344,queued,wsc-2003-st-gallen,
WSC2003,TP,26,Carpentry,actual,und,TP26_37CH.zip,0,,WSC2003/TP/26/actual/und/TP26_37CH.zip,https://api.worldskills.org/resources/download/2345,queued,wsc-2003-st-gallen,
WSC2003,TP,27,Jewellery,actual,und,TP27_37CH.zip,0,,WSC2003/TP/27/actual/und/TP27_37CH.zip,https://api.worldskills.org/resources/download/2346,queued,wsc-2003-st-gallen,
WSC2003,TP,29,Ladies'/Men's Hairdressing,actual,und,TP29_37CH.zip,0,,WSC2003/TP/29/actual/und/TP29_37CH.zip,https://api.worldskills.org/resources/download/2347,queued,wsc-2003-st-gallen,
WSC2003,TP,31,Ladies Dressmaking,actual,en,TP31_37CH_EN.zip,0,,WSC2003/TP/31/actual/en/TP31_37CH_EN.zip,https://api.worldskills.org/resources/download/2348,queued,wsc-2003-st-gallen,
WSC2003,TP,34,Cooking,actual,en,TP34_37CH_EN.zip,0,,WSC2003/TP/34/actual/en/TP34_37CH_EN.zip,https://api.worldskills.org/resources/download/2349,queued,wsc-2003-st-gallen,
WSC2003,TP,35,Restaurant Service,actual,en,TP35_37CH_EN.zip,0,,WSC2003/TP/35/actual/en/TP35_37CH_EN.zip,https://api.worldskills.org/resources/download/2350,queued,wsc-2003-st-gallen,
WSC2003,TP,36,Car Painting,actual,en,TP36_37CH_EN.zip,0,,WSC2003/TP/36/actual/en/TP36_37CH_EN.zip,https://api.worldskills.org/resources/download/2351,queued,wsc-2003-st-gallen,
WSC2003,TP,37,Landscape Gardening,actual,en,TP37_37CH_EN.pdf,0,,WSC2003/TP/37/actual/en/TP37_37CH_EN.pdf,https://api.worldskills.org/resources/download/2358,queued,wsc-2003-st-gallen,
WSC2003,TP,38,Refrigeration,actual,und,TP38_37CH.zip,0,,WSC2003/TP/38/actual/und/TP38_37CH.zip,https://api.worldskills.org/resources/download/2352,queued,wsc-2003-st-gallen,
WSC2003,TP,39,IT PC/Network Support,actual,en,TP39_37CH_EN.zip,0,,WSC2003/TP/39/actual/en/TP39_37CH_EN.zip,https://api.worldskills.org/resources/download/2353,queued,wsc-2003-st-gallen,
WSC2003,TP,40,Graphic Design Technology,actual,en,TP40_37CH_EN.zip,0,,WSC2003/TP/40/actual/en/TP40_37CH_EN.zip,https://api.worldskills.org/resources/download/2354,queued,wsc-2003-st-gallen,
WSC2003,TP,41,Beauty Therapy,actual,und,TP41_37CH.zip,0,,WSC2003/TP/41/actual/und/TP41_37CH.zip,https://api.worldskills.org/resources/download/2355,queued,wsc-2003-st-gallen,
WSC2003,TP,43,Web Design,actual,en,TP43_37CH_EN.zip,0,,WSC2003/TP/43/actual/en/TP43_37CH_EN.zip,https://api.worldskills.org/resources/download/2356,queued,wsc-2003-st-gallen,
WSC2003,TP,44,Manufacturing Team Challenge,actual,en,TP44_37CH_EN.zip,0,,WSC2003/TP/44/actual/en/TP44_37CH_EN.zip,https://api.worldskills.org/resources/download/2357,queued,wsc-2003-st-gallen,
WSC2005,DOC,01,Polymechanics/Automation,,und,IL01 38FI OC,0,,WSC2005/DOC/01/und/IL01 38FI OC,https://api.worldskills.org/resources/download/1595,queued,wsc-2005-helsinki,
WSC2005,DOC,01,Polymechanics/Automation,,und,R01 05,0,,WSC2005/DOC/01/und/R01 05,https://api.worldskills.org/resources/download/2603,queued,wsc-2005-helsinki,
WSC2005,DOC,03,Manufacturing Team Challenge,,und,IL03 38FI OC,0,,WSC2005/DOC/03/und/IL03 38FI OC,https://api.worldskills.org/resources/download/1596,queued,wsc-2005-helsinki,
WSC2005,DOC,03,Manufacturing Team Challenge,,und,R03 05,0,,WSC2005/DOC/03/und/R03 05,https://api.worldskills.org/resources/download/2604,queued,wsc-2005-helsinki,
WSC2005,DOC,04,Mechatronics,,und,IL04 38FI OC,0,,WSC2005/DOC/04/und/IL04 38FI OC,https://api.worldskills.org/resources/download/1597,queued,wsc-2005-helsinki,
WSC2005,DOC,04,Mechatronics,,und,R04 05,0,,WSC2005/DOC/04/und/R04 05,https://api.worldskills.org/resources/download/2605,queued,wsc-2005-helsinki,
WSC2005,DOC,05,Mech. Eng. CADD,,und,IL05 38FI OC,0,,WSC2005/DOC/05/und/IL05 38FI OC,https://api.worldskills.org/resources/download/1598,queued,wsc-2005-helsinki,
WSC2005,DOC,05,Mech. Eng. CADD,,und,R05 05,0,,WSC2005/DOC/05/und/R05 05,https://api.worldskills.org/resources/download/2606,queued,wsc-2005-helsinki,
WSC2005,DOC,06,CNC Machining,,und,IL06 38FI OC,0,,WSC2005/DOC/06/und/IL06 38FI OC,https://api.worldskills.org/resources/download/1599,queued,wsc-2005-helsinki,
WSC2005,DOC,06,CNC Machining,,und,R06 05,0,,WSC2005/DOC/06/und/R06 05,https://api.worldskills.org/resources/download/2607,queued,wsc-2005-helsinki,
WSC2005,DOC,09,IT/Software Applications,,und,IL09 38FI OC,0,,WSC2005/DOC/09/und/IL09 38FI OC,https://api.worldskills.org/resources/download/1600,queued,wsc-2005-helsinki,
WSC2005,DOC,09,IT/Software Applications,,und,R09 05,0,,WSC2005/DOC/09/und/R09 05,https://api.worldskills.org/resources/download/2608,queued,wsc-2005-helsinki,
WSC2005,DOC,10,Welding,,und,IL10 38FI OC,0,,WSC2005/DOC/10/und/IL10 38FI OC,https://api.worldskills.org/resources/download/1601,queued,wsc-2005-helsinki,
WSC2005,DOC,10,Welding,,und,R10 05,0,,WSC2005/DOC/10/und/R10 05,https://api.worldskills.org/resources/download/2609,queued,wsc-2005-helsinki,
WSC2005,DOC,12,Wall and Floor Tiling,,und,IL12 38FI OC,0,,WSC2005/DOC/12/und/IL12 38FI OC,https://api.worldskills.org/resources/download/1602,queued,wsc-2005-helsinki,
WSC2005,DOC,12,Wall and Floor Tiling,,und,R12 05,0,,WSC2005/DOC/12/und/R12 05,https://api.worldskills.org/resources/download/2610,queued,wsc-2005-helsinki,
WSC2005,DOC,13,Autobody Repair,,und,IL13 38FI OC,0,,WSC2005/DOC/13/und/IL13 38FI OC,https://api.worldskills.org/resources/download/1603,queued,wsc-2005-helsinki,
WSC2005,DOC,13,Autobody Repair,,und,R13 05,0,,WSC2005/DOC/13/und/R13 05,https://api.worldskills.org/resources/download/2611,queued,wsc-2005-helsinki,
WSC2005,DOC,15,Plumbing,,und,IL15 38FI OC,0,,WSC2005/DOC/15/und/IL15 38FI OC,https://api.worldskills.org/resources/download/1604,queued,wsc-2005-helsinki,
WSC2005,DOC,15,Plumbing,,und,R15 05,0,,WSC2005/DOC/15/und/R15 05,https://api.worldskills.org/resources/download/2612,queued,wsc-2005-helsinki,
WSC2005,DOC,16,Industrial Electronics,,und,IL16 38FI OC,0,,WSC2005/DOC/16/und/IL16 38FI OC,https://api.worldskills.org/resources/download/1605,queued,wsc-2005-helsinki,
WSC2005,DOC,16,Industrial Electronics,,und,R16 05,0,,WSC2005/DOC/16/und/R16 05,https://api.worldskills.org/resources/download/2613,queued,wsc-2005-helsinki,
WSC2005,DOC,17,Web Design,,und,IL17 38FI OC,0,,WSC2005/DOC/17/und/IL17 38FI OC,https://api.worldskills.org/resources/download/1606,queued,wsc-2005-helsinki,
WSC2005,DOC,17,Web Design,,und,R17 05,0,,WSC2005/DOC/17/und/R17 05,https://api.worldskills.org/resources/download/2614,queued,wsc-2005-helsinki,
WSC2005,DOC,18,Electrical Installations,,und,IL18 38FI OC,0,,WSC2005/DOC/18/und/IL18 38FI OC,https://api.worldskills.org/resources/download/1607,queued,wsc-2005-helsinki,
WSC2005,DOC,18,Electrical Installations,,und,R18 05,0,,WSC2005/DOC/18/und/R18 05,https://api.worldskills.org/resources/download/2615,queued,wsc-2005-helsinki,
WSC2005,DOC,19,Industrial Control,,und,IL19 38FI OC,0,,WSC2005/DOC/19/und/IL19 38FI OC,https://api.worldskills.org/resources/download/1608,queued,wsc-2005-helsinki,
WSC2005,DOC,19,Industrial Control,,und,R19 05,0,,WSC2005/DOC/19/und/R19 05,https://api.worldskills.org/resources/download/2616,queued,wsc-2005-helsinki,
WSC2005,DOC,20,Bricklaying,,und,IL20 38FI OC,0,,WSC2005/DOC/20/und/IL20 38FI OC,https://api.worldskills.org/resources/download/1609,queued,wsc-2005-helsinki,
WSC2005,DOC,20,Bricklaying,,und,R20 05,0,,WSC2005/DOC/20/und/R20 05,https://api.worldskills.org/resources/download/2617,queued,wsc-2005-helsinki,
WSC2005,DOC,21,Stonemasonry,,und,IL21 38FI OC,0,,WSC2005/DOC/21/und/IL21 38FI OC,https://api.worldskills.org/resources/download/1610,queued,wsc-2005-helsinki,
WSC2005,DOC,21,Stonemasonry,,und,R21 05,0,,WSC2005/DOC/21/und/R21 05,https://api.worldskills.org/resources/download/2618,queued,wsc-2005-helsinki,
WSC2005,DOC,22,Painting and Decorating,,und,IL22 38FI OC,0,,WSC2005/DOC/22/und/IL22 38FI OC,https://api.worldskills.org/resources/download/1611,queued,wsc-2005-helsinki,
WSC2005,DOC,22,Painting and Decorating,,und,R22 05,0,,WSC2005/DOC/22/und/R22 05,https://api.worldskills.org/resources/download/2619,queued,wsc-2005-helsinki,
WSC2005,DOC,24,Cabinetmaking,,und,IL24 38FI OC,0,,WSC2005/DOC/24/und/IL24 38FI OC,https://api.worldskills.org/resources/download/1612,queued,wsc-2005-helsinki,
WSC2005,DOC,24,Cabinetmaking,,und,R24 05,0,,WSC2005/DOC/24/und/R24 05,https://api.worldskills.org/resources/download/2620,queued,wsc-2005-helsinki,
WSC2005,DOC,25,Joinery,,und,IL25 38FI OC,0,,WSC2005/DOC/25/und/IL25 38FI OC,https://api.worldskills.org/resources/download/1613,queued,wsc-2005-helsinki,
WSC2005,DOC,25,Joinery,,und,R25 05,0,,WSC2005/DOC/25/und/R25 05,https://api.worldskills.org/resources/download/2621,queued,wsc-2005-helsinki,
WSC2005,DOC,26,Carpentry,,und,IL26 38FI OC,0,,WSC2005/DOC/26/und/IL26 38FI OC,https://api.worldskills.org/resources/download/1614,queued,wsc-2005-helsinki,
WSC2005,DOC,26,Carpentry,,und,R26 05,0,,WSC2005/DOC/26/und/R26 05,https://api.worldskills.org/resources/download/2622,queued,wsc-2005-helsinki,
WSC2005,DOC,27,Jewellery,,und,IL27 38FI OC,0,,WSC2005/DOC/27/und/IL27 38FI OC,https://api.worldskills.org/resources/download/1615,queued,wsc-2005-helsinki,
WSC2005,DOC,27,Jewellery,,und,R27 05,0,,WSC2005/DOC/27/und/R27 05,https://api.worldskills.org/resources/download/2623,queued,wsc-2005-helsinki,
WSC2005,DOC,28,Floristry,,und,IL28 38FI OC,0,,WSC2005/DOC/28/und/IL28 38FI OC,https://api.worldskills.org/resources/download/1616,queued,wsc-2005-helsinki,
WSC2005,DOC,28,Floristry,,und,R28 05,0,,WSC2005/DOC/28/und/R28 05,https://api.worldskills.org/resources/download/2624,queued,wsc-2005-helsinki,
WSC2005,DOC,29,Ladies'/Men's Hairdressing,,und,IL29 38FI OC,0,,WSC2005/DOC/29/und/IL29 38FI OC,https://api.worldskills.org/resources/download/1617,queued,wsc-2005-helsinki,
WSC2005,DOC,29,Ladies'/Men's Hairdressing,,und,R29 05,0,,WSC2005/DOC/29/und/R29 05,https://api.worldskills.org/resources/download/2625,queued,wsc-2005-helsinki,
WSC2005,DOC,30,Beauty Therapy,,und,IL30 38FI OC,0,,WSC2005/DOC/30/und/IL30 38FI OC,https://api.worldskills.org/resources/download/1618,queued,wsc-2005-helsinki,
WSC2005,DOC,30,Beauty Therapy,,und,R30 05,0,,WSC2005/DOC/30/und/R30 05,https://api.worldskills.org/resources/download/2626,queued,wsc-2005-helsinki,
WSC2005,DOC,31,Ladies Dressmaking,,und,IL31 38FI OC,0,,WSC2005/DOC/31/und/IL31 38FI OC,https://api.worldskills.org/resources/download/1619,queued,wsc-2005-helsinki,
WSC2005,DOC,31,Ladies Dressmaking,,und,R31 05,0,,WSC2005/DOC/31/und/R31 05,https://api.worldskills.org/resources/download/2627,queued,wsc-2005-helsinki,
WSC2005,DOC,32,Confectioner/Pastry Cook,,und,IL32 38FI OC,0,,WSC2005/DOC/32/und/IL32 38FI OC,https://api.worldskills.org/resources/download/1620,queued,wsc-2005-helsinki,
WSC2005,DOC,32,Confectioner/Pastry Cook,,und,R32 05,0,,WSC2005/DOC/32/und/R32 05,https://api.worldskills.org/resources/download/2628,queued,wsc-2005-helsinki,
WSC2005,DOC,33,Automobile Technology,,und,IL33 38FI OC,0,,WSC2005/DOC/33/und/IL33 38FI OC,https://api.worldskills.org/resources/download/1621,queued,wsc-2005-helsinki,
WSC2005,DOC,33,Automobile Technology,,und,R33 05,0,,WSC2005/DOC/33/und/R33 05,https://api.worldskills.org/resources/download/2629,queued,wsc-2005-helsinki,
WSC2005,DOC,34,Cooking,,und,IL34 38FI OC,0,,WSC2005/DOC/34/und/IL34 38FI OC,https://api.worldskills.org/resources/download/1622,queued,wsc-2005-helsinki,
WSC2005,DOC,34,Cooking,,und,R34 05,0,,WSC2005/DOC/34/und/R34 05,https://api.worldskills.org/resources/download/2630,queued,wsc-2005-helsinki,
WSC2005,DOC,35,Restaurant Service,,und,IL35 38FI OC,0,,WSC2005/DOC/35/und/IL35 38FI OC,https://api.worldskills.org/resources/download/1623,queued,wsc-2005-helsinki,
WSC2005,DOC,35,Restaurant Service,,und,R35 05,0,,WSC2005/DOC/35/und/R35 05,https://api.worldskills.org/resources/download/2631,queued,wsc-2005-helsinki,
WSC2005,DOC,36,Car Painting,,und,IL36 38FI OC,0,,WSC2005/DOC/36/und/IL36 38FI OC,https://api.worldskills.org/resources/download/1624,queued,wsc-2005-helsinki,
WSC2005,DOC,36,Car Painting,,und,R36 05,0,,WSC2005/DOC/36/und/R36 05,https://api.worldskills.org/resources/download/2632,queued,wsc-2005-helsinki,
WSC2005,DOC,37,Landscape Gardening,,und,IL37 38FI OC,0,,WSC2005/DOC/37/und/IL37 38FI OC,https://api.worldskills.org/resources/download/1625,queued,wsc-2005-helsinki,
WSC2005,DOC,37,Landscape Gardening,,und,R37 05,0,,WSC2005/DOC/37/und/R37 05,https://api.worldskills.org/resources/download/2633,queued,wsc-2005-helsinki,
WSC2005,DOC,38,Refrigeration,,und,IL38 38FI OC,0,,WSC2005/DOC/38/und/IL38 38FI OC,https://api.worldskills.org/resources/download/1626,queued,wsc-2005-helsinki,
WSC2005,DOC,38,Refrigeration,,und,R38 05,0,,WSC2005/DOC/38/und/R38 05,https://api.worldskills.org/resources/download/2634,queued,wsc-2005-helsinki,
WSC2005,DOC,39,IT PC/Network Support,,und,IL39 38FI OC,0,,WSC2005/DOC/39/und/IL39 38FI OC,https://api.worldskills.org/resources/download/1627,queued,wsc-2005-helsinki,
WSC2005,DOC,39,IT PC/Network Support,,und,R39 05,0,,WSC2005/DOC/39/und/R39 05,https://api.worldskills.org/resources/download/2635,queued,wsc-2005-helsinki,
WSC2005,DOC,40,Graphic Design Technology,,und,IL40 38FI OC,0,,WSC2005/DOC/40/und/IL40 38FI OC,https://api.worldskills.org/resources/download/1628,queued,wsc-2005-helsinki,
WSC2005,DOC,40,Graphic Design Technology,,und,R40 05,0,,WSC2005/DOC/40/und/R40 05,https://api.worldskills.org/resources/download/2636,queued,wsc-2005-helsinki,
WSC2005,DOC,43,Telecommunication Distribution Technology,,und,IL43 38FI OC,0,,WSC2005/DOC/43/und/IL43 38FI OC,https://api.worldskills.org/resources/download/1629,queued,wsc-2005-helsinki,
WSC2005,DOC,43,Telecommunication Distribution Technology,,und,R43 05,0,,WSC2005/DOC/43/und/R43 05,https://api.worldskills.org/resources/download/2637,queued,wsc-2005-helsinki,
WSC2005,DOC,44,Printing,,und,IL44 38FI OC,0,,WSC2005/DOC/44/und/IL44 38FI OC,https://api.worldskills.org/resources/download/1630,queued,wsc-2005-helsinki,
WSC2005,DOC,44,Printing,,und,R44 05,0,,WSC2005/DOC/44/und/R44 05,https://api.worldskills.org/resources/download/2638,queued,wsc-2005-helsinki,
WSC2005,DOC,46,Sheet-Construction Steelwork,,und,IL46 38FI OC,0,,WSC2005/DOC/46/und/IL46 38FI OC,https://api.worldskills.org/resources/download/1631,queued,wsc-2005-helsinki,
WSC2005,DOC,46,Sheet-Construction Steelwork,,und,R46 05,0,,WSC2005/DOC/46/und/R46 05,https://api.worldskills.org/resources/download/2639,queued,wsc-2005-helsinki,
WSC2005,DOC,47,Tinsmith (Roofing),,und,IL47 38FI OC,0,,WSC2005/DOC/47/und/IL47 38FI OC,https://api.worldskills.org/resources/download/1632,queued,wsc-2005-helsinki,
WSC2005,DOC,47,Tinsmith (Roofing),,und,R47 05,0,,WSC2005/DOC/47/und/R47 05,https://api.worldskills.org/resources/download/2640,queued,wsc-2005-helsinki,
WSC2005,DOC,48,Transport Technology,,und,IL48 38FI OC,0,,WSC2005/DOC/48/und/IL48 38FI OC,https://api.worldskills.org/resources/download/1633,queued,wsc-2005-helsinki,
WSC2005,DOC,48,Transport Technology,,und,R48 05,0,,WSC2005/DOC/48/und/R48 05,https://api.worldskills.org/resources/download/2641,queued,wsc-2005-helsinki,
WSC2005,DOC,xx,,,und,WSC2005 Member Comparison By Avg Score,0,,WSC2005/DOC/xx/und/WSC2005 Member Comparison By Avg Score,https://api.worldskills.org/resources/download/2643,queued,wsc-2005-helsinki,
WSC2005,DOC,xx,,,und,WSC2005 Member Comparison By Member,0,,WSC2005/DOC/xx/und/WSC2005 Member Comparison By Member,https://api.worldskills.org/resources/download/2644,queued,wsc-2005-helsinki,
WSC2005,DOC,xx,,,und,WSC2005 Member Comparison By Total Medals Won,0,,WSC2005/DOC/xx/und/WSC2005 Member Comparison By Total Medals Won,https://api.worldskills.org/resources/download/2645,queued,wsc-2005-helsinki,
WSC2005,DOC,xx,,,und,WSC2005 Official Results,0,,WSC2005/DOC/xx/und/WSC2005 Official Results,https://api.worldskills.org/resources/download/2601,queued,wsc-2005-helsinki,
WSC2005,DOC,xx,,,und,WSC2005 Official Results Wos,0,,WSC2005/DOC/xx/und/WSC2005 Official Results Wos,https://api.worldskills.org/resources/download/2602,queued,wsc-2005-helsinki,
WSC2005,DOC,xx,,,und,WSC2005 Top Twenty,0,,WSC2005/DOC/xx/und/WSC2005 Top Twenty,https://api.worldskills.org/resources/download/2642,queued,wsc-2005-helsinki,
WSC2005,TD,01,Polymechanics/Automation,,en,TD01_38FI_EN.pdf,0,,WSC2005/TD/01/en/TD01_38FI_EN.pdf,https://api.worldskills.org/resources/download/1267,queued,wsc-2005-helsinki,
WSC2005,TD,03,Manufacturing Team Challenge,,en,TD03_38FI_EN.pdf,0,,WSC2005/TD/03/en/TD03_38FI_EN.pdf,https://api.worldskills.org/resources/download/1268,queued,wsc-2005-helsinki,
WSC2005,TD,04,Mechatronics,,en,TD04_38FI_EN.pdf,0,,WSC2005/TD/04/en/TD04_38FI_EN.pdf,https://api.worldskills.org/resources/download/1269,queued,wsc-2005-helsinki,
WSC2005,TD,05,Mech. Eng. CADD,,en,TD05_38FI_EN.pdf,0,,WSC2005/TD/05/en/TD05_38FI_EN.pdf,https://api.worldskills.org/resources/download/1270,queued,wsc-2005-helsinki,
WSC2005,TD,06,CNC Machining,,en,TD06_38FI_EN.pdf,0,,WSC2005/TD/06/en/TD06_38FI_EN.pdf,https://api.worldskills.org/resources/download/1271,queued,wsc-2005-helsinki,
WSC2005,TD,08,,,en,TD08_38FI_EN.pdf,0,,WSC2005/TD/08/en/TD08_38FI_EN.pdf,https://api.worldskills.org/resources/download/1272,queued,wsc-2005-helsinki,
WSC2005,TD,09,IT/Software Applications,,en,TD09_38FI_EN.pdf,0,,WSC2005/TD/09/en/TD09_38FI_EN.pdf,https://api.worldskills.org/resources/download/1273,queued,wsc-2005-helsinki,
WSC2005,TD,10,Welding,,en,TD10_38FI_EN.pdf,0,,WSC2005/TD/10/en/TD10_38FI_EN.pdf,https://api.worldskills.org/resources/download/1274,queued,wsc-2005-helsinki,
WSC2005,TD,11,,,en,TD11_38FI_EN.pdf,0,,WSC2005/TD/11/en/TD11_38FI_EN.pdf,https://api.worldskills.org/resources/download/1275,queued,wsc-2005-helsinki,
WSC2005,TD,12,Wall and Floor Tiling,,en,TD12_38FI_EN.pdf,0,,WSC2005/TD/12/en/TD12_38FI_EN.pdf,https://api.worldskills.org/resources/download/1276,queued,wsc-2005-helsinki,
WSC2005,TD,13,Autobody Repair,,en,TD13_38FI_EN.pdf,0,,WSC2005/TD/13/en/TD13_38FI_EN.pdf,https://api.worldskills.org/resources/download/1277,queued,wsc-2005-helsinki,
WSC2005,TD,14,,,en,TD14_38FI_EN.pdf,0,,WSC2005/TD/14/en/TD14_38FI_EN.pdf,https://api.worldskills.org/resources/download/1278,queued,wsc-2005-helsinki,
WSC2005,TD,15,Plumbing,,en,TD15_38FI_EN.pdf,0,,WSC2005/TD/15/en/TD15_38FI_EN.pdf,https://api.worldskills.org/resources/download/1279,queued,wsc-2005-helsinki,
WSC2005,TD,16,Industrial Electronics,,en,TD16_38FI_EN.pdf,0,,WSC2005/TD/16/en/TD16_38FI_EN.pdf,https://api.worldskills.org/resources/download/1280,queued,wsc-2005-helsinki,
WSC2005,TD,17,Web Design,,en,TD17_38FI_EN.pdf,0,,WSC2005/TD/17/en/TD17_38FI_EN.pdf,https://api.worldskills.org/resources/download/1281,queued,wsc-2005-helsinki,
WSC2005,TD,18,Electrical Installations,,en,TD18_38FI_EN.pdf,0,,WSC2005/TD/18/en/TD18_38FI_EN.pdf,https://api.worldskills.org/resources/download/1282,queued,wsc-2005-helsinki,
WSC2005,TD,19,Industrial Control,,en,TD19_38FI_EN.pdf,0,,WSC2005/TD/19/en/TD19_38FI_EN.pdf,https://api.worldskills.org/resources/download/1283,queued,wsc-2005-helsinki,
WSC2005,TD,20,Bricklaying,,en,TD20_38FI_EN.pdf,0,,WSC2005/TD/20/en/TD20_38FI_EN.pdf,https://api.worldskills.org/resources/download/1284,queued,wsc-2005-helsinki,
WSC2005,TD,21,Stonemasonry,,en,TD21_38FI_EN.pdf,0,,WSC2005/TD/21/en/TD21_38FI_EN.pdf,https://api.worldskills.org/resources/download/1285,queued,wsc-2005-helsinki,
WSC2005,TD,22,Painting and Decorating,,en,TD22_38FI_EN.pdf,0,,WSC2005/TD/22/en/TD22_38FI_EN.pdf,https://api.worldskills.org/resources/download/1286,queued,wsc-2005-helsinki,
WSC2005,TD,23,,,en,TD23_38FI_EN.pdf,0,,WSC2005/TD/23/en/TD23_38FI_EN.pdf,https://api.worldskills.org/resources/download/1287,queued,wsc-2005-helsinki,
WSC2005,TD,24,Cabinetmaking,,en,TD24_38FI_EN.pdf,0,,WSC2005/TD/24/en/TD24_38FI_EN.pdf,https://api.worldskills.org/resources/download/1288,queued,wsc-2005-helsinki,
WSC2005,TD,25,Joinery,,en,TD25_38FI_EN.pdf,0,,WSC2005/TD/25/en/TD25_38FI_EN.pdf,https://api.worldskills.org/resources/download/1289,queued,wsc-2005-helsinki,
WSC2005,TD,26,Carpentry,,en,TD26_38FI_EN.pdf,0,,WSC2005/TD/26/en/TD26_38FI_EN.pdf,https://api.worldskills.org/resources/download/1290,queued,wsc-2005-helsinki,
WSC2005,TD,27,Jewellery,,en,TD27_38FI_EN.pdf,0,,WSC2005/TD/27/en/TD27_38FI_EN.pdf,https://api.worldskills.org/resources/download/1291,queued,wsc-2005-helsinki,
WSC2005,TD,28,Floristry,,en,TD28_38FI_EN.pdf,0,,WSC2005/TD/28/en/TD28_38FI_EN.pdf,https://api.worldskills.org/resources/download/1292,queued,wsc-2005-helsinki,
WSC2005,TD,29,Ladies'/Men's Hairdressing,,en,TD29_38FI_EN.pdf,0,,WSC2005/TD/29/en/TD29_38FI_EN.pdf,https://api.worldskills.org/resources/download/1293,queued,wsc-2005-helsinki,
WSC2005,TD,30,Beauty Therapy,,en,TD30_38FI_EN.pdf,0,,WSC2005/TD/30/en/TD30_38FI_EN.pdf,https://api.worldskills.org/resources/download/1294,queued,wsc-2005-helsinki,
WSC2005,TD,31,Ladies Dressmaking,,en,TD31_38FI_EN.pdf,0,,WSC2005/TD/31/en/TD31_38FI_EN.pdf,https://api.worldskills.org/resources/download/1295,queued,wsc-2005-helsinki,
WSC2005,TD,32,Confectioner/Pastry Cook,,en,TD32_38FI_EN.pdf,0,,WSC2005/TD/32/en/TD32_38FI_EN.pdf,https://api.worldskills.org/resources/download/1296,queued,wsc-2005-helsinki,
WSC2005,TD,33,Automobile Technology,,en,TD33_38FI_EN.pdf,0,,WSC2005/TD/33/en/TD33_38FI_EN.pdf,https://api.worldskills.org/resources/download/1297,queued,wsc-2005-helsinki,
WSC2005,TD,34,Cooking,,en,TD34_38FI_EN.pdf,0,,WSC2005/TD/34/en/TD34_38FI_EN.pdf,https://api.worldskills.org/resources/download/1298,queued,wsc-2005-helsinki,
WSC2005,TD,35,Restaurant Service,,en,TD35_38FI_EN.pdf,0,,WSC2005/TD/35/en/TD35_38FI_EN.pdf,https://api.worldskills.org/resources/download/1299,queued,wsc-2005-helsinki,
WSC2005,TD,36,Car Painting,,en,TD36_38FI_EN.pdf,0,,WSC2005/TD/36/en/TD36_38FI_EN.pdf,https://api.worldskills.org/resources/download/1300,queued,wsc-2005-helsinki,
WSC2005,TD,37,Landscape Gardening,,en,TD37_38FI_EN.pdf,0,,WSC2005/TD/37/en/TD37_38FI_EN.pdf,https://api.worldskills.org/resources/download/1301,queued,wsc-2005-helsinki,
WSC2005,TD,38,Refrigeration,,en,TD38_38FI_EN.pdf,0,,WSC2005/TD/38/en/TD38_38FI_EN.pdf,https://api.worldskills.org/resources/download/1302,queued,wsc-2005-helsinki,
WSC2005,TD,39,IT PC/Network Support,,en,TD39_38FI_EN.pdf,0,,WSC2005/TD/39/en/TD39_38FI_EN.pdf,https://api.worldskills.org/resources/download/1303,queued,wsc-2005-helsinki,
WSC2005,TD,40,Graphic Design Technology,,en,TD40_38FI_EN.pdf,0,,WSC2005/TD/40/en/TD40_38FI_EN.pdf,https://api.worldskills.org/resources/download/1304,queued,wsc-2005-helsinki,
WSC2005,TD,42,,,en,TD42_38FI_EN.pdf,0,,WSC2005/TD/42/en/TD42_38FI_EN.pdf,https://api.worldskills.org/resources/download/1305,queued,wsc-2005-helsinki,
WSC2005,TD,43,Telecommunication Distribution Technology,,en,TD43_38FI_EN.pdf,0,,WSC2005/TD/43/en/TD43_38FI_EN.pdf,https://api.worldskills.org/resources/download/1306,queued,wsc-2005-helsinki,
WSC2005,TD,44,Printing,,en,TD44_38FI_EN.pdf,0,,WSC2005/TD/44/en/TD44_38FI_EN.pdf,https://api.worldskills.org/resources/download/1307,queued,wsc-2005-helsinki,
WSC2005,TD,45,,,en,TD45_38FI_EN.pdf,0,,WSC2005/TD/45/en/TD45_38FI_EN.pdf,https://api.worldskills.org/resources/download/1308,queued,wsc-2005-helsinki,
WSC2005,TD,46,Sheet-Construction Steelwork,,en,TD46_38FI_EN.pdf,0,,WSC2005/TD/46/en/TD46_38FI_EN.pdf,https://api.worldskills.org/resources/download/1309,queued,wsc-2005-helsinki,
WSC2005,TD,47,Tinsmith (Roofing),,en,TD47_38FI_EN.pdf,0,,WSC2005/TD/47/en/TD47_38FI_EN.pdf,https://api.worldskills.org/resources/download/1310,queued,wsc-2005-helsinki,
WSC2005,TD,48,Transport Technology,,en,TD48_38FI_EN.pdf,0,,WSC2005/TD/48/en/TD48_38FI_EN.pdf,https://api.worldskills.org/resources/download/1311,queued,wsc-2005-helsinki,
WSC2005,TD,xx,,,und,TDIL01_log_of_updates_TD_IL.pdf,0,,WSC2005/TD/xx/und/TDIL01_log_of_updates_TD_IL.pdf,https://api.worldskills.org/resources/download/1266,queued,wsc-2005-helsinki,
WSC2005,TD,xx,,,und,documents.json,0,,WSC2005/TD/xx/und/documents.json,https://api.worldskills.org/skillman/documents/events/5,forbidden,wsc-2005-helsinki,
WSC2005,TP,01,Polymechanics/Automation,actual,und,TP01_38FI_actual.zip,0,,WSC2005/TP/01/actual/und/TP01_38FI_actual.zip,https://api.worldskills.org/resources/download/2215,queued,wsc-2005-helsinki,
WSC2005,TP,01,Polymechanics/Automation,actual,und,TP01_38FI_construction_documents.zip,0,,WSC2005/TP/01/actual/und/TP01_38FI_construction_documents.zip,https://api.worldskills.org/resources/download/2216,queued,wsc-2005-helsinki,
WSC2005,TP,01,Polymechanics/Automation,actual,und,TP01_38FI_construction_documents_as_pdf.zip,0,,WSC2005/TP/01/actual/und/TP01_38FI_construction_documents_as_pdf.zip,https://api.worldskills.org/resources/download/2217,queued,wsc-2005-helsinki,
WSC2005,TP,01,Polymechanics/Automation,actual,und,TP01_38FI_forms_5_5A_6_actual.zip,0,,WSC2005/TP/01/actual/und/TP01_38FI_forms_5_5A_6_actual.zip,https://api.worldskills.org/resources/download/2218,queued,wsc-2005-helsinki,
WSC2005,TP,01,Polymechanics/Automation,pre,de,TP01_38FI_pre_DE_v1.zip,0,,WSC2005/TP/01/pre/de/TP01_38FI_pre_DE_v1.zip,https://api.worldskills.org/resources/download/2219,queued,wsc-2005-helsinki,
WSC2005,TP,01,Polymechanics/Automation,pre,en,TP01_38FI_pre_EN_v1.zip,0,,WSC2005/TP/01/pre/en/TP01_38FI_pre_EN_v1.zip,https://api.worldskills.org/resources/download/2220,queued,wsc-2005-helsinki,
WSC2005,TP,03,Manufacturing Team Challenge,actual,und,TP03_38FI_actual.zip,0,,WSC2005/TP/03/actual/und/TP03_38FI_actual.zip,https://api.worldskills.org/resources/download/2221,queued,wsc-2005-helsinki,
WSC2005,TP,03,Manufacturing Team Challenge,actual,und,TP03_38FI_forms_5_6_actual.zip,0,,WSC2005/TP/03/actual/und/TP03_38FI_forms_5_6_actual.zip,https://api.worldskills.org/resources/download/2222,queued,wsc-2005-helsinki,
WSC2005,TP,04,Mechatronics,actual,und,TP04_38FI_actual.zip,0,,WSC2005/TP/04/actual/und/TP04_38FI_actual.zip,https://api.worldskills.org/resources/download/2223,queued,wsc-2005-helsinki,
WSC2005,TP,04,Mechatronics,actual,und,TP04_38FI_forms_5_6_actual.zip,0,,WSC2005/TP/04/actual/und/TP04_38FI_forms_5_6_actual.zip,https://api.worldskills.org/resources/download/2224,queued,wsc-2005-helsinki,
WSC2005,TP,05,Mech. Eng. CADD,actual,und,TP05_38FI_actual.zip,0,,WSC2005/TP/05/actual/und/TP05_38FI_actual.zip,https://api.worldskills.org/resources/download/2225,queued,wsc-2005-helsinki,
WSC2005,TP,05,Mech. Eng. CADD,actual,und,TP05_38FI_forms_5_5A_6_actual.zip,0,,WSC2005/TP/05/actual/und/TP05_38FI_forms_5_5A_6_actual.zip,https://api.worldskills.org/resources/download/2226,queued,wsc-2005-helsinki,
WSC2005,TP,06,CNC Machining,actual,und,TP06_38FI_actual.zip,0,,WSC2005/TP/06/actual/und/TP06_38FI_actual.zip,https://api.worldskills.org/resources/download/2227,queued,wsc-2005-helsinki,
WSC2005,TP,06,CNC Machining,actual,und,TP06_38FI_forms_5_5A_6_actual.zip,0,,WSC2005/TP/06/actual/und/TP06_38FI_forms_5_5A_6_actual.zip,https://api.worldskills.org/resources/download/2228,queued,wsc-2005-helsinki,
WSC2005,TP,09,IT/Software Applications,actual,und,TP09_38FI_actual.zip,0,,WSC2005/TP/09/actual/und/TP09_38FI_actual.zip,https://api.worldskills.org/resources/download/2229,queued,wsc-2005-helsinki,
WSC2005,TP,09,IT/Software Applications,actual,und,TP09_38FI_forms_5_6_actual.zip,0,,WSC2005/TP/09/actual/und/TP09_38FI_forms_5_6_actual.zip,https://api.worldskills.org/resources/download/2230,queued,wsc-2005-helsinki,
WSC2005,TP,09,IT/Software Applications,pre,en,TP09_38FI_pre_EN.zip,0,,WSC2005/TP/09/pre/en/TP09_38FI_pre_EN.zip,https://api.worldskills.org/resources/download/2231,queued,wsc-2005-helsinki,
WSC2005,TP,10,Welding,actual,und,TP10_38FI_actual.zip,0,,WSC2005/TP/10/actual/und/TP10_38FI_actual.zip,https://api.worldskills.org/resources/download/2232,queued,wsc-2005-helsinki,
WSC2005,TP,10,Welding,actual,und,TP10_38FI_forms_5_6_actual.zip,0,,WSC2005/TP/10/actual/und/TP10_38FI_forms_5_6_actual.zip,https://api.worldskills.org/resources/download/2233,queued,wsc-2005-helsinki,
WSC2005,TP,10,Welding,pre,en,TP10_38FI_pre_EN_v3.zip,0,,WSC2005/TP/10/pre/en/TP10_38FI_pre_EN_v3.zip,https://api.worldskills.org/resources/download/2234,queued,wsc-2005-helsinki,
WSC2005,TP,10,Welding,actual,und,TP10_38FI_update_to_task4_stainless_steel.zip,0,,WSC2005/TP/10/actual/und/TP10_38FI_update_to_task4_stainless_steel.zip,https://api.worldskills.org/resources/download/2235,queued,wsc-2005-helsinki,
WSC2005,TP,12,Wall and Floor Tiling,actual,mul,TP12_38FI_JP_EN_DE_FR.zip,0,,WSC2005/TP/12/actual/mul/TP12_38FI_JP_EN_DE_FR.zip,https://api.worldskills.org/resources/download/2238,queued,wsc-2005-helsinki,
WSC2005,TP,12,Wall and Floor Tiling,actual,und,TP12_38FI_actual.zip,0,,WSC2005/TP/12/actual/und/TP12_38FI_actual.zip,https://api.worldskills.org/resources/download/2236,queued,wsc-2005-helsinki,
WSC2005,TP,12,Wall and Floor Tiling,actual,und,TP12_38FI_forms_5_5A_6_actual.zip,0,,WSC2005/TP/12/actual/und/TP12_38FI_forms_5_5A_6_actual.zip,https://api.worldskills.org/resources/download/2237,queued,wsc-2005-helsinki,
WSC2005,TP,13,Autobody Repair,actual,und,TP13_38FI_actual.zip,0,,WSC2005/TP/13/actual/und/TP13_38FI_actual.zip,https://api.worldskills.org/resources/download/2239,queued,wsc-2005-helsinki,
WSC2005,TP,13,Autobody Repair,actual,und,TP13_38FI_forms_5_5A_6_actual.zip,0,,WSC2005/TP/13/actual/und/TP13_38FI_forms_5_5A_6_actual.zip,https://api.worldskills.org/resources/download/2240,queued,wsc-2005-helsinki,
WSC2005,TP,13,Autobody Repair,pre,mul,TP13_38FI_pre_EN_DE_FR.zip,0,,WSC2005/TP/13/pre/mul/TP13_38FI_pre_EN_DE_FR.zip,https://api.worldskills.org/resources/download/2241,queued,wsc-2005-helsinki,
WSC2005,TP,15,Plumbing,pre,und,TP15_38FI_IE_pre.zip,0,,WSC2005/TP/15/pre/und/TP15_38FI_IE_pre.zip,https://api.worldskills.org/resources/download/2244,queued,wsc-2005-helsinki,
WSC2005,TP,15,Plumbing,actual,und,TP15_38FI_actual.zip,0,,WSC2005/TP/15/actual/und/TP15_38FI_actual.zip,https://api.worldskills.org/resources/download/2242,queued,wsc-2005-helsinki,
WSC2005,TP,15,Plumbing,actual,und,TP15_38FI_forms_5_6_actual.zip,0,,WSC2005/TP/15/actual/und/TP15_38FI_forms_5_6_actual.zip,https://api.worldskills.org/resources/download/2243,queued,wsc-2005-helsinki,
WSC2005,TP,16,Industrial Electronics,actual,und,TP16_38FI_actual.zip,0,,WSC2005/TP/16/actual/und/TP16_38FI_actual.zip,https://api.worldskills.org/resources/download/2245,queued,wsc-2005-helsinki,
WSC2005,TP,16,Industrial Electronics,actual,und,TP16_38FI_forms_5_6_actual.zip,0,,WSC2005/TP/16/actual/und/TP16_38FI_forms_5_6_actual.zip,https://api.worldskills.org/resources/download/2246,queued,wsc-2005-helsinki,
WSC2005,TP,17,Web Design,actual,und,TP17_38FI_actual.zip,0,,WSC2005/TP/17/actual/und/TP17_38FI_actual.zip,https://api.worldskills.org/resources/download/2247,queued,wsc-2005-helsinki,
WSC2005,TP,17,Web Design,actual,und,TP17_38FI_forms_5_5A_6_actual.zip,0,,WSC2005/TP/17/actual/und/TP17_38FI_forms_5_5A_6_actual.zip,https://api.worldskills.org/resources/download/2248,queued,wsc-2005-helsinki,
WSC2005,TP,18,Electrical Installations,actual,und,TP18_38FI_actual.zip,0,,WSC2005/TP/18/actual/und/TP18_38FI_actual.zip,https://api.worldskills.org/resources/download/2249,queued,wsc-2005-helsinki,
WSC2005,TP,18,Electrical Installations,actual,und,TP18_38FI_forms_5_6_actual.zip,0,,WSC2005/TP/18/actual/und/TP18_38FI_forms_5_6_actual.zip,https://api.worldskills.org/resources/download/2250,queued,wsc-2005-helsinki,
WSC2005,TP,18,Electrical Installations,actual,und,TP18_38FI_materials_ModuleB&C.zip,0,,WSC2005/TP/18/actual/und/TP18_38FI_materials_ModuleB&C.zip,https://api.worldskills.org/resources/download/2251,queued,wsc-2005-helsinki,
WSC2005,TP,18,Electrical Installations,pre,en,TP18_38FI_pre_EN.zip,0,,WSC2005/TP/18/pre/en/TP18_38FI_pre_EN.zip,https://api.worldskills.org/resources/download/2252,queued,wsc-2005-helsinki,
WSC2005,TP,19,Industrial Control,actual,und,TP19_38FI_actual.zip,0,,WSC2005/TP/19/actual/und/TP19_38FI_actual.zip,https://api.worldskills.org/resources/download/2253,queued,wsc-2005-helsinki,
WSC2005,TP,19,Industrial Control,actual,und,TP19_38FI_forms_5_6_actual.zip,0,,WSC2005/TP/19/actual/und/TP19_38FI_forms_5_6_actual.zip,https://api.worldskills.org/resources/download/2254,queued,wsc-2005-helsinki,
WSC2005,TP,19,Industrial Control,pre,en,TP19_38FI_pre_EN.pdf,0,,WSC2005/TP/19/pre/en/TP19_38FI_pre_EN.pdf,https://api.worldskills.org/resources/download/2255,queued,wsc-2005-helsinki,
WSC2005,TP,20,Bricklaying,actual,en,TP20_38FI_UK_EN.zip,0,,WSC2005/TP/20/actual/en/TP20_38FI_UK_EN.zip,https://api.worldskills.org/resources/download/2321,queued,wsc-2005-helsinki,
WSC2005,TP,20,Bricklaying,actual,und,TP20_38FI_actual.zip,0,,WSC2005/TP/20/actual/und/TP20_38FI_actual.zip,https://api.worldskills.org/resources/download/2256,queued,wsc-2005-helsinki,
WSC2005,TP,20,Bricklaying,actual,und,TP20_38FI_forms_5_5A_6_actual.zip,0,,WSC2005/TP/20/actual/und/TP20_38FI_forms_5_5A_6_actual.zip,https://api.worldskills.org/resources/download/2257,queued,wsc-2005-helsinki,
WSC2005,TP,21,Stonemasonry,pre,de,TP21_38FI_DE_pre_DE.pdf,0,,WSC2005/TP/21/pre/de/TP21_38FI_DE_pre_DE.pdf,https://api.worldskills.org/resources/download/2259,queued,wsc-2005-helsinki,
WSC2005,TP,21,Stonemasonry,actual,und,TP21_38FI_actual.zip,0,,WSC2005/TP/21/actual/und/TP21_38FI_actual.zip,https://api.worldskills.org/resources/download/2258,queued,wsc-2005-helsinki,
WSC2005,TP,21,Stonemasonry,actual,und,TP21_38FI_forms_5_5A_6_actual.zip,0,,WSC2005/TP/21/actual/und/TP21_38FI_forms_5_5A_6_actual.zip,https://api.worldskills.org/resources/download/2260,queued,wsc-2005-helsinki,
WSC2005,TP,22,Painting and Decorating,actual,mul,TP22_38FI_AT_EN_DE_FR.zip,0,,WSC2005/TP/22/actual/mul/TP22_38FI_AT_EN_DE_FR.zip,https://api.worldskills.org/resources/download/2262,queued,wsc-2005-helsinki,
WSC2005,TP,22,Painting and Decorating,actual,und,TP22_38FI_actual.zip,0,,WSC2005/TP/22/actual/und/TP22_38FI_actual.zip,https://api.worldskills.org/resources/download/2261,queued,wsc-2005-helsinki,
WSC2005,TP,22,Painting and Decorating,actual,und,TP22_38FI_forms_5_5A_6_actual.zip,0,,WSC2005/TP/22/actual/und/TP22_38FI_forms_5_5A_6_actual.zip,https://api.worldskills.org/resources/download/2263,queued,wsc-2005-helsinki,
WSC2005,TP,24,Cabinetmaking,actual,und,TP24_38FI_actual.zip,0,,WSC2005/TP/24/actual/und/TP24_38FI_actual.zip,https://api.worldskills.org/resources/download/2264,queued,wsc-2005-helsinki,
WSC2005,TP,24,Cabinetmaking,actual,und,TP24_38FI_forms_5_5A_6_actual.zip,0,,WSC2005/TP/24/actual/und/TP24_38FI_forms_5_5A_6_actual.zip,https://api.worldskills.org/resources/download/2265,queued,wsc-2005-helsinki,
WSC2005,TP,25,Joinery,actual,und,TP25_38FI_actual.zip,0,,WSC2005/TP/25/actual/und/TP25_38FI_actual.zip,https://api.worldskills.org/resources/download/2266,queued,wsc-2005-helsinki,
WSC2005,TP,25,Joinery,actual,und,TP25_38FI_forms_5_5A_6_actual.zip,0,,WSC2005/TP/25/actual/und/TP25_38FI_forms_5_5A_6_actual.zip,https://api.worldskills.org/resources/download/2267,queued,wsc-2005-helsinki,
WSC2005,TP,26,Carpentry,actual,und,TP26_38FI_actual.zip,0,,WSC2005/TP/26/actual/und/TP26_38FI_actual.zip,https://api.worldskills.org/resources/download/2268,queued,wsc-2005-helsinki,
WSC2005,TP,26,Carpentry,actual,und,TP26_38FI_forms_5_5A_6_actual.zip,0,,WSC2005/TP/26/actual/und/TP26_38FI_forms_5_5A_6_actual.zip,https://api.worldskills.org/resources/download/2269,queued,wsc-2005-helsinki,
WSC2005,TP,27,Jewellery,actual,und,TP27_38FI_actual.zip,0,,WSC2005/TP/27/actual/und/TP27_38FI_actual.zip,https://api.worldskills.org/resources/download/2270,queued,wsc-2005-helsinki,
WSC2005,TP,27,Jewellery,actual,und,TP27_38FI_forms_5_5A_6_actual.zip,0,,WSC2005/TP/27/actual/und/TP27_38FI_forms_5_5A_6_actual.zip,https://api.worldskills.org/resources/download/2271,queued,wsc-2005-helsinki,
WSC2005,TP,28,Floristry,actual,und,TP28_38FI_actual.zip,0,,WSC2005/TP/28/actual/und/TP28_38FI_actual.zip,https://api.worldskills.org/resources/download/2272,queued,wsc-2005-helsinki,
WSC2005,TP,28,Floristry,actual,und,TP28_38FI_forms_5A_6_actual.zip,0,,WSC2005/TP/28/actual/und/TP28_38FI_forms_5A_6_actual.zip,https://api.worldskills.org/resources/download/2273,queued,wsc-2005-helsinki,
WSC2005,TP,29,Ladies'/Men's Hairdressing,actual,mul,TP29_38FI_EN_FR_DE_v2.zip,0,,WSC2005/TP/29/actual/mul/TP29_38FI_EN_FR_DE_v2.zip,https://api.worldskills.org/resources/download/2275,queued,wsc-2005-helsinki,
WSC2005,TP,29,Ladies'/Men's Hairdressing,actual,und,TP29_38FI_actual.zip,0,,WSC2005/TP/29/actual/und/TP29_38FI_actual.zip,https://api.worldskills.org/resources/download/2274,queued,wsc-2005-helsinki,
WSC2005,TP,29,Ladies'/Men's Hairdressing,actual,und,TP29_38FI_forms_5_5A_6_actual.zip,0,,WSC2005/TP/29/actual/und/TP29_38FI_forms_5_5A_6_actual.zip,https://api.worldskills.org/resources/download/2276,queued,wsc-2005-helsinki,
WSC2005,TP,30,Beauty Therapy,actual,und,TP30_38FI_actual.zip,0,,WSC2005/TP/30/actual/und/TP30_38FI_actual.zip,https://api.worldskills.org/resources/download/2277,queued,wsc-2005-helsinki,
WSC2005,TP,30,Beauty Therapy,actual,und,TP30_38FI_forms_5A_6_actual.zip,0,,WSC2005/TP/30/actual/und/TP30_38FI_forms_5A_6_actual.zip,https://api.worldskills.org/resources/download/2278,queued,wsc-2005-helsinki,
WSC2005,TP,30,Beauty Therapy,pre,mul,TP30_38FI_pre_EN_DE_FR.zip,0,,WSC2005/TP/30/pre/mul/TP30_38FI_pre_EN_DE_FR.zip,https://api.worldskills.org/resources/download/2279,queued,wsc-2005-helsinki,
WSC2005,TP,31,Ladies Dressmaking,actual,mul,TP31_38FI_FR_EN_DE_FR.zip,0,,WSC2005/TP/31/actual/mul/TP31_38FI_FR_EN_DE_FR.zip,https://api.worldskills.org/resources/download/2282,queued,wsc-2005-helsinki,
WSC2005,TP,31,Ladies Dressmaking,actual,und,TP31_38FI_actual.zip,0,,WSC2005/TP/31/actual/und/TP31_38FI_actual.zip,https://api.worldskills.org/resources/download/2280,queued,wsc-2005-helsinki,
WSC2005,TP,31,Ladies Dressmaking,actual,und,TP31_38FI_forms_5_5A_6_actual.zip,0,,WSC2005/TP/31/actual/und/TP31_38FI_forms_5_5A_6_actual.zip,https://api.worldskills.org/resources/download/2281,queued,wsc-2005-helsinki,
WSC2005,TP,32,Confectioner/Pastry Cook,actual,und,TP32_38FI_actual.zip,0,,WSC2005/TP/32/actual/und/TP32_38FI_actual.zip,https://api.worldskills.org/resources/download/2283,queued,wsc-2005-helsinki,
WSC2005,TP,32,Confectioner/Pastry Cook,actual,und,TP32_38FI_forms_5A_6_actual.zip,0,,WSC2005/TP/32/actual/und/TP32_38FI_forms_5A_6_actual.zip,https://api.worldskills.org/resources/download/2284,queued,wsc-2005-helsinki,
WSC2005,TP,32,Confectioner/Pastry Cook,pre,mul,TP32_38FI_pre_DE_EN.zip,0,,WSC2005/TP/32/pre/mul/TP32_38FI_pre_DE_EN.zip,https://api.worldskills.org/resources/download/2285,queued,wsc-2005-helsinki,
WSC2005,TP,33,Automobile Technology,actual,und,TP33_38FI_actual.zip,0,,WSC2005/TP/33/actual/und/TP33_38FI_actual.zip,https://api.worldskills.org/resources/download/2286,queued,wsc-2005-helsinki,
WSC2005,TP,33,Automobile Technology,actual,und,TP33_38FI_forms_5_6_actual.zip,0,,WSC2005/TP/33/actual/und/TP33_38FI_forms_5_6_actual.zip,https://api.worldskills.org/resources/download/2287,queued,wsc-2005-helsinki,
WSC2005,TP,34,Cooking,actual,und,TP34_38FI_actual.zip,0,,WSC2005/TP/34/actual/und/TP34_38FI_actual.zip,https://api.worldskills.org/resources/download/2288,queued,wsc-2005-helsinki,
WSC2005,TP,34,Cooking,actual,und,TP34_38FI_forms_5_5A_6_actual.zip,0,,WSC2005/TP/34/actual/und/TP34_38FI_forms_5_5A_6_actual.zip,https://api.worldskills.org/resources/download/2289,queued,wsc-2005-helsinki,
WSC2005,TP,34,Cooking,actual,mul,TP34_38FI_v2_EN_DE_FR.pdf,0,,WSC2005/TP/34/actual/mul/TP34_38FI_v2_EN_DE_FR.pdf,https://api.worldskills.org/resources/download/2290,queued,wsc-2005-helsinki,
WSC2005,TP,35,Restaurant Service,actual,und,TP35_38FI_actual.zip,0,,WSC2005/TP/35/actual/und/TP35_38FI_actual.zip,https://api.worldskills.org/resources/download/2291,queued,wsc-2005-helsinki,
WSC2005,TP,35,Restaurant Service,actual,und,TP35_38FI_forms_5A_6_actual.zip,0,,WSC2005/TP/35/actual/und/TP35_38FI_forms_5A_6_actual.zip,https://api.worldskills.org/resources/download/2292,queued,wsc-2005-helsinki,
WSC2005,TP,35,Restaurant Service,pre,en,TP35_38FI_pre_EN.pdf,0,,WSC2005/TP/35/pre/en/TP35_38FI_pre_EN.pdf,https://api.worldskills.org/resources/download/2293,queued,wsc-2005-helsinki,
WSC2005,TP,36,Car Painting,actual,und,TP36_38FI_actual.zip,0,,WSC2005/TP/36/actual/und/TP36_38FI_actual.zip,https://api.worldskills.org/resources/download/2294,queued,wsc-2005-helsinki,
WSC2005,TP,36,Car Painting,actual,und,TP36_38FI_forms_5_5A_6_actual.zip,0,,WSC2005/TP/36/actual/und/TP36_38FI_forms_5_5A_6_actual.zip,https://api.worldskills.org/resources/download/2295,queued,wsc-2005-helsinki,
WSC2005,TP,37,Landscape Gardening,actual,mul,TP37_38FI_FI_DE.zip,0,,WSC2005/TP/37/actual/mul/TP37_38FI_FI_DE.zip,https://api.worldskills.org/resources/download/2296,queued,wsc-2005-helsinki,
WSC2005,TP,37,Landscape Gardening,actual,mul,TP37_38FI_FI_EN.zip,0,,WSC2005/TP/37/actual/mul/TP37_38FI_FI_EN.zip,https://api.worldskills.org/resources/download/2297,queued,wsc-2005-helsinki,
WSC2005,TP,37,Landscape Gardening,actual,mul,TP37_38FI_FI_FR.zip,0,,WSC2005/TP/37/actual/mul/TP37_38FI_FI_FR.zip,https://api.worldskills.org/resources/download/2298,queued,wsc-2005-helsinki,
WSC2005,TP,37,Landscape Gardening,actual,und,TP37_38FI_actual.zip,0,,WSC2005/TP/37/actual/und/TP37_38FI_actual.zip,https://api.worldskills.org/resources/download/2322,queued,wsc-2005-helsinki,
WSC2005,TP,37,Landscape Gardening,actual,und,TP37_38FI_forms_5_5A_6_actual.zip,0,,WSC2005/TP/37/actual/und/TP37_38FI_forms_5_5A_6_actual.zip,https://api.worldskills.org/resources/download/2299,queued,wsc-2005-helsinki,
WSC2005,TP,38,Refrigeration,actual,und,TP38_38FI_actual.zip,0,,WSC2005/TP/38/actual/und/TP38_38FI_actual.zip,https://api.worldskills.org/resources/download/2300,queued,wsc-2005-helsinki,
WSC2005,TP,38,Refrigeration,actual,und,TP38_38FI_forms_5_6_actual.zip,0,,WSC2005/TP/38/actual/und/TP38_38FI_forms_5_6_actual.zip,https://api.worldskills.org/resources/download/2301,queued,wsc-2005-helsinki,
WSC2005,TP,38,Refrigeration,pre,en,TP38_38FI_pre_EN.zip,0,,WSC2005/TP/38/pre/en/TP38_38FI_pre_EN.zip,https://api.worldskills.org/resources/download/2302,queued,wsc-2005-helsinki,
WSC2005,TP,39,IT PC/Network Support,actual,und,TP39_38FI_actual.zip,0,,WSC2005/TP/39/actual/und/TP39_38FI_actual.zip,https://api.worldskills.org/resources/download/2303,queued,wsc-2005-helsinki,
WSC2005,TP,39,IT PC/Network Support,actual,und,TP39_38FI_forms_5_6_actual.zip,0,,WSC2005/TP/39/actual/und/TP39_38FI_forms_5_6_actual.zip,https://api.worldskills.org/resources/download/2304,queued,wsc-2005-helsinki,
WSC2005,TP,40,Graphic Design Technology,actual,und,TP40_38FI_actual.zip,0,,WSC2005/TP/40/actual/und/TP40_38FI_actual.zip,https://api.worldskills.org/resources/download/2305,queued,wsc-2005-helsinki,
WSC2005,TP,40,Graphic Design Technology,actual,und,TP40_38FI_forms_5_5A_6_actual.zip,0,,WSC2005/TP/40/actual/und/TP40_38FI_forms_5_5A_6_actual.zip,https://api.worldskills.org/resources/download/2306,queued,wsc-2005-helsinki,
WSC2005,TP,40,Graphic Design Technology,actual,und,TP40_38FI_images_actual.zip,0,,WSC2005/TP/40/actual/und/TP40_38FI_images_actual.zip,https://api.worldskills.org/resources/download/2307,queued,wsc-2005-helsinki,
WSC2005,TP,43,Telecommunication Distribution Technology,actual,und,TP43_38FI_actual.zip,0,,WSC2005/TP/43/actual/und/TP43_38FI_actual.zip,https://api.worldskills.org/resources/download/2308,queued,wsc-2005-helsinki,
WSC2005,TP,43,Telecommunication Distribution Technology,actual,und,TP43_38FI_forms_5_5A_6_actual.zip,0,,WSC2005/TP/43/actual/und/TP43_38FI_forms_5_5A_6_actual.zip,https://api.worldskills.org/resources/download/2309,queued,wsc-2005-helsinki,
WSC2005,TP,44,Printing,actual,en,TP44_38FI_EN.pdf,0,,WSC2005/TP/44/actual/en/TP44_38FI_EN.pdf,https://api.worldskills.org/resources/download/2310,queued,wsc-2005-helsinki,
WSC2005,TP,44,Printing,actual,und,TP44_38FI_FINAL.zip,0,,WSC2005/TP/44/actual/und/TP44_38FI_FINAL.zip,https://api.worldskills.org/resources/download/2311,queued,wsc-2005-helsinki,
WSC2005,TP,44,Printing,actual,und,TP44_38FI_forms_5_5A_6_actual.zip,0,,WSC2005/TP/44/actual/und/TP44_38FI_forms_5_5A_6_actual.zip,https://api.worldskills.org/resources/download/2312,queued,wsc-2005-helsinki,
WSC2005,TP,46,Sheet-Construction Steelwork,actual,mul,TP46_38FI_NL_EN.zip,0,,WSC2005/TP/46/actual/mul/TP46_38FI_NL_EN.zip,https://api.worldskills.org/resources/download/2315,queued,wsc-2005-helsinki,
WSC2005,TP,46,Sheet-Construction Steelwork,actual,und,TP46_38FI_actual.zip,0,,WSC2005/TP/46/actual/und/TP46_38FI_actual.zip,https://api.worldskills.org/resources/download/2313,queued,wsc-2005-helsinki,
WSC2005,TP,46,Sheet-Construction Steelwork,actual,und,TP46_38FI_forms_5_5A_6_actual.zip,0,,WSC2005/TP/46/actual/und/TP46_38FI_forms_5_5A_6_actual.zip,https://api.worldskills.org/resources/download/2314,queued,wsc-2005-helsinki,
WSC2005,TP,47,Tinsmith (Roofing),actual,en,TP47_38FI_SE_EN.pdf,0,,WSC2005/TP/47/actual/en/TP47_38FI_SE_EN.pdf,https://api.worldskills.org/resources/download/2318,queued,wsc-2005-helsinki,
WSC2005,TP,47,Tinsmith (Roofing),actual,und,TP47_38FI_actual.zip,0,,WSC2005/TP/47/actual/und/TP47_38FI_actual.zip,https://api.worldskills.org/resources/download/2316,queued,wsc-2005-helsinki,
WSC2005,TP,47,Tinsmith (Roofing),actual,und,TP47_38FI_forms_5_5A_6_actual.zip,0,,WSC2005/TP/47/actual/und/TP47_38FI_forms_5_5A_6_actual.zip,https://api.worldskills.org/resources/download/2317,queued,wsc-2005-helsinki,
WSC2005,TP,48,Transport Technology,actual,und,TP48_38FI_actual.zip,0,,WSC2005/TP/48/actual/und/TP48_38FI_actual.zip,https://api.worldskills.org/resources/download/2319,queued,wsc-2005-helsinki,
WSC2005,TP,48,Transport Technology,actual,und,TP48_38FI_forms_5_5A_6_actual.zip,0,,WSC2005/TP/48/actual/und/TP48_38FI_forms_5_5A_6_actual.zip,https://api.worldskills.org/resources/download/2320,queued,wsc-2005-helsinki,
WSC2005,TP,xx,,actual,und,TP2005 Test Projects 2005 270704,0,,WSC2005/TP/xx/actual/und/TP2005 Test Projects 2005 270704,https://api.worldskills.org/resources/download/2332,queued,wsc-2005-helsinki,
WSC2005,TP,xx,,actual,und,TP2005 Test Projects 2005 FINAL2,0,,WSC2005/TP/xx/actual/und/TP2005 Test Projects 2005 FINAL2,https://api.worldskills.org/resources/download/2333,queued,wsc-2005-helsinki,
WSC2005,TP,xx,,actual,und,TPXX 38FI AA EN,0,,WSC2005/TP/xx/actual/und/TPXX 38FI AA EN,https://api.worldskills.org/resources/download/2330,queued,wsc-2005-helsinki,
WSC2005,TP,xx,,actual,und,TPXX 38FI AA FR,0,,WSC2005/TP/xx/actual/und/TPXX 38FI AA FR,https://api.worldskills.org/resources/download/2331,queued,wsc-2005-helsinki,
WSC2005,TP,xx,,actual,und,TPXX_38FI.pdf,0,,WSC2005/TP/xx/actual/und/TPXX_38FI.pdf,https://api.worldskills.org/resources/download/2323,queued,wsc-2005-helsinki,
WSC2005,TP,xx,,actual,en,TPXX_38FI_AA_BB_EN_A1.dwg,0,,WSC2005/TP/xx/actual/en/TPXX_38FI_AA_BB_EN_A1.dwg,https://api.worldskills.org/resources/download/2324,queued,wsc-2005-helsinki,
WSC2005,TP,xx,,actual,en,TPXX_38FI_AA_BB_EN_A2.dwg,0,,WSC2005/TP/xx/actual/en/TPXX_38FI_AA_BB_EN_A2.dwg,https://api.worldskills.org/resources/download/2325,queued,wsc-2005-helsinki,
WSC2005,TP,xx,,actual,en,TPXX_38FI_AA_BB_EN_A3.dwg,0,,WSC2005/TP/xx/actual/en/TPXX_38FI_AA_BB_EN_A3.dwg,https://api.worldskills.org/resources/download/2326,queued,wsc-2005-helsinki,
WSC2005,TP,xx,,actual,en,TPXX_38FI_AA_BB_EN_A4.dwg,0,,WSC2005/TP/xx/actual/en/TPXX_38FI_AA_BB_EN_A4.dwg,https://api.worldskills.org/resources/download/2327,queued,wsc-2005-helsinki,
WSC2005,TP,xx,,actual,en,TPXX_38FI_AA_BB_EN_A4.pdf,0,,WSC2005/TP/xx/actual/en/TPXX_38FI_AA_BB_EN_A4.pdf,https://api.worldskills.org/resources/download/2328,queued,wsc-2005-helsinki,
WSC2005,TP,xx,,actual,de,TPXX_38FI_AA_DE.doc,0,,WSC2005/TP/xx/actual/de/TPXX_38FI_AA_DE.doc,https://api.worldskills.org/resources/download/2329,queued,wsc-2005-helsinki,
WSC2007,DOC,01,Polymechanics/Automation,,und,IL01 39JP OC,0,,WSC2007/DOC/01/und/IL01 39JP OC,https://api.worldskills.org/resources/download/1590,queued,wsc-2007-shizuoka,
WSC2007,DOC,01,Polymechanics/Automation,,und,WSC2007 Skill01 Results,0,,WSC2007/DOC/01/und/WSC2007 Skill01 Results,https://api.worldskills.org/resources/download/2554,queued,wsc-2007-shizuoka,
WSC2007,DOC,02,Telecommunication Distribution Technology,,und,IL02 39JP OC,0,,WSC2007/DOC/02/und/IL02 39JP OC,https://api.worldskills.org/resources/download/1586,queued,wsc-2007-shizuoka,
WSC2007,DOC,02,Telecommunication Distribution Technology,,und,WSC2007 Skill02 Results,0,,WSC2007/DOC/02/und/WSC2007 Skill02 Results,https://api.worldskills.org/resources/download/2555,queued,wsc-2007-shizuoka,
WSC2007,DOC,03,Manufacturing Team Challenge,,und,IL03 39JP OC,0,,WSC2007/DOC/03/und/IL03 39JP OC,https://api.worldskills.org/resources/download/1589,queued,wsc-2007-shizuoka,
WSC2007,DOC,03,Manufacturing Team Challenge,,und,WSC2007 Skill03 Results,0,,WSC2007/DOC/03/und/WSC2007 Skill03 Results,https://api.worldskills.org/resources/download/2556,queued,wsc-2007-shizuoka,
WSC2007,DOC,04,Mechatronics,,und,IL04 39JP OC,0,,WSC2007/DOC/04/und/IL04 39JP OC,https://api.worldskills.org/resources/download/1588,queued,wsc-2007-shizuoka,
WSC2007,DOC,04,Mechatronics,,und,WSC2007 Skill04 Results,0,,WSC2007/DOC/04/und/WSC2007 Skill04 Results,https://api.worldskills.org/resources/download/2557,queued,wsc-2007-shizuoka,
WSC2007,DOC,05,Mech. Eng. CADD,,und,IL05 39JP OC,0,,WSC2007/DOC/05/und/IL05 39JP OC,https://api.worldskills.org/resources/download/1587,queued,wsc-2007-shizuoka,
WSC2007,DOC,05,Mech. Eng. CADD,,und,WSC2007 Skill05 Results,0,,WSC2007/DOC/05/und/WSC2007 Skill05 Results,https://api.worldskills.org/resources/download/2558,queued,wsc-2007-shizuoka,
WSC2007,DOC,06,CNC Turning,,und,IL06 39JP OC,0,,WSC2007/DOC/06/und/IL06 39JP OC,https://api.worldskills.org/resources/download/1585,queued,wsc-2007-shizuoka,
WSC2007,DOC,06,CNC Turning,,und,WSC2007 Skill06 Results,0,,WSC2007/DOC/06/und/WSC2007 Skill06 Results,https://api.worldskills.org/resources/download/2559,queued,wsc-2007-shizuoka,
WSC2007,DOC,07,CNC Milling,,und,IL07 39JP OC,0,,WSC2007/DOC/07/und/IL07 39JP OC,https://api.worldskills.org/resources/download/1584,queued,wsc-2007-shizuoka,
WSC2007,DOC,07,CNC Milling,,und,WSC2007 Skill07 Results,0,,WSC2007/DOC/07/und/WSC2007 Skill07 Results,https://api.worldskills.org/resources/download/2560,queued,wsc-2007-shizuoka,
WSC2007,DOC,09,IT/Software Applications,,und,IL09 39JP OC,0,,WSC2007/DOC/09/und/IL09 39JP OC,https://api.worldskills.org/resources/download/1583,queued,wsc-2007-shizuoka,
WSC2007,DOC,09,IT/Software Applications,,und,WSC2007 Skill09 Results,0,,WSC2007/DOC/09/und/WSC2007 Skill09 Results,https://api.worldskills.org/resources/download/2561,queued,wsc-2007-shizuoka,
WSC2007,DOC,10,Welding,,und,IL10 39JP OC,0,,WSC2007/DOC/10/und/IL10 39JP OC,https://api.worldskills.org/resources/download/1582,queued,wsc-2007-shizuoka,
WSC2007,DOC,10,Welding,,und,WSC2007 Skill10 Results,0,,WSC2007/DOC/10/und/WSC2007 Skill10 Results,https://api.worldskills.org/resources/download/2562,queued,wsc-2007-shizuoka,
WSC2007,DOC,11,Printing,,und,IL11 39JP OC,0,,WSC2007/DOC/11/und/IL11 39JP OC,https://api.worldskills.org/resources/download/1581,queued,wsc-2007-shizuoka,
WSC2007,DOC,11,Printing,,und,WSC2007 Skill11 Results,0,,WSC2007/DOC/11/und/WSC2007 Skill11 Results,https://api.worldskills.org/resources/download/2563,queued,wsc-2007-shizuoka,
WSC2007,DOC,12,Wall and Floor Tiling,,und,IL12 39JP OC,0,,WSC2007/DOC/12/und/IL12 39JP OC,https://api.worldskills.org/resources/download/1580,queued,wsc-2007-shizuoka,
WSC2007,DOC,12,Wall and Floor Tiling,,und,WSC2007 Skill12 Results,0,,WSC2007/DOC/12/und/WSC2007 Skill12 Results,https://api.worldskills.org/resources/download/2564,queued,wsc-2007-shizuoka,
WSC2007,DOC,13,Autobody Repair,,und,IL13 39JP OC,0,,WSC2007/DOC/13/und/IL13 39JP OC,https://api.worldskills.org/resources/download/1579,queued,wsc-2007-shizuoka,
WSC2007,DOC,13,Autobody Repair,,und,WSC2007 Skill13 Results,0,,WSC2007/DOC/13/und/WSC2007 Skill13 Results,https://api.worldskills.org/resources/download/2565,queued,wsc-2007-shizuoka,
WSC2007,DOC,14,Metal Roofing,,und,IL14 39JP OC,0,,WSC2007/DOC/14/und/IL14 39JP OC,https://api.worldskills.org/resources/download/1594,queued,wsc-2007-shizuoka,
WSC2007,DOC,14,Metal Roofing,,und,WSC2007 Skill14 Results,0,,WSC2007/DOC/14/und/WSC2007 Skill14 Results,https://api.worldskills.org/resources/download/2566,queued,wsc-2007-shizuoka,
WSC2007,DOC,15,Plumbing,,und,IL15 39JP OC,0,,WSC2007/DOC/15/und/IL15 39JP OC,https://api.worldskills.org/resources/download/1578,queued,wsc-2007-shizuoka,
WSC2007,DOC,15,Plumbing,,und,WSC2007 Skill15 Results,0,,WSC2007/DOC/15/und/WSC2007 Skill15 Results,https://api.worldskills.org/resources/download/2567,queued,wsc-2007-shizuoka,
WSC2007,DOC,16,Industrial Electronics,,und,IL16 39JP OC,0,,WSC2007/DOC/16/und/IL16 39JP OC,https://api.worldskills.org/resources/download/1593,queued,wsc-2007-shizuoka,
WSC2007,DOC,16,Industrial Electronics,,und,WSC2007 Skill16 Results,0,,WSC2007/DOC/16/und/WSC2007 Skill16 Results,https://api.worldskills.org/resources/download/2568,queued,wsc-2007-shizuoka,
WSC2007,DOC,17,Web Design,,und,IL17 39JP OC,0,,WSC2007/DOC/17/und/IL17 39JP OC,https://api.worldskills.org/resources/download/1577,queued,wsc-2007-shizuoka,
WSC2007,DOC,17,Web Design,,und,WSC2007 Skill17 Results,0,,WSC2007/DOC/17/und/WSC2007 Skill17 Results,https://api.worldskills.org/resources/download/2569,queued,wsc-2007-shizuoka,
WSC2007,DOC,18,Electrical Installations,,und,IL18 39JP OC,0,,WSC2007/DOC/18/und/IL18 39JP OC,https://api.worldskills.org/resources/download/1576,queued,wsc-2007-shizuoka,
WSC2007,DOC,18,Electrical Installations,,und,WSC2007 Skill18 Results,0,,WSC2007/DOC/18/und/WSC2007 Skill18 Results,https://api.worldskills.org/resources/download/2570,queued,wsc-2007-shizuoka,
WSC2007,DOC,19,Industrial Control,,und,IL19 39JP OC,0,,WSC2007/DOC/19/und/IL19 39JP OC,https://api.worldskills.org/resources/download/1575,queued,wsc-2007-shizuoka,
WSC2007,DOC,19,Industrial Control,,und,WSC2007 Skill19 Results,0,,WSC2007/DOC/19/und/WSC2007 Skill19 Results,https://api.worldskills.org/resources/download/2571,queued,wsc-2007-shizuoka,
WSC2007,DOC,20,Bricklaying,,und,IL20 39JP OC,0,,WSC2007/DOC/20/und/IL20 39JP OC,https://api.worldskills.org/resources/download/1574,queued,wsc-2007-shizuoka,
WSC2007,DOC,20,Bricklaying,,und,WSC2007 Skill20 Results,0,,WSC2007/DOC/20/und/WSC2007 Skill20 Results,https://api.worldskills.org/resources/download/2572,queued,wsc-2007-shizuoka,
WSC2007,DOC,21,Stonemasonry,,und,IL21 39JP OC,0,,WSC2007/DOC/21/und/IL21 39JP OC,https://api.worldskills.org/resources/download/1573,queued,wsc-2007-shizuoka,
WSC2007,DOC,21,Stonemasonry,,und,WSC2007 Skill21 Results,0,,WSC2007/DOC/21/und/WSC2007 Skill21 Results,https://api.worldskills.org/resources/download/2573,queued,wsc-2007-shizuoka,
WSC2007,DOC,22,Painting and Decorating,,und,IL22 39JP OC,0,,WSC2007/DOC/22/und/IL22 39JP OC,https://api.worldskills.org/resources/download/1572,queued,wsc-2007-shizuoka,
WSC2007,DOC,22,Painting and Decorating,,und,WSC2007 Skill22 Results,0,,WSC2007/DOC/22/und/WSC2007 Skill22 Results,https://api.worldskills.org/resources/download/2574,queued,wsc-2007-shizuoka,
WSC2007,DOC,24,Cabinetmaking,,und,IL24 39JP OC,0,,WSC2007/DOC/24/und/IL24 39JP OC,https://api.worldskills.org/resources/download/1571,queued,wsc-2007-shizuoka,
WSC2007,DOC,24,Cabinetmaking,,und,WSC2007 Skill24 Results,0,,WSC2007/DOC/24/und/WSC2007 Skill24 Results,https://api.worldskills.org/resources/download/2575,queued,wsc-2007-shizuoka,
WSC2007,DOC,25,Joinery,,und,IL25 39JP OC,0,,WSC2007/DOC/25/und/IL25 39JP OC,https://api.worldskills.org/resources/download/1570,queued,wsc-2007-shizuoka,
WSC2007,DOC,25,Joinery,,und,WSC2007 Skill25 Results,0,,WSC2007/DOC/25/und/WSC2007 Skill25 Results,https://api.worldskills.org/resources/download/2576,queued,wsc-2007-shizuoka,
WSC2007,DOC,26,Carpentry,,und,IL26 39JP OC,0,,WSC2007/DOC/26/und/IL26 39JP OC,https://api.worldskills.org/resources/download/1569,queued,wsc-2007-shizuoka,
WSC2007,DOC,26,Carpentry,,und,WSC2007 Skill26 Results,0,,WSC2007/DOC/26/und/WSC2007 Skill26 Results,https://api.worldskills.org/resources/download/2577,queued,wsc-2007-shizuoka,
WSC2007,DOC,27,Jewellery,,und,IL27 39JP OC,0,,WSC2007/DOC/27/und/IL27 39JP OC,https://api.worldskills.org/resources/download/1568,queued,wsc-2007-shizuoka,
WSC2007,DOC,27,Jewellery,,und,WSC2007 Skill27 Results,0,,WSC2007/DOC/27/und/WSC2007 Skill27 Results,https://api.worldskills.org/resources/download/2578,queued,wsc-2007-shizuoka,
WSC2007,DOC,28,Floristry,,und,IL28 39JP OC,0,,WSC2007/DOC/28/und/IL28 39JP OC,https://api.worldskills.org/resources/download/1567,queued,wsc-2007-shizuoka,
WSC2007,DOC,28,Floristry,,und,WSC2007 Skill28 Results,0,,WSC2007/DOC/28/und/WSC2007 Skill28 Results,https://api.worldskills.org/resources/download/2579,queued,wsc-2007-shizuoka,
WSC2007,DOC,29,Ladies'/Men's Hairdressing,,und,IL29 39JP OC,0,,WSC2007/DOC/29/und/IL29 39JP OC,https://api.worldskills.org/resources/download/1566,queued,wsc-2007-shizuoka,
WSC2007,DOC,29,Ladies'/Men's Hairdressing,,und,WSC2007 Skill29 Results,0,,WSC2007/DOC/29/und/WSC2007 Skill29 Results,https://api.worldskills.org/resources/download/2580,queued,wsc-2007-shizuoka,
WSC2007,DOC,30,Beauty Therapy,,und,IL30 39JP OC,0,,WSC2007/DOC/30/und/IL30 39JP OC,https://api.worldskills.org/resources/download/1565,queued,wsc-2007-shizuoka,
WSC2007,DOC,30,Beauty Therapy,,und,WSC2007 Skill30 Results,0,,WSC2007/DOC/30/und/WSC2007 Skill30 Results,https://api.worldskills.org/resources/download/2581,queued,wsc-2007-shizuoka,
WSC2007,DOC,31,Ladies Dressmaking,,und,IL31 39JP OC,0,,WSC2007/DOC/31/und/IL31 39JP OC,https://api.worldskills.org/resources/download/1564,queued,wsc-2007-shizuoka,
WSC2007,DOC,31,Ladies Dressmaking,,und,WSC2007 Skill31 Results,0,,WSC2007/DOC/31/und/WSC2007 Skill31 Results,https://api.worldskills.org/resources/download/2582,queued,wsc-2007-shizuoka,
WSC2007,DOC,32,Confectioner/Pastry Cook,,und,IL32 39JP OC,0,,WSC2007/DOC/32/und/IL32 39JP OC,https://api.worldskills.org/resources/download/1563,queued,wsc-2007-shizuoka,
WSC2007,DOC,32,Confectioner/Pastry Cook,,und,WSC2007 Skill32 Results,0,,WSC2007/DOC/32/und/WSC2007 Skill32 Results,https://api.worldskills.org/resources/download/2583,queued,wsc-2007-shizuoka,
WSC2007,DOC,33,Automobile Technology,,und,IL33 39JP OC,0,,WSC2007/DOC/33/und/IL33 39JP OC,https://api.worldskills.org/resources/download/1562,queued,wsc-2007-shizuoka,
WSC2007,DOC,33,Automobile Technology,,und,WSC2007 Skill33 Results,0,,WSC2007/DOC/33/und/WSC2007 Skill33 Results,https://api.worldskills.org/resources/download/2584,queued,wsc-2007-shizuoka,
WSC2007,DOC,34,Cooking,,und,IL34 39JP OC,0,,WSC2007/DOC/34/und/IL34 39JP OC,https://api.worldskills.org/resources/download/1561,queued,wsc-2007-shizuoka,
WSC2007,DOC,34,Cooking,,und,WSC2007 Skill34 Results,0,,WSC2007/DOC/34/und/WSC2007 Skill34 Results,https://api.worldskills.org/resources/download/2585,queued,wsc-2007-shizuoka,
WSC2007,DOC,35,Restaurant Service,,und,IL35 39JP OC,0,,WSC2007/DOC/35/und/IL35 39JP OC,https://api.worldskills.org/resources/download/1560,queued,wsc-2007-shizuoka,
WSC2007,DOC,35,Restaurant Service,,und,WSC2007 Skill35 Results,0,,WSC2007/DOC/35/und/WSC2007 Skill35 Results,https://api.worldskills.org/resources/download/2586,queued,wsc-2007-shizuoka,
WSC2007,DOC,36,Car Painting,,und,IL36 39JP OC,0,,WSC2007/DOC/36/und/IL36 39JP OC,https://api.worldskills.org/resources/download/1559,queued,wsc-2007-shizuoka,
WSC2007,DOC,36,Car Painting,,und,WSC2007 Skill36 Results,0,,WSC2007/DOC/36/und/WSC2007 Skill36 Results,https://api.worldskills.org/resources/download/2587,queued,wsc-2007-shizuoka,
WSC2007,DOC,37,Landscape Gardening,,und,IL37 39JP OC,0,,WSC2007/DOC/37/und/IL37 39JP OC,https://api.worldskills.org/resources/download/1558,queued,wsc-2007-shizuoka,
WSC2007,DOC,37,Landscape Gardening,,und,WSC2007 Skill37 Results,0,,WSC2007/DOC/37/und/WSC2007 Skill37 Results,https://api.worldskills.org/resources/download/2588,queued,wsc-2007-shizuoka,
WSC2007,DOC,38,Refrigeration,,und,IL38 39JP OC,0,,WSC2007/DOC/38/und/IL38 39JP OC,https://api.worldskills.org/resources/download/1557,queued,wsc-2007-shizuoka,
WSC2007,DOC,38,Refrigeration,,und,WSC2007 Skill38 Results,0,,WSC2007/DOC/38/und/WSC2007 Skill38 Results,https://api.worldskills.org/resources/download/2589,queued,wsc-2007-shizuoka,
WSC2007,DOC,39,IT PC/Network Support,,und,IL39 39JP OC,0,,WSC2007/DOC/39/und/IL39 39JP OC,https://api.worldskills.org/resources/download/1556,queued,wsc-2007-shizuoka,
WSC2007,DOC,39,IT PC/Network Support,,und,WSC2007 Skill39 Results,0,,WSC2007/DOC/39/und/WSC2007 Skill39 Results,https://api.worldskills.org/resources/download/2590,queued,wsc-2007-shizuoka,
WSC2007,DOC,40,Graphic Design Technology,,und,IL40 39JP OC,0,,WSC2007/DOC/40/und/IL40 39JP OC,https://api.worldskills.org/resources/download/1555,queued,wsc-2007-shizuoka,
WSC2007,DOC,40,Graphic Design Technology,,und,WSC2007 Skill40 Results,0,,WSC2007/DOC/40/und/WSC2007 Skill40 Results,https://api.worldskills.org/resources/download/2591,queued,wsc-2007-shizuoka,
WSC2007,DOC,xx,,,und,AllSkills 07,0,,WSC2007/DOC/xx/und/AllSkills 07,https://api.worldskills.org/resources/download/2544,queued,wsc-2007-shizuoka,
WSC2007,DOC,xx,,,und,ILD1 39JP OC,0,,WSC2007/DOC/xx/und/ILD1 39JP OC,https://api.worldskills.org/resources/download/1554,queued,wsc-2007-shizuoka,
WSC2007,DOC,xx,,,und,ILD2 39JP OC,0,,WSC2007/DOC/xx/und/ILD2 39JP OC,https://api.worldskills.org/resources/download/1553,queued,wsc-2007-shizuoka,
WSC2007,DOC,xx,,,und,ILD3 39JP OC,0,,WSC2007/DOC/xx/und/ILD3 39JP OC,https://api.worldskills.org/resources/download/1552,queued,wsc-2007-shizuoka,
WSC2007,DOC,xx,,,und,ILD4 39JP OC,0,,WSC2007/DOC/xx/und/ILD4 39JP OC,https://api.worldskills.org/resources/download/1551,queued,wsc-2007-shizuoka,
WSC2007,DOC,xx,,,und,ILHM1 39JP OC,0,,WSC2007/DOC/xx/und/ILHM1 39JP OC,https://api.worldskills.org/resources/download/1550,queued,wsc-2007-shizuoka,
WSC2007,DOC,xx,,,und,ILHM2 39JP OC,0,,WSC2007/DOC/xx/und/ILHM2 39JP OC,https://api.worldskills.org/resources/download/1549,queued,wsc-2007-shizuoka,
WSC2007,DOC,xx,,,und,ILHM3 39JP OC,0,,WSC2007/DOC/xx/und/ILHM3 39JP OC,https://api.worldskills.org/resources/download/1548,queued,wsc-2007-shizuoka,
WSC2007,DOC,xx,,,und,ILHM4 39JP OC,0,,WSC2007/DOC/xx/und/ILHM4 39JP OC,https://api.worldskills.org/resources/download/1592,queued,wsc-2007-shizuoka,
WSC2007,DOC,xx,,,und,ILHM5 39JP OC,0,,WSC2007/DOC/xx/und/ILHM5 39JP OC,https://api.worldskills.org/resources/download/1591,queued,wsc-2007-shizuoka,
WSC2007,DOC,xx,,,und,WSC2007 Albert Vidal Award,0,,WSC2007/DOC/xx/und/WSC2007 Albert Vidal Award,https://api.worldskills.org/resources/download/2545,queued,wsc-2007-shizuoka,
WSC2007,DOC,xx,,,und,WSC2007 AllSkills Official,0,,WSC2007/DOC/xx/und/WSC2007 AllSkills Official,https://api.worldskills.org/resources/download/2546,queued,wsc-2007-shizuoka,
WSC2007,DOC,xx,,,und,WSC2007 Best Of Nation,0,,WSC2007/DOC/xx/und/WSC2007 Best Of Nation,https://api.worldskills.org/resources/download/2553,queued,wsc-2007-shizuoka,
WSC2007,DOC,xx,,,und,WSC2007 Final Report,0,,WSC2007/DOC/xx/und/WSC2007 Final Report,https://api.worldskills.org/resources/download/3502,queued,wsc-2007-shizuoka,
WSC2007,DOC,xx,,,und,WSC2007 Member Comparison By Avg Medal,0,,WSC2007/DOC/xx/und/WSC2007 Member Comparison By Avg Medal,https://api.worldskills.org/resources/download/2547,queued,wsc-2007-shizuoka,
WSC2007,DOC,xx,,,und,WSC2007 Member Comparison By Avg Score,0,,WSC2007/DOC/xx/und/WSC2007 Member Comparison By Avg Score,https://api.worldskills.org/resources/download/2548,queued,wsc-2007-shizuoka,
WSC2007,DOC,xx,,,und,WSC2007 Member Comparison By Member,0,,WSC2007/DOC/xx/und/WSC2007 Member Comparison By Member,https://api.worldskills.org/resources/download/2549,queued,wsc-2007-shizuoka,
WSC2007,DOC,xx,,,und,WSC2007 Member Comparison By Total Medal,0,,WSC2007/DOC/xx/und/WSC2007 Member Comparison By Total Medal,https://api.worldskills.org/resources/download/2550,queued,wsc-2007-shizuoka,
WSC2007,DOC,xx,,,und,WSC2007 Member Comparison By Total Score,0,,WSC2007/DOC/xx/und/WSC2007 Member Comparison By Total Score,https://api.worldskills.org/resources/download/2551,queued,wsc-2007-shizuoka,
WSC2007,DOC,xx,,,und,WSC2007 Official Results Web,0,,WSC2007/DOC/xx/und/WSC2007 Official Results Web,https://api.worldskills.org/resources/download/2552,queued,wsc-2007-shizuoka,
WSC2007,DOC,xx,,,und,WSC2007 SkillD1 Results,0,,WSC2007/DOC/xx/und/WSC2007 SkillD1 Results,https://api.worldskills.org/resources/download/2592,queued,wsc-2007-shizuoka,
WSC2007,DOC,xx,,,und,WSC2007 SkillD2 Results,0,,WSC2007/DOC/xx/und/WSC2007 SkillD2 Results,https://api.worldskills.org/resources/download/2593,queued,wsc-2007-shizuoka,
WSC2007,DOC,xx,,,und,WSC2007 SkillD3 Results,0,,WSC2007/DOC/xx/und/WSC2007 SkillD3 Results,https://api.worldskills.org/resources/download/2594,queued,wsc-2007-shizuoka,
WSC2007,DOC,xx,,,und,WSC2007 SkillD4 Results,0,,WSC2007/DOC/xx/und/WSC2007 SkillD4 Results,https://api.worldskills.org/resources/download/2595,queued,wsc-2007-shizuoka,
WSC2007,DOC,xx,,,und,WSC2007 SkillHM1 Results,0,,WSC2007/DOC/xx/und/WSC2007 SkillHM1 Results,https://api.worldskills.org/resources/download/2596,queued,wsc-2007-shizuoka,
WSC2007,DOC,xx,,,und,WSC2007 SkillHM2 Results,0,,WSC2007/DOC/xx/und/WSC2007 SkillHM2 Results,https://api.worldskills.org/resources/download/2597,queued,wsc-2007-shizuoka,
WSC2007,DOC,xx,,,und,WSC2007 SkillHM3 Results,0,,WSC2007/DOC/xx/und/WSC2007 SkillHM3 Results,https://api.worldskills.org/resources/download/2598,queued,wsc-2007-shizuoka,
WSC2007,DOC,xx,,,und,WSC2007 SkillHM4 Results,0,,WSC2007/DOC/xx/und/WSC2007 SkillHM4 Results,https://api.worldskills.org/resources/download/2599,queued,wsc-2007-shizuoka,
WSC2007,DOC,xx,,,und,WSC2007 SkillHM5 Results,0,,WSC2007/DOC/xx/und/WSC2007 SkillHM5 Results,https://api.worldskills.org/resources/download/2600,queued,wsc-2007-shizuoka,
WSC2007,RES,xx,,,und,Closing Ceremony WSC2007,0,,WSC2007/RES/xx/und/Closing Ceremony WSC2007,https://api.worldskills.org/resources/download/12,queued,wsc-2007-shizuoka,
WSC2007,RES,xx,,,und,WSC2007 Closing Ceremony,0,,WSC2007/RES/xx/und/WSC2007 Closing Ceremony,https://api.worldskills.org/resources/download/21,queued,wsc-2007-shizuoka,
WSC2007,RES,xx,,,und,WSC2007 Opening Ceremony,0,,WSC2007/RES/xx/und/WSC2007 Opening Ceremony,https://api.worldskills.org/resources/download/20,queued,wsc-2007-shizuoka,
WSC2007,TD,01,Polymechanics/Automation,,und,TD01 39JP,0,,WSC2007/TD/01/und/TD01 39JP,https://api.worldskills.org/resources/download/1239,queued,wsc-2007-shizuoka,
WSC2007,TD,02,Telecommunication Distribution Technology,,und,TD02 39JP,0,,WSC2007/TD/02/und/TD02 39JP,https://api.worldskills.org/resources/download/1238,queued,wsc-2007-shizuoka,
WSC2007,TD,03,Manufacturing Team Challenge,,und,TD03 39JP,0,,WSC2007/TD/03/und/TD03 39JP,https://api.worldskills.org/resources/download/1237,queued,wsc-2007-shizuoka,
WSC2007,TD,04,Mechatronics,,und,TD04 39JP,0,,WSC2007/TD/04/und/TD04 39JP,https://api.worldskills.org/resources/download/1236,queued,wsc-2007-shizuoka,
WSC2007,TD,05,Mech. Eng. CADD,,und,TD05 39JP,0,,WSC2007/TD/05/und/TD05 39JP,https://api.worldskills.org/resources/download/1257,queued,wsc-2007-shizuoka,
WSC2007,TD,06,CNC Turning,,und,TD06 39JP,0,,WSC2007/TD/06/und/TD06 39JP,https://api.worldskills.org/resources/download/1256,queued,wsc-2007-shizuoka,
WSC2007,TD,07,CNC Milling,,und,TD07 39JP,0,,WSC2007/TD/07/und/TD07 39JP,https://api.worldskills.org/resources/download/1255,queued,wsc-2007-shizuoka,
WSC2007,TD,09,IT/Software Applications,,und,TD09 39JP,0,,WSC2007/TD/09/und/TD09 39JP,https://api.worldskills.org/resources/download/1254,queued,wsc-2007-shizuoka,
WSC2007,TD,10,Welding,,und,TD10 39JP,0,,WSC2007/TD/10/und/TD10 39JP,https://api.worldskills.org/resources/download/1219,queued,wsc-2007-shizuoka,
WSC2007,TD,11,Printing,,und,TD11 39JP,0,,WSC2007/TD/11/und/TD11 39JP,https://api.worldskills.org/resources/download/1235,queued,wsc-2007-shizuoka,
WSC2007,TD,12,Wall and Floor Tiling,,und,TD12 39JP,0,,WSC2007/TD/12/und/TD12 39JP,https://api.worldskills.org/resources/download/1253,queued,wsc-2007-shizuoka,
WSC2007,TD,13,Autobody Repair,,und,TD13 39JP,0,,WSC2007/TD/13/und/TD13 39JP,https://api.worldskills.org/resources/download/1252,queued,wsc-2007-shizuoka,
WSC2007,TD,14,Metal Roofing,,und,TD14 39JP,0,,WSC2007/TD/14/und/TD14 39JP,https://api.worldskills.org/resources/download/1251,queued,wsc-2007-shizuoka,
WSC2007,TD,15,Plumbing,,und,TD15 39JP,0,,WSC2007/TD/15/und/TD15 39JP,https://api.worldskills.org/resources/download/1250,queued,wsc-2007-shizuoka,
WSC2007,TD,16,Industrial Electronics,,und,TD16 39JP,0,,WSC2007/TD/16/und/TD16 39JP,https://api.worldskills.org/resources/download/1249,queued,wsc-2007-shizuoka,
WSC2007,TD,17,Web Design,,und,TD17 39JP,0,,WSC2007/TD/17/und/TD17 39JP,https://api.worldskills.org/resources/download/1248,queued,wsc-2007-shizuoka,
WSC2007,TD,18,Electrical Installations,,und,TD18 39JP,0,,WSC2007/TD/18/und/TD18 39JP,https://api.worldskills.org/resources/download/1247,queued,wsc-2007-shizuoka,
WSC2007,TD,19,Industrial Control,,und,TD19 39JP,0,,WSC2007/TD/19/und/TD19 39JP,https://api.worldskills.org/resources/download/1246,queued,wsc-2007-shizuoka,
WSC2007,TD,20,Bricklaying,,und,TD20 39JP,0,,WSC2007/TD/20/und/TD20 39JP,https://api.worldskills.org/resources/download/1245,queued,wsc-2007-shizuoka,
WSC2007,TD,21,Stonemasonry,,und,TD21 39JP,0,,WSC2007/TD/21/und/TD21 39JP,https://api.worldskills.org/resources/download/1244,queued,wsc-2007-shizuoka,
WSC2007,TD,22,Painting and Decorating,,und,TD22 39JP,0,,WSC2007/TD/22/und/TD22 39JP,https://api.worldskills.org/resources/download/1234,queued,wsc-2007-shizuoka,
WSC2007,TD,24,Cabinetmaking,,und,TD24 39JP,0,,WSC2007/TD/24/und/TD24 39JP,https://api.worldskills.org/resources/download/1243,queued,wsc-2007-shizuoka,
WSC2007,TD,25,Joinery,,und,TD25 39JP,0,,WSC2007/TD/25/und/TD25 39JP,https://api.worldskills.org/resources/download/1242,queued,wsc-2007-shizuoka,
WSC2007,TD,26,Carpentry,,und,TD26 39JP,0,,WSC2007/TD/26/und/TD26 39JP,https://api.worldskills.org/resources/download/1241,queued,wsc-2007-shizuoka,
WSC2007,TD,27,Jewellery,,und,TD27 39JP,0,,WSC2007/TD/27/und/TD27 39JP,https://api.worldskills.org/resources/download/1240,queued,wsc-2007-shizuoka,
WSC2007,TD,28,Floristry,,und,TD28 39JP,0,,WSC2007/TD/28/und/TD28 39JP,https://api.worldskills.org/resources/download/1233,queued,wsc-2007-shizuoka,
WSC2007,TD,29,Ladies'/Men's Hairdressing,,und,TD29 39JP,0,,WSC2007/TD/29/und/TD29 39JP,https://api.worldskills.org/resources/download/1264,queued,wsc-2007-shizuoka,
WSC2007,TD,30,Beauty Therapy,,und,TD30 39JP,0,,WSC2007/TD/30/und/TD30 39JP,https://api.worldskills.org/resources/download/1265,queued,wsc-2007-shizuoka,
WSC2007,TD,31,Ladies Dressmaking,,und,TD31 39JP,0,,WSC2007/TD/31/und/TD31 39JP,https://api.worldskills.org/resources/download/1232,queued,wsc-2007-shizuoka,
WSC2007,TD,32,Confectioner/Pastry Cook,,und,TD32 39JP,0,,WSC2007/TD/32/und/TD32 39JP,https://api.worldskills.org/resources/download/1263,queued,wsc-2007-shizuoka,
WSC2007,TD,33,Automobile Technology,,und,TD33 39JP,0,,WSC2007/TD/33/und/TD33 39JP,https://api.worldskills.org/resources/download/1262,queued,wsc-2007-shizuoka,
WSC2007,TD,34,Cooking,,und,TD34 39JP,0,,WSC2007/TD/34/und/TD34 39JP,https://api.worldskills.org/resources/download/1231,queued,wsc-2007-shizuoka,
WSC2007,TD,35,Restaurant Service,,und,TD35 39JP,0,,WSC2007/TD/35/und/TD35 39JP,https://api.worldskills.org/resources/download/1230,queued,wsc-2007-shizuoka,
WSC2007,TD,36,Car Painting,,und,TD36 39JP,0,,WSC2007/TD/36/und/TD36 39JP,https://api.worldskills.org/resources/download/1261,queued,wsc-2007-shizuoka,
WSC2007,TD,37,Landscape Gardening,,und,TD37 39JP,0,,WSC2007/TD/37/und/TD37 39JP,https://api.worldskills.org/resources/download/1260,queued,wsc-2007-shizuoka,
WSC2007,TD,38,Refrigeration,,und,TD38 39JP,0,,WSC2007/TD/38/und/TD38 39JP,https://api.worldskills.org/resources/download/1259,queued,wsc-2007-shizuoka,
WSC2007,TD,39,IT PC/Network Support,,und,TD39 39JP,0,,WSC2007/TD/39/und/TD39 39JP,https://api.worldskills.org/resources/download/1229,queued,wsc-2007-shizuoka,
WSC2007,TD,40,Graphic Design Technology,,und,TD40 39JP,0,,WSC2007/TD/40/und/TD40 39JP,https://api.worldskills.org/resources/download/1228,queued,wsc-2007-shizuoka,
WSC2007,TD,xx,,,und,TDD1 39JP,0,,WSC2007/TD/xx/und/TDD1 39JP,https://api.worldskills.org/resources/download/1258,queued,wsc-2007-shizuoka,
WSC2007,TD,xx,,,und,TDD2 39JP,0,,WSC2007/TD/xx/und/TDD2 39JP,https://api.worldskills.org/resources/download/1227,queued,wsc-2007-shizuoka,
WSC2007,TD,xx,,,und,TDD3 39JP,0,,WSC2007/TD/xx/und/TDD3 39JP,https://api.worldskills.org/resources/download/1226,queued,wsc-2007-shizuoka,
WSC2007,TD,xx,,,und,TDD4 39JP,0,,WSC2007/TD/xx/und/TDD4 39JP,https://api.worldskills.org/resources/download/1225,queued,wsc-2007-shizuoka,
WSC2007,TD,xx,,,und,TDHM1 39JP,0,,WSC2007/TD/xx/und/TDHM1 39JP,https://api.worldskills.org/resources/download/1224,queued,wsc-2007-shizuoka,
WSC2007,TD,xx,,,und,TDHM2 39JP,0,,WSC2007/TD/xx/und/TDHM2 39JP,https://api.worldskills.org/resources/download/1223,queued,wsc-2007-shizuoka,
WSC2007,TD,xx,,,und,TDHM3 39JP,0,,WSC2007/TD/xx/und/TDHM3 39JP,https://api.worldskills.org/resources/download/1222,queued,wsc-2007-shizuoka,
WSC2007,TD,xx,,,und,TDHM4 39JP,0,,WSC2007/TD/xx/und/TDHM4 39JP,https://api.worldskills.org/resources/download/1221,queued,wsc-2007-shizuoka,
WSC2007,TD,xx,,,und,TDHM5 39JP,0,,WSC2007/TD/xx/und/TDHM5 39JP,https://api.worldskills.org/resources/download/1220,queued,wsc-2007-shizuoka,
WSC2007,TD,xx,,,und,documents.json,0,,WSC2007/TD/xx/und/documents.json,https://api.worldskills.org/skillman/documents/events/6,forbidden,wsc-2007-shizuoka,
WSC2007,TP,01,Polymechanics/Automation,actual,und,TP01 39JP Actual,0,,WSC2007/TP/01/actual/und/TP01 39JP Actual,https://api.worldskills.org/resources/download/2117,queued,wsc-2007-shizuoka,
WSC2007,TP,01,Polymechanics/Automation,actual,und,TP01 39JP Marking Forms,0,,WSC2007/TP/01/actual/und/TP01 39JP Marking Forms,https://api.worldskills.org/resources/download/2118,queued,wsc-2007-shizuoka,
WSC2007,TP,01,Polymechanics/Automation,pre,und,TP01 39JP Pre,0,,WSC2007/TP/01/pre/und/TP01 39JP Pre,https://api.worldskills.org/resources/download/2087,queued,wsc-2007-shizuoka,
WSC2007,TP,02,Telecommunication Distribution Technology,actual,und,TP02 39JP Actual,0,,WSC2007/TP/02/actual/und/TP02 39JP Actual,https://api.worldskills.org/resources/download/2119,queued,wsc-2007-shizuoka,
WSC2007,TP,02,Telecommunication Distribution Technology,actual,und,TP02 39JP Marking Forms,0,,WSC2007/TP/02/actual/und/TP02 39JP Marking Forms,https://api.worldskills.org/resources/download/2120,queued,wsc-2007-shizuoka,
WSC2007,TP,02,Telecommunication Distribution Technology,pre,und,TP02 39JP Pre,0,,WSC2007/TP/02/pre/und/TP02 39JP Pre,https://api.worldskills.org/resources/download/2088,queued,wsc-2007-shizuoka,
WSC2007,TP,03,Manufacturing Team Challenge,actual,und,TP03 39JP Actual,0,,WSC2007/TP/03/actual/und/TP03 39JP Actual,https://api.worldskills.org/resources/download/2121,queued,wsc-2007-shizuoka,
WSC2007,TP,03,Manufacturing Team Challenge,actual,und,TP03 39JP Marking Forms,0,,WSC2007/TP/03/actual/und/TP03 39JP Marking Forms,https://api.worldskills.org/resources/download/2122,queued,wsc-2007-shizuoka,
WSC2007,TP,04,Mechatronics,actual,und,TP04 39JP Actual 1,0,,WSC2007/TP/04/actual/und/TP04 39JP Actual 1,https://api.worldskills.org/resources/download/2190,queued,wsc-2007-shizuoka,
WSC2007,TP,04,Mechatronics,actual,und,TP04 39JP Actual 2,0,,WSC2007/TP/04/actual/und/TP04 39JP Actual 2,https://api.worldskills.org/resources/download/2123,queued,wsc-2007-shizuoka,
WSC2007,TP,04,Mechatronics,actual,und,TP04 39JP Actual 3,0,,WSC2007/TP/04/actual/und/TP04 39JP Actual 3,https://api.worldskills.org/resources/download/2191,queued,wsc-2007-shizuoka,
WSC2007,TP,04,Mechatronics,actual,und,TP04 39JP Marking Forms,0,,WSC2007/TP/04/actual/und/TP04 39JP Marking Forms,https://api.worldskills.org/resources/download/2124,queued,wsc-2007-shizuoka,
WSC2007,TP,05,Mech. Eng. CADD,actual,und,TP05 39JP Actual,0,,WSC2007/TP/05/actual/und/TP05 39JP Actual,https://api.worldskills.org/resources/download/2187,queued,wsc-2007-shizuoka,
WSC2007,TP,05,Mech. Eng. CADD,actual,und,TP05 39JP Marking Forms,0,,WSC2007/TP/05/actual/und/TP05 39JP Marking Forms,https://api.worldskills.org/resources/download/2125,queued,wsc-2007-shizuoka,
WSC2007,TP,06,CNC Turning,actual,und,TP06 39JP Actual SC,0,,WSC2007/TP/06/actual/und/TP06 39JP Actual SC,https://api.worldskills.org/resources/download/2126,queued,wsc-2007-shizuoka,
WSC2007,TP,06,CNC Turning,actual,und,TP06 39JP Marking Forms,0,,WSC2007/TP/06/actual/und/TP06 39JP Marking Forms,https://api.worldskills.org/resources/download/2127,queued,wsc-2007-shizuoka,
WSC2007,TP,07,CNC Milling,actual,und,TP07 39JP Actual,0,,WSC2007/TP/07/actual/und/TP07 39JP Actual,https://api.worldskills.org/resources/download/2128,queued,wsc-2007-shizuoka,
WSC2007,TP,07,CNC Milling,actual,und,TP07 39JP Marking Forms,0,,WSC2007/TP/07/actual/und/TP07 39JP Marking Forms,https://api.worldskills.org/resources/download/2129,queued,wsc-2007-shizuoka,
WSC2007,TP,09,IT/Software Applications,actual,und,TP09 39JP Actual,0,,WSC2007/TP/09/actual/und/TP09 39JP Actual,https://api.worldskills.org/resources/download/2130,queued,wsc-2007-shizuoka,
WSC2007,TP,09,IT/Software Applications,actual,und,TP09 39JP Marking Forms,0,,WSC2007/TP/09/actual/und/TP09 39JP Marking Forms,https://api.worldskills.org/resources/download/2131,queued,wsc-2007-shizuoka,
WSC2007,TP,09,IT/Software Applications,pre,und,TP09 39JP Pre,0,,WSC2007/TP/09/pre/und/TP09 39JP Pre,https://api.worldskills.org/resources/download/2089,queued,wsc-2007-shizuoka,
WSC2007,TP,10,Welding,actual,und,TP10 39JP Actual,0,,WSC2007/TP/10/actual/und/TP10 39JP Actual,https://api.worldskills.org/resources/download/2132,queued,wsc-2007-shizuoka,
WSC2007,TP,10,Welding,actual,und,TP10 39JP Marking Forms,0,,WSC2007/TP/10/actual/und/TP10 39JP Marking Forms,https://api.worldskills.org/resources/download/2133,queued,wsc-2007-shizuoka,
WSC2007,TP,10,Welding,pre,und,TP10 39JP Pre,0,,WSC2007/TP/10/pre/und/TP10 39JP Pre,https://api.worldskills.org/resources/download/2077,queued,wsc-2007-shizuoka,
WSC2007,TP,11,Printing,actual,und,TP11 39JP Actual,0,,WSC2007/TP/11/actual/und/TP11 39JP Actual,https://api.worldskills.org/resources/download/2134,queued,wsc-2007-shizuoka,
WSC2007,TP,11,Printing,actual,und,TP11 39JP Marking Forms,0,,WSC2007/TP/11/actual/und/TP11 39JP Marking Forms,https://api.worldskills.org/resources/download/2135,queued,wsc-2007-shizuoka,
WSC2007,TP,12,Wall and Floor Tiling,actual,und,TP12 39JP Actual,0,,WSC2007/TP/12/actual/und/TP12 39JP Actual,https://api.worldskills.org/resources/download/2136,queued,wsc-2007-shizuoka,
WSC2007,TP,12,Wall and Floor Tiling,actual,und,TP12 39JP Marking Forms,0,,WSC2007/TP/12/actual/und/TP12 39JP Marking Forms,https://api.worldskills.org/resources/download/2137,queued,wsc-2007-shizuoka,
WSC2007,TP,12,Wall and Floor Tiling,pre,und,TP12 39JP Pre,0,,WSC2007/TP/12/pre/und/TP12 39JP Pre,https://api.worldskills.org/resources/download/2091,queued,wsc-2007-shizuoka,
WSC2007,TP,12,Wall and Floor Tiling,pre,und,TP12 39JP Pre Colour,0,,WSC2007/TP/12/pre/und/TP12 39JP Pre Colour,https://api.worldskills.org/resources/download/2116,queued,wsc-2007-shizuoka,
WSC2007,TP,13,Autobody Repair,actual,und,TP13 39JP Actual,0,,WSC2007/TP/13/actual/und/TP13 39JP Actual,https://api.worldskills.org/resources/download/2138,queued,wsc-2007-shizuoka,
WSC2007,TP,13,Autobody Repair,actual,und,TP13 39JP Marking Forms,0,,WSC2007/TP/13/actual/und/TP13 39JP Marking Forms,https://api.worldskills.org/resources/download/2139,queued,wsc-2007-shizuoka,
WSC2007,TP,13,Autobody Repair,pre,und,TP13 39JP Pre,0,,WSC2007/TP/13/pre/und/TP13 39JP Pre,https://api.worldskills.org/resources/download/2092,queued,wsc-2007-shizuoka,
WSC2007,TP,14,Metal Roofing,actual,und,TP14 39JP Actual,0,,WSC2007/TP/14/actual/und/TP14 39JP Actual,https://api.worldskills.org/resources/download/2140,queued,wsc-2007-shizuoka,
WSC2007,TP,14,Metal Roofing,actual,und,TP14 39JP Marking Forms,0,,WSC2007/TP/14/actual/und/TP14 39JP Marking Forms,https://api.worldskills.org/resources/download/2141,queued,wsc-2007-shizuoka,
WSC2007,TP,14,Metal Roofing,pre,und,TP14 39JP Pre,0,,WSC2007/TP/14/pre/und/TP14 39JP Pre,https://api.worldskills.org/resources/download/2093,queued,wsc-2007-shizuoka,
WSC2007,TP,15,Plumbing,actual,und,TP15 39JP Actual,0,,WSC2007/TP/15/actual/und/TP15 39JP Actual,https://api.worldskills.org/resources/download/2142,queued,wsc-2007-shizuoka,
WSC2007,TP,15,Plumbing,actual,und,TP15 39JP Marking Forms,0,,WSC2007/TP/15/actual/und/TP15 39JP Marking Forms,https://api.worldskills.org/resources/download/2143,queued,wsc-2007-shizuoka,
WSC2007,TP,15,Plumbing,pre,und,TP15 39JP Pre,0,,WSC2007/TP/15/pre/und/TP15 39JP Pre,https://api.worldskills.org/resources/download/2094,queued,wsc-2007-shizuoka,
WSC2007,TP,16,Industrial Electronics,actual,und,TP16 39JP Actual,0,,WSC2007/TP/16/actual/und/TP16 39JP Actual,https://api.worldskills.org/resources/download/2214,queued,wsc-2007-shizuoka,
WSC2007,TP,16,Industrial Electronics,actual,und,TP16 39JP Marking Forms,0,,WSC2007/TP/16/actual/und/TP16 39JP Marking Forms,https://api.worldskills.org/resources/download/2144,queued,wsc-2007-shizuoka,
WSC2007,TP,17,Web Design,actual,und,TP17 39JP Actual,0,,WSC2007/TP/17/actual/und/TP17 39JP Actual,https://api.worldskills.org/resources/download/2145,queued,wsc-2007-shizuoka,
WSC2007,TP,17,Web Design,actual,und,TP17 39JP Marking Forms,0,,WSC2007/TP/17/actual/und/TP17 39JP Marking Forms,https://api.worldskills.org/resources/download/2146,queued,wsc-2007-shizuoka,
WSC2007,TP,17,Web Design,pre,und,TP17 39JP Pre CA EN,0,,WSC2007/TP/17/pre/und/TP17 39JP Pre CA EN,https://api.worldskills.org/resources/download/2095,queued,wsc-2007-shizuoka,
WSC2007,TP,18,Electrical Installations,actual,und,TP18 39JP Actual,0,,WSC2007/TP/18/actual/und/TP18 39JP Actual,https://api.worldskills.org/resources/download/2147,queued,wsc-2007-shizuoka,
WSC2007,TP,18,Electrical Installations,actual,und,TP18 39JP Marking Forms,0,,WSC2007/TP/18/actual/und/TP18 39JP Marking Forms,https://api.worldskills.org/resources/download/2148,queued,wsc-2007-shizuoka,
WSC2007,TP,18,Electrical Installations,pre,und,TP18 39JP Pre,0,,WSC2007/TP/18/pre/und/TP18 39JP Pre,https://api.worldskills.org/resources/download/2078,queued,wsc-2007-shizuoka,
WSC2007,TP,19,Industrial Control,pre,und,TP19 39JP AT Pre,0,,WSC2007/TP/19/pre/und/TP19 39JP AT Pre,https://api.worldskills.org/resources/download/2096,queued,wsc-2007-shizuoka,
WSC2007,TP,19,Industrial Control,actual,und,TP19 39JP Actual,0,,WSC2007/TP/19/actual/und/TP19 39JP Actual,https://api.worldskills.org/resources/download/2149,queued,wsc-2007-shizuoka,
WSC2007,TP,19,Industrial Control,actual,und,TP19 39JP Marking Forms,0,,WSC2007/TP/19/actual/und/TP19 39JP Marking Forms,https://api.worldskills.org/resources/download/2150,queued,wsc-2007-shizuoka,
WSC2007,TP,20,Bricklaying,actual,und,TP20 39JP Actual,0,,WSC2007/TP/20/actual/und/TP20 39JP Actual,https://api.worldskills.org/resources/download/2151,queued,wsc-2007-shizuoka,
WSC2007,TP,20,Bricklaying,pre,und,TP20 39JP IE Pre,0,,WSC2007/TP/20/pre/und/TP20 39JP IE Pre,https://api.worldskills.org/resources/download/2097,queued,wsc-2007-shizuoka,
WSC2007,TP,20,Bricklaying,actual,und,TP20 39JP Marking Forms,0,,WSC2007/TP/20/actual/und/TP20 39JP Marking Forms,https://api.worldskills.org/resources/download/2152,queued,wsc-2007-shizuoka,
WSC2007,TP,21,Stonemasonry,actual,und,TP21 39JP Actual,0,,WSC2007/TP/21/actual/und/TP21 39JP Actual,https://api.worldskills.org/resources/download/2153,queued,wsc-2007-shizuoka,
WSC2007,TP,21,Stonemasonry,actual,und,TP21 39JP Marking Forms,0,,WSC2007/TP/21/actual/und/TP21 39JP Marking Forms,https://api.worldskills.org/resources/download/2154,queued,wsc-2007-shizuoka,
WSC2007,TP,21,Stonemasonry,pre,und,TP21 39JP UK V2 Pre,0,,WSC2007/TP/21/pre/und/TP21 39JP UK V2 Pre,https://api.worldskills.org/resources/download/2098,queued,wsc-2007-shizuoka,
WSC2007,TP,22,Painting and Decorating,actual,und,TP22 39JP Actual,0,,WSC2007/TP/22/actual/und/TP22 39JP Actual,https://api.worldskills.org/resources/download/2155,queued,wsc-2007-shizuoka,
WSC2007,TP,22,Painting and Decorating,actual,und,TP22 39JP Marking Forms,0,,WSC2007/TP/22/actual/und/TP22 39JP Marking Forms,https://api.worldskills.org/resources/download/2156,queued,wsc-2007-shizuoka,
WSC2007,TP,22,Painting and Decorating,pre,und,TP22 39JP Pre,0,,WSC2007/TP/22/pre/und/TP22 39JP Pre,https://api.worldskills.org/resources/download/2099,queued,wsc-2007-shizuoka,
WSC2007,TP,24,Cabinetmaking,actual,und,TP24 39JP Actual,0,,WSC2007/TP/24/actual/und/TP24 39JP Actual,https://api.worldskills.org/resources/download/2157,queued,wsc-2007-shizuoka,
WSC2007,TP,24,Cabinetmaking,pre,und,TP24 39JP JP Pre,0,,WSC2007/TP/24/pre/und/TP24 39JP JP Pre,https://api.worldskills.org/resources/download/2115,queued,wsc-2007-shizuoka,
WSC2007,TP,24,Cabinetmaking,actual,und,TP24 39JP Marking Forms,0,,WSC2007/TP/24/actual/und/TP24 39JP Marking Forms,https://api.worldskills.org/resources/download/2158,queued,wsc-2007-shizuoka,
WSC2007,TP,25,Joinery,actual,und,TP25 39JP Actual,0,,WSC2007/TP/25/actual/und/TP25 39JP Actual,https://api.worldskills.org/resources/download/2159,queued,wsc-2007-shizuoka,
WSC2007,TP,25,Joinery,actual,und,TP25 39JP Marking Forms,0,,WSC2007/TP/25/actual/und/TP25 39JP Marking Forms,https://api.worldskills.org/resources/download/2160,queued,wsc-2007-shizuoka,
WSC2007,TP,26,Carpentry,actual,und,TP26 39JP Actual,0,,WSC2007/TP/26/actual/und/TP26 39JP Actual,https://api.worldskills.org/resources/download/2161,queued,wsc-2007-shizuoka,
WSC2007,TP,26,Carpentry,actual,und,TP26 39JP Marking Forms,0,,WSC2007/TP/26/actual/und/TP26 39JP Marking Forms,https://api.worldskills.org/resources/download/2162,queued,wsc-2007-shizuoka,
WSC2007,TP,27,Jewellery,actual,und,TP27 39JP Actual,0,,WSC2007/TP/27/actual/und/TP27 39JP Actual,https://api.worldskills.org/resources/download/2163,queued,wsc-2007-shizuoka,
WSC2007,TP,27,Jewellery,actual,und,TP27 39JP Marking Forms,0,,WSC2007/TP/27/actual/und/TP27 39JP Marking Forms,https://api.worldskills.org/resources/download/2164,queued,wsc-2007-shizuoka,
WSC2007,TP,27,Jewellery,pre,und,TP27 39JP Pre FI,0,,WSC2007/TP/27/pre/und/TP27 39JP Pre FI,https://api.worldskills.org/resources/download/2079,queued,wsc-2007-shizuoka,
WSC2007,TP,27,Jewellery,pre,und,TP27 39JP Pre HK,0,,WSC2007/TP/27/pre/und/TP27 39JP Pre HK,https://api.worldskills.org/resources/download/2080,queued,wsc-2007-shizuoka,
WSC2007,TP,27,Jewellery,pre,und,TP27 39JP Pre IT,0,,WSC2007/TP/27/pre/und/TP27 39JP Pre IT,https://api.worldskills.org/resources/download/2081,queued,wsc-2007-shizuoka,
WSC2007,TP,27,Jewellery,pre,und,TP27 39JP Pre JP,0,,WSC2007/TP/27/pre/und/TP27 39JP Pre JP,https://api.worldskills.org/resources/download/2082,queued,wsc-2007-shizuoka,
WSC2007,TP,27,Jewellery,pre,und,TP27 39JP Pre PT,0,,WSC2007/TP/27/pre/und/TP27 39JP Pre PT,https://api.worldskills.org/resources/download/2083,queued,wsc-2007-shizuoka,
WSC2007,TP,28,Floristry,actual,und,TP28 39JP Actual,0,,WSC2007/TP/28/actual/und/TP28 39JP Actual,https://api.worldskills.org/resources/download/2165,queued,wsc-2007-shizuoka,
WSC2007,TP,28,Floristry,actual,und,TP28 39JP Marking Forms,0,,WSC2007/TP/28/actual/und/TP28 39JP Marking Forms,https://api.worldskills.org/resources/download/2166,queued,wsc-2007-shizuoka,
WSC2007,TP,29,Ladies'/Men's Hairdressing,actual,und,TP29 39JP Actual,0,,WSC2007/TP/29/actual/und/TP29 39JP Actual,https://api.worldskills.org/resources/download/2167,queued,wsc-2007-shizuoka,
WSC2007,TP,29,Ladies'/Men's Hairdressing,actual,und,TP29 39JP Marking Forms,0,,WSC2007/TP/29/actual/und/TP29 39JP Marking Forms,https://api.worldskills.org/resources/download/2168,queued,wsc-2007-shizuoka,
WSC2007,TP,29,Ladies'/Men's Hairdressing,pre,und,TP29 39JP V6 Final Pre,0,,WSC2007/TP/29/pre/und/TP29 39JP V6 Final Pre,https://api.worldskills.org/resources/download/2100,queued,wsc-2007-shizuoka,
WSC2007,TP,30,Beauty Therapy,actual,und,TP30 39JP Actual,0,,WSC2007/TP/30/actual/und/TP30 39JP Actual,https://api.worldskills.org/resources/download/2169,queued,wsc-2007-shizuoka,
WSC2007,TP,30,Beauty Therapy,actual,und,TP30 39JP Marking Forms,0,,WSC2007/TP/30/actual/und/TP30 39JP Marking Forms,https://api.worldskills.org/resources/download/2170,queued,wsc-2007-shizuoka,
WSC2007,TP,30,Beauty Therapy,pre,und,TP30 39JP Pre,0,,WSC2007/TP/30/pre/und/TP30 39JP Pre,https://api.worldskills.org/resources/download/2101,queued,wsc-2007-shizuoka,
WSC2007,TP,31,Ladies Dressmaking,actual,und,TP31 39JP Actual,0,,WSC2007/TP/31/actual/und/TP31 39JP Actual,https://api.worldskills.org/resources/download/2171,queued,wsc-2007-shizuoka,
WSC2007,TP,31,Ladies Dressmaking,actual,und,TP31 39JP Marking Forms,0,,WSC2007/TP/31/actual/und/TP31 39JP Marking Forms,https://api.worldskills.org/resources/download/2172,queued,wsc-2007-shizuoka,
WSC2007,TP,31,Ladies Dressmaking,pre,und,TP31 39JP Pre,0,,WSC2007/TP/31/pre/und/TP31 39JP Pre,https://api.worldskills.org/resources/download/2114,queued,wsc-2007-shizuoka,
WSC2007,TP,32,Confectioner/Pastry Cook,actual,und,TP32 39JP Actual,0,,WSC2007/TP/32/actual/und/TP32 39JP Actual,https://api.worldskills.org/resources/download/2173,queued,wsc-2007-shizuoka,
WSC2007,TP,32,Confectioner/Pastry Cook,actual,und,TP32 39JP Marking Forms,0,,WSC2007/TP/32/actual/und/TP32 39JP Marking Forms,https://api.worldskills.org/resources/download/2174,queued,wsc-2007-shizuoka,
WSC2007,TP,32,Confectioner/Pastry Cook,pre,und,TP32 39JP Pre,0,,WSC2007/TP/32/pre/und/TP32 39JP Pre,https://api.worldskills.org/resources/download/2102,queued,wsc-2007-shizuoka,
WSC2007,TP,33,Automobile Technology,actual,und,TP33 39JP Actual,0,,WSC2007/TP/33/actual/und/TP33 39JP Actual,https://api.worldskills.org/resources/download/2213,queued,wsc-2007-shizuoka,
WSC2007,TP,33,Automobile Technology,actual,und,TP33 39JP Marking Forms,0,,WSC2007/TP/33/actual/und/TP33 39JP Marking Forms,https://api.worldskills.org/resources/download/2175,queued,wsc-2007-shizuoka,
WSC2007,TP,33,Automobile Technology,actual,und,TP33 JP39 Actual,0,,WSC2007/TP/33/actual/und/TP33 JP39 Actual,https://api.worldskills.org/resources/download/2176,queued,wsc-2007-shizuoka,
WSC2007,TP,34,Cooking,actual,und,TP34 39JP Actual,0,,WSC2007/TP/34/actual/und/TP34 39JP Actual,https://api.worldskills.org/resources/download/2177,queued,wsc-2007-shizuoka,
WSC2007,TP,34,Cooking,actual,und,TP34 39JP Marking Forms,0,,WSC2007/TP/34/actual/und/TP34 39JP Marking Forms,https://api.worldskills.org/resources/download/2178,queued,wsc-2007-shizuoka,
WSC2007,TP,34,Cooking,pre,und,TP34 39JP V2 Pre,0,,WSC2007/TP/34/pre/und/TP34 39JP V2 Pre,https://api.worldskills.org/resources/download/2103,queued,wsc-2007-shizuoka,
WSC2007,TP,35,Restaurant Service,actual,und,TP35 39JP Actual,0,,WSC2007/TP/35/actual/und/TP35 39JP Actual,https://api.worldskills.org/resources/download/2179,queued,wsc-2007-shizuoka,
WSC2007,TP,35,Restaurant Service,actual,und,TP35 39JP Marking Forms,0,,WSC2007/TP/35/actual/und/TP35 39JP Marking Forms,https://api.worldskills.org/resources/download/2180,queued,wsc-2007-shizuoka,
WSC2007,TP,35,Restaurant Service,pre,und,TP35 39JP Pre EN DE FR,0,,WSC2007/TP/35/pre/und/TP35 39JP Pre EN DE FR,https://api.worldskills.org/resources/download/2084,queued,wsc-2007-shizuoka,
WSC2007,TP,36,Car Painting,actual,und,TP36 39JP Actual,0,,WSC2007/TP/36/actual/und/TP36 39JP Actual,https://api.worldskills.org/resources/download/2181,queued,wsc-2007-shizuoka,
WSC2007,TP,36,Car Painting,actual,und,TP36 39JP Marking Forms,0,,WSC2007/TP/36/actual/und/TP36 39JP Marking Forms,https://api.worldskills.org/resources/download/2182,queued,wsc-2007-shizuoka,
WSC2007,TP,36,Car Painting,pre,und,TP36 39JP Pre,0,,WSC2007/TP/36/pre/und/TP36 39JP Pre,https://api.worldskills.org/resources/download/2086,queued,wsc-2007-shizuoka,
WSC2007,TP,37,Landscape Gardening,actual,und,TP37 39JP Actual,0,,WSC2007/TP/37/actual/und/TP37 39JP Actual,https://api.worldskills.org/resources/download/2183,queued,wsc-2007-shizuoka,
WSC2007,TP,37,Landscape Gardening,actual,und,TP37 39JP Marking Forms,0,,WSC2007/TP/37/actual/und/TP37 39JP Marking Forms,https://api.worldskills.org/resources/download/2184,queued,wsc-2007-shizuoka,
WSC2007,TP,37,Landscape Gardening,pre,und,TP37 39JP Pre,0,,WSC2007/TP/37/pre/und/TP37 39JP Pre,https://api.worldskills.org/resources/download/2104,queued,wsc-2007-shizuoka,
WSC2007,TP,38,Refrigeration,actual,und,TP38 39JP Actual,0,,WSC2007/TP/38/actual/und/TP38 39JP Actual,https://api.worldskills.org/resources/download/2185,queued,wsc-2007-shizuoka,
WSC2007,TP,38,Refrigeration,actual,und,TP38 39JP Marking Forms,0,,WSC2007/TP/38/actual/und/TP38 39JP Marking Forms,https://api.worldskills.org/resources/download/2188,queued,wsc-2007-shizuoka,
WSC2007,TP,38,Refrigeration,pre,und,TP38 39JP Pre V4 1,0,,WSC2007/TP/38/pre/und/TP38 39JP Pre V4 1,https://api.worldskills.org/resources/download/2105,queued,wsc-2007-shizuoka,
WSC2007,TP,39,IT PC/Network Support,actual,und,TP39 39JP Actual,0,,WSC2007/TP/39/actual/und/TP39 39JP Actual,https://api.worldskills.org/resources/download/2186,queued,wsc-2007-shizuoka,
WSC2007,TP,39,IT PC/Network Support,actual,und,TP39 39JP Marking Forms,0,,WSC2007/TP/39/actual/und/TP39 39JP Marking Forms,https://api.worldskills.org/resources/download/2189,queued,wsc-2007-shizuoka,
WSC2007,TP,39,IT PC/Network Support,pre,und,TP39 39JP Pre,0,,WSC2007/TP/39/pre/und/TP39 39JP Pre,https://api.worldskills.org/resources/download/2106,queued,wsc-2007-shizuoka,
WSC2007,TP,40,Graphic Design Technology,actual,und,TP40 39JP Actual 1,0,,WSC2007/TP/40/actual/und/TP40 39JP Actual 1,https://api.worldskills.org/resources/download/2202,queued,wsc-2007-shizuoka,
WSC2007,TP,40,Graphic Design Technology,actual,und,TP40 39JP Actual 2,0,,WSC2007/TP/40/actual/und/TP40 39JP Actual 2,https://api.worldskills.org/resources/download/2203,queued,wsc-2007-shizuoka,
WSC2007,TP,40,Graphic Design Technology,actual,und,TP40 39JP Marking Forms,0,,WSC2007/TP/40/actual/und/TP40 39JP Marking Forms,https://api.worldskills.org/resources/download/2192,queued,wsc-2007-shizuoka,
WSC2007,TP,xx,,actual,und,TPD1 39JP Actual,0,,WSC2007/TP/xx/actual/und/TPD1 39JP Actual,https://api.worldskills.org/resources/download/2204,queued,wsc-2007-shizuoka,
WSC2007,TP,xx,,actual,und,TPD1 39JP Marking Forms,0,,WSC2007/TP/xx/actual/und/TPD1 39JP Marking Forms,https://api.worldskills.org/resources/download/2193,queued,wsc-2007-shizuoka,
WSC2007,TP,xx,,pre,und,TPD1 39JP Pre,0,,WSC2007/TP/xx/pre/und/TPD1 39JP Pre,https://api.worldskills.org/resources/download/2107,queued,wsc-2007-shizuoka,
WSC2007,TP,xx,,actual,und,TPD2 39JP Actual,0,,WSC2007/TP/xx/actual/und/TPD2 39JP Actual,https://api.worldskills.org/resources/download/2205,queued,wsc-2007-shizuoka,
WSC2007,TP,xx,,actual,und,TPD2 39JP Marking Forms,0,,WSC2007/TP/xx/actual/und/TPD2 39JP Marking Forms,https://api.worldskills.org/resources/download/2194,queued,wsc-2007-shizuoka,
WSC2007,TP,xx,,pre,und,TPD2 39JP Pre,0,,WSC2007/TP/xx/pre/und/TPD2 39JP Pre,https://api.worldskills.org/resources/download/2108,queued,wsc-2007-shizuoka,
WSC2007,TP,xx,,actual,und,TPD3 39JP Actual,0,,WSC2007/TP/xx/actual/und/TPD3 39JP Actual,https://api.worldskills.org/resources/download/2206,queued,wsc-2007-shizuoka,
WSC2007,TP,xx,,actual,und,TPD3 39JP Marking Forms,0,,WSC2007/TP/xx/actual/und/TPD3 39JP Marking Forms,https://api.worldskills.org/resources/download/2195,queued,wsc-2007-shizuoka,
WSC2007,TP,xx,,actual,und,TPD4 39JP Actual,0,,WSC2007/TP/xx/actual/und/TPD4 39JP Actual,https://api.worldskills.org/resources/download/2207,queued,wsc-2007-shizuoka,
WSC2007,TP,xx,,actual,und,TPD4 39JP Marking Forms,0,,WSC2007/TP/xx/actual/und/TPD4 39JP Marking Forms,https://api.worldskills.org/resources/download/2196,queued,wsc-2007-shizuoka,
WSC2007,TP,xx,,pre,und,TPD4 39JP Pre,0,,WSC2007/TP/xx/pre/und/TPD4 39JP Pre,https://api.worldskills.org/resources/download/2109,queued,wsc-2007-shizuoka,
WSC2007,TP,xx,,actual,und,TPHM1 39JP Actual,0,,WSC2007/TP/xx/actual/und/TPHM1 39JP Actual,https://api.worldskills.org/resources/download/2208,queued,wsc-2007-shizuoka,
WSC2007,TP,xx,,actual,und,TPHM1 39JP Marking Forms,0,,WSC2007/TP/xx/actual/und/TPHM1 39JP Marking Forms,https://api.worldskills.org/resources/download/2197,queued,wsc-2007-shizuoka,
WSC2007,TP,xx,,pre,und,TPHM1 39JP Pre,0,,WSC2007/TP/xx/pre/und/TPHM1 39JP Pre,https://api.worldskills.org/resources/download/2110,queued,wsc-2007-shizuoka,
WSC2007,TP,xx,,actual,und,TPHM2 39JP Actual,0,,WSC2007/TP/xx/actual/und/TPHM2 39JP Actual,https://api.worldskills.org/resources/download/2209,queued,wsc-2007-shizuoka,
WSC2007,TP,xx,,actual,und,TPHM2 39JP Marking Forms,0,,WSC2007/TP/xx/actual/und/TPHM2 39JP Marking Forms,https://api.worldskills.org/resources/download/2198,queued,wsc-2007-shizuoka,
WSC2007,TP,xx,,pre,und,TPHM2 39JP Pre,0,,WSC2007/TP/xx/pre/und/TPHM2 39JP Pre,https://api.worldskills.org/resources/download/2111,queued,wsc-2007-shizuoka,
WSC2007,TP,xx,,actual,und,TPHM3 39JP Actual,0,,WSC2007/TP/xx/actual/und/TPHM3 39JP Actual,https://api.worldskills.org/resources/download/2210,queued,wsc-2007-shizuoka,
WSC2007,TP,xx,,actual,und,TPHM3 39JP Marking Forms,0,,WSC2007/TP/xx/actual/und/TPHM3 39JP Marking Forms,https://api.worldskills.org/resources/download/2199,queued,wsc-2007-shizuoka,
WSC2007,TP,xx,,pre,und,TPHM3 39JP Pre,0,,WSC2007/TP/xx/pre/und/TPHM3 39JP Pre,https://api.worldskills.org/resources/download/2112,queued,wsc-2007-shizuoka,
WSC2007,TP,xx,,actual,und,TPHM4 39JP Actual,0,,WSC2007/TP/xx/actual/und/TPHM4 39JP Actual,https://api.worldskills.org/resources/download/2211,queued,wsc-2007-shizuoka,
WSC2007,TP,xx,,actual,und,TPHM4 39JP Marking Forms,0,,WSC2007/TP/xx/actual/und/TPHM4 39JP Marking Forms,https://api.worldskills.org/resources/download/2200,queued,wsc-2007-shizuoka,
WSC2007,TP,xx,,pre,und,TPHM4 39JP Pre,0,,WSC2007/TP/xx/pre/und/TPHM4 39JP Pre,https://api.worldskills.org/resources/download/2090,queued,wsc-2007-shizuoka,
WSC2007,TP,xx,,actual,und,TPHM5 39JP Actual,0,,WSC2007/TP/xx/actual/und/TPHM5 39JP Actual,https://api.worldskills.org/resources/download/2212,queued,wsc-2007-shizuoka,
WSC2007,TP,xx,,actual,und,TPHM5 39JP Marking Forms,0,,WSC2007/TP/xx/actual/und/TPHM5 39JP Marking Forms,https://api.worldskills.org/resources/download/2201,queued,wsc-2007-shizuoka,
WSC2007,TP,xx,,pre,und,TPHM5 39JP Pre,0,,WSC2007/TP/xx/pre/und/TPHM5 39JP Pre,https://api.worldskills.org/resources/download/2113,queued,wsc-2007-shizuoka,
WSC2007,TP,xx,,pre,und,TPXX 39JP Templates,0,,WSC2007/TP/xx/pre/und/TPXX 39JP Templates,https://api.worldskills.org/resources/download/2085,queued,wsc-2007-shizuoka,
WSC2009,DOC,01,Polymechanics/Automation,,und,DOC01 IL 40CA,0,,WSC2009/DOC/01/und/DOC01 IL 40CA,https://api.worldskills.org/resources/download/1521,queued,wsc-2009-calgary,
WSC2009,DOC,01,Polymechanics/Automation,,und,HS01 40CA,0,,WSC2009/DOC/01/und/HS01 40CA,https://api.worldskills.org/resources/download/1475,queued,wsc-2009-calgary,
WSC2009,DOC,01,Polymechanics/Automation,,und,WSC2009 Skill01 Results,0,,WSC2009/DOC/01/und/WSC2009 Skill01 Results,https://api.worldskills.org/resources/download/2489,queued,wsc-2009-calgary,
WSC2009,DOC,02,Information Network Cabling,,und,DOC02 IL 40CA,0,,WSC2009/DOC/02/und/DOC02 IL 40CA,https://api.worldskills.org/resources/download/1523,queued,wsc-2009-calgary,
WSC2009,DOC,02,Information Network Cabling,,und,HS02 40CA,0,,WSC2009/DOC/02/und/HS02 40CA,https://api.worldskills.org/resources/download/1474,queued,wsc-2009-calgary,
WSC2009,DOC,02,Information Network Cabling,,und,WSC2009 Skill02 Results,0,,WSC2009/DOC/02/und/WSC2009 Skill02 Results,https://api.worldskills.org/resources/download/2490,queued,wsc-2009-calgary,
WSC2009,DOC,03,Manufacturing Team Challenge,,und,DOC03 IL 40CA,0,,WSC2009/DOC/03/und/DOC03 IL 40CA,https://api.worldskills.org/resources/download/1524,queued,wsc-2009-calgary,
WSC2009,DOC,03,Manufacturing Team Challenge,,und,HS03 40CA,0,,WSC2009/DOC/03/und/HS03 40CA,https://api.worldskills.org/resources/download/1469,queued,wsc-2009-calgary,
WSC2009,DOC,03,Manufacturing Team Challenge,,und,WSC2009 Skill03 Results,0,,WSC2009/DOC/03/und/WSC2009 Skill03 Results,https://api.worldskills.org/resources/download/2491,queued,wsc-2009-calgary,
WSC2009,DOC,04,Mechatronics,,und,DOC04 IL 40CA,0,,WSC2009/DOC/04/und/DOC04 IL 40CA,https://api.worldskills.org/resources/download/1542,queued,wsc-2009-calgary,
WSC2009,DOC,04,Mechatronics,,und,HS04 40CA,0,,WSC2009/DOC/04/und/HS04 40CA,https://api.worldskills.org/resources/download/1470,queued,wsc-2009-calgary,
WSC2009,DOC,04,Mechatronics,,und,WSC2009 Skill04 Results,0,,WSC2009/DOC/04/und/WSC2009 Skill04 Results,https://api.worldskills.org/resources/download/2492,queued,wsc-2009-calgary,
WSC2009,DOC,05,Mechanical Engineering Design - CAD,,und,HS05 40CA,0,,WSC2009/DOC/05/und/HS05 40CA,https://api.worldskills.org/resources/download/1471,queued,wsc-2009-calgary,
WSC2009,DOC,05,Mechanical Engineering Design - CAD,,und,WSC2009 Skill05 Results,0,,WSC2009/DOC/05/und/WSC2009 Skill05 Results,https://api.worldskills.org/resources/download/2493,queued,wsc-2009-calgary,
WSC2009,DOC,06,CNC Turning,,und,DOC06 IL 40CA,0,,WSC2009/DOC/06/und/DOC06 IL 40CA,https://api.worldskills.org/resources/download/1525,queued,wsc-2009-calgary,
WSC2009,DOC,06,CNC Turning,,und,HS06 40CA,0,,WSC2009/DOC/06/und/HS06 40CA,https://api.worldskills.org/resources/download/1473,queued,wsc-2009-calgary,
WSC2009,DOC,06,CNC Turning,,und,WSC2009 Skill06 Results,0,,WSC2009/DOC/06/und/WSC2009 Skill06 Results,https://api.worldskills.org/resources/download/2494,queued,wsc-2009-calgary,
WSC2009,DOC,07,CNC Milling,,und,DOC07 IL 40CA,0,,WSC2009/DOC/07/und/DOC07 IL 40CA,https://api.worldskills.org/resources/download/1526,queued,wsc-2009-calgary,
WSC2009,DOC,07,CNC Milling,,und,HS07 40CA,0,,WSC2009/DOC/07/und/HS07 40CA,https://api.worldskills.org/resources/download/1472,queued,wsc-2009-calgary,
WSC2009,DOC,07,CNC Milling,,und,WSC2009 Skill07 Results,0,,WSC2009/DOC/07/und/WSC2009 Skill07 Results,https://api.worldskills.org/resources/download/2495,queued,wsc-2009-calgary,
WSC2009,DOC,08,Mould Making,,und,DOC08 IL 40CA,0,,WSC2009/DOC/08/und/DOC08 IL 40CA,https://api.worldskills.org/resources/download/1527,queued,wsc-2009-calgary,
WSC2009,DOC,08,Mould Making,,und,HS08 40CA,0,,WSC2009/DOC/08/und/HS08 40CA,https://api.worldskills.org/resources/download/1476,queued,wsc-2009-calgary,
WSC2009,DOC,08,Mould Making,,und,WSC2009 Skill08 Results,0,,WSC2009/DOC/08/und/WSC2009 Skill08 Results,https://api.worldskills.org/resources/download/2496,queued,wsc-2009-calgary,
WSC2009,DOC,09,IT/Software Applications,,und,HS09 40CA,0,,WSC2009/DOC/09/und/HS09 40CA,https://api.worldskills.org/resources/download/1477,queued,wsc-2009-calgary,
WSC2009,DOC,09,IT/Software Applications,,und,WSC2009 Skill09 Results,0,,WSC2009/DOC/09/und/WSC2009 Skill09 Results,https://api.worldskills.org/resources/download/2497,queued,wsc-2009-calgary,
WSC2009,DOC,10,Welding,,und,DOC10 IL 40CA,0,,WSC2009/DOC/10/und/DOC10 IL 40CA,https://api.worldskills.org/resources/download/1547,queued,wsc-2009-calgary,
WSC2009,DOC,10,Welding,,und,HS10 40CA,0,,WSC2009/DOC/10/und/HS10 40CA,https://api.worldskills.org/resources/download/1478,queued,wsc-2009-calgary,
WSC2009,DOC,10,Welding,,und,WSC2009 Skill10 Results,0,,WSC2009/DOC/10/und/WSC2009 Skill10 Results,https://api.worldskills.org/resources/download/2498,queued,wsc-2009-calgary,
WSC2009,DOC,11,Offset Printing,,und,DOC11 IL 40CA,0,,WSC2009/DOC/11/und/DOC11 IL 40CA,https://api.worldskills.org/resources/download/1528,queued,wsc-2009-calgary,
WSC2009,DOC,11,Offset Printing,,und,HS11 40CA,0,,WSC2009/DOC/11/und/HS11 40CA,https://api.worldskills.org/resources/download/1479,queued,wsc-2009-calgary,
WSC2009,DOC,11,Offset Printing,,und,WSC2009 Skill11 Results,0,,WSC2009/DOC/11/und/WSC2009 Skill11 Results,https://api.worldskills.org/resources/download/2499,queued,wsc-2009-calgary,
WSC2009,DOC,12,Wall and Floor Tiling,,und,DOC12 IL 40CA,0,,WSC2009/DOC/12/und/DOC12 IL 40CA,https://api.worldskills.org/resources/download/1529,queued,wsc-2009-calgary,
WSC2009,DOC,12,Wall and Floor Tiling,,und,HS12 40CA,0,,WSC2009/DOC/12/und/HS12 40CA,https://api.worldskills.org/resources/download/1480,queued,wsc-2009-calgary,
WSC2009,DOC,12,Wall and Floor Tiling,,und,WSC2009 Skill12 Results,0,,WSC2009/DOC/12/und/WSC2009 Skill12 Results,https://api.worldskills.org/resources/download/2500,queued,wsc-2009-calgary,
WSC2009,DOC,13,Autobody Repair,,und,DOC13 IL 40CA,0,,WSC2009/DOC/13/und/DOC13 IL 40CA,https://api.worldskills.org/resources/download/1522,queued,wsc-2009-calgary,
WSC2009,DOC,13,Autobody Repair,,und,HS13 40CA,0,,WSC2009/DOC/13/und/HS13 40CA,https://api.worldskills.org/resources/download/1481,queued,wsc-2009-calgary,
WSC2009,DOC,13,Autobody Repair,,und,WSC2009 Skill13 Results,0,,WSC2009/DOC/13/und/WSC2009 Skill13 Results,https://api.worldskills.org/resources/download/2501,queued,wsc-2009-calgary,
WSC2009,DOC,14,Metal Roofing,,und,DOC14 IL 40CA,0,,WSC2009/DOC/14/und/DOC14 IL 40CA,https://api.worldskills.org/resources/download/1543,queued,wsc-2009-calgary,
WSC2009,DOC,14,Metal Roofing,,und,HS14 40CA,0,,WSC2009/DOC/14/und/HS14 40CA,https://api.worldskills.org/resources/download/1482,queued,wsc-2009-calgary,
WSC2009,DOC,14,Metal Roofing,,und,WSC2009 Skill14 Results,0,,WSC2009/DOC/14/und/WSC2009 Skill14 Results,https://api.worldskills.org/resources/download/2502,queued,wsc-2009-calgary,
WSC2009,DOC,15,Plumbing and Heating,,und,DOC15 IL 40CA,0,,WSC2009/DOC/15/und/DOC15 IL 40CA,https://api.worldskills.org/resources/download/1530,queued,wsc-2009-calgary,
WSC2009,DOC,15,Plumbing and Heating,,und,HS15 40CA,0,,WSC2009/DOC/15/und/HS15 40CA,https://api.worldskills.org/resources/download/1483,queued,wsc-2009-calgary,
WSC2009,DOC,15,Plumbing and Heating,,und,WSC2009 Skill15 Results,0,,WSC2009/DOC/15/und/WSC2009 Skill15 Results,https://api.worldskills.org/resources/download/2503,queued,wsc-2009-calgary,
WSC2009,DOC,16,Electronics,,und,DOC16 IL 40CA,0,,WSC2009/DOC/16/und/DOC16 IL 40CA,https://api.worldskills.org/resources/download/1531,queued,wsc-2009-calgary,
WSC2009,DOC,16,Electronics,,und,HS16 40CA,0,,WSC2009/DOC/16/und/HS16 40CA,https://api.worldskills.org/resources/download/1484,queued,wsc-2009-calgary,
WSC2009,DOC,16,Electronics,,und,WSC2009 Skill16 Results,0,,WSC2009/DOC/16/und/WSC2009 Skill16 Results,https://api.worldskills.org/resources/download/2504,queued,wsc-2009-calgary,
WSC2009,DOC,17,Web Design,,und,HS17 40CA,0,,WSC2009/DOC/17/und/HS17 40CA,https://api.worldskills.org/resources/download/1485,queued,wsc-2009-calgary,
WSC2009,DOC,17,Web Design,,und,WSC2009 Skill17 Results,0,,WSC2009/DOC/17/und/WSC2009 Skill17 Results,https://api.worldskills.org/resources/download/2505,queued,wsc-2009-calgary,
WSC2009,DOC,18,Electrical Installations,,und,DOC18 IL 40CA,0,,WSC2009/DOC/18/und/DOC18 IL 40CA,https://api.worldskills.org/resources/download/1532,queued,wsc-2009-calgary,
WSC2009,DOC,18,Electrical Installations,,und,HS18 40CA,0,,WSC2009/DOC/18/und/HS18 40CA,https://api.worldskills.org/resources/download/1486,queued,wsc-2009-calgary,
WSC2009,DOC,18,Electrical Installations,,und,WSC2009 Skill18 Results,0,,WSC2009/DOC/18/und/WSC2009 Skill18 Results,https://api.worldskills.org/resources/download/2506,queued,wsc-2009-calgary,
WSC2009,DOC,19,Industrial Control,,und,DOC19 IL 40CA,0,,WSC2009/DOC/19/und/DOC19 IL 40CA,https://api.worldskills.org/resources/download/1533,queued,wsc-2009-calgary,
WSC2009,DOC,19,Industrial Control,,und,HS19 40CA,0,,WSC2009/DOC/19/und/HS19 40CA,https://api.worldskills.org/resources/download/1487,queued,wsc-2009-calgary,
WSC2009,DOC,19,Industrial Control,,und,WSC2009 Skill19 Results,0,,WSC2009/DOC/19/und/WSC2009 Skill19 Results,https://api.worldskills.org/resources/download/2507,queued,wsc-2009-calgary,
WSC2009,DOC,20,Bricklaying,,und,DOC20 IL 40CA,0,,WSC2009/DOC/20/und/DOC20 IL 40CA,https://api.worldskills.org/resources/download/1534,queued,wsc-2009-calgary,
WSC2009,DOC,20,Bricklaying,,und,HS20 40CA,0,,WSC2009/DOC/20/und/HS20 40CA,https://api.worldskills.org/resources/download/1488,queued,wsc-2009-calgary,
WSC2009,DOC,20,Bricklaying,,und,WSC2009 Skill20 Results,0,,WSC2009/DOC/20/und/WSC2009 Skill20 Results,https://api.worldskills.org/resources/download/2508,queued,wsc-2009-calgary,
WSC2009,DOC,21,Stonemasonry,,und,HS21 40CA,0,,WSC2009/DOC/21/und/HS21 40CA,https://api.worldskills.org/resources/download/1489,queued,wsc-2009-calgary,
WSC2009,DOC,21,Stonemasonry,,und,WSC2009 Skill21 Results,0,,WSC2009/DOC/21/und/WSC2009 Skill21 Results,https://api.worldskills.org/resources/download/2509,queued,wsc-2009-calgary,
WSC2009,DOC,22,Painting and Decorating,,und,DOC22 IL 40CA,0,,WSC2009/DOC/22/und/DOC22 IL 40CA,https://api.worldskills.org/resources/download/1539,queued,wsc-2009-calgary,
WSC2009,DOC,22,Painting and Decorating,,und,HS22 40CA,0,,WSC2009/DOC/22/und/HS22 40CA,https://api.worldskills.org/resources/download/1490,queued,wsc-2009-calgary,
WSC2009,DOC,22,Painting and Decorating,,und,WSC2009 Skill22 Results,0,,WSC2009/DOC/22/und/WSC2009 Skill22 Results,https://api.worldskills.org/resources/download/2510,queued,wsc-2009-calgary,
WSC2009,DOC,23,Mobile Robotics,,und,HS23 40CA,0,,WSC2009/DOC/23/und/HS23 40CA,https://api.worldskills.org/resources/download/1491,queued,wsc-2009-calgary,
WSC2009,DOC,23,Mobile Robotics,,und,WSC2009 Skill23 Results,0,,WSC2009/DOC/23/und/WSC2009 Skill23 Results,https://api.worldskills.org/resources/download/2511,queued,wsc-2009-calgary,
WSC2009,DOC,24,Cabinetmaking,,und,DOC24 IL 40CA,0,,WSC2009/DOC/24/und/DOC24 IL 40CA,https://api.worldskills.org/resources/download/1535,queued,wsc-2009-calgary,
WSC2009,DOC,24,Cabinetmaking,,und,HS24 40CA,0,,WSC2009/DOC/24/und/HS24 40CA,https://api.worldskills.org/resources/download/1492,queued,wsc-2009-calgary,
WSC2009,DOC,24,Cabinetmaking,,und,WSC2009 Skill24 Results,0,,WSC2009/DOC/24/und/WSC2009 Skill24 Results,https://api.worldskills.org/resources/download/2512,queued,wsc-2009-calgary,
WSC2009,DOC,25,Joinery,,und,DOC25 IL 40CA,0,,WSC2009/DOC/25/und/DOC25 IL 40CA,https://api.worldskills.org/resources/download/1536,queued,wsc-2009-calgary,
WSC2009,DOC,25,Joinery,,und,HS25 40CA,0,,WSC2009/DOC/25/und/HS25 40CA,https://api.worldskills.org/resources/download/1493,queued,wsc-2009-calgary,
WSC2009,DOC,25,Joinery,,und,WSC2009 Skill25 Results,0,,WSC2009/DOC/25/und/WSC2009 Skill25 Results,https://api.worldskills.org/resources/download/2513,queued,wsc-2009-calgary,
WSC2009,DOC,26,Carpentry,,und,DOC26 IL 40CA,0,,WSC2009/DOC/26/und/DOC26 IL 40CA,https://api.worldskills.org/resources/download/1537,queued,wsc-2009-calgary,
WSC2009,DOC,26,Carpentry,,und,HS26 40CA,0,,WSC2009/DOC/26/und/HS26 40CA,https://api.worldskills.org/resources/download/1494,queued,wsc-2009-calgary,
WSC2009,DOC,26,Carpentry,,und,WSC2009 Skill26 Results,0,,WSC2009/DOC/26/und/WSC2009 Skill26 Results,https://api.worldskills.org/resources/download/2514,queued,wsc-2009-calgary,
WSC2009,DOC,27,Jewellery,,und,HS27 40CA,0,,WSC2009/DOC/27/und/HS27 40CA,https://api.worldskills.org/resources/download/1495,queued,wsc-2009-calgary,
WSC2009,DOC,27,Jewellery,,und,WSC2009 Skill27 Results,0,,WSC2009/DOC/27/und/WSC2009 Skill27 Results,https://api.worldskills.org/resources/download/2515,queued,wsc-2009-calgary,
WSC2009,DOC,28,Floristry,,und,HS28 40CA,0,,WSC2009/DOC/28/und/HS28 40CA,https://api.worldskills.org/resources/download/1496,queued,wsc-2009-calgary,
WSC2009,DOC,28,Floristry,,und,WSC2009 Skill28 Results,0,,WSC2009/DOC/28/und/WSC2009 Skill28 Results,https://api.worldskills.org/resources/download/2516,queued,wsc-2009-calgary,
WSC2009,DOC,29,Ladies'/Men's Hairdressing,,und,HS29 40CA,0,,WSC2009/DOC/29/und/HS29 40CA,https://api.worldskills.org/resources/download/1497,queued,wsc-2009-calgary,
WSC2009,DOC,29,Ladies'/Men's Hairdressing,,und,WSC2009 Skill29 Results,0,,WSC2009/DOC/29/und/WSC2009 Skill29 Results,https://api.worldskills.org/resources/download/2517,queued,wsc-2009-calgary,
WSC2009,DOC,30,Beauty Therapy,,und,DOC30 IL 40CA,0,,WSC2009/DOC/30/und/DOC30 IL 40CA,https://api.worldskills.org/resources/download/1538,queued,wsc-2009-calgary,
WSC2009,DOC,30,Beauty Therapy,,und,HS30 40CA,0,,WSC2009/DOC/30/und/HS30 40CA,https://api.worldskills.org/resources/download/1498,queued,wsc-2009-calgary,
WSC2009,DOC,30,Beauty Therapy,,und,WSC2009 Skill30 Results,0,,WSC2009/DOC/30/und/WSC2009 Skill30 Results,https://api.worldskills.org/resources/download/2518,queued,wsc-2009-calgary,
WSC2009,DOC,31,Fashion Technology,,und,DOC31 IL 40CA,0,,WSC2009/DOC/31/und/DOC31 IL 40CA,https://api.worldskills.org/resources/download/1544,queued,wsc-2009-calgary,
WSC2009,DOC,31,Fashion Technology,,und,HS31 40CA,0,,WSC2009/DOC/31/und/HS31 40CA,https://api.worldskills.org/resources/download/1499,queued,wsc-2009-calgary,
WSC2009,DOC,31,Fashion Technology,,und,WSC2009 Skill31 Results,0,,WSC2009/DOC/31/und/WSC2009 Skill31 Results,https://api.worldskills.org/resources/download/2519,queued,wsc-2009-calgary,
WSC2009,DOC,32,Confectioner/Pastry Cook,,und,DOC32 IL 40CA,0,,WSC2009/DOC/32/und/DOC32 IL 40CA,https://api.worldskills.org/resources/download/1515,queued,wsc-2009-calgary,
WSC2009,DOC,32,Confectioner/Pastry Cook,,und,HS32 40CA,0,,WSC2009/DOC/32/und/HS32 40CA,https://api.worldskills.org/resources/download/1500,queued,wsc-2009-calgary,
WSC2009,DOC,32,Confectioner/Pastry Cook,,und,WSC2009 Skill32 Results,0,,WSC2009/DOC/32/und/WSC2009 Skill32 Results,https://api.worldskills.org/resources/download/2520,queued,wsc-2009-calgary,
WSC2009,DOC,33,Automobile Technology,,und,DOC33 IL 40CA,0,,WSC2009/DOC/33/und/DOC33 IL 40CA,https://api.worldskills.org/resources/download/1520,queued,wsc-2009-calgary,
WSC2009,DOC,33,Automobile Technology,,und,HS33 40CA,0,,WSC2009/DOC/33/und/HS33 40CA,https://api.worldskills.org/resources/download/1501,queued,wsc-2009-calgary,
WSC2009,DOC,33,Automobile Technology,,und,WSC2009 Skill33 Results,0,,WSC2009/DOC/33/und/WSC2009 Skill33 Results,https://api.worldskills.org/resources/download/2521,queued,wsc-2009-calgary,
WSC2009,DOC,34,Cooking,,und,DOC34 IL 40CA,0,,WSC2009/DOC/34/und/DOC34 IL 40CA,https://api.worldskills.org/resources/download/1545,queued,wsc-2009-calgary,
WSC2009,DOC,34,Cooking,,und,HS34 40CA,0,,WSC2009/DOC/34/und/HS34 40CA,https://api.worldskills.org/resources/download/1502,queued,wsc-2009-calgary,
WSC2009,DOC,34,Cooking,,und,WSC2009 Skill34 Results,0,,WSC2009/DOC/34/und/WSC2009 Skill34 Results,https://api.worldskills.org/resources/download/2522,queued,wsc-2009-calgary,
WSC2009,DOC,35,Restaurant Service,,und,DOC35 IL 40CA,0,,WSC2009/DOC/35/und/DOC35 IL 40CA,https://api.worldskills.org/resources/download/1516,queued,wsc-2009-calgary,
WSC2009,DOC,35,Restaurant Service,,und,HS35 40CA,0,,WSC2009/DOC/35/und/HS35 40CA,https://api.worldskills.org/resources/download/1503,queued,wsc-2009-calgary,
WSC2009,DOC,35,Restaurant Service,,und,WSC2009 Skill35 Results,0,,WSC2009/DOC/35/und/WSC2009 Skill35 Results,https://api.worldskills.org/resources/download/2523,queued,wsc-2009-calgary,
WSC2009,DOC,36,Car Painting,,und,DOC36 IL 40CA,0,,WSC2009/DOC/36/und/DOC36 IL 40CA,https://api.worldskills.org/resources/download/1540,queued,wsc-2009-calgary,
WSC2009,DOC,36,Car Painting,,und,HS36 40CA,0,,WSC2009/DOC/36/und/HS36 40CA,https://api.worldskills.org/resources/download/1504,queued,wsc-2009-calgary,
WSC2009,DOC,36,Car Painting,,und,WSC2009 Skill36 Results,0,,WSC2009/DOC/36/und/WSC2009 Skill36 Results,https://api.worldskills.org/resources/download/2524,queued,wsc-2009-calgary,
WSC2009,DOC,37,Landscape Gardening,,und,DOC37 IL 40CA,0,,WSC2009/DOC/37/und/DOC37 IL 40CA,https://api.worldskills.org/resources/download/1517,queued,wsc-2009-calgary,
WSC2009,DOC,37,Landscape Gardening,,und,HS37 40CA,0,,WSC2009/DOC/37/und/HS37 40CA,https://api.worldskills.org/resources/download/1505,queued,wsc-2009-calgary,
WSC2009,DOC,37,Landscape Gardening,,und,WSC2009 Skill37 Results,0,,WSC2009/DOC/37/und/WSC2009 Skill37 Results,https://api.worldskills.org/resources/download/2525,queued,wsc-2009-calgary,
WSC2009,DOC,38,Refrigeration,,und,HS38 40CA,0,,WSC2009/DOC/38/und/HS38 40CA,https://api.worldskills.org/resources/download/1506,queued,wsc-2009-calgary,
WSC2009,DOC,38,Refrigeration,,und,WSC2009 Skill38 Results,0,,WSC2009/DOC/38/und/WSC2009 Skill38 Results,https://api.worldskills.org/resources/download/2536,queued,wsc-2009-calgary,
WSC2009,DOC,39,IT PC/Network Support,,und,DOC39 IL 40CA,0,,WSC2009/DOC/39/und/DOC39 IL 40CA,https://api.worldskills.org/resources/download/1546,queued,wsc-2009-calgary,
WSC2009,DOC,39,IT PC/Network Support,,und,HS39 40CA,0,,WSC2009/DOC/39/und/HS39 40CA,https://api.worldskills.org/resources/download/1507,queued,wsc-2009-calgary,
WSC2009,DOC,39,IT PC/Network Support,,und,WSC2009 Skill39 Results,0,,WSC2009/DOC/39/und/WSC2009 Skill39 Results,https://api.worldskills.org/resources/download/2526,queued,wsc-2009-calgary,
WSC2009,DOC,40,Graphic Design Technology,,und,HS40 40CA,0,,WSC2009/DOC/40/und/HS40 40CA,https://api.worldskills.org/resources/download/1508,queued,wsc-2009-calgary,
WSC2009,DOC,40,Graphic Design Technology,,und,WSC2009 Skill40 Results,0,,WSC2009/DOC/40/und/WSC2009 Skill40 Results,https://api.worldskills.org/resources/download/2527,queued,wsc-2009-calgary,
WSC2009,DOC,41,Caring,,und,DOC41 IL 40CA,0,,WSC2009/DOC/41/und/DOC41 IL 40CA,https://api.worldskills.org/resources/download/1518,queued,wsc-2009-calgary,
WSC2009,DOC,41,Caring,,und,HS41 40CA,0,,WSC2009/DOC/41/und/HS41 40CA,https://api.worldskills.org/resources/download/1509,queued,wsc-2009-calgary,
WSC2009,DOC,41,Caring,,und,WSC2009 Skill41 Results,0,,WSC2009/DOC/41/und/WSC2009 Skill41 Results,https://api.worldskills.org/resources/download/2528,queued,wsc-2009-calgary,
WSC2009,DOC,xx,,,und,DOCD2 IL 40CA,0,,WSC2009/DOC/xx/und/DOCD2 IL 40CA,https://api.worldskills.org/resources/download/1519,queued,wsc-2009-calgary,
WSC2009,DOC,xx,,,und,DOCHM1 IL 40CA,0,,WSC2009/DOC/xx/und/DOCHM1 IL 40CA,https://api.worldskills.org/resources/download/1541,queued,wsc-2009-calgary,
WSC2009,DOC,xx,,,und,HS00 40CA,0,,WSC2009/DOC/xx/und/HS00 40CA,https://api.worldskills.org/resources/download/1514,queued,wsc-2009-calgary,
WSC2009,DOC,xx,,,und,HSD1 40CA,0,,WSC2009/DOC/xx/und/HSD1 40CA,https://api.worldskills.org/resources/download/1510,queued,wsc-2009-calgary,
WSC2009,DOC,xx,,,und,HSD2 40CA,0,,WSC2009/DOC/xx/und/HSD2 40CA,https://api.worldskills.org/resources/download/1511,queued,wsc-2009-calgary,
WSC2009,DOC,xx,,,und,HSD3 40CA,0,,WSC2009/DOC/xx/und/HSD3 40CA,https://api.worldskills.org/resources/download/1512,queued,wsc-2009-calgary,
WSC2009,DOC,xx,,,und,HSHM1 40CA,0,,WSC2009/DOC/xx/und/HSHM1 40CA,https://api.worldskills.org/resources/download/1513,queued,wsc-2009-calgary,
WSC2009,DOC,xx,,,und,WSC2009 Albert Vidal,0,,WSC2009/DOC/xx/und/WSC2009 Albert Vidal,https://api.worldskills.org/resources/download/2533,queued,wsc-2009-calgary,
WSC2009,DOC,xx,,,und,WSC2009 Albert Vidal Award,0,,WSC2009/DOC/xx/und/WSC2009 Albert Vidal Award,https://api.worldskills.org/resources/download/2538,queued,wsc-2009-calgary,
WSC2009,DOC,xx,,,und,WSC2009 All Skills Official,0,,WSC2009/DOC/xx/und/WSC2009 All Skills Official,https://api.worldskills.org/resources/download/2537,queued,wsc-2009-calgary,
WSC2009,DOC,xx,,,und,WSC2009 Best Of Nation,0,,WSC2009/DOC/xx/und/WSC2009 Best Of Nation,https://api.worldskills.org/resources/download/2534,queued,wsc-2009-calgary,
WSC2009,DOC,xx,,,und,WSC2009 Final Report,0,,WSC2009/DOC/xx/und/WSC2009 Final Report,https://api.worldskills.org/resources/download/3229,queued,wsc-2009-calgary,
WSC2009,DOC,xx,,,und,WSC2009 Member Comparison By Avg Medal,0,,WSC2009/DOC/xx/und/WSC2009 Member Comparison By Avg Medal,https://api.worldskills.org/resources/download/2539,queued,wsc-2009-calgary,
WSC2009,DOC,xx,,,und,WSC2009 Member Comparison By Avg Score,0,,WSC2009/DOC/xx/und/WSC2009 Member Comparison By Avg Score,https://api.worldskills.org/resources/download/2540,queued,wsc-2009-calgary,
WSC2009,DOC,xx,,,und,WSC2009 Member Comparison By Member,0,,WSC2009/DOC/xx/und/WSC2009 Member Comparison By Member,https://api.worldskills.org/resources/download/2541,queued,wsc-2009-calgary,
WSC2009,DOC,xx,,,und,WSC2009 Member Comparison By Total Medal,0,,WSC2009/DOC/xx/und/WSC2009 Member Comparison By Total Medal,https://api.worldskills.org/resources/download/2542,queued,wsc-2009-calgary,
WSC2009,DOC,xx,,,und,WSC2009 Member Comparison By Total Score,0,,WSC2009/DOC/xx/und/WSC2009 Member Comparison By Total Score,https://api.worldskills.org/resources/download/2543,queued,wsc-2009-calgary,
WSC2009,DOC,xx,,,und,WSC2009 Official Results,0,,WSC2009/DOC/xx/und/WSC2009 Official Results,https://api.worldskills.org/resources/download/2535,queued,wsc-2009-calgary,
WSC2009,DOC,xx,,,und,WSC2009 SkillD1 Results,0,,WSC2009/DOC/xx/und/WSC2009 SkillD1 Results,https://api.worldskills.org/resources/download/2529,queued,wsc-2009-calgary,
WSC2009,DOC,xx,,,und,WSC2009 SkillD2 Results,0,,WSC2009/DOC/xx/und/WSC2009 SkillD2 Results,https://api.worldskills.org/resources/download/2530,queued,wsc-2009-calgary,
WSC2009,DOC,xx,,,und,WSC2009 SkillD3 Results,0,,WSC2009/DOC/xx/und/WSC2009 SkillD3 Results,https://api.worldskills.org/resources/download/2531,queued,wsc-2009-calgary,
WSC2009,DOC,xx,,,und,WSC2009 SkillHM1 Results,0,,WSC2009/DOC/xx/und/WSC2009 SkillHM1 Results,https://api.worldskills.org/resources/download/2532,queued,wsc-2009-calgary,
WSC2009,IL,01,Polymechanics/Automation,,und,WSC2009_IL01,0,,WSC2009/IL/01/und/WSC2009_IL01,https://api.worldskills.org/resources/download/7977,queued,wsc-2009-calgary,
WSC2009,IL,02,Information Network Cabling,,und,WSC2009_IL02,0,,WSC2009/IL/02/und/WSC2009_IL02,https://api.worldskills.org/resources/download/7978,queued,wsc-2009-calgary,
WSC2009,IL,03,Manufacturing Team Challenge,,und,WSC2009_IL03,0,,WSC2009/IL/03/und/WSC2009_IL03,https://api.worldskills.org/resources/download/7979,queued,wsc-2009-calgary,
WSC2009,IL,04,Mechatronics,,und,WSC2009_IL04,0,,WSC2009/IL/04/und/WSC2009_IL04,https://api.worldskills.org/resources/download/7980,queued,wsc-2009-calgary,
WSC2009,IL,05,Mechanical Engineering Design - CAD,,und,WSC2009_IL05,0,,WSC2009/IL/05/und/WSC2009_IL05,https://api.worldskills.org/resources/download/7981,queued,wsc-2009-calgary,
WSC2009,IL,06,CNC Turning,,und,WSC2009_IL06,0,,WSC2009/IL/06/und/WSC2009_IL06,https://api.worldskills.org/resources/download/7982,queued,wsc-2009-calgary,
WSC2009,IL,07,CNC Milling,,und,WSC2009_IL07,0,,WSC2009/IL/07/und/WSC2009_IL07,https://api.worldskills.org/resources/download/7984,queued,wsc-2009-calgary,
WSC2009,IL,08,Mould Making,,und,WSC2009_IL08,0,,WSC2009/IL/08/und/WSC2009_IL08,https://api.worldskills.org/resources/download/7988,queued,wsc-2009-calgary,
WSC2009,IL,09,IT/Software Applications,,und,WSC2009_IL09,0,,WSC2009/IL/09/und/WSC2009_IL09,https://api.worldskills.org/resources/download/7989,queued,wsc-2009-calgary,
WSC2009,IL,10,Welding,,und,WSC2009_IL10,0,,WSC2009/IL/10/und/WSC2009_IL10,https://api.worldskills.org/resources/download/7990,queued,wsc-2009-calgary,
WSC2009,IL,11,Offset Printing,,und,WSC2009_IL11,0,,WSC2009/IL/11/und/WSC2009_IL11,https://api.worldskills.org/resources/download/7991,queued,wsc-2009-calgary,
WSC2009,IL,12,Wall and Floor Tiling,,und,WSC2009_IL12,0,,WSC2009/IL/12/und/WSC2009_IL12,https://api.worldskills.org/resources/download/7992,queued,wsc-2009-calgary,
WSC2009,IL,13,Autobody Repair,,und,WSC2009_IL13,0,,WSC2009/IL/13/und/WSC2009_IL13,https://api.worldskills.org/resources/download/7993,queued,wsc-2009-calgary,
WSC2009,IL,14,Metal Roofing,,und,WSC2009_IL14,0,,WSC2009/IL/14/und/WSC2009_IL14,https://api.worldskills.org/resources/download/8003,queued,wsc-2009-calgary,
WSC2009,IL,15,Plumbing and Heating,,und,WSC2009_IL15,0,,WSC2009/IL/15/und/WSC2009_IL15,https://api.worldskills.org/resources/download/8004,queued,wsc-2009-calgary,
WSC2009,IL,16,Electronics,,und,WSC2009_IL16,0,,WSC2009/IL/16/und/WSC2009_IL16,https://api.worldskills.org/resources/download/8005,queued,wsc-2009-calgary,
WSC2009,IL,17,Web Design,,und,WSC2009_IL17,0,,WSC2009/IL/17/und/WSC2009_IL17,https://api.worldskills.org/resources/download/8006,queued,wsc-2009-calgary,
WSC2009,IL,18,Electrical Installations,,und,WSC2009_IL18,0,,WSC2009/IL/18/und/WSC2009_IL18,https://api.worldskills.org/resources/download/8007,queued,wsc-2009-calgary,
WSC2009,IL,19,Industrial Control,,und,WSC2009_IL19,0,,WSC2009/IL/19/und/WSC2009_IL19,https://api.worldskills.org/resources/download/8008,queued,wsc-2009-calgary,
WSC2009,IL,20,Bricklaying,,und,WSC2009_IL20,0,,WSC2009/IL/20/und/WSC2009_IL20,https://api.worldskills.org/resources/download/8009,queued,wsc-2009-calgary,
WSC2009,IL,21,Stonemasonry,,und,WSC2009_IL21,0,,WSC2009/IL/21/und/WSC2009_IL21,https://api.worldskills.org/resources/download/8010,queued,wsc-2009-calgary,
WSC2009,IL,22,Painting and Decorating,,und,WSC2009_IL22,0,,WSC2009/IL/22/und/WSC2009_IL22,https://api.worldskills.org/resources/download/8011,queued,wsc-2009-calgary,
WSC2009,IL,23,Mobile Robotics,,und,WSC2009_IL23,0,,WSC2009/IL/23/und/WSC2009_IL23,https://api.worldskills.org/resources/download/8012,queued,wsc-2009-calgary,
WSC2009,IL,24,Cabinetmaking,,und,WSC2009_IL24,0,,WSC2009/IL/24/und/WSC2009_IL24,https://api.worldskills.org/resources/download/8013,queued,wsc-2009-calgary,
WSC2009,IL,25,Joinery,,und,WSC2009_IL25,0,,WSC2009/IL/25/und/WSC2009_IL25,https://api.worldskills.org/resources/download/8014,queued,wsc-2009-calgary,
WSC2009,IL,26,Carpentry,,und,WSC2009_IL26,0,,WSC2009/IL/26/und/WSC2009_IL26,https://api.worldskills.org/resources/download/8015,queued,wsc-2009-calgary,
WSC2009,IL,27,Jewellery,,und,WSC2009_IL27,0,,WSC2009/IL/27/und/WSC2009_IL27,https://api.worldskills.org/resources/download/8016,queued,wsc-2009-calgary,
WSC2009,IL,28,Floristry,,und,WSC2009_IL28,0,,WSC2009/IL/28/und/WSC2009_IL28,https://api.worldskills.org/resources/download/8017,queued,wsc-2009-calgary,
WSC2009,IL,29,Ladies'/Men's Hairdressing,,und,WSC2009_IL29,0,,WSC2009/IL/29/und/WSC2009_IL29,https://api.worldskills.org/resources/download/8018,queued,wsc-2009-calgary,
WSC2009,IL,30,Beauty Therapy,,und,WSC2009_IL30,0,,WSC2009/IL/30/und/WSC2009_IL30,https://api.worldskills.org/resources/download/8019,queued,wsc-2009-calgary,
WSC2009,IL,31,Fashion Technology,,und,WSC2009_IL31,0,,WSC2009/IL/31/und/WSC2009_IL31,https://api.worldskills.org/resources/download/8020,queued,wsc-2009-calgary,
WSC2009,IL,32,Confectioner/Pastry Cook,,und,WSC2009_IL32,0,,WSC2009/IL/32/und/WSC2009_IL32,https://api.worldskills.org/resources/download/8021,queued,wsc-2009-calgary,
WSC2009,IL,33,Automobile Technology,,und,WSC2009_IL33,0,,WSC2009/IL/33/und/WSC2009_IL33,https://api.worldskills.org/resources/download/8022,queued,wsc-2009-calgary,
WSC2009,IL,34,Cooking,,und,WSC2009_IL34,0,,WSC2009/IL/34/und/WSC2009_IL34,https://api.worldskills.org/resources/download/8023,queued,wsc-2009-calgary,
WSC2009,IL,35,Restaurant Service,,und,WSC2009_IL35,0,,WSC2009/IL/35/und/WSC2009_IL35,https://api.worldskills.org/resources/download/8024,queued,wsc-2009-calgary,
WSC2009,IL,36,Car Painting,,und,WSC2009_IL36,0,,WSC2009/IL/36/und/WSC2009_IL36,https://api.worldskills.org/resources/download/8025,queued,wsc-2009-calgary,
WSC2009,IL,37,Landscape Gardening,,und,WSC2009_IL37,0,,WSC2009/IL/37/und/WSC2009_IL37,https://api.worldskills.org/resources/download/8026,queued,wsc-2009-calgary,
WSC2009,IL,38,Refrigeration,,und,WSC2009_IL38,0,,WSC2009/IL/38/und/WSC2009_IL38,https://api.worldskills.org/resources/download/8027,queued,wsc-2009-calgary,
WSC2009,IL,39,IT PC/Network Support,,und,WSC2009_IL39,0,,WSC2009/IL/39/und/WSC2009_IL39,https://api.worldskills.org/resources/download/8028,queued,wsc-2009-calgary,
WSC2009,IL,40,Graphic Design Technology,,und,WSC2009_IL40,0,,WSC2009/IL/40/und/WSC2009_IL40,https://api.worldskills.org/resources/download/8029,queued,wsc-2009-calgary,
WSC2009,IL,41,Caring,,und,WSC2009_IL41,0,,WSC2009/IL/41/und/WSC2009_IL41,https://api.worldskills.org/resources/download/8030,queued,wsc-2009-calgary,
WSC2009,IL,D1,Aircraft Maintenance,,und,WSC2009_ILD1,0,,WSC2009/IL/D1/und/WSC2009_ILD1,https://api.worldskills.org/resources/download/8031,queued,wsc-2009-calgary,
WSC2009,IL,D2,Construction Metal Work,,und,WSC2009_ILD2,0,,WSC2009/IL/D2/und/WSC2009_ILD2,https://api.worldskills.org/resources/download/8032,queued,wsc-2009-calgary,
WSC2009,IL,D3,Plastering and Drywall Systems,,und,WSC2009_ILD3,0,,WSC2009/IL/D3/und/WSC2009_ILD3,https://api.worldskills.org/resources/download/8034,queued,wsc-2009-calgary,
WSC2009,IL,H,,,und,WSC2009_ILHM1,0,,WSC2009/IL/H/und/WSC2009_ILHM1,https://api.worldskills.org/resources/download/8035,queued,wsc-2009-calgary,
WSC2009,RES,xx,,,und,Backpacks for Brazil,0,,WSC2009/RES/xx/und/Backpacks for Brazil,https://api.worldskills.org/resources/download/187,queued,wsc-2009-calgary,
WSC2009,RES,xx,,,und,Cardinal Newman School,0,,WSC2009/RES/xx/und/Cardinal Newman School,https://api.worldskills.org/resources/download/162,queued,wsc-2009-calgary,
WSC2009,RES,xx,,,und,South Africa Goes Back to School,0,,WSC2009/RES/xx/und/South Africa Goes Back to School,https://api.worldskills.org/resources/download/182,queued,wsc-2009-calgary,
WSC2009,RES,xx,,,und,Team New Zealand visits St James School,0,,WSC2009/RES/xx/und/Team New Zealand visits St James School,https://api.worldskills.org/resources/download/179,queued,wsc-2009-calgary,
WSC2009,RES,xx,,,und,Team Sweden at Our Lady of Fatima,0,,WSC2009/RES/xx/und/Team Sweden at Our Lady of Fatima,https://api.worldskills.org/resources/download/168,queued,wsc-2009-calgary,
WSC2009,RES,xx,,,und,WSC2009 CISCO presentation,0,,WSC2009/RES/xx/und/WSC2009 CISCO presentation,https://api.worldskills.org/resources/download/230,queued,wsc-2009-calgary,
WSC2009,RES,xx,,,und,WSC2009 Final Report - Closing Ceremony,0,,WSC2009/RES/xx/und/WSC2009 Final Report - Closing Ceremony,https://api.worldskills.org/resources/download/74,queued,wsc-2009-calgary,
WSC2009,RES,xx,,,und,WSC2009 Final Report - One School One Country,0,,WSC2009/RES/xx/und/WSC2009 Final Report - One School One Country,https://api.worldskills.org/resources/download/122,queued,wsc-2009-calgary,
WSC2009,RES,xx,,,und,WSC2009 Final Report - Opening Ceremony,0,,WSC2009/RES/xx/und/WSC2009 Final Report - Opening Ceremony,https://api.worldskills.org/resources/download/121,queued,wsc-2009-calgary,
WSC2009,TD,01,Polymechanics/Automation,,und,TD01 40CA,0,,WSC2009/TD/01/und/TD01 40CA,https://api.worldskills.org/resources/download/1210,queued,wsc-2009-calgary,
WSC2009,TD,02,Information Network Cabling,,und,TD02 40CA,0,,WSC2009/TD/02/und/TD02 40CA,https://api.worldskills.org/resources/download/1175,queued,wsc-2009-calgary,
WSC2009,TD,03,Manufacturing Team Challenge,,und,TD03 40CA,0,,WSC2009/TD/03/und/TD03 40CA,https://api.worldskills.org/resources/download/1199,queued,wsc-2009-calgary,
WSC2009,TD,04,Mechatronics,,und,TD04 40CA,0,,WSC2009/TD/04/und/TD04 40CA,https://api.worldskills.org/resources/download/1209,queued,wsc-2009-calgary,
WSC2009,TD,05,Mechanical Engineering Design - CAD,,und,TD05 40CA,0,,WSC2009/TD/05/und/TD05 40CA,https://api.worldskills.org/resources/download/1208,queued,wsc-2009-calgary,
WSC2009,TD,06,CNC Turning,,und,TD06 40CA,0,,WSC2009/TD/06/und/TD06 40CA,https://api.worldskills.org/resources/download/1202,queued,wsc-2009-calgary,
WSC2009,TD,07,CNC Milling,,und,TD07 40CA,0,,WSC2009/TD/07/und/TD07 40CA,https://api.worldskills.org/resources/download/1207,queued,wsc-2009-calgary,
WSC2009,TD,08,Mould Making,,und,TD08 40CA,0,,WSC2009/TD/08/und/TD08 40CA,https://api.worldskills.org/resources/download/1206,queued,wsc-2009-calgary,
WSC2009,TD,09,IT/Software Applications,,und,TD09 40CA,0,,WSC2009/TD/09/und/TD09 40CA,https://api.worldskills.org/resources/download/1215,queued,wsc-2009-calgary,
WSC2009,TD,10,Welding,,und,TD10 40CA,0,,WSC2009/TD/10/und/TD10 40CA,https://api.worldskills.org/resources/download/1205,queued,wsc-2009-calgary,
WSC2009,TD,11,Offset Printing,,und,TD11 40CA,0,,WSC2009/TD/11/und/TD11 40CA,https://api.worldskills.org/resources/download/1204,queued,wsc-2009-calgary,
WSC2009,TD,12,Wall and Floor Tiling,,und,TD12 40CA,0,,WSC2009/TD/12/und/TD12 40CA,https://api.worldskills.org/resources/download/1203,queued,wsc-2009-calgary,
WSC2009,TD,13,Autobody Repair,,und,TD13 40CA,0,,WSC2009/TD/13/und/TD13 40CA,https://api.worldskills.org/resources/download/1214,queued,wsc-2009-calgary,
WSC2009,TD,14,Metal Roofing,,und,TD14 40CA,0,,WSC2009/TD/14/und/TD14 40CA,https://api.worldskills.org/resources/download/1218,queued,wsc-2009-calgary,
WSC2009,TD,15,Plumbing and Heating,,und,TD15 40CA,0,,WSC2009/TD/15/und/TD15 40CA,https://api.worldskills.org/resources/download/1169,queued,wsc-2009-calgary,
WSC2009,TD,16,Electronics,,und,TD16 40CA,0,,WSC2009/TD/16/und/TD16 40CA,https://api.worldskills.org/resources/download/1200,queued,wsc-2009-calgary,
WSC2009,TD,17,Web Design,,und,TD17 40CA,0,,WSC2009/TD/17/und/TD17 40CA,https://api.worldskills.org/resources/download/1201,queued,wsc-2009-calgary,
WSC2009,TD,18,Electrical Installations,,und,TD18 40CA,0,,WSC2009/TD/18/und/TD18 40CA,https://api.worldskills.org/resources/download/1176,queued,wsc-2009-calgary,
WSC2009,TD,19,Industrial Control,,und,TD19 40CA,0,,WSC2009/TD/19/und/TD19 40CA,https://api.worldskills.org/resources/download/1182,queued,wsc-2009-calgary,
WSC2009,TD,20,Bricklaying,,und,TD20 40CA,0,,WSC2009/TD/20/und/TD20 40CA,https://api.worldskills.org/resources/download/1170,queued,wsc-2009-calgary,
WSC2009,TD,21,Stonemasonry,,und,TD21 40CA,0,,WSC2009/TD/21/und/TD21 40CA,https://api.worldskills.org/resources/download/1181,queued,wsc-2009-calgary,
WSC2009,TD,22,Painting and Decorating,,und,TD22 40CA,0,,WSC2009/TD/22/und/TD22 40CA,https://api.worldskills.org/resources/download/1197,queued,wsc-2009-calgary,
WSC2009,TD,23,Mobile Robotics,,und,TD23 40CA,0,,WSC2009/TD/23/und/TD23 40CA,https://api.worldskills.org/resources/download/1183,queued,wsc-2009-calgary,
WSC2009,TD,24,Cabinetmaking,,und,TD24 40CA,0,,WSC2009/TD/24/und/TD24 40CA,https://api.worldskills.org/resources/download/1184,queued,wsc-2009-calgary,
WSC2009,TD,25,Joinery,,und,TD25 40CA,0,,WSC2009/TD/25/und/TD25 40CA,https://api.worldskills.org/resources/download/1179,queued,wsc-2009-calgary,
WSC2009,TD,26,Carpentry,,und,TD26 40CA,0,,WSC2009/TD/26/und/TD26 40CA,https://api.worldskills.org/resources/download/1185,queued,wsc-2009-calgary,
WSC2009,TD,27,Jewellery,,und,TD27 40CA,0,,WSC2009/TD/27/und/TD27 40CA,https://api.worldskills.org/resources/download/1186,queued,wsc-2009-calgary,
WSC2009,TD,28,Floristry,,und,TD28 40CA,0,,WSC2009/TD/28/und/TD28 40CA,https://api.worldskills.org/resources/download/1187,queued,wsc-2009-calgary,
WSC2009,TD,29,Ladies'/Men's Hairdressing,,und,TD29 40CA,0,,WSC2009/TD/29/und/TD29 40CA,https://api.worldskills.org/resources/download/1171,queued,wsc-2009-calgary,
WSC2009,TD,30,Beauty Therapy,,und,TD30 40CA,0,,WSC2009/TD/30/und/TD30 40CA,https://api.worldskills.org/resources/download/1178,queued,wsc-2009-calgary,
WSC2009,TD,31,Fashion Technology,,und,TD31 40CA,0,,WSC2009/TD/31/und/TD31 40CA,https://api.worldskills.org/resources/download/1180,queued,wsc-2009-calgary,
WSC2009,TD,32,Confectioner/Pastry Cook,,und,TD32 40CA,0,,WSC2009/TD/32/und/TD32 40CA,https://api.worldskills.org/resources/download/1172,queued,wsc-2009-calgary,
WSC2009,TD,33,Automobile Technology,,und,TD33 40CA,0,,WSC2009/TD/33/und/TD33 40CA,https://api.worldskills.org/resources/download/1173,queued,wsc-2009-calgary,
WSC2009,TD,34,Cooking,,und,TD34 40CA,0,,WSC2009/TD/34/und/TD34 40CA,https://api.worldskills.org/resources/download/1188,queued,wsc-2009-calgary,
WSC2009,TD,35,Restaurant Service,,und,TD35 40CA,0,,WSC2009/TD/35/und/TD35 40CA,https://api.worldskills.org/resources/download/1189,queued,wsc-2009-calgary,
WSC2009,TD,36,Car Painting,,und,TD36 40CA,0,,WSC2009/TD/36/und/TD36 40CA,https://api.worldskills.org/resources/download/1190,queued,wsc-2009-calgary,
WSC2009,TD,37,Landscape Gardening,,und,TD37 40CA,0,,WSC2009/TD/37/und/TD37 40CA,https://api.worldskills.org/resources/download/1191,queued,wsc-2009-calgary,
WSC2009,TD,38,Refrigeration,,und,TD38 40CA,0,,WSC2009/TD/38/und/TD38 40CA,https://api.worldskills.org/resources/download/1192,queued,wsc-2009-calgary,
WSC2009,TD,39,IT PC/Network Support,,und,TD39 40CA,0,,WSC2009/TD/39/und/TD39 40CA,https://api.worldskills.org/resources/download/1216,queued,wsc-2009-calgary,
WSC2009,TD,40,Graphic Design Technology,,und,TD40 40CA,0,,WSC2009/TD/40/und/TD40 40CA,https://api.worldskills.org/resources/download/1193,queued,wsc-2009-calgary,
WSC2009,TD,41,Caring,,und,TD41 40CA,0,,WSC2009/TD/41/und/TD41 40CA,https://api.worldskills.org/resources/download/1198,queued,wsc-2009-calgary,
WSC2009,TD,xx,,,und,TDD1 40CA,0,,WSC2009/TD/xx/und/TDD1 40CA,https://api.worldskills.org/resources/download/1194,queued,wsc-2009-calgary,
WSC2009,TD,xx,,,und,TDD2 40CA,0,,WSC2009/TD/xx/und/TDD2 40CA,https://api.worldskills.org/resources/download/1217,queued,wsc-2009-calgary,
WSC2009,TD,xx,,,und,TDD3 40CA,0,,WSC2009/TD/xx/und/TDD3 40CA,https://api.worldskills.org/resources/download/1195,queued,wsc-2009-calgary,
WSC2009,TD,xx,,,und,TDHM1 40CA,0,,WSC2009/TD/xx/und/TDHM1 40CA,https://api.worldskills.org/resources/download/1196,queued,wsc-2009-calgary,
WSC2009,TD,xx,,,und,TDPO1 40CA,0,,WSC2009/TD/xx/und/TDPO1 40CA,https://api.worldskills.org/resources/download/1212,queued,wsc-2009-calgary,
WSC2009,TD,xx,,,und,TDPO2 40CA,0,,WSC2009/TD/xx/und/TDPO2 40CA,https://api.worldskills.org/resources/download/1213,queued,wsc-2009-calgary,
WSC2009,TD,xx,,,und,TDPO6 40CA,0,,WSC2009/TD/xx/und/TDPO6 40CA,https://api.worldskills.org/resources/download/1174,queued,wsc-2009-calgary,
WSC2009,TD,xx,,,und,TDPO8 40CA,0,,WSC2009/TD/xx/und/TDPO8 40CA,https://api.worldskills.org/resources/download/1211,queued,wsc-2009-calgary,
WSC2009,TD,xx,,,und,TDXX V3 Template,0,,WSC2009/TD/xx/und/TDXX V3 Template,https://api.worldskills.org/resources/download/1177,queued,wsc-2009-calgary,
WSC2009,TD,xx,,,und,documents.json,0,,WSC2009/TD/xx/und/documents.json,https://api.worldskills.org/skillman/documents/events/7,forbidden,wsc-2009-calgary,
WSC2009,TP,01,Polymechanics/Automation,actual,und,TP01 40CA Actual,0,,WSC2009/TP/01/actual/und/TP01 40CA Actual,https://api.worldskills.org/resources/download/2008,queued,wsc-2009-calgary,
WSC2009,TP,01,Polymechanics/Automation,actual,und,TP01 40CA CIS Import,0,,WSC2009/TP/01/actual/und/TP01 40CA CIS Import,https://api.worldskills.org/resources/download/2033,queued,wsc-2009-calgary,
WSC2009,TP,01,Polymechanics/Automation,actual,und,TP01 40CA Marking Forms,0,,WSC2009/TP/01/actual/und/TP01 40CA Marking Forms,https://api.worldskills.org/resources/download/1963,queued,wsc-2009-calgary,
WSC2009,TP,02,Information Network Cabling,actual,und,TP02 40CA Actual,0,,WSC2009/TP/02/actual/und/TP02 40CA Actual,https://api.worldskills.org/resources/download/1959,queued,wsc-2009-calgary,
WSC2009,TP,02,Information Network Cabling,actual,und,TP02 40CA CIS Import,0,,WSC2009/TP/02/actual/und/TP02 40CA CIS Import,https://api.worldskills.org/resources/download/2032,queued,wsc-2009-calgary,
WSC2009,TP,02,Information Network Cabling,actual,und,TP02 40CA Marking Forms,0,,WSC2009/TP/02/actual/und/TP02 40CA Marking Forms,https://api.worldskills.org/resources/download/1964,queued,wsc-2009-calgary,
WSC2009,TP,02,Information Network Cabling,pre,und,TP02 40CA Pre,0,,WSC2009/TP/02/pre/und/TP02 40CA Pre,https://api.worldskills.org/resources/download/1920,queued,wsc-2009-calgary,
WSC2009,TP,03,Manufacturing Team Challenge,pre,und,TP03 40CA AA Pre EN,0,,WSC2009/TP/03/pre/und/TP03 40CA AA Pre EN,https://api.worldskills.org/resources/download/1906,queued,wsc-2009-calgary,
WSC2009,TP,03,Manufacturing Team Challenge,actual,und,TP03 40CA Actual,0,,WSC2009/TP/03/actual/und/TP03 40CA Actual,https://api.worldskills.org/resources/download/2009,queued,wsc-2009-calgary,
WSC2009,TP,03,Manufacturing Team Challenge,actual,und,TP03 40CA CIS Import,0,,WSC2009/TP/03/actual/und/TP03 40CA CIS Import,https://api.worldskills.org/resources/download/2031,queued,wsc-2009-calgary,
WSC2009,TP,03,Manufacturing Team Challenge,actual,und,TP03 40CA Marking Forms,0,,WSC2009/TP/03/actual/und/TP03 40CA Marking Forms,https://api.worldskills.org/resources/download/1965,queued,wsc-2009-calgary,
WSC2009,TP,04,Mechatronics,actual,und,TP04 40CA Actual,0,,WSC2009/TP/04/actual/und/TP04 40CA Actual,https://api.worldskills.org/resources/download/1945,queued,wsc-2009-calgary,
WSC2009,TP,04,Mechatronics,actual,und,TP04 40CA CIS Import,0,,WSC2009/TP/04/actual/und/TP04 40CA CIS Import,https://api.worldskills.org/resources/download/2034,queued,wsc-2009-calgary,
WSC2009,TP,04,Mechatronics,actual,und,TP04 40CA Marking Forms,0,,WSC2009/TP/04/actual/und/TP04 40CA Marking Forms,https://api.worldskills.org/resources/download/1966,queued,wsc-2009-calgary,
WSC2009,TP,05,Mechanical Engineering Design - CAD,actual,und,TP05 40CA Actual,0,,WSC2009/TP/05/actual/und/TP05 40CA Actual,https://api.worldskills.org/resources/download/1957,queued,wsc-2009-calgary,
WSC2009,TP,05,Mechanical Engineering Design - CAD,actual,und,TP05 40CA CIS Import,0,,WSC2009/TP/05/actual/und/TP05 40CA CIS Import,https://api.worldskills.org/resources/download/2035,queued,wsc-2009-calgary,
WSC2009,TP,05,Mechanical Engineering Design - CAD,actual,und,TP05 40CA Marking Forms,0,,WSC2009/TP/05/actual/und/TP05 40CA Marking Forms,https://api.worldskills.org/resources/download/1967,queued,wsc-2009-calgary,
WSC2009,TP,06,CNC Turning,actual,und,TP06 40CA Actual,0,,WSC2009/TP/06/actual/und/TP06 40CA Actual,https://api.worldskills.org/resources/download/1960,queued,wsc-2009-calgary,
WSC2009,TP,06,CNC Turning,actual,und,TP06 40CA CIS Import,0,,WSC2009/TP/06/actual/und/TP06 40CA CIS Import,https://api.worldskills.org/resources/download/2036,queued,wsc-2009-calgary,
WSC2009,TP,06,CNC Turning,actual,und,TP06 40CA Marking Forms,0,,WSC2009/TP/06/actual/und/TP06 40CA Marking Forms,https://api.worldskills.org/resources/download/1968,queued,wsc-2009-calgary,
WSC2009,TP,06,CNC Turning,pre,und,TP06 40CA Pre,0,,WSC2009/TP/06/pre/und/TP06 40CA Pre,https://api.worldskills.org/resources/download/1918,queued,wsc-2009-calgary,
WSC2009,TP,07,CNC Milling,actual,und,TP07 40CA Actual,0,,WSC2009/TP/07/actual/und/TP07 40CA Actual,https://api.worldskills.org/resources/download/1962,queued,wsc-2009-calgary,
WSC2009,TP,07,CNC Milling,actual,und,TP07 40CA CIS Import,0,,WSC2009/TP/07/actual/und/TP07 40CA CIS Import,https://api.worldskills.org/resources/download/2037,queued,wsc-2009-calgary,
WSC2009,TP,07,CNC Milling,actual,und,TP07 40CA Marking Forms,0,,WSC2009/TP/07/actual/und/TP07 40CA Marking Forms,https://api.worldskills.org/resources/download/1969,queued,wsc-2009-calgary,
WSC2009,TP,07,CNC Milling,pre,und,TP07 40CA Pre,0,,WSC2009/TP/07/pre/und/TP07 40CA Pre,https://api.worldskills.org/resources/download/1917,queued,wsc-2009-calgary,
WSC2009,TP,08,Mould Making,actual,und,TP08 40CA Actual,0,,WSC2009/TP/08/actual/und/TP08 40CA Actual,https://api.worldskills.org/resources/download/2010,queued,wsc-2009-calgary,
WSC2009,TP,08,Mould Making,actual,und,TP08 40CA CIS Import,0,,WSC2009/TP/08/actual/und/TP08 40CA CIS Import,https://api.worldskills.org/resources/download/2038,queued,wsc-2009-calgary,
WSC2009,TP,08,Mould Making,actual,und,TP08 40CA Marking Forms,0,,WSC2009/TP/08/actual/und/TP08 40CA Marking Forms,https://api.worldskills.org/resources/download/1970,queued,wsc-2009-calgary,
WSC2009,TP,08,Mould Making,pre,und,TP08 40CA Pre,0,,WSC2009/TP/08/pre/und/TP08 40CA Pre,https://api.worldskills.org/resources/download/1910,queued,wsc-2009-calgary,
WSC2009,TP,09,IT/Software Applications,actual,und,TP09 40CA Actual,0,,WSC2009/TP/09/actual/und/TP09 40CA Actual,https://api.worldskills.org/resources/download/2011,queued,wsc-2009-calgary,
WSC2009,TP,09,IT/Software Applications,actual,und,TP09 40CA CIS Import Option A,0,,WSC2009/TP/09/actual/und/TP09 40CA CIS Import Option A,https://api.worldskills.org/resources/download/2039,queued,wsc-2009-calgary,
WSC2009,TP,09,IT/Software Applications,actual,und,TP09 40CA CIS Import Option B,0,,WSC2009/TP/09/actual/und/TP09 40CA CIS Import Option B,https://api.worldskills.org/resources/download/2040,queued,wsc-2009-calgary,
WSC2009,TP,09,IT/Software Applications,actual,und,TP09 40CA Marking Forms,0,,WSC2009/TP/09/actual/und/TP09 40CA Marking Forms,https://api.worldskills.org/resources/download/1971,queued,wsc-2009-calgary,
WSC2009,TP,09,IT/Software Applications,pre,und,TP09 40CA Pre Rev,0,,WSC2009/TP/09/pre/und/TP09 40CA Pre Rev,https://api.worldskills.org/resources/download/1932,queued,wsc-2009-calgary,
WSC2009,TP,10,Welding,actual,und,TP10 40CA Actual,0,,WSC2009/TP/10/actual/und/TP10 40CA Actual,https://api.worldskills.org/resources/download/2012,queued,wsc-2009-calgary,
WSC2009,TP,10,Welding,actual,und,TP10 40CA CIS Import,0,,WSC2009/TP/10/actual/und/TP10 40CA CIS Import,https://api.worldskills.org/resources/download/2041,queued,wsc-2009-calgary,
WSC2009,TP,10,Welding,actual,und,TP10 40CA Marking Forms,0,,WSC2009/TP/10/actual/und/TP10 40CA Marking Forms,https://api.worldskills.org/resources/download/1972,queued,wsc-2009-calgary,
WSC2009,TP,10,Welding,pre,und,TP10 40CA Pre Rev,0,,WSC2009/TP/10/pre/und/TP10 40CA Pre Rev,https://api.worldskills.org/resources/download/1928,queued,wsc-2009-calgary,
WSC2009,TP,11,Offset Printing,actual,und,TP11 40CA Actual,0,,WSC2009/TP/11/actual/und/TP11 40CA Actual,https://api.worldskills.org/resources/download/2013,queued,wsc-2009-calgary,
WSC2009,TP,11,Offset Printing,actual,und,TP11 40CA CIS Import,0,,WSC2009/TP/11/actual/und/TP11 40CA CIS Import,https://api.worldskills.org/resources/download/2042,queued,wsc-2009-calgary,
WSC2009,TP,11,Offset Printing,actual,und,TP11 40CA Marking Forms,0,,WSC2009/TP/11/actual/und/TP11 40CA Marking Forms,https://api.worldskills.org/resources/download/1973,queued,wsc-2009-calgary,
WSC2009,TP,11,Offset Printing,pre,und,TP11 40CA Pre,0,,WSC2009/TP/11/pre/und/TP11 40CA Pre,https://api.worldskills.org/resources/download/1929,queued,wsc-2009-calgary,
WSC2009,TP,12,Wall and Floor Tiling,actual,und,TP12 40CA Actual,0,,WSC2009/TP/12/actual/und/TP12 40CA Actual,https://api.worldskills.org/resources/download/2014,queued,wsc-2009-calgary,
WSC2009,TP,12,Wall and Floor Tiling,actual,und,TP12 40CA CIS Import,0,,WSC2009/TP/12/actual/und/TP12 40CA CIS Import,https://api.worldskills.org/resources/download/2043,queued,wsc-2009-calgary,
WSC2009,TP,12,Wall and Floor Tiling,actual,und,TP12 40CA Marking Forms,0,,WSC2009/TP/12/actual/und/TP12 40CA Marking Forms,https://api.worldskills.org/resources/download/1974,queued,wsc-2009-calgary,
WSC2009,TP,12,Wall and Floor Tiling,pre,und,TP12 40CA Pre,0,,WSC2009/TP/12/pre/und/TP12 40CA Pre,https://api.worldskills.org/resources/download/1909,queued,wsc-2009-calgary,
WSC2009,TP,13,Autobody Repair,actual,und,TP13 40CA Actual,0,,WSC2009/TP/13/actual/und/TP13 40CA Actual,https://api.worldskills.org/resources/download/2015,queued,wsc-2009-calgary,
WSC2009,TP,13,Autobody Repair,actual,und,TP13 40CA CIS Import,0,,WSC2009/TP/13/actual/und/TP13 40CA CIS Import,https://api.worldskills.org/resources/download/2044,queued,wsc-2009-calgary,
WSC2009,TP,13,Autobody Repair,actual,und,TP13 40CA Marking Forms,0,,WSC2009/TP/13/actual/und/TP13 40CA Marking Forms,https://api.worldskills.org/resources/download/1975,queued,wsc-2009-calgary,
WSC2009,TP,13,Autobody Repair,pre,und,TP13 40CA Pre,0,,WSC2009/TP/13/pre/und/TP13 40CA Pre,https://api.worldskills.org/resources/download/1934,queued,wsc-2009-calgary,
WSC2009,TP,14,Metal Roofing,actual,und,TP14 40CA Actual,0,,WSC2009/TP/14/actual/und/TP14 40CA Actual,https://api.worldskills.org/resources/download/1952,queued,wsc-2009-calgary,
WSC2009,TP,14,Metal Roofing,actual,und,TP14 40CA CIS Import,0,,WSC2009/TP/14/actual/und/TP14 40CA CIS Import,https://api.worldskills.org/resources/download/2045,queued,wsc-2009-calgary,
WSC2009,TP,14,Metal Roofing,actual,und,TP14 40CA Marking Forms,0,,WSC2009/TP/14/actual/und/TP14 40CA Marking Forms,https://api.worldskills.org/resources/download/1976,queued,wsc-2009-calgary,
WSC2009,TP,14,Metal Roofing,pre,und,TP14 40CA Pre,0,,WSC2009/TP/14/pre/und/TP14 40CA Pre,https://api.worldskills.org/resources/download/1907,queued,wsc-2009-calgary,
WSC2009,TP,15,Plumbing and Heating,actual,und,TP15 40CA Actual,0,,WSC2009/TP/15/actual/und/TP15 40CA Actual,https://api.worldskills.org/resources/download/1951,queued,wsc-2009-calgary,
WSC2009,TP,15,Plumbing and Heating,actual,und,TP15 40CA CIS Import,0,,WSC2009/TP/15/actual/und/TP15 40CA CIS Import,https://api.worldskills.org/resources/download/2046,queued,wsc-2009-calgary,
WSC2009,TP,15,Plumbing and Heating,actual,und,TP15 40CA Marking Forms,0,,WSC2009/TP/15/actual/und/TP15 40CA Marking Forms,https://api.worldskills.org/resources/download/1977,queued,wsc-2009-calgary,
WSC2009,TP,15,Plumbing and Heating,pre,und,TP15 40CA Pre,0,,WSC2009/TP/15/pre/und/TP15 40CA Pre,https://api.worldskills.org/resources/download/1921,queued,wsc-2009-calgary,
WSC2009,TP,16,Electronics,actual,und,TP16 40CA Actual,0,,WSC2009/TP/16/actual/und/TP16 40CA Actual,https://api.worldskills.org/resources/download/1961,queued,wsc-2009-calgary,
WSC2009,TP,16,Electronics,actual,und,TP16 40CA CIS Import,0,,WSC2009/TP/16/actual/und/TP16 40CA CIS Import,https://api.worldskills.org/resources/download/2047,queued,wsc-2009-calgary,
WSC2009,TP,16,Electronics,actual,und,TP16 40CA Marking Forms,0,,WSC2009/TP/16/actual/und/TP16 40CA Marking Forms,https://api.worldskills.org/resources/download/1978,queued,wsc-2009-calgary,
WSC2009,TP,17,Web Design,actual,und,TP17 40CA Actual,0,,WSC2009/TP/17/actual/und/TP17 40CA Actual,https://api.worldskills.org/resources/download/2016,queued,wsc-2009-calgary,
WSC2009,TP,17,Web Design,actual,und,TP17 40CA CIS Import,0,,WSC2009/TP/17/actual/und/TP17 40CA CIS Import,https://api.worldskills.org/resources/download/2048,queued,wsc-2009-calgary,
WSC2009,TP,17,Web Design,actual,und,TP17 40CA Marking Forms,0,,WSC2009/TP/17/actual/und/TP17 40CA Marking Forms,https://api.worldskills.org/resources/download/1979,queued,wsc-2009-calgary,
WSC2009,TP,17,Web Design,pre,und,TP17 40CA Pre,0,,WSC2009/TP/17/pre/und/TP17 40CA Pre,https://api.worldskills.org/resources/download/1922,queued,wsc-2009-calgary,
WSC2009,TP,18,Electrical Installations,actual,und,TP18 40CA Actual,0,,WSC2009/TP/18/actual/und/TP18 40CA Actual,https://api.worldskills.org/resources/download/1953,queued,wsc-2009-calgary,
WSC2009,TP,18,Electrical Installations,actual,und,TP18 40CA CIS Import,0,,WSC2009/TP/18/actual/und/TP18 40CA CIS Import,https://api.worldskills.org/resources/download/2049,queued,wsc-2009-calgary,
WSC2009,TP,18,Electrical Installations,actual,und,TP18 40CA Marking Forms,0,,WSC2009/TP/18/actual/und/TP18 40CA Marking Forms,https://api.worldskills.org/resources/download/1980,queued,wsc-2009-calgary,
WSC2009,TP,18,Electrical Installations,pre,und,TP18 40CA Pre Rev,0,,WSC2009/TP/18/pre/und/TP18 40CA Pre Rev,https://api.worldskills.org/resources/download/1915,queued,wsc-2009-calgary,
WSC2009,TP,19,Industrial Control,actual,und,TP19 40CA Actual,0,,WSC2009/TP/19/actual/und/TP19 40CA Actual,https://api.worldskills.org/resources/download/2017,queued,wsc-2009-calgary,
WSC2009,TP,19,Industrial Control,actual,und,TP19 40CA CIS Import,0,,WSC2009/TP/19/actual/und/TP19 40CA CIS Import,https://api.worldskills.org/resources/download/2050,queued,wsc-2009-calgary,
WSC2009,TP,19,Industrial Control,actual,und,TP19 40CA Marking Forms,0,,WSC2009/TP/19/actual/und/TP19 40CA Marking Forms,https://api.worldskills.org/resources/download/1981,queued,wsc-2009-calgary,
WSC2009,TP,19,Industrial Control,pre,und,TP19 40CA Pre,0,,WSC2009/TP/19/pre/und/TP19 40CA Pre,https://api.worldskills.org/resources/download/1923,queued,wsc-2009-calgary,
WSC2009,TP,20,Bricklaying,actual,und,TP20 40CA Actual,0,,WSC2009/TP/20/actual/und/TP20 40CA Actual,https://api.worldskills.org/resources/download/2018,queued,wsc-2009-calgary,
WSC2009,TP,20,Bricklaying,actual,und,TP20 40CA CIS Import,0,,WSC2009/TP/20/actual/und/TP20 40CA CIS Import,https://api.worldskills.org/resources/download/2051,queued,wsc-2009-calgary,
WSC2009,TP,20,Bricklaying,actual,und,TP20 40CA Marking Forms,0,,WSC2009/TP/20/actual/und/TP20 40CA Marking Forms,https://api.worldskills.org/resources/download/1982,queued,wsc-2009-calgary,
WSC2009,TP,20,Bricklaying,pre,und,TP20 40CA Pre,0,,WSC2009/TP/20/pre/und/TP20 40CA Pre,https://api.worldskills.org/resources/download/1913,queued,wsc-2009-calgary,
WSC2009,TP,21,Stonemasonry,actual,und,TP21 40CA Actual,0,,WSC2009/TP/21/actual/und/TP21 40CA Actual,https://api.worldskills.org/resources/download/2019,queued,wsc-2009-calgary,
WSC2009,TP,21,Stonemasonry,actual,und,TP21 40CA CIS Import,0,,WSC2009/TP/21/actual/und/TP21 40CA CIS Import,https://api.worldskills.org/resources/download/2052,queued,wsc-2009-calgary,
WSC2009,TP,21,Stonemasonry,actual,und,TP21 40CA Marking Forms,0,,WSC2009/TP/21/actual/und/TP21 40CA Marking Forms,https://api.worldskills.org/resources/download/1983,queued,wsc-2009-calgary,
WSC2009,TP,21,Stonemasonry,pre,und,TP21 40CA Pre,0,,WSC2009/TP/21/pre/und/TP21 40CA Pre,https://api.worldskills.org/resources/download/1924,queued,wsc-2009-calgary,
WSC2009,TP,22,Painting and Decorating,actual,und,TP22 40CA Actual,0,,WSC2009/TP/22/actual/und/TP22 40CA Actual,https://api.worldskills.org/resources/download/2020,queued,wsc-2009-calgary,
WSC2009,TP,22,Painting and Decorating,actual,und,TP22 40CA CIS Import,0,,WSC2009/TP/22/actual/und/TP22 40CA CIS Import,https://api.worldskills.org/resources/download/2053,queued,wsc-2009-calgary,
WSC2009,TP,22,Painting and Decorating,actual,und,TP22 40CA Marking Forms,0,,WSC2009/TP/22/actual/und/TP22 40CA Marking Forms,https://api.worldskills.org/resources/download/1984,queued,wsc-2009-calgary,
WSC2009,TP,22,Painting and Decorating,pre,und,TP22 40CA Pre Rev,0,,WSC2009/TP/22/pre/und/TP22 40CA Pre Rev,https://api.worldskills.org/resources/download/1926,queued,wsc-2009-calgary,
WSC2009,TP,23,Mobile Robotics,actual,und,TP23 40CA Actual,0,,WSC2009/TP/23/actual/und/TP23 40CA Actual,https://api.worldskills.org/resources/download/1958,queued,wsc-2009-calgary,
WSC2009,TP,23,Mobile Robotics,actual,und,TP23 40CA CIS Import,0,,WSC2009/TP/23/actual/und/TP23 40CA CIS Import,https://api.worldskills.org/resources/download/2054,queued,wsc-2009-calgary,
WSC2009,TP,23,Mobile Robotics,actual,und,TP23 40CA Marking Forms,0,,WSC2009/TP/23/actual/und/TP23 40CA Marking Forms,https://api.worldskills.org/resources/download/1985,queued,wsc-2009-calgary,
WSC2009,TP,23,Mobile Robotics,pre,und,TP23 40CA Pre,0,,WSC2009/TP/23/pre/und/TP23 40CA Pre,https://api.worldskills.org/resources/download/1936,queued,wsc-2009-calgary,
WSC2009,TP,24,Cabinetmaking,actual,und,TP24 40CA Actual,0,,WSC2009/TP/24/actual/und/TP24 40CA Actual,https://api.worldskills.org/resources/download/1954,queued,wsc-2009-calgary,
WSC2009,TP,24,Cabinetmaking,actual,und,TP24 40CA CIS Import,0,,WSC2009/TP/24/actual/und/TP24 40CA CIS Import,https://api.worldskills.org/resources/download/2055,queued,wsc-2009-calgary,
WSC2009,TP,24,Cabinetmaking,actual,und,TP24 40CA Marking Forms,0,,WSC2009/TP/24/actual/und/TP24 40CA Marking Forms,https://api.worldskills.org/resources/download/1986,queued,wsc-2009-calgary,
WSC2009,TP,24,Cabinetmaking,pre,und,TP24 40CA Pre Rev3,0,,WSC2009/TP/24/pre/und/TP24 40CA Pre Rev3,https://api.worldskills.org/resources/download/1933,queued,wsc-2009-calgary,
WSC2009,TP,25,Joinery,actual,und,TP25 40CA Actual,0,,WSC2009/TP/25/actual/und/TP25 40CA Actual,https://api.worldskills.org/resources/download/1941,queued,wsc-2009-calgary,
WSC2009,TP,25,Joinery,actual,und,TP25 40CA CIS Import,0,,WSC2009/TP/25/actual/und/TP25 40CA CIS Import,https://api.worldskills.org/resources/download/2056,queued,wsc-2009-calgary,
WSC2009,TP,25,Joinery,actual,und,TP25 40CA Marking Forms,0,,WSC2009/TP/25/actual/und/TP25 40CA Marking Forms,https://api.worldskills.org/resources/download/1987,queued,wsc-2009-calgary,
WSC2009,TP,25,Joinery,pre,und,TP25 40CA Pre,0,,WSC2009/TP/25/pre/und/TP25 40CA Pre,https://api.worldskills.org/resources/download/1939,queued,wsc-2009-calgary,
WSC2009,TP,26,Carpentry,actual,und,TP26 40CA Actual,0,,WSC2009/TP/26/actual/und/TP26 40CA Actual,https://api.worldskills.org/resources/download/1955,queued,wsc-2009-calgary,
WSC2009,TP,26,Carpentry,actual,und,TP26 40CA CIS Import,0,,WSC2009/TP/26/actual/und/TP26 40CA CIS Import,https://api.worldskills.org/resources/download/2057,queued,wsc-2009-calgary,
WSC2009,TP,26,Carpentry,actual,und,TP26 40CA Marking Forms,0,,WSC2009/TP/26/actual/und/TP26 40CA Marking Forms,https://api.worldskills.org/resources/download/1988,queued,wsc-2009-calgary,
WSC2009,TP,26,Carpentry,pre,und,TP26 40CA Pre Rev,0,,WSC2009/TP/26/pre/und/TP26 40CA Pre Rev,https://api.worldskills.org/resources/download/1937,queued,wsc-2009-calgary,
WSC2009,TP,27,Jewellery,actual,und,TP27 40CA Actual,0,,WSC2009/TP/27/actual/und/TP27 40CA Actual,https://api.worldskills.org/resources/download/2021,queued,wsc-2009-calgary,
WSC2009,TP,27,Jewellery,actual,und,TP27 40CA CIS Import,0,,WSC2009/TP/27/actual/und/TP27 40CA CIS Import,https://api.worldskills.org/resources/download/2058,queued,wsc-2009-calgary,
WSC2009,TP,27,Jewellery,actual,und,TP27 40CA Marking Forms,0,,WSC2009/TP/27/actual/und/TP27 40CA Marking Forms,https://api.worldskills.org/resources/download/1989,queued,wsc-2009-calgary,
WSC2009,TP,27,Jewellery,pre,und,TP27 40CA Pre,0,,WSC2009/TP/27/pre/und/TP27 40CA Pre,https://api.worldskills.org/resources/download/1938,queued,wsc-2009-calgary,
WSC2009,TP,28,Floristry,actual,und,TP28 40CA Actual,0,,WSC2009/TP/28/actual/und/TP28 40CA Actual,https://api.worldskills.org/resources/download/2022,queued,wsc-2009-calgary,
WSC2009,TP,28,Floristry,actual,und,TP28 40CA CIS Import,0,,WSC2009/TP/28/actual/und/TP28 40CA CIS Import,https://api.worldskills.org/resources/download/2059,queued,wsc-2009-calgary,
WSC2009,TP,28,Floristry,actual,und,TP28 40CA Marking Forms,0,,WSC2009/TP/28/actual/und/TP28 40CA Marking Forms,https://api.worldskills.org/resources/download/1990,queued,wsc-2009-calgary,
WSC2009,TP,29,Ladies'/Men's Hairdressing,actual,und,TP29 40CA Actual,0,,WSC2009/TP/29/actual/und/TP29 40CA Actual,https://api.worldskills.org/resources/download/2023,queued,wsc-2009-calgary,
WSC2009,TP,29,Ladies'/Men's Hairdressing,actual,und,TP29 40CA CIS Import,0,,WSC2009/TP/29/actual/und/TP29 40CA CIS Import,https://api.worldskills.org/resources/download/2060,queued,wsc-2009-calgary,
WSC2009,TP,29,Ladies'/Men's Hairdressing,actual,und,TP29 40CA Marking Forms,0,,WSC2009/TP/29/actual/und/TP29 40CA Marking Forms,https://api.worldskills.org/resources/download/1991,queued,wsc-2009-calgary,
WSC2009,TP,29,Ladies'/Men's Hairdressing,pre,und,TP29 40CA Pre,0,,WSC2009/TP/29/pre/und/TP29 40CA Pre,https://api.worldskills.org/resources/download/1916,queued,wsc-2009-calgary,
WSC2009,TP,30,Beauty Therapy,actual,und,TP30 40CA Actual,0,,WSC2009/TP/30/actual/und/TP30 40CA Actual,https://api.worldskills.org/resources/download/2024,queued,wsc-2009-calgary,
WSC2009,TP,30,Beauty Therapy,actual,und,TP30 40CA CIS Import,0,,WSC2009/TP/30/actual/und/TP30 40CA CIS Import,https://api.worldskills.org/resources/download/2061,queued,wsc-2009-calgary,
WSC2009,TP,30,Beauty Therapy,actual,und,TP30 40CA Marking Forms,0,,WSC2009/TP/30/actual/und/TP30 40CA Marking Forms,https://api.worldskills.org/resources/download/1992,queued,wsc-2009-calgary,
WSC2009,TP,30,Beauty Therapy,pre,und,TP30 40CA Pre Rev,0,,WSC2009/TP/30/pre/und/TP30 40CA Pre Rev,https://api.worldskills.org/resources/download/1935,queued,wsc-2009-calgary,
WSC2009,TP,31,Fashion Technology,actual,und,TP31 40CA Actual,0,,WSC2009/TP/31/actual/und/TP31 40CA Actual,https://api.worldskills.org/resources/download/1944,queued,wsc-2009-calgary,
WSC2009,TP,31,Fashion Technology,actual,und,TP31 40CA CIS Import,0,,WSC2009/TP/31/actual/und/TP31 40CA CIS Import,https://api.worldskills.org/resources/download/2062,queued,wsc-2009-calgary,
WSC2009,TP,31,Fashion Technology,actual,und,TP31 40CA Marking Forms,0,,WSC2009/TP/31/actual/und/TP31 40CA Marking Forms,https://api.worldskills.org/resources/download/1993,queued,wsc-2009-calgary,
WSC2009,TP,31,Fashion Technology,pre,und,TP31 40CA Pre,0,,WSC2009/TP/31/pre/und/TP31 40CA Pre,https://api.worldskills.org/resources/download/1908,queued,wsc-2009-calgary,
WSC2009,TP,32,Confectioner/Pastry Cook,actual,und,TP32 40CA Actual,0,,WSC2009/TP/32/actual/und/TP32 40CA Actual,https://api.worldskills.org/resources/download/1943,queued,wsc-2009-calgary,
WSC2009,TP,32,Confectioner/Pastry Cook,actual,und,TP32 40CA CIS Import,0,,WSC2009/TP/32/actual/und/TP32 40CA CIS Import,https://api.worldskills.org/resources/download/2063,queued,wsc-2009-calgary,
WSC2009,TP,32,Confectioner/Pastry Cook,actual,und,TP32 40CA Marking Forms,0,,WSC2009/TP/32/actual/und/TP32 40CA Marking Forms,https://api.worldskills.org/resources/download/1994,queued,wsc-2009-calgary,
WSC2009,TP,32,Confectioner/Pastry Cook,pre,und,TP32 40CA Pre Rev,0,,WSC2009/TP/32/pre/und/TP32 40CA Pre Rev,https://api.worldskills.org/resources/download/1931,queued,wsc-2009-calgary,
WSC2009,TP,33,Automobile Technology,actual,und,TP33 40CA Actual,0,,WSC2009/TP/33/actual/und/TP33 40CA Actual,https://api.worldskills.org/resources/download/1949,queued,wsc-2009-calgary,
WSC2009,TP,33,Automobile Technology,actual,und,TP33 40CA CIS Import,0,,WSC2009/TP/33/actual/und/TP33 40CA CIS Import,https://api.worldskills.org/resources/download/2064,queued,wsc-2009-calgary,
WSC2009,TP,33,Automobile Technology,actual,und,TP33 40CA Marking Forms,0,,WSC2009/TP/33/actual/und/TP33 40CA Marking Forms,https://api.worldskills.org/resources/download/1995,queued,wsc-2009-calgary,
WSC2009,TP,34,Cooking,actual,und,TP34 40CA Actual,0,,WSC2009/TP/34/actual/und/TP34 40CA Actual,https://api.worldskills.org/resources/download/1942,queued,wsc-2009-calgary,
WSC2009,TP,34,Cooking,actual,und,TP34 40CA CIS Import,0,,WSC2009/TP/34/actual/und/TP34 40CA CIS Import,https://api.worldskills.org/resources/download/2065,queued,wsc-2009-calgary,
WSC2009,TP,34,Cooking,actual,und,TP34 40CA Marking Forms,0,,WSC2009/TP/34/actual/und/TP34 40CA Marking Forms,https://api.worldskills.org/resources/download/1996,queued,wsc-2009-calgary,
WSC2009,TP,34,Cooking,pre,und,TP34 40CA Pre,0,,WSC2009/TP/34/pre/und/TP34 40CA Pre,https://api.worldskills.org/resources/download/1912,queued,wsc-2009-calgary,
WSC2009,TP,35,Restaurant Service,actual,und,TP35 40CA Actual,0,,WSC2009/TP/35/actual/und/TP35 40CA Actual,https://api.worldskills.org/resources/download/2027,queued,wsc-2009-calgary,
WSC2009,TP,35,Restaurant Service,actual,und,TP35 40CA CIS Import,0,,WSC2009/TP/35/actual/und/TP35 40CA CIS Import,https://api.worldskills.org/resources/download/2066,queued,wsc-2009-calgary,
WSC2009,TP,35,Restaurant Service,actual,und,TP35 40CA Marking Forms,0,,WSC2009/TP/35/actual/und/TP35 40CA Marking Forms,https://api.worldskills.org/resources/download/1997,queued,wsc-2009-calgary,
WSC2009,TP,35,Restaurant Service,pre,und,TP35 40CA Pre,0,,WSC2009/TP/35/pre/und/TP35 40CA Pre,https://api.worldskills.org/resources/download/1919,queued,wsc-2009-calgary,
WSC2009,TP,36,Car Painting,actual,und,TP36 40CA Actual,0,,WSC2009/TP/36/actual/und/TP36 40CA Actual,https://api.worldskills.org/resources/download/2025,queued,wsc-2009-calgary,
WSC2009,TP,36,Car Painting,actual,und,TP36 40CA CIS Import,0,,WSC2009/TP/36/actual/und/TP36 40CA CIS Import,https://api.worldskills.org/resources/download/2067,queued,wsc-2009-calgary,
WSC2009,TP,36,Car Painting,actual,und,TP36 40CA Marking Forms,0,,WSC2009/TP/36/actual/und/TP36 40CA Marking Forms,https://api.worldskills.org/resources/download/1998,queued,wsc-2009-calgary,
WSC2009,TP,36,Car Painting,pre,und,TP36 40CA Pre,0,,WSC2009/TP/36/pre/und/TP36 40CA Pre,https://api.worldskills.org/resources/download/1940,queued,wsc-2009-calgary,
WSC2009,TP,37,Landscape Gardening,actual,und,TP37 40CA Actual,0,,WSC2009/TP/37/actual/und/TP37 40CA Actual,https://api.worldskills.org/resources/download/2026,queued,wsc-2009-calgary,
WSC2009,TP,37,Landscape Gardening,actual,und,TP37 40CA CIS Import,0,,WSC2009/TP/37/actual/und/TP37 40CA CIS Import,https://api.worldskills.org/resources/download/2068,queued,wsc-2009-calgary,
WSC2009,TP,37,Landscape Gardening,actual,und,TP37 40CA Marking Forms,0,,WSC2009/TP/37/actual/und/TP37 40CA Marking Forms,https://api.worldskills.org/resources/download/1999,queued,wsc-2009-calgary,
WSC2009,TP,37,Landscape Gardening,pre,und,TP37 40CA Pre Rev,0,,WSC2009/TP/37/pre/und/TP37 40CA Pre Rev,https://api.worldskills.org/resources/download/1930,queued,wsc-2009-calgary,
WSC2009,TP,38,Refrigeration,actual,und,TP38 40CA Actual,0,,WSC2009/TP/38/actual/und/TP38 40CA Actual,https://api.worldskills.org/resources/download/1956,queued,wsc-2009-calgary,
WSC2009,TP,38,Refrigeration,actual,und,TP38 40CA CIS Import,0,,WSC2009/TP/38/actual/und/TP38 40CA CIS Import,https://api.worldskills.org/resources/download/2070,queued,wsc-2009-calgary,
WSC2009,TP,38,Refrigeration,actual,und,TP38 40CA Marking Forms,0,,WSC2009/TP/38/actual/und/TP38 40CA Marking Forms,https://api.worldskills.org/resources/download/2000,queued,wsc-2009-calgary,
WSC2009,TP,38,Refrigeration,pre,und,TP38 40CA Pre Rev,0,,WSC2009/TP/38/pre/und/TP38 40CA Pre Rev,https://api.worldskills.org/resources/download/1903,queued,wsc-2009-calgary,
WSC2009,TP,39,IT PC/Network Support,actual,und,TP39 40CA Actual,0,,WSC2009/TP/39/actual/und/TP39 40CA Actual,https://api.worldskills.org/resources/download/1950,queued,wsc-2009-calgary,
WSC2009,TP,39,IT PC/Network Support,actual,und,TP39 40CA CIS Import,0,,WSC2009/TP/39/actual/und/TP39 40CA CIS Import,https://api.worldskills.org/resources/download/2071,queued,wsc-2009-calgary,
WSC2009,TP,39,IT PC/Network Support,actual,und,TP39 40CA Marking Forms,0,,WSC2009/TP/39/actual/und/TP39 40CA Marking Forms,https://api.worldskills.org/resources/download/2001,queued,wsc-2009-calgary,
WSC2009,TP,39,IT PC/Network Support,pre,und,TP39 40CA Pre,0,,WSC2009/TP/39/pre/und/TP39 40CA Pre,https://api.worldskills.org/resources/download/1927,queued,wsc-2009-calgary,
WSC2009,TP,40,Graphic Design Technology,actual,und,TP40 40CA Actual,0,,WSC2009/TP/40/actual/und/TP40 40CA Actual,https://api.worldskills.org/resources/download/2028,queued,wsc-2009-calgary,
WSC2009,TP,40,Graphic Design Technology,actual,und,TP40 40CA CIS Import,0,,WSC2009/TP/40/actual/und/TP40 40CA CIS Import,https://api.worldskills.org/resources/download/2072,queued,wsc-2009-calgary,
WSC2009,TP,40,Graphic Design Technology,actual,und,TP40 40CA Marking Forms,0,,WSC2009/TP/40/actual/und/TP40 40CA Marking Forms,https://api.worldskills.org/resources/download/2002,queued,wsc-2009-calgary,
WSC2009,TP,41,Caring,actual,und,TP41 40CA Actual,0,,WSC2009/TP/41/actual/und/TP41 40CA Actual,https://api.worldskills.org/resources/download/2029,queued,wsc-2009-calgary,
WSC2009,TP,41,Caring,actual,und,TP41 40CA CIS Import,0,,WSC2009/TP/41/actual/und/TP41 40CA CIS Import,https://api.worldskills.org/resources/download/2073,queued,wsc-2009-calgary,
WSC2009,TP,41,Caring,actual,und,TP41 40CA Marking Forms,0,,WSC2009/TP/41/actual/und/TP41 40CA Marking Forms,https://api.worldskills.org/resources/download/2003,queued,wsc-2009-calgary,
WSC2009,TP,41,Caring,pre,und,TP41 40CA Pre,0,,WSC2009/TP/41/pre/und/TP41 40CA Pre,https://api.worldskills.org/resources/download/1925,queued,wsc-2009-calgary,
WSC2009,TP,xx,,actual,und,TPD1 40CA Actual,0,,WSC2009/TP/xx/actual/und/TPD1 40CA Actual,https://api.worldskills.org/resources/download/2030,queued,wsc-2009-calgary,
WSC2009,TP,xx,,actual,und,TPD1 40CA CIS Import,0,,WSC2009/TP/xx/actual/und/TPD1 40CA CIS Import,https://api.worldskills.org/resources/download/2074,queued,wsc-2009-calgary,
WSC2009,TP,xx,,actual,und,TPD1 40CA Marking Forms,0,,WSC2009/TP/xx/actual/und/TPD1 40CA Marking Forms,https://api.worldskills.org/resources/download/2004,queued,wsc-2009-calgary,
WSC2009,TP,xx,,pre,und,TPD1 40CA Pre,0,,WSC2009/TP/xx/pre/und/TPD1 40CA Pre,https://api.worldskills.org/resources/download/1911,queued,wsc-2009-calgary,
WSC2009,TP,xx,,actual,und,TPD2 40CA Actual,0,,WSC2009/TP/xx/actual/und/TPD2 40CA Actual,https://api.worldskills.org/resources/download/1946,queued,wsc-2009-calgary,
WSC2009,TP,xx,,actual,und,TPD2 40CA CIS Import,0,,WSC2009/TP/xx/actual/und/TPD2 40CA CIS Import,https://api.worldskills.org/resources/download/2075,queued,wsc-2009-calgary,
WSC2009,TP,xx,,actual,und,TPD2 40CA Marking Forms,0,,WSC2009/TP/xx/actual/und/TPD2 40CA Marking Forms,https://api.worldskills.org/resources/download/2005,queued,wsc-2009-calgary,
WSC2009,TP,xx,,pre,und,TPD2 40CA Pre,0,,WSC2009/TP/xx/pre/und/TPD2 40CA Pre,https://api.worldskills.org/resources/download/1914,queued,wsc-2009-calgary,
WSC2009,TP,xx,,actual,und,TPD3 40CA Actual,0,,WSC2009/TP/xx/actual/und/TPD3 40CA Actual,https://api.worldskills.org/resources/download/1947,queued,wsc-2009-calgary,
WSC2009,TP,xx,,actual,und,TPD3 40CA CIS Import,0,,WSC2009/TP/xx/actual/und/TPD3 40CA CIS Import,https://api.worldskills.org/resources/download/2076,queued,wsc-2009-calgary,
WSC2009,TP,xx,,actual,und,TPD3 40CA Marking Forms,0,,WSC2009/TP/xx/actual/und/TPD3 40CA Marking Forms,https://api.worldskills.org/resources/download/2006,queued,wsc-2009-calgary,
WSC2009,TP,xx,,pre,und,TPD3 40CA Pre,0,,WSC2009/TP/xx/pre/und/TPD3 40CA Pre,https://api.worldskills.org/resources/download/1902,queued,wsc-2009-calgary,
WSC2009,TP,xx,,actual,und,TPHM1 40CA Actual,0,,WSC2009/TP/xx/actual/und/TPHM1 40CA Actual,https://api.worldskills.org/resources/download/1948,queued,wsc-2009-calgary,
WSC2009,TP,xx,,actual,und,TPHM1 40CA CIS Import,0,,WSC2009/TP/xx/actual/und/TPHM1 40CA CIS Import,https://api.worldskills.org/resources/download/2069,queued,wsc-2009-calgary,
WSC2009,TP,xx,,actual,und,TPHM1 40CA Marking Forms,0,,WSC2009/TP/xx/actual/und/TPHM1 40CA Marking Forms,https://api.worldskills.org/resources/download/2007,queued,wsc-2009-calgary,
WSC2009,TP,xx,,pre,und,TPHM1 40CA Pre,0,,WSC2009/TP/xx/pre/und/TPHM1 40CA Pre,https://api.worldskills.org/resources/download/1905,queued,wsc-2009-calgary,
WSC2009,TP,xx,,pre,und,TPXX 40CA Templates,0,,WSC2009/TP/xx/pre/und/TPXX 40CA Templates,https://api.worldskills.org/resources/download/1904,queued,wsc-2009-calgary,
WSC2011,DOC,01,Polymechanics/Automation,,und,WSC2011 HS01,0,,WSC2011/DOC/01/und/WSC2011 HS01,https://api.worldskills.org/resources/download/1422,queued,wsc-2011-london,
WSC2011,DOC,01,Polymechanics/Automation,,und,WSC2011 OR MFS01 500 Scale Results,0,,WSC2011/DOC/01/und/WSC2011 OR MFS01 500 Scale Results,https://api.worldskills.org/resources/download/2436,queued,wsc-2011-london,
WSC2011,DOC,02,Information Network Cabling,,und,WSC2011 HS02,0,,WSC2011/DOC/02/und/WSC2011 HS02,https://api.worldskills.org/resources/download/1423,queued,wsc-2011-london,
WSC2011,DOC,02,Information Network Cabling,,und,WSC2011 OR MFS02 500 Scale Results,0,,WSC2011/DOC/02/und/WSC2011 OR MFS02 500 Scale Results,https://api.worldskills.org/resources/download/2437,queued,wsc-2011-london,
WSC2011,DOC,03,Manufacturing Team Challenge,,und,WSC2011 HS03,0,,WSC2011/DOC/03/und/WSC2011 HS03,https://api.worldskills.org/resources/download/1424,queued,wsc-2011-london,
WSC2011,DOC,03,Manufacturing Team Challenge,,und,WSC2011 OR MFS03 500 Scale Results,0,,WSC2011/DOC/03/und/WSC2011 OR MFS03 500 Scale Results,https://api.worldskills.org/resources/download/2438,queued,wsc-2011-london,
WSC2011,DOC,04,Mechatronics,,und,WSC2011 HS04,0,,WSC2011/DOC/04/und/WSC2011 HS04,https://api.worldskills.org/resources/download/1467,queued,wsc-2011-london,
WSC2011,DOC,04,Mechatronics,,und,WSC2011 OR MFS04 500 Scale Results,0,,WSC2011/DOC/04/und/WSC2011 OR MFS04 500 Scale Results,https://api.worldskills.org/resources/download/2439,queued,wsc-2011-london,
WSC2011,DOC,05,Mechanical Engineering Design - CAD,,und,WSC2011 HS05,0,,WSC2011/DOC/05/und/WSC2011 HS05,https://api.worldskills.org/resources/download/1425,queued,wsc-2011-london,
WSC2011,DOC,05,Mechanical Engineering Design - CAD,,und,WSC2011 OR MFS05 500 Scale Results,0,,WSC2011/DOC/05/und/WSC2011 OR MFS05 500 Scale Results,https://api.worldskills.org/resources/download/2440,queued,wsc-2011-london,
WSC2011,DOC,06,CNC Turning,,und,WSC2011 HS06,0,,WSC2011/DOC/06/und/WSC2011 HS06,https://api.worldskills.org/resources/download/1426,queued,wsc-2011-london,
WSC2011,DOC,06,CNC Turning,,und,WSC2011 OR MFS06 500 Scale Results,0,,WSC2011/DOC/06/und/WSC2011 OR MFS06 500 Scale Results,https://api.worldskills.org/resources/download/2441,queued,wsc-2011-london,
WSC2011,DOC,07,CNC Milling,,und,WSC2011 HS07,0,,WSC2011/DOC/07/und/WSC2011 HS07,https://api.worldskills.org/resources/download/1427,queued,wsc-2011-london,
WSC2011,DOC,07,CNC Milling,,und,WSC2011 OR MFS07 500 Scale Results,0,,WSC2011/DOC/07/und/WSC2011 OR MFS07 500 Scale Results,https://api.worldskills.org/resources/download/2442,queued,wsc-2011-london,
WSC2011,DOC,08,Mould Making,,und,WSC2011 HS08,0,,WSC2011/DOC/08/und/WSC2011 HS08,https://api.worldskills.org/resources/download/1428,queued,wsc-2011-london,
WSC2011,DOC,08,Mould Making,,und,WSC2011 OR MFS08 500 Scale Results,0,,WSC2011/DOC/08/und/WSC2011 OR MFS08 500 Scale Results,https://api.worldskills.org/resources/download/2443,queued,wsc-2011-london,
WSC2011,DOC,09,IT Software Solutions for Business,,und,WSC2011 HS09,0,,WSC2011/DOC/09/und/WSC2011 HS09,https://api.worldskills.org/resources/download/1429,queued,wsc-2011-london,
WSC2011,DOC,09,IT Software Solutions for Business,,und,WSC2011 OR MFS09 500 Scale Results,0,,WSC2011/DOC/09/und/WSC2011 OR MFS09 500 Scale Results,https://api.worldskills.org/resources/download/2444,queued,wsc-2011-london,
WSC2011,DOC,10,Welding,,und,WSC2011 HS10,0,,WSC2011/DOC/10/und/WSC2011 HS10,https://api.worldskills.org/resources/download/1430,queued,wsc-2011-london,
WSC2011,DOC,10,Welding,,und,WSC2011 OR MFS10 500 Scale Results,0,,WSC2011/DOC/10/und/WSC2011 OR MFS10 500 Scale Results,https://api.worldskills.org/resources/download/2445,queued,wsc-2011-london,
WSC2011,DOC,11,Offset Printing,,und,WSC2011 HS11,0,,WSC2011/DOC/11/und/WSC2011 HS11,https://api.worldskills.org/resources/download/1431,queued,wsc-2011-london,
WSC2011,DOC,11,Offset Printing,,und,WSC2011 OR MFS11 500 Scale Results,0,,WSC2011/DOC/11/und/WSC2011 OR MFS11 500 Scale Results,https://api.worldskills.org/resources/download/2446,queued,wsc-2011-london,
WSC2011,DOC,12,Wall and Floor Tiling,,und,WSC2011 HS12,0,,WSC2011/DOC/12/und/WSC2011 HS12,https://api.worldskills.org/resources/download/1432,queued,wsc-2011-london,
WSC2011,DOC,12,Wall and Floor Tiling,,und,WSC2011 OR MFS12 500 Scale Results,0,,WSC2011/DOC/12/und/WSC2011 OR MFS12 500 Scale Results,https://api.worldskills.org/resources/download/2447,queued,wsc-2011-london,
WSC2011,DOC,13,Autobody Repair,,und,WSC2011 HS13,0,,WSC2011/DOC/13/und/WSC2011 HS13,https://api.worldskills.org/resources/download/1433,queued,wsc-2011-london,
WSC2011,DOC,13,Autobody Repair,,und,WSC2011 OR MFS13 500 Scale Results,0,,WSC2011/DOC/13/und/WSC2011 OR MFS13 500 Scale Results,https://api.worldskills.org/resources/download/2448,queued,wsc-2011-london,
WSC2011,DOC,14,Aircraft Maintenance,,und,WSC2011 HS14,0,,WSC2011/DOC/14/und/WSC2011 HS14,https://api.worldskills.org/resources/download/1434,queued,wsc-2011-london,
WSC2011,DOC,14,Aircraft Maintenance,,und,WSC2011 OR MFS14 500 Scale Results,0,,WSC2011/DOC/14/und/WSC2011 OR MFS14 500 Scale Results,https://api.worldskills.org/resources/download/2449,queued,wsc-2011-london,
WSC2011,DOC,15,Plumbing and Heating,,und,WSC2011 HS15,0,,WSC2011/DOC/15/und/WSC2011 HS15,https://api.worldskills.org/resources/download/1435,queued,wsc-2011-london,
WSC2011,DOC,15,Plumbing and Heating,,und,WSC2011 OR MFS15 500 Scale Results,0,,WSC2011/DOC/15/und/WSC2011 OR MFS15 500 Scale Results,https://api.worldskills.org/resources/download/2450,queued,wsc-2011-london,
WSC2011,DOC,16,Electronics,,und,WSC2011 HS16,0,,WSC2011/DOC/16/und/WSC2011 HS16,https://api.worldskills.org/resources/download/1436,queued,wsc-2011-london,
WSC2011,DOC,16,Electronics,,und,WSC2011 OR MFS16 500 Scale Results,0,,WSC2011/DOC/16/und/WSC2011 OR MFS16 500 Scale Results,https://api.worldskills.org/resources/download/2451,queued,wsc-2011-london,
WSC2011,DOC,17,Web Design,,und,WSC2011 HS17,0,,WSC2011/DOC/17/und/WSC2011 HS17,https://api.worldskills.org/resources/download/1437,queued,wsc-2011-london,
WSC2011,DOC,17,Web Design,,und,WSC2011 OR MFS17 500 Scale Results,0,,WSC2011/DOC/17/und/WSC2011 OR MFS17 500 Scale Results,https://api.worldskills.org/resources/download/2452,queued,wsc-2011-london,
WSC2011,DOC,18,Electrical Installations,,und,WSC2011 HS18,0,,WSC2011/DOC/18/und/WSC2011 HS18,https://api.worldskills.org/resources/download/1438,queued,wsc-2011-london,
WSC2011,DOC,18,Electrical Installations,,und,WSC2011 OR MFS18 500 Scale Results,0,,WSC2011/DOC/18/und/WSC2011 OR MFS18 500 Scale Results,https://api.worldskills.org/resources/download/2453,queued,wsc-2011-london,
WSC2011,DOC,19,Industrial Control,,und,WSC2011 HS19,0,,WSC2011/DOC/19/und/WSC2011 HS19,https://api.worldskills.org/resources/download/1439,queued,wsc-2011-london,
WSC2011,DOC,19,Industrial Control,,und,WSC2011 OR MFS19 500 Scale Results,0,,WSC2011/DOC/19/und/WSC2011 OR MFS19 500 Scale Results,https://api.worldskills.org/resources/download/2454,queued,wsc-2011-london,
WSC2011,DOC,20,Bricklaying,,und,WSC2011 HS20,0,,WSC2011/DOC/20/und/WSC2011 HS20,https://api.worldskills.org/resources/download/1440,queued,wsc-2011-london,
WSC2011,DOC,20,Bricklaying,,und,WSC2011 OR MFS20 500 Scale Results,0,,WSC2011/DOC/20/und/WSC2011 OR MFS20 500 Scale Results,https://api.worldskills.org/resources/download/2455,queued,wsc-2011-london,
WSC2011,DOC,21,Plastering and Drywall Systems,,und,WSC2011 HS21,0,,WSC2011/DOC/21/und/WSC2011 HS21,https://api.worldskills.org/resources/download/1441,queued,wsc-2011-london,
WSC2011,DOC,21,Plastering and Drywall Systems,,und,WSC2011 OR MFS21 500 Scale Results,0,,WSC2011/DOC/21/und/WSC2011 OR MFS21 500 Scale Results,https://api.worldskills.org/resources/download/2456,queued,wsc-2011-london,
WSC2011,DOC,22,Painting and Decorating,,und,WSC2011 HS22,0,,WSC2011/DOC/22/und/WSC2011 HS22,https://api.worldskills.org/resources/download/1442,queued,wsc-2011-london,
WSC2011,DOC,22,Painting and Decorating,,und,WSC2011 OR MFS22 500 Scale Results,0,,WSC2011/DOC/22/und/WSC2011 OR MFS22 500 Scale Results,https://api.worldskills.org/resources/download/2457,queued,wsc-2011-london,
WSC2011,DOC,23,Mobile Robotics,,und,WSC2011 HS23,0,,WSC2011/DOC/23/und/WSC2011 HS23,https://api.worldskills.org/resources/download/1443,queued,wsc-2011-london,
WSC2011,DOC,23,Mobile Robotics,,und,WSC2011 OR MFS23 500 Scale Results,0,,WSC2011/DOC/23/und/WSC2011 OR MFS23 500 Scale Results,https://api.worldskills.org/resources/download/2458,queued,wsc-2011-london,
WSC2011,DOC,24,Cabinetmaking,,und,WSC2011 HS24,0,,WSC2011/DOC/24/und/WSC2011 HS24,https://api.worldskills.org/resources/download/1444,queued,wsc-2011-london,
WSC2011,DOC,24,Cabinetmaking,,und,WSC2011 OR MFS24 500 Scale Results,0,,WSC2011/DOC/24/und/WSC2011 OR MFS24 500 Scale Results,https://api.worldskills.org/resources/download/2459,queued,wsc-2011-london,
WSC2011,DOC,25,Joinery,,und,WSC2011 HS25,0,,WSC2011/DOC/25/und/WSC2011 HS25,https://api.worldskills.org/resources/download/1445,queued,wsc-2011-london,
WSC2011,DOC,25,Joinery,,und,WSC2011 OR MFS25 500 Scale Results,0,,WSC2011/DOC/25/und/WSC2011 OR MFS25 500 Scale Results,https://api.worldskills.org/resources/download/2460,queued,wsc-2011-london,
WSC2011,DOC,26,Carpentry,,und,WSC2011 HS26,0,,WSC2011/DOC/26/und/WSC2011 HS26,https://api.worldskills.org/resources/download/1446,queued,wsc-2011-london,
WSC2011,DOC,26,Carpentry,,und,WSC2011 OR MFS26 500 Scale Results,0,,WSC2011/DOC/26/und/WSC2011 OR MFS26 500 Scale Results,https://api.worldskills.org/resources/download/2461,queued,wsc-2011-london,
WSC2011,DOC,27,Jewellery,,und,WSC2011 HS27,0,,WSC2011/DOC/27/und/WSC2011 HS27,https://api.worldskills.org/resources/download/1447,queued,wsc-2011-london,
WSC2011,DOC,27,Jewellery,,und,WSC2011 OR MFS27 500 Scale Results,0,,WSC2011/DOC/27/und/WSC2011 OR MFS27 500 Scale Results,https://api.worldskills.org/resources/download/2462,queued,wsc-2011-london,
WSC2011,DOC,28,Floristry,,und,WSC2011 HS28,0,,WSC2011/DOC/28/und/WSC2011 HS28,https://api.worldskills.org/resources/download/1448,queued,wsc-2011-london,
WSC2011,DOC,28,Floristry,,und,WSC2011 OR MFS28 500 Scale Results,0,,WSC2011/DOC/28/und/WSC2011 OR MFS28 500 Scale Results,https://api.worldskills.org/resources/download/2463,queued,wsc-2011-london,
WSC2011,DOC,29,Ladies'/Men's Hairdressing,,und,WSC2011 HS29,0,,WSC2011/DOC/29/und/WSC2011 HS29,https://api.worldskills.org/resources/download/1449,queued,wsc-2011-london,
WSC2011,DOC,29,Ladies'/Men's Hairdressing,,und,WSC2011 OR MFS29 500 Scale Results,0,,WSC2011/DOC/29/und/WSC2011 OR MFS29 500 Scale Results,https://api.worldskills.org/resources/download/2464,queued,wsc-2011-london,
WSC2011,DOC,30,Beauty Therapy,,und,WSC2011 HS30,0,,WSC2011/DOC/30/und/WSC2011 HS30,https://api.worldskills.org/resources/download/1450,queued,wsc-2011-london,
WSC2011,DOC,30,Beauty Therapy,,und,WSC2011 OR MFS30 500 Scale Results,0,,WSC2011/DOC/30/und/WSC2011 OR MFS30 500 Scale Results,https://api.worldskills.org/resources/download/2465,queued,wsc-2011-london,
WSC2011,DOC,31,Fashion Technology,,und,WSC2011 HS31,0,,WSC2011/DOC/31/und/WSC2011 HS31,https://api.worldskills.org/resources/download/1451,queued,wsc-2011-london,
WSC2011,DOC,31,Fashion Technology,,und,WSC2011 OR MFS31 500 Scale Results,0,,WSC2011/DOC/31/und/WSC2011 OR MFS31 500 Scale Results,https://api.worldskills.org/resources/download/2466,queued,wsc-2011-london,
WSC2011,DOC,32,Confectioner/Pastry Cook,,und,WSC2011 HS32,0,,WSC2011/DOC/32/und/WSC2011 HS32,https://api.worldskills.org/resources/download/1452,queued,wsc-2011-london,
WSC2011,DOC,32,Confectioner/Pastry Cook,,und,WSC2011 OR MFS32 500 Scale Results,0,,WSC2011/DOC/32/und/WSC2011 OR MFS32 500 Scale Results,https://api.worldskills.org/resources/download/2467,queued,wsc-2011-london,
WSC2011,DOC,33,Automobile Technology,,und,WSC2011 HS33,0,,WSC2011/DOC/33/und/WSC2011 HS33,https://api.worldskills.org/resources/download/1453,queued,wsc-2011-london,
WSC2011,DOC,33,Automobile Technology,,und,WSC2011 OR MFS33 500 Scale Results,0,,WSC2011/DOC/33/und/WSC2011 OR MFS33 500 Scale Results,https://api.worldskills.org/resources/download/2468,queued,wsc-2011-london,
WSC2011,DOC,34,Cooking,,und,WSC2011 HS34,0,,WSC2011/DOC/34/und/WSC2011 HS34,https://api.worldskills.org/resources/download/1454,queued,wsc-2011-london,
WSC2011,DOC,34,Cooking,,und,WSC2011 OR MFS34 500 Scale Results,0,,WSC2011/DOC/34/und/WSC2011 OR MFS34 500 Scale Results,https://api.worldskills.org/resources/download/2469,queued,wsc-2011-london,
WSC2011,DOC,35,Restaurant Service,,und,WSC2011 HS35,0,,WSC2011/DOC/35/und/WSC2011 HS35,https://api.worldskills.org/resources/download/1455,queued,wsc-2011-london,
WSC2011,DOC,35,Restaurant Service,,und,WSC2011 OR MFS35 500 Scale Results,0,,WSC2011/DOC/35/und/WSC2011 OR MFS35 500 Scale Results,https://api.worldskills.org/resources/download/2470,queued,wsc-2011-london,
WSC2011,DOC,36,Car Painting,,und,WSC2011 HS36,0,,WSC2011/DOC/36/und/WSC2011 HS36,https://api.worldskills.org/resources/download/1456,queued,wsc-2011-london,
WSC2011,DOC,36,Car Painting,,und,WSC2011 OR MFS36 500 Scale Results,0,,WSC2011/DOC/36/und/WSC2011 OR MFS36 500 Scale Results,https://api.worldskills.org/resources/download/2471,queued,wsc-2011-london,
WSC2011,DOC,37,Landscape Gardening,,und,WSC2011 HS37,0,,WSC2011/DOC/37/und/WSC2011 HS37,https://api.worldskills.org/resources/download/1457,queued,wsc-2011-london,
WSC2011,DOC,37,Landscape Gardening,,und,WSC2011 OR MFS37 500 Scale Results,0,,WSC2011/DOC/37/und/WSC2011 OR MFS37 500 Scale Results,https://api.worldskills.org/resources/download/2472,queued,wsc-2011-london,
WSC2011,DOC,38,Refrigeration and Air Conditioning,,und,WSC2011 HS38,0,,WSC2011/DOC/38/und/WSC2011 HS38,https://api.worldskills.org/resources/download/1458,queued,wsc-2011-london,
WSC2011,DOC,38,Refrigeration and Air Conditioning,,und,WSC2011 OR MFS38 500 Scale Results,0,,WSC2011/DOC/38/und/WSC2011 OR MFS38 500 Scale Results,https://api.worldskills.org/resources/download/2473,queued,wsc-2011-london,
WSC2011,DOC,39,IT Network Systems Administration,,und,WSC2011 HS39,0,,WSC2011/DOC/39/und/WSC2011 HS39,https://api.worldskills.org/resources/download/1459,queued,wsc-2011-london,
WSC2011,DOC,39,IT Network Systems Administration,,und,WSC2011 OR MFS39 500 Scale Results,0,,WSC2011/DOC/39/und/WSC2011 OR MFS39 500 Scale Results,https://api.worldskills.org/resources/download/2474,queued,wsc-2011-london,
WSC2011,DOC,40,Graphic Design Technology,,und,WSC2011 HS40,0,,WSC2011/DOC/40/und/WSC2011 HS40,https://api.worldskills.org/resources/download/1460,queued,wsc-2011-london,
WSC2011,DOC,40,Graphic Design Technology,,und,WSC2011 OR MFS40 500 Scale Results,0,,WSC2011/DOC/40/und/WSC2011 OR MFS40 500 Scale Results,https://api.worldskills.org/resources/download/2475,queued,wsc-2011-london,
WSC2011,DOC,41,Caring,,und,WSC2011 HS41,0,,WSC2011/DOC/41/und/WSC2011 HS41,https://api.worldskills.org/resources/download/1461,queued,wsc-2011-london,
WSC2011,DOC,41,Caring,,und,WSC2011 OR MFS41 500 Scale Results,0,,WSC2011/DOC/41/und/WSC2011 OR MFS41 500 Scale Results,https://api.worldskills.org/resources/download/2476,queued,wsc-2011-london,
WSC2011,DOC,42,Construction Metal Work,,und,WSC2011 HS42,0,,WSC2011/DOC/42/und/WSC2011 HS42,https://api.worldskills.org/resources/download/1462,queued,wsc-2011-london,
WSC2011,DOC,42,Construction Metal Work,,und,WSC2011 OR MFS42 500 Scale Results,0,,WSC2011/DOC/42/und/WSC2011 OR MFS42 500 Scale Results,https://api.worldskills.org/resources/download/2477,queued,wsc-2011-london,
WSC2011,DOC,43,Sheet Metal Technology,,und,WSC2011 HS43,0,,WSC2011/DOC/43/und/WSC2011 HS43,https://api.worldskills.org/resources/download/1463,queued,wsc-2011-london,
WSC2011,DOC,43,Sheet Metal Technology,,und,WSC2011 OR MFS43 500 Scale Results,0,,WSC2011/DOC/43/und/WSC2011 OR MFS43 500 Scale Results,https://api.worldskills.org/resources/download/2478,queued,wsc-2011-london,
WSC2011,DOC,xx,,,und,WSC2011 Final Report,0,,WSC2011/DOC/xx/und/WSC2011 Final Report,https://api.worldskills.org/resources/download/3243,queued,wsc-2011-london,
WSC2011,DOC,xx,,,und,WSC2011 HS Incident Investigation Report,0,,WSC2011/DOC/xx/und/WSC2011 HS Incident Investigation Report,https://api.worldskills.org/resources/download/1413,queued,wsc-2011-london,
WSC2011,DOC,xx,,,und,WSC2011 HS Incident Report Form,0,,WSC2011/DOC/xx/und/WSC2011 HS Incident Report Form,https://api.worldskills.org/resources/download/1414,queued,wsc-2011-london,
WSC2011,DOC,xx,,,und,WSC2011 HS Minor Incident Log,0,,WSC2011/DOC/xx/und/WSC2011 HS Minor Incident Log,https://api.worldskills.org/resources/download/1415,queued,wsc-2011-london,
WSC2011,DOC,xx,,,und,WSC2011 HS Orientation Checklist B1,0,,WSC2011/DOC/xx/und/WSC2011 HS Orientation Checklist B1,https://api.worldskills.org/resources/download/1417,queued,wsc-2011-london,
WSC2011,DOC,xx,,,und,WSC2011 HS Orientation Signature List B2,0,,WSC2011/DOC/xx/und/WSC2011 HS Orientation Signature List B2,https://api.worldskills.org/resources/download/1418,queued,wsc-2011-london,
WSC2011,DOC,xx,,,und,WSC2011 HS Pre-start Checklist,0,,WSC2011/DOC/xx/und/WSC2011 HS Pre-start Checklist,https://api.worldskills.org/resources/download/1419,queued,wsc-2011-london,
WSC2011,DOC,xx,,,und,WSC2011 HS Ready To Proceed C,0,,WSC2011/DOC/xx/und/WSC2011 HS Ready To Proceed C,https://api.worldskills.org/resources/download/1420,queued,wsc-2011-london,
WSC2011,DOC,xx,,,und,WSC2011 HS Report Submission Process,0,,WSC2011/DOC/xx/und/WSC2011 HS Report Submission Process,https://api.worldskills.org/resources/download/1416,queued,wsc-2011-london,
WSC2011,DOC,xx,,,und,WSC2011 HS Skill Area Checklist A,0,,WSC2011/DOC/xx/und/WSC2011 HS Skill Area Checklist A,https://api.worldskills.org/resources/download/1421,queued,wsc-2011-london,
WSC2011,DOC,xx,,,und,WSC2011 HSD1,0,,WSC2011/DOC/xx/und/WSC2011 HSD1,https://api.worldskills.org/resources/download/1464,queued,wsc-2011-london,
WSC2011,DOC,xx,,,und,WSC2011 HSD2,0,,WSC2011/DOC/xx/und/WSC2011 HSD2,https://api.worldskills.org/resources/download/1465,queued,wsc-2011-london,
WSC2011,DOC,xx,,,und,WSC2011 HSHM1,0,,WSC2011/DOC/xx/und/WSC2011 HSHM1,https://api.worldskills.org/resources/download/1466,queued,wsc-2011-london,
WSC2011,DOC,xx,,,und,WSC2011 OR Albert Vidal Award,0,,WSC2011/DOC/xx/und/WSC2011 OR Albert Vidal Award,https://api.worldskills.org/resources/download/2482,queued,wsc-2011-london,
WSC2011,DOC,xx,,,und,WSC2011 OR All Skills,0,,WSC2011/DOC/xx/und/WSC2011 OR All Skills,https://api.worldskills.org/resources/download/2488,queued,wsc-2011-london,
WSC2011,DOC,xx,,,und,WSC2011 OR MFSD1 500 Scale Results,0,,WSC2011/DOC/xx/und/WSC2011 OR MFSD1 500 Scale Results,https://api.worldskills.org/resources/download/2479,queued,wsc-2011-london,
WSC2011,DOC,xx,,,und,WSC2011 OR MFSD2 500 Scale Results,0,,WSC2011/DOC/xx/und/WSC2011 OR MFSD2 500 Scale Results,https://api.worldskills.org/resources/download/2480,queued,wsc-2011-london,
WSC2011,DOC,xx,,,und,WSC2011 OR MFSHM1 500 Scale Results,0,,WSC2011/DOC/xx/und/WSC2011 OR MFSHM1 500 Scale Results,https://api.worldskills.org/resources/download/2481,queued,wsc-2011-london,
WSC2011,DOC,xx,,,und,WSC2011 OR Members Alphabetical,0,,WSC2011/DOC/xx/und/WSC2011 OR Members Alphabetical,https://api.worldskills.org/resources/download/2483,queued,wsc-2011-london,
WSC2011,DOC,xx,,,und,WSC2011 OR Members By Avg Medal,0,,WSC2011/DOC/xx/und/WSC2011 OR Members By Avg Medal,https://api.worldskills.org/resources/download/2484,queued,wsc-2011-london,
WSC2011,DOC,xx,,,und,WSC2011 OR Members By Avg Score,0,,WSC2011/DOC/xx/und/WSC2011 OR Members By Avg Score,https://api.worldskills.org/resources/download/2485,queued,wsc-2011-london,
WSC2011,DOC,xx,,,und,WSC2011 OR Members By Total Medal,0,,WSC2011/DOC/xx/und/WSC2011 OR Members By Total Medal,https://api.worldskills.org/resources/download/2486,queued,wsc-2011-london,
WSC2011,DOC,xx,,,und,WSC2011 OR Members By Total Score,0,,WSC2011/DOC/xx/und/WSC2011 OR Members By Total Score,https://api.worldskills.org/resources/download/2487,queued,wsc-2011-london,
WSC2011,DOC,xx,,,und,WSL2011 Chemical Substances Guidance,0,,WSC2011/DOC/xx/und/WSL2011 Chemical Substances Guidance,https://api.worldskills.org/resources/download/1408,queued,wsc-2011-london,
WSC2011,DOC,xx,,,und,WSL2011 Electrical Guidance,0,,WSC2011/DOC/xx/und/WSL2011 Electrical Guidance,https://api.worldskills.org/resources/download/1409,queued,wsc-2011-london,
WSC2011,DOC,xx,,,und,WSL2011 Emergency Procedures,0,,WSC2011/DOC/xx/und/WSL2011 Emergency Procedures,https://api.worldskills.org/resources/download/1410,queued,wsc-2011-london,
WSC2011,DOC,xx,,,und,WSL2011 Event Health And Safety,0,,WSC2011/DOC/xx/und/WSL2011 Event Health And Safety,https://api.worldskills.org/resources/download/1468,queued,wsc-2011-london,
WSC2011,DOC,xx,,,und,WSL2011 Food Handling Medical Statement,0,,WSC2011/DOC/xx/und/WSL2011 Food Handling Medical Statement,https://api.worldskills.org/resources/download/1411,queued,wsc-2011-london,
WSC2011,DOC,xx,,,und,WSL2011 Health Surveillance Medical Statement,0,,WSC2011/DOC/xx/und/WSL2011 Health Surveillance Medical Statement,https://api.worldskills.org/resources/download/1412,queued,wsc-2011-london,
WSC2011,IL,01,Polymechanics/Automation,,und,WSC2011_IL01,0,,WSC2011/IL/01/und/WSC2011_IL01,https://api.worldskills.org/resources/download/7918,queued,wsc-2011-london,
WSC2011,IL,01,Polymechanics/Automation,,und,WSC2011_IL01_documentation,0,,WSC2011/IL/01/und/WSC2011_IL01_documentation,https://api.worldskills.org/resources/download/3818,queued,wsc-2011-london,
WSC2011,IL,02,Information Network Cabling,,und,WSC2011_IL02,0,,WSC2011/IL/02/und/WSC2011_IL02,https://api.worldskills.org/resources/download/7919,queued,wsc-2011-london,
WSC2011,IL,03,Manufacturing Team Challenge,,und,WSC2011_IL03,0,,WSC2011/IL/03/und/WSC2011_IL03,https://api.worldskills.org/resources/download/7920,queued,wsc-2011-london,
WSC2011,IL,03,Manufacturing Team Challenge,,und,WSC2011_IL03_documentation,0,,WSC2011/IL/03/und/WSC2011_IL03_documentation,https://api.worldskills.org/resources/download/3820,queued,wsc-2011-london,
WSC2011,IL,04,Mechatronics,,und,WSC2011_IL04,0,,WSC2011/IL/04/und/WSC2011_IL04,https://api.worldskills.org/resources/download/7921,queued,wsc-2011-london,
WSC2011,IL,05,Mechanical Engineering Design - CAD,,und,WSC2011_IL05,0,,WSC2011/IL/05/und/WSC2011_IL05,https://api.worldskills.org/resources/download/7922,queued,wsc-2011-london,
WSC2011,IL,06,CNC Turning,,und,WSC2011_IL06,0,,WSC2011/IL/06/und/WSC2011_IL06,https://api.worldskills.org/resources/download/7923,queued,wsc-2011-london,
WSC2011,IL,06,CNC Turning,,und,WSC2011_IL06_documentation,0,,WSC2011/IL/06/und/WSC2011_IL06_documentation,https://api.worldskills.org/resources/download/3823,queued,wsc-2011-london,
WSC2011,IL,07,CNC Milling,,und,WSC2011_IL07,0,,WSC2011/IL/07/und/WSC2011_IL07,https://api.worldskills.org/resources/download/7924,queued,wsc-2011-london,
WSC2011,IL,07,CNC Milling,,und,WSC2011_IL07_documentation,0,,WSC2011/IL/07/und/WSC2011_IL07_documentation,https://api.worldskills.org/resources/download/3824,queued,wsc-2011-london,
WSC2011,IL,08,Mould Making,,und,WSC2011_IL08,0,,WSC2011/IL/08/und/WSC2011_IL08,https://api.worldskills.org/resources/download/7925,queued,wsc-2011-london,
WSC2011,IL,08,Mould Making,,und,WSC2011_IL08_documentation,0,,WSC2011/IL/08/und/WSC2011_IL08_documentation,https://api.worldskills.org/resources/download/3825,queued,wsc-2011-london,
WSC2011,IL,09,IT Software Solutions for Business,,und,WSC2011_IL09,0,,WSC2011/IL/09/und/WSC2011_IL09,https://api.worldskills.org/resources/download/7926,queued,wsc-2011-london,
WSC2011,IL,10,Welding,,und,WSC2011_IL10,0,,WSC2011/IL/10/und/WSC2011_IL10,https://api.worldskills.org/resources/download/7927,queued,wsc-2011-london,
WSC2011,IL,10,Welding,,und,WSC2011_IL10_documentation,0,,WSC2011/IL/10/und/WSC2011_IL10_documentation,https://api.worldskills.org/resources/download/3827,queued,wsc-2011-london,
WSC2011,IL,11,Offset Printing,,und,WSC2011_IL11,0,,WSC2011/IL/11/und/WSC2011_IL11,https://api.worldskills.org/resources/download/7928,queued,wsc-2011-london,
WSC2011,IL,11,Offset Printing,,und,WSC2011_IL11_documentation,0,,WSC2011/IL/11/und/WSC2011_IL11_documentation,https://api.worldskills.org/resources/download/3828,queued,wsc-2011-london,
WSC2011,IL,12,Wall and Floor Tiling,,und,WSC2011_IL12,0,,WSC2011/IL/12/und/WSC2011_IL12,https://api.worldskills.org/resources/download/7929,queued,wsc-2011-london,
WSC2011,IL,13,Autobody Repair,,und,WSC2011_IL13,0,,WSC2011/IL/13/und/WSC2011_IL13,https://api.worldskills.org/resources/download/7930,queued,wsc-2011-london,
WSC2011,IL,13,Autobody Repair,,und,WSC2011_IL13_documentation,0,,WSC2011/IL/13/und/WSC2011_IL13_documentation,https://api.worldskills.org/resources/download/3830,queued,wsc-2011-london,
WSC2011,IL,14,Aircraft Maintenance,,und,WSC2011_IL14,0,,WSC2011/IL/14/und/WSC2011_IL14,https://api.worldskills.org/resources/download/7931,queued,wsc-2011-london,
WSC2011,IL,14,Aircraft Maintenance,,und,WSC2011_IL14_documentation,0,,WSC2011/IL/14/und/WSC2011_IL14_documentation,https://api.worldskills.org/resources/download/3831,queued,wsc-2011-london,
WSC2011,IL,15,Plumbing and Heating,,und,WSC2011_IL15,0,,WSC2011/IL/15/und/WSC2011_IL15,https://api.worldskills.org/resources/download/7932,queued,wsc-2011-london,
WSC2011,IL,15,Plumbing and Heating,,und,WSC2011_IL15_documentation,0,,WSC2011/IL/15/und/WSC2011_IL15_documentation,https://api.worldskills.org/resources/download/3832,queued,wsc-2011-london,
WSC2011,IL,16,Electronics,,und,WSC2011_IL16,0,,WSC2011/IL/16/und/WSC2011_IL16,https://api.worldskills.org/resources/download/7933,queued,wsc-2011-london,
WSC2011,IL,17,Web Design,,und,WSC2011_IL17,0,,WSC2011/IL/17/und/WSC2011_IL17,https://api.worldskills.org/resources/download/7934,queued,wsc-2011-london,
WSC2011,IL,18,Electrical Installations,,und,WSC2011_IL18,0,,WSC2011/IL/18/und/WSC2011_IL18,https://api.worldskills.org/resources/download/7935,queued,wsc-2011-london,
WSC2011,IL,19,Industrial Control,,und,WSC2011_IL19,0,,WSC2011/IL/19/und/WSC2011_IL19,https://api.worldskills.org/resources/download/7936,queued,wsc-2011-london,
WSC2011,IL,20,Bricklaying,,und,WSC2011_IL20,0,,WSC2011/IL/20/und/WSC2011_IL20,https://api.worldskills.org/resources/download/7937,queued,wsc-2011-london,
WSC2011,IL,21,Plastering and Drywall Systems,,und,WSC2011_IL21,0,,WSC2011/IL/21/und/WSC2011_IL21,https://api.worldskills.org/resources/download/7938,queued,wsc-2011-london,
WSC2011,IL,21,Plastering and Drywall Systems,,und,WSC2011_IL21_documentation,0,,WSC2011/IL/21/und/WSC2011_IL21_documentation,https://api.worldskills.org/resources/download/3838,queued,wsc-2011-london,
WSC2011,IL,22,Painting and Decorating,,und,WSC2011_IL22,0,,WSC2011/IL/22/und/WSC2011_IL22,https://api.worldskills.org/resources/download/7939,queued,wsc-2011-london,
WSC2011,IL,22,Painting and Decorating,,und,WSC2011_IL22_documentation,0,,WSC2011/IL/22/und/WSC2011_IL22_documentation,https://api.worldskills.org/resources/download/3839,queued,wsc-2011-london,
WSC2011,IL,23,Mobile Robotics,,und,WSC2011_IL23,0,,WSC2011/IL/23/und/WSC2011_IL23,https://api.worldskills.org/resources/download/7940,queued,wsc-2011-london,
WSC2011,IL,24,Cabinetmaking,,und,WSC2011_IL24,0,,WSC2011/IL/24/und/WSC2011_IL24,https://api.worldskills.org/resources/download/7941,queued,wsc-2011-london,
WSC2011,IL,25,Joinery,,und,WSC2011_IL25,0,,WSC2011/IL/25/und/WSC2011_IL25,https://api.worldskills.org/resources/download/7942,queued,wsc-2011-london,
WSC2011,IL,25,Joinery,,und,WSC2011_IL25_documentation,0,,WSC2011/IL/25/und/WSC2011_IL25_documentation,https://api.worldskills.org/resources/download/3842,queued,wsc-2011-london,
WSC2011,IL,26,Carpentry,,und,WSC2011_IL26,0,,WSC2011/IL/26/und/WSC2011_IL26,https://api.worldskills.org/resources/download/7943,queued,wsc-2011-london,
WSC2011,IL,27,Jewellery,,und,WSC2011_IL27,0,,WSC2011/IL/27/und/WSC2011_IL27,https://api.worldskills.org/resources/download/7944,queued,wsc-2011-london,
WSC2011,IL,27,Jewellery,,und,WSC2011_IL27_documentation,0,,WSC2011/IL/27/und/WSC2011_IL27_documentation,https://api.worldskills.org/resources/download/3844,queued,wsc-2011-london,
WSC2011,IL,28,Floristry,,und,WSC2011_IL28,0,,WSC2011/IL/28/und/WSC2011_IL28,https://api.worldskills.org/resources/download/7945,queued,wsc-2011-london,
WSC2011,IL,29,Ladies'/Men's Hairdressing,,und,WSC2011_IL29,0,,WSC2011/IL/29/und/WSC2011_IL29,https://api.worldskills.org/resources/download/7946,queued,wsc-2011-london,
WSC2011,IL,30,Beauty Therapy,,und,WSC2011_IL30,0,,WSC2011/IL/30/und/WSC2011_IL30,https://api.worldskills.org/resources/download/7947,queued,wsc-2011-london,
WSC2011,IL,30,Beauty Therapy,,und,WSC2011_IL30_documentation,0,,WSC2011/IL/30/und/WSC2011_IL30_documentation,https://api.worldskills.org/resources/download/3847,queued,wsc-2011-london,
WSC2011,IL,31,Fashion Technology,,und,WSC2011_IL31,0,,WSC2011/IL/31/und/WSC2011_IL31,https://api.worldskills.org/resources/download/7948,queued,wsc-2011-london,
WSC2011,IL,31,Fashion Technology,,und,WSC2011_IL31_documentation,0,,WSC2011/IL/31/und/WSC2011_IL31_documentation,https://api.worldskills.org/resources/download/3848,queued,wsc-2011-london,
WSC2011,IL,32,Confectioner/Pastry Cook,,und,WSC2011_IL32,0,,WSC2011/IL/32/und/WSC2011_IL32,https://api.worldskills.org/resources/download/7949,queued,wsc-2011-london,
WSC2011,IL,32,Confectioner/Pastry Cook,,und,WSC2011_IL32_documentation,0,,WSC2011/IL/32/und/WSC2011_IL32_documentation,https://api.worldskills.org/resources/download/3849,queued,wsc-2011-london,
WSC2011,IL,33,Automobile Technology,,und,WSC2011_IL33,0,,WSC2011/IL/33/und/WSC2011_IL33,https://api.worldskills.org/resources/download/7950,queued,wsc-2011-london,
WSC2011,IL,34,Cooking,,und,WSC2011_IL34,0,,WSC2011/IL/34/und/WSC2011_IL34,https://api.worldskills.org/resources/download/7951,queued,wsc-2011-london,
WSC2011,IL,35,Restaurant Service,,und,WSC2011_IL35,0,,WSC2011/IL/35/und/WSC2011_IL35,https://api.worldskills.org/resources/download/7952,queued,wsc-2011-london,
WSC2011,IL,36,Car Painting,,und,WSC2011_IL36,0,,WSC2011/IL/36/und/WSC2011_IL36,https://api.worldskills.org/resources/download/7953,queued,wsc-2011-london,
WSC2011,IL,36,Car Painting,,und,WSC2011_IL36_documentation,0,,WSC2011/IL/36/und/WSC2011_IL36_documentation,https://api.worldskills.org/resources/download/3853,queued,wsc-2011-london,
WSC2011,IL,37,Landscape Gardening,,und,WSC2011_IL37,0,,WSC2011/IL/37/und/WSC2011_IL37,https://api.worldskills.org/resources/download/7954,queued,wsc-2011-london,
WSC2011,IL,38,Refrigeration and Air Conditioning,,und,WSC2011_IL38,0,,WSC2011/IL/38/und/WSC2011_IL38,https://api.worldskills.org/resources/download/7955,queued,wsc-2011-london,
WSC2011,IL,38,Refrigeration and Air Conditioning,,und,WSC2011_IL38_documentation,0,,WSC2011/IL/38/und/WSC2011_IL38_documentation,https://api.worldskills.org/resources/download/3855,queued,wsc-2011-london,
WSC2011,IL,39,IT Network Systems Administration,,und,WSC2011_IL39,0,,WSC2011/IL/39/und/WSC2011_IL39,https://api.worldskills.org/resources/download/7956,queued,wsc-2011-london,
WSC2011,IL,40,Graphic Design Technology,,und,WSC2011_IL40,0,,WSC2011/IL/40/und/WSC2011_IL40,https://api.worldskills.org/resources/download/7957,queued,wsc-2011-london,
WSC2011,IL,40,Graphic Design Technology,,und,WSC2011_IL40_documentation,0,,WSC2011/IL/40/und/WSC2011_IL40_documentation,https://api.worldskills.org/resources/download/3857,queued,wsc-2011-london,
WSC2011,IL,41,Caring,,und,WSC2011_IL41,0,,WSC2011/IL/41/und/WSC2011_IL41,https://api.worldskills.org/resources/download/7958,queued,wsc-2011-london,
WSC2011,IL,42,Construction Metal Work,,und,WSC2011_IL42,0,,WSC2011/IL/42/und/WSC2011_IL42,https://api.worldskills.org/resources/download/7959,queued,wsc-2011-london,
WSC2011,IL,42,Construction Metal Work,,und,WSC2011_IL42_documentation,0,,WSC2011/IL/42/und/WSC2011_IL42_documentation,https://api.worldskills.org/resources/download/3859,queued,wsc-2011-london,
WSC2011,IL,43,Sheet Metal Technology,,und,WSC2011_IL43,0,,WSC2011/IL/43/und/WSC2011_IL43,https://api.worldskills.org/resources/download/7960,queued,wsc-2011-london,
WSC2011,IL,43,Sheet Metal Technology,,und,WSC2011_IL43_documentation,0,,WSC2011/IL/43/und/WSC2011_IL43_documentation,https://api.worldskills.org/resources/download/3860,queued,wsc-2011-london,
WSC2011,IL,D1,Visual Merchandising,,und,WSC2011_ILD1,0,,WSC2011/IL/D1/und/WSC2011_ILD1,https://api.worldskills.org/resources/download/7961,queued,wsc-2011-london,
WSC2011,IL,D2,Creative Modelling,,und,WSC2011_ILD2,0,,WSC2011/IL/D2/und/WSC2011_ILD2,https://api.worldskills.org/resources/download/7962,queued,wsc-2011-london,
WSC2011,IL,D2,Creative Modelling,,und,WSC2011_ILD2_documentation,0,,WSC2011/IL/D2/und/WSC2011_ILD2_documentation,https://api.worldskills.org/resources/download/3862,queued,wsc-2011-london,
WSC2011,IL,H,,,und,WSC2011_ILHM1,0,,WSC2011/IL/H/und/WSC2011_ILHM1,https://api.worldskills.org/resources/download/7963,queued,wsc-2011-london,
WSC2011,RES,xx,,,und,WSC2011 Final Report: Competition - Closing Ceremony,0,,WSC2011/RES/xx/und/WSC2011 Final Report_ Competition - Closing Ceremony,https://api.worldskills.org/resources/download/809,queued,wsc-2011-london,
WSC2011,RES,xx,,,und,WSC2011 Final Report: One School One Country,0,,WSC2011/RES/xx/und/WSC2011 Final Report_ One School One Country,https://api.worldskills.org/resources/download/821,queued,wsc-2011-london,
WSC2011,RES,xx,,,und,WSC2011 Final Report: Opening Ceremony,0,,WSC2011/RES/xx/und/WSC2011 Final Report_ Opening Ceremony,https://api.worldskills.org/resources/download/820,queued,wsc-2011-london,
WSC2011,RES,xx,,,und,WorldSkills 2011 Opening Ceremony Highlights,0,,WSC2011/RES/xx/und/WorldSkills 2011 Opening Ceremony Highlights,https://api.worldskills.org/resources/download/479,queued,wsc-2011-london,
WSC2011,RES,xx,,,und,WorldSkills London 2011 - O2 Opening Ceremony Timelapse,0,,WSC2011/RES/xx/und/WorldSkills London 2011 - O2 Opening Ceremony Timelapse,https://api.worldskills.org/resources/download/699,queued,wsc-2011-london,
WSC2011,RES,xx,,,und,WorldSkills London 2011 - O2 Opening Ceremony Timelapse 2,0,,WSC2011/RES/xx/und/WorldSkills London 2011 - O2 Opening Ceremony Timelapse 2,https://api.worldskills.org/resources/download/700,queued,wsc-2011-london,
WSC2011,RES,xx,,,und,WorldSkills London 2011 - One School One Country,0,,WSC2011/RES/xx/und/WorldSkills London 2011 - One School One Country,https://api.worldskills.org/resources/download/553,queued,wsc-2011-london,
WSC2011,TD,01,Polymechanics/Automation,,und,WSC2011 TD01,0,,WSC2011/TD/01/und/WSC2011 TD01,https://api.worldskills.org/resources/download/1123,queued,wsc-2011-london,
WSC2011,TD,02,Information Network Cabling,,und,WSC2011 TD02,0,,WSC2011/TD/02/und/WSC2011 TD02,https://api.worldskills.org/resources/download/1124,queued,wsc-2011-london,
WSC2011,TD,03,Manufacturing Team Challenge,,und,WSC2011 TD03,0,,WSC2011/TD/03/und/WSC2011 TD03,https://api.worldskills.org/resources/download/1154,queued,wsc-2011-london,
WSC2011,TD,04,Mechatronics,,und,WSC2011 TD04,0,,WSC2011/TD/04/und/WSC2011 TD04,https://api.worldskills.org/resources/download/1155,queued,wsc-2011-london,
WSC2011,TD,05,Mechanical Engineering Design - CAD,,und,WSC2011 TD05,0,,WSC2011/TD/05/und/WSC2011 TD05,https://api.worldskills.org/resources/download/1125,queued,wsc-2011-london,
WSC2011,TD,06,CNC Turning,,und,WSC2011 TD06,0,,WSC2011/TD/06/und/WSC2011 TD06,https://api.worldskills.org/resources/download/1126,queued,wsc-2011-london,
WSC2011,TD,07,CNC Milling,,und,WSC2011 TD07,0,,WSC2011/TD/07/und/WSC2011 TD07,https://api.worldskills.org/resources/download/1163,queued,wsc-2011-london,
WSC2011,TD,08,Mould Making,,und,WSC2011 TD08,0,,WSC2011/TD/08/und/WSC2011 TD08,https://api.worldskills.org/resources/download/1127,queued,wsc-2011-london,
WSC2011,TD,09,IT Software Solutions for Business,,und,WSC2011 TD09,0,,WSC2011/TD/09/und/WSC2011 TD09,https://api.worldskills.org/resources/download/1159,queued,wsc-2011-london,
WSC2011,TD,10,Welding,,und,WSC2011 TD10,0,,WSC2011/TD/10/und/WSC2011 TD10,https://api.worldskills.org/resources/download/1160,queued,wsc-2011-london,
WSC2011,TD,11,Offset Printing,,und,WSC2011 TD11,0,,WSC2011/TD/11/und/WSC2011 TD11,https://api.worldskills.org/resources/download/1128,queued,wsc-2011-london,
WSC2011,TD,12,Wall and Floor Tiling,,und,WSC2011 TD12,0,,WSC2011/TD/12/und/WSC2011 TD12,https://api.worldskills.org/resources/download/1129,queued,wsc-2011-london,
WSC2011,TD,13,Autobody Repair,,und,WSC2011 TD13,0,,WSC2011/TD/13/und/WSC2011 TD13,https://api.worldskills.org/resources/download/1130,queued,wsc-2011-london,
WSC2011,TD,14,Aircraft Maintenance,,und,WSC2011 TD14,0,,WSC2011/TD/14/und/WSC2011 TD14,https://api.worldskills.org/resources/download/1168,queued,wsc-2011-london,
WSC2011,TD,15,Plumbing and Heating,,und,WSC2011 TD15,0,,WSC2011/TD/15/und/WSC2011 TD15,https://api.worldskills.org/resources/download/1131,queued,wsc-2011-london,
WSC2011,TD,16,Electronics,,und,WSC2011 TD16,0,,WSC2011/TD/16/und/WSC2011 TD16,https://api.worldskills.org/resources/download/1132,queued,wsc-2011-london,
WSC2011,TD,17,Web Design,,und,WSC2011 TD17,0,,WSC2011/TD/17/und/WSC2011 TD17,https://api.worldskills.org/resources/download/1133,queued,wsc-2011-london,
WSC2011,TD,18,Electrical Installations,,und,WSC2011 TD18,0,,WSC2011/TD/18/und/WSC2011 TD18,https://api.worldskills.org/resources/download/1150,queued,wsc-2011-london,
WSC2011,TD,19,Industrial Control,,und,WSC2011 TD19,0,,WSC2011/TD/19/und/WSC2011 TD19,https://api.worldskills.org/resources/download/1162,queued,wsc-2011-london,
WSC2011,TD,20,Bricklaying,,und,WSC2011 TD20,0,,WSC2011/TD/20/und/WSC2011 TD20,https://api.worldskills.org/resources/download/1134,queued,wsc-2011-london,
WSC2011,TD,21,Plastering and Drywall Systems,,und,WSC2011 TD21,0,,WSC2011/TD/21/und/WSC2011 TD21,https://api.worldskills.org/resources/download/1151,queued,wsc-2011-london,
WSC2011,TD,22,Painting and Decorating,,und,WSC2011 TD22,0,,WSC2011/TD/22/und/WSC2011 TD22,https://api.worldskills.org/resources/download/1135,queued,wsc-2011-london,
WSC2011,TD,23,Mobile Robotics,,und,WSC2011 TD23,0,,WSC2011/TD/23/und/WSC2011 TD23,https://api.worldskills.org/resources/download/1164,queued,wsc-2011-london,
WSC2011,TD,24,Cabinetmaking,,und,WSC2011 TD24,0,,WSC2011/TD/24/und/WSC2011 TD24,https://api.worldskills.org/resources/download/1153,queued,wsc-2011-london,
WSC2011,TD,25,Joinery,,und,WSC2011 TD25,0,,WSC2011/TD/25/und/WSC2011 TD25,https://api.worldskills.org/resources/download/1165,queued,wsc-2011-london,
WSC2011,TD,26,Carpentry,,und,WSC2011 TD26,0,,WSC2011/TD/26/und/WSC2011 TD26,https://api.worldskills.org/resources/download/1136,queued,wsc-2011-london,
WSC2011,TD,27,Jewellery,,und,WSC2011 TD27,0,,WSC2011/TD/27/und/WSC2011 TD27,https://api.worldskills.org/resources/download/1137,queued,wsc-2011-london,
WSC2011,TD,28,Floristry,,und,WSC2011 TD28,0,,WSC2011/TD/28/und/WSC2011 TD28,https://api.worldskills.org/resources/download/1138,queued,wsc-2011-london,
WSC2011,TD,29,Ladies'/Men's Hairdressing,,und,WSC2011 TD29,0,,WSC2011/TD/29/und/WSC2011 TD29,https://api.worldskills.org/resources/download/1152,queued,wsc-2011-london,
WSC2011,TD,30,Beauty Therapy,,und,WSC2011 TD30,0,,WSC2011/TD/30/und/WSC2011 TD30,https://api.worldskills.org/resources/download/1167,queued,wsc-2011-london,
WSC2011,TD,31,Fashion Technology,,und,WSC2011 TD31,0,,WSC2011/TD/31/und/WSC2011 TD31,https://api.worldskills.org/resources/download/1161,queued,wsc-2011-london,
WSC2011,TD,32,Confectioner/Pastry Cook,,und,WSC2011 TD32,0,,WSC2011/TD/32/und/WSC2011 TD32,https://api.worldskills.org/resources/download/1144,queued,wsc-2011-london,
WSC2011,TD,33,Automobile Technology,,und,WSC2011 TD33,0,,WSC2011/TD/33/und/WSC2011 TD33,https://api.worldskills.org/resources/download/1145,queued,wsc-2011-london,
WSC2011,TD,34,Cooking,,und,WSC2011 TD34,0,,WSC2011/TD/34/und/WSC2011 TD34,https://api.worldskills.org/resources/download/1146,queued,wsc-2011-london,
WSC2011,TD,35,Restaurant Service,,und,WSC2011 TD35,0,,WSC2011/TD/35/und/WSC2011 TD35,https://api.worldskills.org/resources/download/1147,queued,wsc-2011-london,
WSC2011,TD,36,Car Painting,,und,WSC2011 TD36,0,,WSC2011/TD/36/und/WSC2011 TD36,https://api.worldskills.org/resources/download/1148,queued,wsc-2011-london,
WSC2011,TD,37,Landscape Gardening,,und,WSC2011 TD37,0,,WSC2011/TD/37/und/WSC2011 TD37,https://api.worldskills.org/resources/download/1156,queued,wsc-2011-london,
WSC2011,TD,38,Refrigeration and Air Conditioning,,und,WSC2011 TD38,0,,WSC2011/TD/38/und/WSC2011 TD38,https://api.worldskills.org/resources/download/1139,queued,wsc-2011-london,
WSC2011,TD,39,IT Network Systems Administration,,und,WSC2011 TD39,0,,WSC2011/TD/39/und/WSC2011 TD39,https://api.worldskills.org/resources/download/1140,queued,wsc-2011-london,
WSC2011,TD,40,Graphic Design Technology,,und,WSC2011 TD40,0,,WSC2011/TD/40/und/WSC2011 TD40,https://api.worldskills.org/resources/download/1149,queued,wsc-2011-london,
WSC2011,TD,41,Caring,,und,WSC2011 TD41,0,,WSC2011/TD/41/und/WSC2011 TD41,https://api.worldskills.org/resources/download/1157,queued,wsc-2011-london,
WSC2011,TD,42,Construction Metal Work,,und,WSC2011 TD42,0,,WSC2011/TD/42/und/WSC2011 TD42,https://api.worldskills.org/resources/download/1141,queued,wsc-2011-london,
WSC2011,TD,43,Sheet Metal Technology,,und,WSC2011 TD43,0,,WSC2011/TD/43/und/WSC2011 TD43,https://api.worldskills.org/resources/download/1142,queued,wsc-2011-london,
WSC2011,TD,D1,Visual Merchandising,,und,WSC2011 TDD1,0,,WSC2011/TD/D1/und/WSC2011 TDD1,https://api.worldskills.org/resources/download/1158,queued,wsc-2011-london,
WSC2011,TD,D2,Creative Modelling,,und,WSC2011 TDD2,0,,WSC2011/TD/D2/und/WSC2011 TDD2,https://api.worldskills.org/resources/download/1166,queued,wsc-2011-london,
WSC2011,TD,H,,,und,WSC2011 TDHM1,0,,WSC2011/TD/H/und/WSC2011 TDHM1,https://api.worldskills.org/resources/download/1143,queued,wsc-2011-london,
WSC2011,TD,xx,,,und,documents.json,0,,WSC2011/TD/xx/und/documents.json,https://api.worldskills.org/skillman/documents/events/8,forbidden,wsc-2011-london,
WSC2011,TP,01,Polymechanics/Automation,actual,und,WSC2011 MS01 Marking Forms,0,,WSC2011/TP/01/actual/und/WSC2011 MS01 Marking Forms,https://api.worldskills.org/resources/download/1864,queued,wsc-2011-london,
WSC2011,TP,01,Polymechanics/Automation,actual,und,WSC2011 TP01 Actual,0,,WSC2011/TP/01/actual/und/WSC2011 TP01 Actual,https://api.worldskills.org/resources/download/1898,queued,wsc-2011-london,
WSC2011,TP,02,Information Network Cabling,actual,und,WSC2011 MS02 Marking Forms,0,,WSC2011/TP/02/actual/und/WSC2011 MS02 Marking Forms,https://api.worldskills.org/resources/download/1863,queued,wsc-2011-london,
WSC2011,TP,02,Information Network Cabling,actual,und,WSC2011 TP02 Actual,0,,WSC2011/TP/02/actual/und/WSC2011 TP02 Actual,https://api.worldskills.org/resources/download/1899,queued,wsc-2011-london,
WSC2011,TP,02,Information Network Cabling,pre,und,WSC2011 TP02 Pre,0,,WSC2011/TP/02/pre/und/WSC2011 TP02 Pre,https://api.worldskills.org/resources/download/1797,queued,wsc-2011-london,
WSC2011,TP,03,Manufacturing Team Challenge,actual,und,WSC2011 MS03 Marking Forms,0,,WSC2011/TP/03/actual/und/WSC2011 MS03 Marking Forms,https://api.worldskills.org/resources/download/1862,queued,wsc-2011-london,
WSC2011,TP,03,Manufacturing Team Challenge,actual,und,WSC2011 TP03 Actual,0,,WSC2011/TP/03/actual/und/WSC2011 TP03 Actual,https://api.worldskills.org/resources/download/1900,queued,wsc-2011-london,
WSC2011,TP,03,Manufacturing Team Challenge,pre,und,WSC2011 TP03 Pre,0,,WSC2011/TP/03/pre/und/WSC2011 TP03 Pre,https://api.worldskills.org/resources/download/1803,queued,wsc-2011-london,
WSC2011,TP,04,Mechatronics,actual,und,WSC2011 MS04 Marking Forms,0,,WSC2011/TP/04/actual/und/WSC2011 MS04 Marking Forms,https://api.worldskills.org/resources/download/1861,queued,wsc-2011-london,
WSC2011,TP,04,Mechatronics,actual,und,WSC2011 TP04 Actual,0,,WSC2011/TP/04/actual/und/WSC2011 TP04 Actual,https://api.worldskills.org/resources/download/1850,queued,wsc-2011-london,
WSC2011,TP,05,Mechanical Engineering Design - CAD,actual,und,WSC2011 MS05 Marking Forms,0,,WSC2011/TP/05/actual/und/WSC2011 MS05 Marking Forms,https://api.worldskills.org/resources/download/1860,queued,wsc-2011-london,
WSC2011,TP,05,Mechanical Engineering Design - CAD,actual,und,WSC2011 TP05 Actual A,0,,WSC2011/TP/05/actual/und/WSC2011 TP05 Actual A,https://api.worldskills.org/resources/download/1845,queued,wsc-2011-london,
WSC2011,TP,05,Mechanical Engineering Design - CAD,actual,und,WSC2011 TP05 Actual B,0,,WSC2011/TP/05/actual/und/WSC2011 TP05 Actual B,https://api.worldskills.org/resources/download/1846,queued,wsc-2011-london,
WSC2011,TP,05,Mechanical Engineering Design - CAD,actual,und,WSC2011 TP05 Actual C,0,,WSC2011/TP/05/actual/und/WSC2011 TP05 Actual C,https://api.worldskills.org/resources/download/1847,queued,wsc-2011-london,
WSC2011,TP,05,Mechanical Engineering Design - CAD,pre,und,WSC2011 TP05 Pre,0,,WSC2011/TP/05/pre/und/WSC2011 TP05 Pre,https://api.worldskills.org/resources/download/1802,queued,wsc-2011-london,
WSC2011,TP,06,CNC Turning,actual,und,WSC2011 MS06 Marking Forms,0,,WSC2011/TP/06/actual/und/WSC2011 MS06 Marking Forms,https://api.worldskills.org/resources/download/1859,queued,wsc-2011-london,
WSC2011,TP,06,CNC Turning,actual,und,WSC2011 TP06 Actual,0,,WSC2011/TP/06/actual/und/WSC2011 TP06 Actual,https://api.worldskills.org/resources/download/1807,queued,wsc-2011-london,
WSC2011,TP,07,CNC Milling,actual,und,WSC2011 MS07 Marking Forms,0,,WSC2011/TP/07/actual/und/WSC2011 MS07 Marking Forms,https://api.worldskills.org/resources/download/1858,queued,wsc-2011-london,
WSC2011,TP,07,CNC Milling,actual,und,WSC2011 TP07 Actual,0,,WSC2011/TP/07/actual/und/WSC2011 TP07 Actual,https://api.worldskills.org/resources/download/1808,queued,wsc-2011-london,
WSC2011,TP,08,Mould Making,actual,und,WSC2011 MS08 Marking Forms,0,,WSC2011/TP/08/actual/und/WSC2011 MS08 Marking Forms,https://api.worldskills.org/resources/download/1857,queued,wsc-2011-london,
WSC2011,TP,08,Mould Making,actual,und,WSC2011 TP08 Actual,0,,WSC2011/TP/08/actual/und/WSC2011 TP08 Actual,https://api.worldskills.org/resources/download/1809,queued,wsc-2011-london,
WSC2011,TP,08,Mould Making,pre,und,WSC2011 TP08 Pre,0,,WSC2011/TP/08/pre/und/WSC2011 TP08 Pre,https://api.worldskills.org/resources/download/1772,queued,wsc-2011-london,
WSC2011,TP,09,IT Software Solutions for Business,actual,und,WSC2011 MS09 Marking Forms,0,,WSC2011/TP/09/actual/und/WSC2011 MS09 Marking Forms,https://api.worldskills.org/resources/download/1856,queued,wsc-2011-london,
WSC2011,TP,09,IT Software Solutions for Business,actual,und,WSC2011 TP09 Actual,0,,WSC2011/TP/09/actual/und/WSC2011 TP09 Actual,https://api.worldskills.org/resources/download/1821,queued,wsc-2011-london,
WSC2011,TP,10,Welding,actual,und,WSC2011 MS10 Marking Forms,0,,WSC2011/TP/10/actual/und/WSC2011 MS10 Marking Forms,https://api.worldskills.org/resources/download/1855,queued,wsc-2011-london,
WSC2011,TP,10,Welding,actual,und,WSC2011 TP10 Actual,0,,WSC2011/TP/10/actual/und/WSC2011 TP10 Actual,https://api.worldskills.org/resources/download/1810,queued,wsc-2011-london,
WSC2011,TP,10,Welding,pre,und,WSC2011 TP10 Pre,0,,WSC2011/TP/10/pre/und/WSC2011 TP10 Pre,https://api.worldskills.org/resources/download/1773,queued,wsc-2011-london,
WSC2011,TP,11,Offset Printing,actual,und,WSC2011 MS11 Marking Forms,0,,WSC2011/TP/11/actual/und/WSC2011 MS11 Marking Forms,https://api.worldskills.org/resources/download/1854,queued,wsc-2011-london,
WSC2011,TP,11,Offset Printing,actual,und,WSC2011 TP11 Actual,0,,WSC2011/TP/11/actual/und/WSC2011 TP11 Actual,https://api.worldskills.org/resources/download/1811,queued,wsc-2011-london,
WSC2011,TP,11,Offset Printing,pre,und,WSC2011 TP11 Pre,0,,WSC2011/TP/11/pre/und/WSC2011 TP11 Pre,https://api.worldskills.org/resources/download/1799,queued,wsc-2011-london,
WSC2011,TP,12,Wall and Floor Tiling,actual,und,WSC2011 MS12 Marking Forms,0,,WSC2011/TP/12/actual/und/WSC2011 MS12 Marking Forms,https://api.worldskills.org/resources/download/1853,queued,wsc-2011-london,
WSC2011,TP,12,Wall and Floor Tiling,actual,und,WSC2011 TP12 Actual,0,,WSC2011/TP/12/actual/und/WSC2011 TP12 Actual,https://api.worldskills.org/resources/download/1812,queued,wsc-2011-london,
WSC2011,TP,12,Wall and Floor Tiling,pre,und,WSC2011 TP12 Pre,0,,WSC2011/TP/12/pre/und/WSC2011 TP12 Pre,https://api.worldskills.org/resources/download/1774,queued,wsc-2011-london,
WSC2011,TP,13,Autobody Repair,actual,und,WSC2011 MS13 Marking Forms,0,,WSC2011/TP/13/actual/und/WSC2011 MS13 Marking Forms,https://api.worldskills.org/resources/download/1852,queued,wsc-2011-london,
WSC2011,TP,13,Autobody Repair,actual,und,WSC2011 TP13 Actual,0,,WSC2011/TP/13/actual/und/WSC2011 TP13 Actual,https://api.worldskills.org/resources/download/1813,queued,wsc-2011-london,
WSC2011,TP,13,Autobody Repair,pre,und,WSC2011 TP13 Pre,0,,WSC2011/TP/13/pre/und/WSC2011 TP13 Pre,https://api.worldskills.org/resources/download/1775,queued,wsc-2011-london,
WSC2011,TP,14,Aircraft Maintenance,actual,und,WSC2011 MS14 Marking Forms,0,,WSC2011/TP/14/actual/und/WSC2011 MS14 Marking Forms,https://api.worldskills.org/resources/download/1865,queued,wsc-2011-london,
WSC2011,TP,14,Aircraft Maintenance,actual,und,WSC2011 TP14 Actual,0,,WSC2011/TP/14/actual/und/WSC2011 TP14 Actual,https://api.worldskills.org/resources/download/1834,queued,wsc-2011-london,
WSC2011,TP,14,Aircraft Maintenance,pre,und,WSC2011 TP14 Pre,0,,WSC2011/TP/14/pre/und/WSC2011 TP14 Pre,https://api.worldskills.org/resources/download/1776,queued,wsc-2011-london,
WSC2011,TP,15,Plumbing and Heating,actual,und,WSC2011 MS15 Marking Forms,0,,WSC2011/TP/15/actual/und/WSC2011 MS15 Marking Forms,https://api.worldskills.org/resources/download/1866,queued,wsc-2011-london,
WSC2011,TP,15,Plumbing and Heating,actual,und,WSC2011 TP15 Actual,0,,WSC2011/TP/15/actual/und/WSC2011 TP15 Actual,https://api.worldskills.org/resources/download/1822,queued,wsc-2011-london,
WSC2011,TP,15,Plumbing and Heating,pre,und,WSC2011 TP15 Pre,0,,WSC2011/TP/15/pre/und/WSC2011 TP15 Pre,https://api.worldskills.org/resources/download/1777,queued,wsc-2011-london,
WSC2011,TP,16,Electronics,actual,und,WSC2011 MS16 Marking Forms,0,,WSC2011/TP/16/actual/und/WSC2011 MS16 Marking Forms,https://api.worldskills.org/resources/download/1867,queued,wsc-2011-london,
WSC2011,TP,16,Electronics,actual,und,WSC2011 TP16 Actual,0,,WSC2011/TP/16/actual/und/WSC2011 TP16 Actual,https://api.worldskills.org/resources/download/1817,queued,wsc-2011-london,
WSC2011,TP,17,Web Design,actual,und,WSC2011 MS17 Marking Forms,0,,WSC2011/TP/17/actual/und/WSC2011 MS17 Marking Forms,https://api.worldskills.org/resources/download/1868,queued,wsc-2011-london,
WSC2011,TP,17,Web Design,actual,und,WSC2011 TP17 Actual A,0,,WSC2011/TP/17/actual/und/WSC2011 TP17 Actual A,https://api.worldskills.org/resources/download/1848,queued,wsc-2011-london,
WSC2011,TP,17,Web Design,actual,und,WSC2011 TP17 Actual B,0,,WSC2011/TP/17/actual/und/WSC2011 TP17 Actual B,https://api.worldskills.org/resources/download/1849,queued,wsc-2011-london,
WSC2011,TP,17,Web Design,pre,und,WSC2011 TP17 Pre,0,,WSC2011/TP/17/pre/und/WSC2011 TP17 Pre,https://api.worldskills.org/resources/download/1778,queued,wsc-2011-london,
WSC2011,TP,18,Electrical Installations,actual,und,WSC2011 MS18 Marking Forms,0,,WSC2011/TP/18/actual/und/WSC2011 MS18 Marking Forms,https://api.worldskills.org/resources/download/1869,queued,wsc-2011-london,
WSC2011,TP,18,Electrical Installations,actual,und,WSC2011 TP18 Actual,0,,WSC2011/TP/18/actual/und/WSC2011 TP18 Actual,https://api.worldskills.org/resources/download/1901,queued,wsc-2011-london,
WSC2011,TP,18,Electrical Installations,pre,und,WSC2011 TP18 Pre,0,,WSC2011/TP/18/pre/und/WSC2011 TP18 Pre,https://api.worldskills.org/resources/download/1798,queued,wsc-2011-london,
WSC2011,TP,19,Industrial Control,actual,und,WSC2011 MS19 Marking Forms,0,,WSC2011/TP/19/actual/und/WSC2011 MS19 Marking Forms,https://api.worldskills.org/resources/download/1870,queued,wsc-2011-london,
WSC2011,TP,19,Industrial Control,actual,und,WSC2011 TP19 Actual,0,,WSC2011/TP/19/actual/und/WSC2011 TP19 Actual,https://api.worldskills.org/resources/download/1844,queued,wsc-2011-london,
WSC2011,TP,19,Industrial Control,pre,und,WSC2011 TP19 Pre,0,,WSC2011/TP/19/pre/und/WSC2011 TP19 Pre,https://api.worldskills.org/resources/download/1779,queued,wsc-2011-london,
WSC2011,TP,20,Bricklaying,actual,und,WSC2011 MS20 Marking Forms,0,,WSC2011/TP/20/actual/und/WSC2011 MS20 Marking Forms,https://api.worldskills.org/resources/download/1871,queued,wsc-2011-london,
WSC2011,TP,20,Bricklaying,actual,und,WSC2011 TP20 Actual,0,,WSC2011/TP/20/actual/und/WSC2011 TP20 Actual,https://api.worldskills.org/resources/download/1823,queued,wsc-2011-london,
WSC2011,TP,20,Bricklaying,pre,und,WSC2011 TP20 Pre,0,,WSC2011/TP/20/pre/und/WSC2011 TP20 Pre,https://api.worldskills.org/resources/download/1780,queued,wsc-2011-london,
WSC2011,TP,21,Plastering and Drywall Systems,actual,und,WSC2011 MS21 Marking Forms,0,,WSC2011/TP/21/actual/und/WSC2011 MS21 Marking Forms,https://api.worldskills.org/resources/download/1872,queued,wsc-2011-london,
WSC2011,TP,21,Plastering and Drywall Systems,actual,und,WSC2011 TP21 Actual,0,,WSC2011/TP/21/actual/und/WSC2011 TP21 Actual,https://api.worldskills.org/resources/download/1818,queued,wsc-2011-london,
WSC2011,TP,21,Plastering and Drywall Systems,pre,und,WSC2011 TP21 Pre,0,,WSC2011/TP/21/pre/und/WSC2011 TP21 Pre,https://api.worldskills.org/resources/download/1790,queued,wsc-2011-london,
WSC2011,TP,22,Painting and Decorating,actual,und,WSC2011 MS22 Marking Forms,0,,WSC2011/TP/22/actual/und/WSC2011 MS22 Marking Forms,https://api.worldskills.org/resources/download/1873,queued,wsc-2011-london,
WSC2011,TP,22,Painting and Decorating,actual,und,WSC2011 TP22 Actual,0,,WSC2011/TP/22/actual/und/WSC2011 TP22 Actual,https://api.worldskills.org/resources/download/1819,queued,wsc-2011-london,
WSC2011,TP,22,Painting and Decorating,pre,und,WSC2011 TP22 Pre,0,,WSC2011/TP/22/pre/und/WSC2011 TP22 Pre,https://api.worldskills.org/resources/download/1781,queued,wsc-2011-london,
WSC2011,TP,23,Mobile Robotics,actual,und,WSC2011 MS23 Marking Forms,0,,WSC2011/TP/23/actual/und/WSC2011 MS23 Marking Forms,https://api.worldskills.org/resources/download/1874,queued,wsc-2011-london,
WSC2011,TP,23,Mobile Robotics,actual,und,WSC2011 TP23 Actual,0,,WSC2011/TP/23/actual/und/WSC2011 TP23 Actual,https://api.worldskills.org/resources/download/1820,queued,wsc-2011-london,
WSC2011,TP,23,Mobile Robotics,pre,und,WSC2011 TP23 Pre,0,,WSC2011/TP/23/pre/und/WSC2011 TP23 Pre,https://api.worldskills.org/resources/download/1792,queued,wsc-2011-london,
WSC2011,TP,24,Cabinetmaking,actual,und,WSC2011 MS24 Marking Forms,0,,WSC2011/TP/24/actual/und/WSC2011 MS24 Marking Forms,https://api.worldskills.org/resources/download/1875,queued,wsc-2011-london,
WSC2011,TP,24,Cabinetmaking,actual,und,WSC2011 TP24 Actual,0,,WSC2011/TP/24/actual/und/WSC2011 TP24 Actual,https://api.worldskills.org/resources/download/1824,queued,wsc-2011-london,
WSC2011,TP,24,Cabinetmaking,pre,und,WSC2011 TP24 Pre,0,,WSC2011/TP/24/pre/und/WSC2011 TP24 Pre,https://api.worldskills.org/resources/download/1795,queued,wsc-2011-london,
WSC2011,TP,25,Joinery,actual,und,WSC2011 MS25 Marking Forms,0,,WSC2011/TP/25/actual/und/WSC2011 MS25 Marking Forms,https://api.worldskills.org/resources/download/1876,queued,wsc-2011-london,
WSC2011,TP,25,Joinery,actual,und,WSC2011 TP25 Actual,0,,WSC2011/TP/25/actual/und/WSC2011 TP25 Actual,https://api.worldskills.org/resources/download/1825,queued,wsc-2011-london,
WSC2011,TP,25,Joinery,pre,und,WSC2011 TP25 Pre,0,,WSC2011/TP/25/pre/und/WSC2011 TP25 Pre,https://api.worldskills.org/resources/download/1771,queued,wsc-2011-london,
WSC2011,TP,26,Carpentry,actual,und,WSC2011 MS26 Marking Forms,0,,WSC2011/TP/26/actual/und/WSC2011 MS26 Marking Forms,https://api.worldskills.org/resources/download/1877,queued,wsc-2011-london,
WSC2011,TP,26,Carpentry,actual,und,WSC2011 TP26 Actual,0,,WSC2011/TP/26/actual/und/WSC2011 TP26 Actual,https://api.worldskills.org/resources/download/1826,queued,wsc-2011-london,
WSC2011,TP,26,Carpentry,pre,und,WSC2011 TP26 Pre,0,,WSC2011/TP/26/pre/und/WSC2011 TP26 Pre,https://api.worldskills.org/resources/download/1789,queued,wsc-2011-london,
WSC2011,TP,27,Jewellery,actual,und,WSC2011 MS27 Marking Forms,0,,WSC2011/TP/27/actual/und/WSC2011 MS27 Marking Forms,https://api.worldskills.org/resources/download/1878,queued,wsc-2011-london,
WSC2011,TP,27,Jewellery,actual,und,WSC2011 TP27 Actual,0,,WSC2011/TP/27/actual/und/WSC2011 TP27 Actual,https://api.worldskills.org/resources/download/1827,queued,wsc-2011-london,
WSC2011,TP,27,Jewellery,pre,und,WSC2011 TP27 Pre,0,,WSC2011/TP/27/pre/und/WSC2011 TP27 Pre,https://api.worldskills.org/resources/download/1791,queued,wsc-2011-london,
WSC2011,TP,28,Floristry,actual,und,WSC2011 MS28 Marking Forms,0,,WSC2011/TP/28/actual/und/WSC2011 MS28 Marking Forms,https://api.worldskills.org/resources/download/1879,queued,wsc-2011-london,
WSC2011,TP,28,Floristry,actual,und,WSC2011 TP28 Actual,0,,WSC2011/TP/28/actual/und/WSC2011 TP28 Actual,https://api.worldskills.org/resources/download/1815,queued,wsc-2011-london,
WSC2011,TP,29,Ladies'/Men's Hairdressing,actual,und,WSC2011 MS29 Marking Forms,0,,WSC2011/TP/29/actual/und/WSC2011 MS29 Marking Forms,https://api.worldskills.org/resources/download/1880,queued,wsc-2011-london,
WSC2011,TP,29,Ladies'/Men's Hairdressing,actual,und,WSC2011 TP29 Actual,0,,WSC2011/TP/29/actual/und/WSC2011 TP29 Actual,https://api.worldskills.org/resources/download/1806,queued,wsc-2011-london,
WSC2011,TP,29,Ladies'/Men's Hairdressing,pre,und,WSC2011 TP29 Pre,0,,WSC2011/TP/29/pre/und/WSC2011 TP29 Pre,https://api.worldskills.org/resources/download/1800,queued,wsc-2011-london,
WSC2011,TP,30,Beauty Therapy,actual,und,WSC2011 MS30 Marking Forms,0,,WSC2011/TP/30/actual/und/WSC2011 MS30 Marking Forms,https://api.worldskills.org/resources/download/1881,queued,wsc-2011-london,
WSC2011,TP,30,Beauty Therapy,actual,und,WSC2011 TP30 Actual,0,,WSC2011/TP/30/actual/und/WSC2011 TP30 Actual,https://api.worldskills.org/resources/download/1814,queued,wsc-2011-london,
WSC2011,TP,30,Beauty Therapy,pre,und,WSC2011 TP30 Pre,0,,WSC2011/TP/30/pre/und/WSC2011 TP30 Pre,https://api.worldskills.org/resources/download/1769,queued,wsc-2011-london,
WSC2011,TP,31,Fashion Technology,actual,und,WSC2011 MS31 Marking Forms,0,,WSC2011/TP/31/actual/und/WSC2011 MS31 Marking Forms,https://api.worldskills.org/resources/download/1882,queued,wsc-2011-london,
WSC2011,TP,31,Fashion Technology,actual,und,WSC2011 TP31 Actual,0,,WSC2011/TP/31/actual/und/WSC2011 TP31 Actual,https://api.worldskills.org/resources/download/1816,queued,wsc-2011-london,
WSC2011,TP,31,Fashion Technology,pre,und,WSC2011 TP31 Pre,0,,WSC2011/TP/31/pre/und/WSC2011 TP31 Pre,https://api.worldskills.org/resources/download/1793,queued,wsc-2011-london,
WSC2011,TP,32,Confectioner/Pastry Cook,actual,und,WSC2011 MS32 Marking Forms,0,,WSC2011/TP/32/actual/und/WSC2011 MS32 Marking Forms,https://api.worldskills.org/resources/download/1883,queued,wsc-2011-london,
WSC2011,TP,32,Confectioner/Pastry Cook,actual,und,WSC2011 TP32 Actual,0,,WSC2011/TP/32/actual/und/WSC2011 TP32 Actual,https://api.worldskills.org/resources/download/1835,queued,wsc-2011-london,
WSC2011,TP,32,Confectioner/Pastry Cook,pre,und,WSC2011 TP32 Pre,0,,WSC2011/TP/32/pre/und/WSC2011 TP32 Pre,https://api.worldskills.org/resources/download/1788,queued,wsc-2011-london,
WSC2011,TP,33,Automobile Technology,actual,und,WSC2011 MS33 Marking Forms,0,,WSC2011/TP/33/actual/und/WSC2011 MS33 Marking Forms,https://api.worldskills.org/resources/download/1884,queued,wsc-2011-london,
WSC2011,TP,33,Automobile Technology,actual,und,WSC2011 TP33 Actual,0,,WSC2011/TP/33/actual/und/WSC2011 TP33 Actual,https://api.worldskills.org/resources/download/1831,queued,wsc-2011-london,
WSC2011,TP,34,Cooking,actual,und,WSC2011 MS34 Marking Forms,0,,WSC2011/TP/34/actual/und/WSC2011 MS34 Marking Forms,https://api.worldskills.org/resources/download/1885,queued,wsc-2011-london,
WSC2011,TP,34,Cooking,actual,und,WSC2011 TP34 Actual,0,,WSC2011/TP/34/actual/und/WSC2011 TP34 Actual,https://api.worldskills.org/resources/download/1829,queued,wsc-2011-london,
WSC2011,TP,34,Cooking,pre,und,WSC2011 TP34 Pre,0,,WSC2011/TP/34/pre/und/WSC2011 TP34 Pre,https://api.worldskills.org/resources/download/1782,queued,wsc-2011-london,
WSC2011,TP,35,Restaurant Service,actual,und,WSC2011 MS35 Marking Forms,0,,WSC2011/TP/35/actual/und/WSC2011 MS35 Marking Forms,https://api.worldskills.org/resources/download/1886,queued,wsc-2011-london,
WSC2011,TP,35,Restaurant Service,actual,und,WSC2011 TP35 Actual,0,,WSC2011/TP/35/actual/und/WSC2011 TP35 Actual,https://api.worldskills.org/resources/download/1851,queued,wsc-2011-london,
WSC2011,TP,35,Restaurant Service,pre,und,WSC2011 TP35 Pre,0,,WSC2011/TP/35/pre/und/WSC2011 TP35 Pre,https://api.worldskills.org/resources/download/1794,queued,wsc-2011-london,
WSC2011,TP,36,Car Painting,actual,und,WSC2011 MS36 Marking Forms,0,,WSC2011/TP/36/actual/und/WSC2011 MS36 Marking Forms,https://api.worldskills.org/resources/download/1887,queued,wsc-2011-london,
WSC2011,TP,36,Car Painting,actual,und,WSC2011 TP36 Actual,0,,WSC2011/TP/36/actual/und/WSC2011 TP36 Actual,https://api.worldskills.org/resources/download/1830,queued,wsc-2011-london,
WSC2011,TP,36,Car Painting,pre,und,WSC2011 TP36 Pre,0,,WSC2011/TP/36/pre/und/WSC2011 TP36 Pre,https://api.worldskills.org/resources/download/1804,queued,wsc-2011-london,
WSC2011,TP,37,Landscape Gardening,actual,und,WSC2011 MS37 Marking Forms,0,,WSC2011/TP/37/actual/und/WSC2011 MS37 Marking Forms,https://api.worldskills.org/resources/download/1888,queued,wsc-2011-london,
WSC2011,TP,37,Landscape Gardening,actual,und,WSC2011 TP37 Actual,0,,WSC2011/TP/37/actual/und/WSC2011 TP37 Actual,https://api.worldskills.org/resources/download/1832,queued,wsc-2011-london,
WSC2011,TP,37,Landscape Gardening,pre,und,WSC2011 TP37 Pre,0,,WSC2011/TP/37/pre/und/WSC2011 TP37 Pre,https://api.worldskills.org/resources/download/1783,queued,wsc-2011-london,
WSC2011,TP,38,Refrigeration and Air Conditioning,actual,und,WSC2011 MS38 Marking Forms,0,,WSC2011/TP/38/actual/und/WSC2011 MS38 Marking Forms,https://api.worldskills.org/resources/download/1889,queued,wsc-2011-london,
WSC2011,TP,38,Refrigeration and Air Conditioning,actual,und,WSC2011 TP38 Actual,0,,WSC2011/TP/38/actual/und/WSC2011 TP38 Actual,https://api.worldskills.org/resources/download/1833,queued,wsc-2011-london,
WSC2011,TP,38,Refrigeration and Air Conditioning,pre,und,WSC2011 TP38 Pre,0,,WSC2011/TP/38/pre/und/WSC2011 TP38 Pre,https://api.worldskills.org/resources/download/1805,queued,wsc-2011-london,
WSC2011,TP,39,IT Network Systems Administration,actual,und,WSC2011 MS39 Marking Forms,0,,WSC2011/TP/39/actual/und/WSC2011 MS39 Marking Forms,https://api.worldskills.org/resources/download/1890,queued,wsc-2011-london,
WSC2011,TP,39,IT Network Systems Administration,actual,und,WSC2011 TP39 Actual,0,,WSC2011/TP/39/actual/und/WSC2011 TP39 Actual,https://api.worldskills.org/resources/download/1828,queued,wsc-2011-london,
WSC2011,TP,39,IT Network Systems Administration,pre,und,WSC2011 TP39 Pre,0,,WSC2011/TP/39/pre/und/WSC2011 TP39 Pre,https://api.worldskills.org/resources/download/1784,queued,wsc-2011-london,
WSC2011,TP,40,Graphic Design Technology,actual,und,WSC2011 MS40 Marking Forms,0,,WSC2011/TP/40/actual/und/WSC2011 MS40 Marking Forms,https://api.worldskills.org/resources/download/1891,queued,wsc-2011-london,
WSC2011,TP,40,Graphic Design Technology,actual,und,WSC2011 TP40 Actual A,0,,WSC2011/TP/40/actual/und/WSC2011 TP40 Actual A,https://api.worldskills.org/resources/download/1843,queued,wsc-2011-london,
WSC2011,TP,40,Graphic Design Technology,actual,und,WSC2011 TP40 Actual B,0,,WSC2011/TP/40/actual/und/WSC2011 TP40 Actual B,https://api.worldskills.org/resources/download/1841,queued,wsc-2011-london,
WSC2011,TP,41,Caring,actual,und,WSC2011 MS41 Marking Forms,0,,WSC2011/TP/41/actual/und/WSC2011 MS41 Marking Forms,https://api.worldskills.org/resources/download/1892,queued,wsc-2011-london,
WSC2011,TP,41,Caring,actual,und,WSC2011 TP41 Actual,0,,WSC2011/TP/41/actual/und/WSC2011 TP41 Actual,https://api.worldskills.org/resources/download/1837,queued,wsc-2011-london,
WSC2011,TP,41,Caring,pre,und,WSC2011 TP41 Pre,0,,WSC2011/TP/41/pre/und/WSC2011 TP41 Pre,https://api.worldskills.org/resources/download/1785,queued,wsc-2011-london,
WSC2011,TP,42,Construction Metal Work,actual,und,WSC2011 MS42 Marking Forms,0,,WSC2011/TP/42/actual/und/WSC2011 MS42 Marking Forms,https://api.worldskills.org/resources/download/1893,queued,wsc-2011-london,
WSC2011,TP,42,Construction Metal Work,actual,und,WSC2011 TP42 Actual,0,,WSC2011/TP/42/actual/und/WSC2011 TP42 Actual,https://api.worldskills.org/resources/download/1842,queued,wsc-2011-london,
WSC2011,TP,42,Construction Metal Work,pre,und,WSC2011 TP42 Pre,0,,WSC2011/TP/42/pre/und/WSC2011 TP42 Pre,https://api.worldskills.org/resources/download/1786,queued,wsc-2011-london,
WSC2011,TP,43,Sheet Metal Technology,actual,und,WSC2011 MS43 Marking Forms,0,,WSC2011/TP/43/actual/und/WSC2011 MS43 Marking Forms,https://api.worldskills.org/resources/download/1894,queued,wsc-2011-london,
WSC2011,TP,43,Sheet Metal Technology,actual,und,WSC2011 TP43 Actual,0,,WSC2011/TP/43/actual/und/WSC2011 TP43 Actual,https://api.worldskills.org/resources/download/1836,queued,wsc-2011-london,
WSC2011,TP,43,Sheet Metal Technology,pre,und,WSC2011 TP43 Pre,0,,WSC2011/TP/43/pre/und/WSC2011 TP43 Pre,https://api.worldskills.org/resources/download/1796,queued,wsc-2011-london,
WSC2011,TP,D1,Visual Merchandising,actual,und,WSC2011 TPD1 Actual,0,,WSC2011/TP/D1/actual/und/WSC2011 TPD1 Actual,https://api.worldskills.org/resources/download/1838,queued,wsc-2011-london,
WSC2011,TP,D1,Visual Merchandising,pre,und,WSC2011 TPD1 Pre,0,,WSC2011/TP/D1/pre/und/WSC2011 TPD1 Pre,https://api.worldskills.org/resources/download/1770,queued,wsc-2011-london,
WSC2011,TP,D2,Creative Modelling,actual,und,WSC2011 TPD2 Actual,0,,WSC2011/TP/D2/actual/und/WSC2011 TPD2 Actual,https://api.worldskills.org/resources/download/1839,queued,wsc-2011-london,
WSC2011,TP,D2,Creative Modelling,pre,und,WSC2011 TPD2 Pre,0,,WSC2011/TP/D2/pre/und/WSC2011 TPD2 Pre,https://api.worldskills.org/resources/download/1787,queued,wsc-2011-london,
WSC2011,TP,H,,actual,und,WSC2011 TPHM1 Actual,0,,WSC2011/TP/H/actual/und/WSC2011 TPHM1 Actual,https://api.worldskills.org/resources/download/1840,queued,wsc-2011-london,
WSC2011,TP,H,,pre,und,WSC2011 TPHM1 Pre,0,,WSC2011/TP/H/pre/und/WSC2011 TPHM1 Pre,https://api.worldskills.org/resources/download/1801,queued,wsc-2011-london,
WSC2011,TP,xx,,actual,und,WSC2011 MSD1 Marking Forms,0,,WSC2011/TP/xx/actual/und/WSC2011 MSD1 Marking Forms,https://api.worldskills.org/resources/download/1895,queued,wsc-2011-london,
WSC2011,TP,xx,,actual,und,WSC2011 MSD2 Marking Forms,0,,WSC2011/TP/xx/actual/und/WSC2011 MSD2 Marking Forms,https://api.worldskills.org/resources/download/1896,queued,wsc-2011-london,
WSC2011,TP,xx,,actual,und,WSC2011 MSHM1 Marking Forms,0,,WSC2011/TP/xx/actual/und/WSC2011 MSHM1 Marking Forms,https://api.worldskills.org/resources/download/1897,queued,wsc-2011-london,
WSC2013,DOC,01,Polymechanics/Automation,,und,WSC2013 HS01,0,,WSC2013/DOC/01/und/WSC2013 HS01,https://api.worldskills.org/resources/download/1362,queued,wsc-2013-leipzig,
WSC2013,DOC,01,Polymechanics/Automation,,und,WSC2013 OR MFS01 500 Scale Results,0,,WSC2013/DOC/01/und/WSC2013 OR MFS01 500 Scale Results,https://api.worldskills.org/resources/download/2390,queued,wsc-2013-leipzig,
WSC2013,DOC,02,Information Network Cabling,,und,WSC2013 HS02,0,,WSC2013/DOC/02/und/WSC2013 HS02,https://api.worldskills.org/resources/download/1363,queued,wsc-2013-leipzig,
WSC2013,DOC,02,Information Network Cabling,,und,WSC2013 OR MFS02 500 Scale Results,0,,WSC2013/DOC/02/und/WSC2013 OR MFS02 500 Scale Results,https://api.worldskills.org/resources/download/2391,queued,wsc-2013-leipzig,
WSC2013,DOC,03,Manufacturing Team Challenge,,und,WSC2013 HS03,0,,WSC2013/DOC/03/und/WSC2013 HS03,https://api.worldskills.org/resources/download/1364,queued,wsc-2013-leipzig,
WSC2013,DOC,03,Manufacturing Team Challenge,,und,WSC2013 OR MFS03 500 Scale Results,0,,WSC2013/DOC/03/und/WSC2013 OR MFS03 500 Scale Results,https://api.worldskills.org/resources/download/2392,queued,wsc-2013-leipzig,
WSC2013,DOC,04,Mechatronics,,und,WSC2013 HS04,0,,WSC2013/DOC/04/und/WSC2013 HS04,https://api.worldskills.org/resources/download/1365,queued,wsc-2013-leipzig,
WSC2013,DOC,04,Mechatronics,,und,WSC2013 OR MFS04 500 Scale Results,0,,WSC2013/DOC/04/und/WSC2013 OR MFS04 500 Scale Results,https://api.worldskills.org/resources/download/2393,queued,wsc-2013-leipzig,
WSC2013,DOC,05,Mechanical Engineering Design - CAD,,und,WSC2013 HS05,0,,WSC2013/DOC/05/und/WSC2013 HS05,https://api.worldskills.org/resources/download/1366,queued,wsc-2013-leipzig,
WSC2013,DOC,05,Mechanical Engineering Design - CAD,,und,WSC2013 OR MFS05 500 Scale Results,0,,WSC2013/DOC/05/und/WSC2013 OR MFS05 500 Scale Results,https://api.worldskills.org/resources/download/2394,queued,wsc-2013-leipzig,
WSC2013,DOC,06,CNC Turning,,und,WSC2013 HS06,0,,WSC2013/DOC/06/und/WSC2013 HS06,https://api.worldskills.org/resources/download/1367,queued,wsc-2013-leipzig,
WSC2013,DOC,06,CNC Turning,,und,WSC2013 OR MFS06 500 Scale Results,0,,WSC2013/DOC/06/und/WSC2013 OR MFS06 500 Scale Results,https://api.worldskills.org/resources/download/2395,queued,wsc-2013-leipzig,
WSC2013,DOC,07,CNC Milling,,und,WSC2013 HS07,0,,WSC2013/DOC/07/und/WSC2013 HS07,https://api.worldskills.org/resources/download/1368,queued,wsc-2013-leipzig,
WSC2013,DOC,07,CNC Milling,,und,WSC2013 OR MFS07 500 Scale Results,0,,WSC2013/DOC/07/und/WSC2013 OR MFS07 500 Scale Results,https://api.worldskills.org/resources/download/2396,queued,wsc-2013-leipzig,
WSC2013,DOC,08,Architectural Stonemasonry,,und,WSC2013 HS08,0,,WSC2013/DOC/08/und/WSC2013 HS08,https://api.worldskills.org/resources/download/1369,queued,wsc-2013-leipzig,
WSC2013,DOC,08,Architectural Stonemasonry,,und,WSC2013 OR MFS08 500 Scale Results,0,,WSC2013/DOC/08/und/WSC2013 OR MFS08 500 Scale Results,https://api.worldskills.org/resources/download/2397,queued,wsc-2013-leipzig,
WSC2013,DOC,09,IT Software Solutions for Business,,und,WSC2013 HS09,0,,WSC2013/DOC/09/und/WSC2013 HS09,https://api.worldskills.org/resources/download/1370,queued,wsc-2013-leipzig,
WSC2013,DOC,09,IT Software Solutions for Business,,und,WSC2013 OR MFS09 500 Scale Results,0,,WSC2013/DOC/09/und/WSC2013 OR MFS09 500 Scale Results,https://api.worldskills.org/resources/download/2398,queued,wsc-2013-leipzig,
WSC2013,DOC,10,Welding,,und,WSC2013 HS10,0,,WSC2013/DOC/10/und/WSC2013 HS10,https://api.worldskills.org/resources/download/1371,queued,wsc-2013-leipzig,
WSC2013,DOC,10,Welding,,und,WSC2013 OR MFS10 500 Scale Results,0,,WSC2013/DOC/10/und/WSC2013 OR MFS10 500 Scale Results,https://api.worldskills.org/resources/download/2399,queued,wsc-2013-leipzig,
WSC2013,DOC,11,Print Media Technology,,und,WSC2013 HS11,0,,WSC2013/DOC/11/und/WSC2013 HS11,https://api.worldskills.org/resources/download/1372,queued,wsc-2013-leipzig,
WSC2013,DOC,11,Print Media Technology,,und,WSC2013 OR MFS11 500 Scale Results,0,,WSC2013/DOC/11/und/WSC2013 OR MFS11 500 Scale Results,https://api.worldskills.org/resources/download/2400,queued,wsc-2013-leipzig,
WSC2013,DOC,12,Wall and Floor Tiling,,und,WSC2013 HS12,0,,WSC2013/DOC/12/und/WSC2013 HS12,https://api.worldskills.org/resources/download/1373,queued,wsc-2013-leipzig,
WSC2013,DOC,12,Wall and Floor Tiling,,und,WSC2013 OR MFS12 500 Scale Results,0,,WSC2013/DOC/12/und/WSC2013 OR MFS12 500 Scale Results,https://api.worldskills.org/resources/download/2401,queued,wsc-2013-leipzig,
WSC2013,DOC,13,Autobody Repair,,und,WSC2013 HS13,0,,WSC2013/DOC/13/und/WSC2013 HS13,https://api.worldskills.org/resources/download/1374,queued,wsc-2013-leipzig,
WSC2013,DOC,13,Autobody Repair,,und,WSC2013 OR MFS13 500 Scale Results,0,,WSC2013/DOC/13/und/WSC2013 OR MFS13 500 Scale Results,https://api.worldskills.org/resources/download/2402,queued,wsc-2013-leipzig,
WSC2013,DOC,14,Aircraft Maintenance,,und,WSC2013 HS14,0,,WSC2013/DOC/14/und/WSC2013 HS14,https://api.worldskills.org/resources/download/1375,queued,wsc-2013-leipzig,
WSC2013,DOC,14,Aircraft Maintenance,,und,WSC2013 OR MFS14 500 Scale Results,0,,WSC2013/DOC/14/und/WSC2013 OR MFS14 500 Scale Results,https://api.worldskills.org/resources/download/2403,queued,wsc-2013-leipzig,
WSC2013,DOC,15,Plumbing and Heating,,und,WSC2013 HS15,0,,WSC2013/DOC/15/und/WSC2013 HS15,https://api.worldskills.org/resources/download/1376,queued,wsc-2013-leipzig,
WSC2013,DOC,15,Plumbing and Heating,,und,WSC2013 OR MFS15 500 Scale Results,0,,WSC2013/DOC/15/und/WSC2013 OR MFS15 500 Scale Results,https://api.worldskills.org/resources/download/2404,queued,wsc-2013-leipzig,
WSC2013,DOC,16,Electronics,,und,WSC2013 HS16,0,,WSC2013/DOC/16/und/WSC2013 HS16,https://api.worldskills.org/resources/download/1377,queued,wsc-2013-leipzig,
WSC2013,DOC,16,Electronics,,und,WSC2013 OR MFS16 500 Scale Results,0,,WSC2013/DOC/16/und/WSC2013 OR MFS16 500 Scale Results,https://api.worldskills.org/resources/download/2405,queued,wsc-2013-leipzig,
WSC2013,DOC,17,Web Design,,und,WSC2013 HS17,0,,WSC2013/DOC/17/und/WSC2013 HS17,https://api.worldskills.org/resources/download/1378,queued,wsc-2013-leipzig,
WSC2013,DOC,17,Web Design,,und,WSC2013 OR MFS17 500 Scale Results,0,,WSC2013/DOC/17/und/WSC2013 OR MFS17 500 Scale Results,https://api.worldskills.org/resources/download/2406,queued,wsc-2013-leipzig,
WSC2013,DOC,18,Electrical Installations,,und,WSC2013 HS18,0,,WSC2013/DOC/18/und/WSC2013 HS18,https://api.worldskills.org/resources/download/1379,queued,wsc-2013-leipzig,
WSC2013,DOC,18,Electrical Installations,,und,WSC2013 OR MFS18 500 Scale Results,0,,WSC2013/DOC/18/und/WSC2013 OR MFS18 500 Scale Results,https://api.worldskills.org/resources/download/2407,queued,wsc-2013-leipzig,
WSC2013,DOC,19,Industrial Control,,und,WSC2013 HS19,0,,WSC2013/DOC/19/und/WSC2013 HS19,https://api.worldskills.org/resources/download/1380,queued,wsc-2013-leipzig,
WSC2013,DOC,19,Industrial Control,,und,WSC2013 OR MFS19 500 Scale Results,0,,WSC2013/DOC/19/und/WSC2013 OR MFS19 500 Scale Results,https://api.worldskills.org/resources/download/2408,queued,wsc-2013-leipzig,
WSC2013,DOC,20,Bricklaying,,und,WSC2013 HS20,0,,WSC2013/DOC/20/und/WSC2013 HS20,https://api.worldskills.org/resources/download/1381,queued,wsc-2013-leipzig,
WSC2013,DOC,20,Bricklaying,,und,WSC2013 OR MFS20 500 Scale Results,0,,WSC2013/DOC/20/und/WSC2013 OR MFS20 500 Scale Results,https://api.worldskills.org/resources/download/2409,queued,wsc-2013-leipzig,
WSC2013,DOC,21,Plastering and Drywall Systems,,und,WSC2013 HS21,0,,WSC2013/DOC/21/und/WSC2013 HS21,https://api.worldskills.org/resources/download/1382,queued,wsc-2013-leipzig,
WSC2013,DOC,21,Plastering and Drywall Systems,,und,WSC2013 OR MFS21 500 Scale Results,0,,WSC2013/DOC/21/und/WSC2013 OR MFS21 500 Scale Results,https://api.worldskills.org/resources/download/2410,queued,wsc-2013-leipzig,
WSC2013,DOC,22,Painting and Decorating,,und,WSC2013 HS22,0,,WSC2013/DOC/22/und/WSC2013 HS22,https://api.worldskills.org/resources/download/1383,queued,wsc-2013-leipzig,
WSC2013,DOC,22,Painting and Decorating,,und,WSC2013 OR MFS22 500 Scale Results,0,,WSC2013/DOC/22/und/WSC2013 OR MFS22 500 Scale Results,https://api.worldskills.org/resources/download/2411,queued,wsc-2013-leipzig,
WSC2013,DOC,23,Mobile Robotics,,und,WSC2013 HS23,0,,WSC2013/DOC/23/und/WSC2013 HS23,https://api.worldskills.org/resources/download/1384,queued,wsc-2013-leipzig,
WSC2013,DOC,23,Mobile Robotics,,und,WSC2013 OR MFS23 500 Scale Results,0,,WSC2013/DOC/23/und/WSC2013 OR MFS23 500 Scale Results,https://api.worldskills.org/resources/download/2412,queued,wsc-2013-leipzig,
WSC2013,DOC,24,Cabinetmaking,,und,WSC2013 HS24,0,,WSC2013/DOC/24/und/WSC2013 HS24,https://api.worldskills.org/resources/download/1385,queued,wsc-2013-leipzig,
WSC2013,DOC,24,Cabinetmaking,,und,WSC2013 OR MFS24 500 Scale Results,0,,WSC2013/DOC/24/und/WSC2013 OR MFS24 500 Scale Results,https://api.worldskills.org/resources/download/2413,queued,wsc-2013-leipzig,
WSC2013,DOC,25,Joinery,,und,WSC2013 HS25,0,,WSC2013/DOC/25/und/WSC2013 HS25,https://api.worldskills.org/resources/download/1386,queued,wsc-2013-leipzig,
WSC2013,DOC,25,Joinery,,und,WSC2013 OR MFS25 500 Scale Results,0,,WSC2013/DOC/25/und/WSC2013 OR MFS25 500 Scale Results,https://api.worldskills.org/resources/download/2414,queued,wsc-2013-leipzig,
WSC2013,DOC,26,Carpentry,,und,WSC2013 HS26,0,,WSC2013/DOC/26/und/WSC2013 HS26,https://api.worldskills.org/resources/download/1387,queued,wsc-2013-leipzig,
WSC2013,DOC,26,Carpentry,,und,WSC2013 OR MFS26 500 Scale Results,0,,WSC2013/DOC/26/und/WSC2013 OR MFS26 500 Scale Results,https://api.worldskills.org/resources/download/2415,queued,wsc-2013-leipzig,
WSC2013,DOC,27,Jewellery,,und,WSC2013 HS27,0,,WSC2013/DOC/27/und/WSC2013 HS27,https://api.worldskills.org/resources/download/1388,queued,wsc-2013-leipzig,
WSC2013,DOC,27,Jewellery,,und,WSC2013 OR MFS27 500 Scale Results,0,,WSC2013/DOC/27/und/WSC2013 OR MFS27 500 Scale Results,https://api.worldskills.org/resources/download/2416,queued,wsc-2013-leipzig,
WSC2013,DOC,28,Floristry,,und,WSC2013 HS28,0,,WSC2013/DOC/28/und/WSC2013 HS28,https://api.worldskills.org/resources/download/1389,queued,wsc-2013-leipzig,
WSC2013,DOC,28,Floristry,,und,WSC2013 OR MFS28 500 Scale Results,0,,WSC2013/DOC/28/und/WSC2013 OR MFS28 500 Scale Results,https://api.worldskills.org/resources/download/2417,queued,wsc-2013-leipzig,
WSC2013,DOC,29,Hairdressing,,und,WSC2013 HS29,0,,WSC2013/DOC/29/und/WSC2013 HS29,https://api.worldskills.org/resources/download/1390,queued,wsc-2013-leipzig,
WSC2013,DOC,29,Hairdressing,,und,WSC2013 OR MFS29 500 Scale Results,0,,WSC2013/DOC/29/und/WSC2013 OR MFS29 500 Scale Results,https://api.worldskills.org/resources/download/2418,queued,wsc-2013-leipzig,
WSC2013,DOC,30,Beauty Therapy,,und,WSC2013 HS30,0,,WSC2013/DOC/30/und/WSC2013 HS30,https://api.worldskills.org/resources/download/1391,queued,wsc-2013-leipzig,
WSC2013,DOC,30,Beauty Therapy,,und,WSC2013 OR MFS30 500 Scale Results,0,,WSC2013/DOC/30/und/WSC2013 OR MFS30 500 Scale Results,https://api.worldskills.org/resources/download/2419,queued,wsc-2013-leipzig,
WSC2013,DOC,31,Fashion Technology,,und,WSC2013 HS31,0,,WSC2013/DOC/31/und/WSC2013 HS31,https://api.worldskills.org/resources/download/1392,queued,wsc-2013-leipzig,
WSC2013,DOC,31,Fashion Technology,,und,WSC2013 OR MFS31 500 Scale Results,0,,WSC2013/DOC/31/und/WSC2013 OR MFS31 500 Scale Results,https://api.worldskills.org/resources/download/2420,queued,wsc-2013-leipzig,
WSC2013,DOC,32,Confectioner/Pastry Cook,,und,WSC2013 HS32,0,,WSC2013/DOC/32/und/WSC2013 HS32,https://api.worldskills.org/resources/download/1393,queued,wsc-2013-leipzig,
WSC2013,DOC,32,Confectioner/Pastry Cook,,und,WSC2013 OR MFS32 500 Scale Results,0,,WSC2013/DOC/32/und/WSC2013 OR MFS32 500 Scale Results,https://api.worldskills.org/resources/download/2421,queued,wsc-2013-leipzig,
WSC2013,DOC,33,Automobile Technology,,und,WSC2013 HS33,0,,WSC2013/DOC/33/und/WSC2013 HS33,https://api.worldskills.org/resources/download/1394,queued,wsc-2013-leipzig,
WSC2013,DOC,33,Automobile Technology,,und,WSC2013 OR MFS33 500 Scale Results,0,,WSC2013/DOC/33/und/WSC2013 OR MFS33 500 Scale Results,https://api.worldskills.org/resources/download/2422,queued,wsc-2013-leipzig,
WSC2013,DOC,34,Cooking,,und,WSC2013 HS34,0,,WSC2013/DOC/34/und/WSC2013 HS34,https://api.worldskills.org/resources/download/1395,queued,wsc-2013-leipzig,
WSC2013,DOC,34,Cooking,,und,WSC2013 OR MFS34 500 Scale Results,0,,WSC2013/DOC/34/und/WSC2013 OR MFS34 500 Scale Results,https://api.worldskills.org/resources/download/2423,queued,wsc-2013-leipzig,
WSC2013,DOC,35,Restaurant Service,,und,WSC2013 HS35,0,,WSC2013/DOC/35/und/WSC2013 HS35,https://api.worldskills.org/resources/download/1396,queued,wsc-2013-leipzig,
WSC2013,DOC,35,Restaurant Service,,und,WSC2013 OR MFS35 500 Scale Results,0,,WSC2013/DOC/35/und/WSC2013 OR MFS35 500 Scale Results,https://api.worldskills.org/resources/download/2424,queued,wsc-2013-leipzig,
WSC2013,DOC,36,Car Painting,,und,WSC2013 HS36,0,,WSC2013/DOC/36/und/WSC2013 HS36,https://api.worldskills.org/resources/download/1397,queued,wsc-2013-leipzig,
WSC2013,DOC,36,Car Painting,,und,WSC2013 OR MFS36 500 Scale Results,0,,WSC2013/DOC/36/und/WSC2013 OR MFS36 500 Scale Results,https://api.worldskills.org/resources/download/2425,queued,wsc-2013-leipzig,
WSC2013,DOC,37,Landscape Gardening,,und,WSC2013 HS37,0,,WSC2013/DOC/37/und/WSC2013 HS37,https://api.worldskills.org/resources/download/1398,queued,wsc-2013-leipzig,
WSC2013,DOC,37,Landscape Gardening,,und,WSC2013 OR MFS37 500 Scale Results,0,,WSC2013/DOC/37/und/WSC2013 OR MFS37 500 Scale Results,https://api.worldskills.org/resources/download/2426,queued,wsc-2013-leipzig,
WSC2013,DOC,38,Refrigeration and Air Conditioning,,und,WSC2013 HS38,0,,WSC2013/DOC/38/und/WSC2013 HS38,https://api.worldskills.org/resources/download/1399,queued,wsc-2013-leipzig,
WSC2013,DOC,38,Refrigeration and Air Conditioning,,und,WSC2013 OR MFS38 500 Scale Results,0,,WSC2013/DOC/38/und/WSC2013 OR MFS38 500 Scale Results,https://api.worldskills.org/resources/download/2427,queued,wsc-2013-leipzig,
WSC2013,DOC,39,IT Network Systems Administration,,und,WSC2013 HS39,0,,WSC2013/DOC/39/und/WSC2013 HS39,https://api.worldskills.org/resources/download/1400,queued,wsc-2013-leipzig,
WSC2013,DOC,39,IT Network Systems Administration,,und,WSC2013 OR MFS39 500 Scale Results,0,,WSC2013/DOC/39/und/WSC2013 OR MFS39 500 Scale Results,https://api.worldskills.org/resources/download/2428,queued,wsc-2013-leipzig,
WSC2013,DOC,40,Graphic Design Technology,,und,WSC2013 HS40,0,,WSC2013/DOC/40/und/WSC2013 HS40,https://api.worldskills.org/resources/download/1401,queued,wsc-2013-leipzig,
WSC2013,DOC,40,Graphic Design Technology,,und,WSC2013 OR MFS40 500 Scale Results,0,,WSC2013/DOC/40/und/WSC2013 OR MFS40 500 Scale Results,https://api.worldskills.org/resources/download/2429,queued,wsc-2013-leipzig,
WSC2013,DOC,41,Health and Social Care,,und,WSC2013 HS41,0,,WSC2013/DOC/41/und/WSC2013 HS41,https://api.worldskills.org/resources/download/1402,queued,wsc-2013-leipzig,
WSC2013,DOC,41,Health and Social Care,,und,WSC2013 OR MFS41 500 Scale Results,0,,WSC2013/DOC/41/und/WSC2013 OR MFS41 500 Scale Results,https://api.worldskills.org/resources/download/2430,queued,wsc-2013-leipzig,
WSC2013,DOC,42,Construction Metal Work,,und,WSC2013 HS42,0,,WSC2013/DOC/42/und/WSC2013 HS42,https://api.worldskills.org/resources/download/1403,queued,wsc-2013-leipzig,
WSC2013,DOC,42,Construction Metal Work,,und,WSC2013 OR MFS42 500 Scale Results,0,,WSC2013/DOC/42/und/WSC2013 OR MFS42 500 Scale Results,https://api.worldskills.org/resources/download/2431,queued,wsc-2013-leipzig,
WSC2013,DOC,43,Sheet Metal Technology,,und,WSC2013 HS43,0,,WSC2013/DOC/43/und/WSC2013 HS43,https://api.worldskills.org/resources/download/1404,queued,wsc-2013-leipzig,
WSC2013,DOC,43,Sheet Metal Technology,,und,WSC2013 OR MFS43 500 Scale Results,0,,WSC2013/DOC/43/und/WSC2013 OR MFS43 500 Scale Results,https://api.worldskills.org/resources/download/2432,queued,wsc-2013-leipzig,
WSC2013,DOC,44,Visual Merchandising/Window Dressing,,und,WSC2013 HS44,0,,WSC2013/DOC/44/und/WSC2013 HS44,https://api.worldskills.org/resources/download/1405,queued,wsc-2013-leipzig,
WSC2013,DOC,44,Visual Merchandising/Window Dressing,,und,WSC2013 OR MFS44 500 Scale Results,0,,WSC2013/DOC/44/und/WSC2013 OR MFS44 500 Scale Results,https://api.worldskills.org/resources/download/2433,queued,wsc-2013-leipzig,
WSC2013,DOC,45,Prototype Modelling,,und,WSC2013 HS45,0,,WSC2013/DOC/45/und/WSC2013 HS45,https://api.worldskills.org/resources/download/1406,queued,wsc-2013-leipzig,
WSC2013,DOC,45,Prototype Modelling,,und,WSC2013 OR MFS45 500 Scale Results,0,,WSC2013/DOC/45/und/WSC2013 OR MFS45 500 Scale Results,https://api.worldskills.org/resources/download/2434,queued,wsc-2013-leipzig,
WSC2013,DOC,xx,,,und,Conference Program GSM Long,0,,WSC2013/DOC/xx/und/Conference Program GSM Long,https://api.worldskills.org/resources/download/3276,queued,wsc-2013-leipzig,
WSC2013,DOC,xx,,,und,Conference Program GSM Short,0,,WSC2013/DOC/xx/und/Conference Program GSM Short,https://api.worldskills.org/resources/download/3277,queued,wsc-2013-leipzig,
WSC2013,DOC,xx,,,und,UNIDO WSC2013 Conference Report Green Industrial Skills For Sustainable Development,0,,WSC2013/DOC/xx/und/UNIDO WSC2013 Conference Report Green Industrial Skills For Sustainable Development,https://api.worldskills.org/resources/download/3315,queued,wsc-2013-leipzig,
WSC2013,DOC,xx,,,und,WSC2013 Final Report,0,,WSC2013/DOC/xx/und/WSC2013 Final Report,https://api.worldskills.org/resources/download/3273,queued,wsc-2013-leipzig,
WSC2013,DOC,xx,,,und,WSC2013 HSD1,0,,WSC2013/DOC/xx/und/WSC2013 HSD1,https://api.worldskills.org/resources/download/1407,queued,wsc-2013-leipzig,
WSC2013,DOC,xx,,,und,WSC2013 OR Albert Vidal Award,0,,WSC2013/DOC/xx/und/WSC2013 OR Albert Vidal Award,https://api.worldskills.org/resources/download/2383,queued,wsc-2013-leipzig,
WSC2013,DOC,xx,,,und,WSC2013 OR All Skills,0,,WSC2013/DOC/xx/und/WSC2013 OR All Skills,https://api.worldskills.org/resources/download/2384,queued,wsc-2013-leipzig,
WSC2013,DOC,xx,,,und,WSC2013 OR MFSD1 500 Scale Results,0,,WSC2013/DOC/xx/und/WSC2013 OR MFSD1 500 Scale Results,https://api.worldskills.org/resources/download/2435,queued,wsc-2013-leipzig,
WSC2013,DOC,xx,,,und,WSC2013 OR Members Alphabetical,0,,WSC2013/DOC/xx/und/WSC2013 OR Members Alphabetical,https://api.worldskills.org/resources/download/2385,queued,wsc-2013-leipzig,
WSC2013,DOC,xx,,,und,WSC2013 OR Members By Avg Medal,0,,WSC2013/DOC/xx/und/WSC2013 OR Members By Avg Medal,https://api.worldskills.org/resources/download/2386,queued,wsc-2013-leipzig,
WSC2013,DOC,xx,,,und,WSC2013 OR Members By Avg Score,0,,WSC2013/DOC/xx/und/WSC2013 OR Members By Avg Score,https://api.worldskills.org/resources/download/2387,queued,wsc-2013-leipzig,
WSC2013,DOC,xx,,,und,WSC2013 OR Members By Total Medal,0,,WSC2013/DOC/xx/und/WSC2013 OR Members By Total Medal,https://api.worldskills.org/resources/download/2388,queued,wsc-2013-leipzig,
WSC2013,DOC,xx,,,und,WSC2013 OR Members By Total Score,0,,WSC2013/DOC/xx/und/WSC2013 OR Members By Total Score,https://api.worldskills.org/resources/download/2389,queued,wsc-2013-leipzig,
WSC2013,DOC,xx,,,und,WSF008 Aung San Suu Kyi Transcript,0,,WSC2013/DOC/xx/und/WSF008 Aung San Suu Kyi Transcript,https://api.worldskills.org/resources/download/3316,queued,wsc-2013-leipzig,
WSC2013,DOC,xx,,,und,WSF008 Conference Agenda,0,,WSC2013/DOC/xx/und/WSF008 Conference Agenda,https://api.worldskills.org/resources/download/3317,queued,wsc-2013-leipzig,
WSC2013,DOC,xx,,,und,WSL2013 1 Tool Testing Form,0,,WSC2013/DOC/xx/und/WSL2013 1 Tool Testing Form,https://api.worldskills.org/resources/download/1353,queued,wsc-2013-leipzig,
WSC2013,DOC,xx,,,und,WSL2013 2 Pre Start Checklist,0,,WSC2013/DOC/xx/und/WSL2013 2 Pre Start Checklist,https://api.worldskills.org/resources/download/1354,queued,wsc-2013-leipzig,
WSC2013,DOC,xx,,,und,WSL2013 3 H&S Instruction Signature List,0,,WSC2013/DOC/xx/und/WSL2013 3 H&S Instruction Signature List,https://api.worldskills.org/resources/download/1355,queued,wsc-2013-leipzig,
WSC2013,DOC,xx,,,und,WSL2013 4 Instructional Briefing Content,0,,WSC2013/DOC/xx/und/WSL2013 4 Instructional Briefing Content,https://api.worldskills.org/resources/download/1356,queued,wsc-2013-leipzig,
WSC2013,DOC,xx,,,und,WSL2013 5 H&S Skill Checklist,0,,WSC2013/DOC/xx/und/WSL2013 5 H&S Skill Checklist,https://api.worldskills.org/resources/download/1357,queued,wsc-2013-leipzig,
WSC2013,DOC,xx,,,und,WSL2013 6 Daily Skill Briefing,0,,WSC2013/DOC/xx/und/WSL2013 6 Daily Skill Briefing,https://api.worldskills.org/resources/download/1358,queued,wsc-2013-leipzig,
WSC2013,DOC,xx,,,und,WSL2013 7 Ready To Proceed,0,,WSC2013/DOC/xx/und/WSL2013 7 Ready To Proceed,https://api.worldskills.org/resources/download/1359,queued,wsc-2013-leipzig,
WSC2013,DOC,xx,,,und,WSL2013 8 Near Miss Or Incident Report,0,,WSC2013/DOC/xx/und/WSL2013 8 Near Miss Or Incident Report,https://api.worldskills.org/resources/download/1360,queued,wsc-2013-leipzig,
WSC2013,DOC,xx,,,und,WSL2013 9 Incident Report Form,0,,WSC2013/DOC/xx/und/WSL2013 9 Incident Report Form,https://api.worldskills.org/resources/download/1361,queued,wsc-2013-leipzig,
WSC2013,DOC,xx,,,und,WSL2013 C GSM 1A2A 3M,0,,WSC2013/DOC/xx/und/WSL2013 C GSM 1A2A 3M,https://api.worldskills.org/resources/download/3278,queued,wsc-2013-leipzig,
WSC2013,DOC,xx,,,und,WSL2013 C GSM 1A2A Autodesk,0,,WSC2013/DOC/xx/und/WSL2013 C GSM 1A2A Autodesk,https://api.worldskills.org/resources/download/3279,queued,wsc-2013-leipzig,
WSC2013,DOC,xx,,,und,WSL2013 C GSM 1A2A Cisco,0,,WSC2013/DOC/xx/und/WSL2013 C GSM 1A2A Cisco,https://api.worldskills.org/resources/download/3282,queued,wsc-2013-leipzig,
WSC2013,DOC,xx,,,und,WSL2013 C GSM 1A2A Fluke,0,,WSC2013/DOC/xx/und/WSL2013 C GSM 1A2A Fluke,https://api.worldskills.org/resources/download/3283,queued,wsc-2013-leipzig,
WSC2013,DOC,xx,,,und,WSL2013 C GSM 1A2A Lincoln,0,,WSC2013/DOC/xx/und/WSL2013 C GSM 1A2A Lincoln,https://api.worldskills.org/resources/download/3280,queued,wsc-2013-leipzig,
WSC2013,DOC,xx,,,und,WSL2013 C GSM 1A2A Lincoln Video,0,,WSC2013/DOC/xx/und/WSL2013 C GSM 1A2A Lincoln Video,https://api.worldskills.org/resources/download/3281,queued,wsc-2013-leipzig,
WSC2013,DOC,xx,,,und,WSL2013 C GSM 1A2A St Gobain,0,,WSC2013/DOC/xx/und/WSL2013 C GSM 1A2A St Gobain,https://api.worldskills.org/resources/download/3284,queued,wsc-2013-leipzig,
WSC2013,DOC,xx,,,und,WSL2013 C GSM 1C Key Success Factors,0,,WSC2013/DOC/xx/und/WSL2013 C GSM 1C Key Success Factors,https://api.worldskills.org/resources/download/3312,queued,wsc-2013-leipzig,
WSC2013,DOC,xx,,,und,WSL2013 C GSM 2C Enhancing Attractivness VET,0,,WSC2013/DOC/xx/und/WSL2013 C GSM 2C Enhancing Attractivness VET,https://api.worldskills.org/resources/download/3285,queued,wsc-2013-leipzig,
WSC2013,DOC,xx,,,und,WSL2013 C GSM 2D Social Learning,0,,WSC2013/DOC/xx/und/WSL2013 C GSM 2D Social Learning,https://api.worldskills.org/resources/download/3306,queued,wsc-2013-leipzig,
WSC2013,DOC,xx,,,und,WSL2013 C GSM 2E SFIVET Greening Curricula,0,,WSC2013/DOC/xx/und/WSL2013 C GSM 2E SFIVET Greening Curricula,https://api.worldskills.org/resources/download/3304,queued,wsc-2013-leipzig,
WSC2013,DOC,xx,,,und,WSL2013 C GSM 2F Voc Ed New Tech,0,,WSC2013/DOC/xx/und/WSL2013 C GSM 2F Voc Ed New Tech,https://api.worldskills.org/resources/download/3286,queued,wsc-2013-leipzig,
WSC2013,DOC,xx,,,und,WSL2013 C GSM 3A UNEVOC,0,,WSC2013/DOC/xx/und/WSL2013 C GSM 3A UNEVOC,https://api.worldskills.org/resources/download/3287,queued,wsc-2013-leipzig,
WSC2013,DOC,xx,,,und,WSL2013 C GSM 3B German Dual System VET China,0,,WSC2013/DOC/xx/und/WSL2013 C GSM 3B German Dual System VET China,https://api.worldskills.org/resources/download/3313,queued,wsc-2013-leipzig,
WSC2013,DOC,xx,,,und,WSL2013 C GSM 3C Tradition Future VET HK,0,,WSC2013/DOC/xx/und/WSL2013 C GSM 3C Tradition Future VET HK,https://api.worldskills.org/resources/download/3288,queued,wsc-2013-leipzig,
WSC2013,DOC,xx,,,und,WSL2013 C GSM 3C Tradition Future VET HK Notes,0,,WSC2013/DOC/xx/und/WSL2013 C GSM 3C Tradition Future VET HK Notes,https://api.worldskills.org/resources/download/3289,queued,wsc-2013-leipzig,
WSC2013,DOC,xx,,,und,WSL2013 C GSM 3D Excellence Technology Didactic Solutions,0,,WSC2013/DOC/xx/und/WSL2013 C GSM 3D Excellence Technology Didactic Solutions,https://api.worldskills.org/resources/download/3314,queued,wsc-2013-leipzig,
WSC2013,DOC,xx,,,und,WSL2013 C GSM 3E Industrial Robots Mitsubishi,0,,WSC2013/DOC/xx/und/WSL2013 C GSM 3E Industrial Robots Mitsubishi,https://api.worldskills.org/resources/download/3305,queued,wsc-2013-leipzig,
WSC2013,DOC,xx,,,und,WSL2013 C GSM 4A International Standards Global Partnerships,0,,WSC2013/DOC/xx/und/WSL2013 C GSM 4A International Standards Global Partnerships,https://api.worldskills.org/resources/download/3311,queued,wsc-2013-leipzig,
WSC2013,DOC,xx,,,und,WSL2013 C GSM 4B District Of Tomorrow,0,,WSC2013/DOC/xx/und/WSL2013 C GSM 4B District Of Tomorrow,https://api.worldskills.org/resources/download/3310,queued,wsc-2013-leipzig,
WSC2013,DOC,xx,,,und,WSL2013 C KMK Noebauer,0,,WSC2013/DOC/xx/und/WSL2013 C KMK Noebauer,https://api.worldskills.org/resources/download/3307,queued,wsc-2013-leipzig,
WSC2013,DOC,xx,,,und,WSL2013 C KMK Schulz,0,,WSC2013/DOC/xx/und/WSL2013 C KMK Schulz,https://api.worldskills.org/resources/download/3308,queued,wsc-2013-leipzig,
WSC2013,DOC,xx,,,und,WSL2013 C KMK Trachsel,0,,WSC2013/DOC/xx/und/WSL2013 C KMK Trachsel,https://api.worldskills.org/resources/download/3309,queued,wsc-2013-leipzig,
WSC2013,DOC,xx,,,und,WSL2013 C UNIDO 1 Welcome Address-Gunter Nooke,0,,WSC2013/DOC/xx/und/WSL2013 C UNIDO 1 Welcome Address-Gunter Nooke,https://api.worldskills.org/resources/download/3290,queued,wsc-2013-leipzig,
WSC2013,DOC,xx,,,und,WSL2013 C UNIDO 2 Keynote Address-Chakib Jenane,0,,WSC2013/DOC/xx/und/WSL2013 C UNIDO 2 Keynote Address-Chakib Jenane,https://api.worldskills.org/resources/download/3291,queued,wsc-2013-leipzig,
WSC2013,DOC,xx,,,und,WSL2013 C UNIDO 2 Keynote Address-Marcos Pontes,0,,WSC2013/DOC/xx/und/WSL2013 C UNIDO 2 Keynote Address-Marcos Pontes,https://api.worldskills.org/resources/download/3292,queued,wsc-2013-leipzig,
WSC2013,DOC,xx,,,und,WSL2013 C UNIDO 2 Keynote Address-Olga Strietska,0,,WSC2013/DOC/xx/und/WSL2013 C UNIDO 2 Keynote Address-Olga Strietska,https://api.worldskills.org/resources/download/3293,queued,wsc-2013-leipzig,
WSC2013,DOC,xx,,,und,WSL2013 C UNIDO 3 UNIDO Panel-Claudia Linke Heep,0,,WSC2013/DOC/xx/und/WSL2013 C UNIDO 3 UNIDO Panel-Claudia Linke Heep,https://api.worldskills.org/resources/download/3294,queued,wsc-2013-leipzig,
WSC2013,DOC,xx,,,und,WSL2013 C UNIDO 3 UNIDO Panel-Nader Imani,0,,WSC2013/DOC/xx/und/WSL2013 C UNIDO 3 UNIDO Panel-Nader Imani,https://api.worldskills.org/resources/download/3295,queued,wsc-2013-leipzig,
WSC2013,DOC,xx,,,und,WSL2013 C UNIDO 3 UNIDO Panel-Shyamal Majumdar,0,,WSC2013/DOC/xx/und/WSL2013 C UNIDO 3 UNIDO Panel-Shyamal Majumdar,https://api.worldskills.org/resources/download/3296,queued,wsc-2013-leipzig,
WSC2013,DOC,xx,,,und,WSL2013 C UNIDO 4 BMZ GIZ Panel-Brian MacKenzie,0,,WSC2013/DOC/xx/und/WSL2013 C UNIDO 4 BMZ GIZ Panel-Brian MacKenzie,https://api.worldskills.org/resources/download/3297,queued,wsc-2013-leipzig,
WSC2013,DOC,xx,,,und,WSL2013 C UNIDO 4 BMZ GIZ Panel-Klaus Dieter Mertineit,0,,WSC2013/DOC/xx/und/WSL2013 C UNIDO 4 BMZ GIZ Panel-Klaus Dieter Mertineit,https://api.worldskills.org/resources/download/3298,queued,wsc-2013-leipzig,
WSC2013,DOC,xx,,,und,WSL2013 C UNIDO 4 BMZ GIZ Panel-Leda Hugo,0,,WSC2013/DOC/xx/und/WSL2013 C UNIDO 4 BMZ GIZ Panel-Leda Hugo,https://api.worldskills.org/resources/download/3299,queued,wsc-2013-leipzig,
WSC2013,DOC,xx,,,und,WSL2013 C UNIDO 5 WS Panel-Elfi Klumpp,0,,WSC2013/DOC/xx/und/WSL2013 C UNIDO 5 WS Panel-Elfi Klumpp,https://api.worldskills.org/resources/download/3300,queued,wsc-2013-leipzig,
WSC2013,DOC,xx,,,und,WSL2013 C UNIDO 5 WS Panel-Paul Pholerus,0,,WSC2013/DOC/xx/und/WSL2013 C UNIDO 5 WS Panel-Paul Pholerus,https://api.worldskills.org/resources/download/3301,queued,wsc-2013-leipzig,
WSC2013,DOC,xx,,,und,WSL2013 C UNIDO 5 WS Panel-Tommy Hellstroem,0,,WSC2013/DOC/xx/und/WSL2013 C UNIDO 5 WS Panel-Tommy Hellstroem,https://api.worldskills.org/resources/download/3302,queued,wsc-2013-leipzig,
WSC2013,DOC,xx,,,und,WSL2013 Event Health And Safety,0,,WSC2013/DOC/xx/und/WSL2013 Event Health And Safety,https://api.worldskills.org/resources/download/1352,queued,wsc-2013-leipzig,
WSC2013,IL,01,Polymechanics/Automation,,und,WSC2013_IL01,0,,WSC2013/IL/01/und/WSC2013_IL01,https://api.worldskills.org/resources/download/6345,queued,wsc-2013-leipzig,
WSC2013,IL,02,Information Network Cabling,,und,WSC2013_IL02,0,,WSC2013/IL/02/und/WSC2013_IL02,https://api.worldskills.org/resources/download/6330,queued,wsc-2013-leipzig,
WSC2013,IL,02,Information Network Cabling,,und,WSC2013_IL02_documentation,0,,WSC2013/IL/02/und/WSC2013_IL02_documentation,https://api.worldskills.org/resources/download/3775,queued,wsc-2013-leipzig,
WSC2013,IL,03,Manufacturing Team Challenge,,und,WSC2013_IL03,0,,WSC2013/IL/03/und/WSC2013_IL03,https://api.worldskills.org/resources/download/6340,queued,wsc-2013-leipzig,
WSC2013,IL,03,Manufacturing Team Challenge,,und,WSC2013_IL03_documentation,0,,WSC2013/IL/03/und/WSC2013_IL03_documentation,https://api.worldskills.org/resources/download/3776,queued,wsc-2013-leipzig,
WSC2013,IL,04,Mechatronics,,und,WSC2013_IL04,0,,WSC2013/IL/04/und/WSC2013_IL04,https://api.worldskills.org/resources/download/6342,queued,wsc-2013-leipzig,
WSC2013,IL,05,Mechanical Engineering Design - CAD,,und,WSC2013_IL05,0,,WSC2013/IL/05/und/WSC2013_IL05,https://api.worldskills.org/resources/download/6341,queued,wsc-2013-leipzig,
WSC2013,IL,05,Mechanical Engineering Design - CAD,,und,WSC2013_IL05_documentation,0,,WSC2013/IL/05/und/WSC2013_IL05_documentation,https://api.worldskills.org/resources/download/3778,queued,wsc-2013-leipzig,
WSC2013,IL,06,CNC Turning,,und,WSC2013_IL06,0,,WSC2013/IL/06/und/WSC2013_IL06,https://api.worldskills.org/resources/download/6336,queued,wsc-2013-leipzig,
WSC2013,IL,06,CNC Turning,,und,WSC2013_IL06_documentation,0,,WSC2013/IL/06/und/WSC2013_IL06_documentation,https://api.worldskills.org/resources/download/3779,queued,wsc-2013-leipzig,
WSC2013,IL,07,CNC Milling,,und,WSC2013_IL07,0,,WSC2013/IL/07/und/WSC2013_IL07,https://api.worldskills.org/resources/download/6335,queued,wsc-2013-leipzig,
WSC2013,IL,07,CNC Milling,,und,WSC2013_IL07_documentation,0,,WSC2013/IL/07/und/WSC2013_IL07_documentation,https://api.worldskills.org/resources/download/3780,queued,wsc-2013-leipzig,
WSC2013,IL,08,Architectural Stonemasonry,,und,WSC2013_IL08,0,,WSC2013/IL/08/und/WSC2013_IL08,https://api.worldskills.org/resources/download/6313,queued,wsc-2013-leipzig,
WSC2013,IL,09,IT Software Solutions for Business,,und,WSC2013_IL09,0,,WSC2013/IL/09/und/WSC2013_IL09,https://api.worldskills.org/resources/download/6332,queued,wsc-2013-leipzig,
WSC2013,IL,10,Welding,,und,WSC2013_IL10,0,,WSC2013/IL/10/und/WSC2013_IL10,https://api.worldskills.org/resources/download/6348,queued,wsc-2013-leipzig,
WSC2013,IL,10,Welding,,und,WSC2013_IL10_documentation,0,,WSC2013/IL/10/und/WSC2013_IL10_documentation,https://api.worldskills.org/resources/download/3783,queued,wsc-2013-leipzig,
WSC2013,IL,11,Print Media Technology,,und,WSC2013_IL11,0,,WSC2013/IL/11/und/WSC2013_IL11,https://api.worldskills.org/resources/download/6333,queued,wsc-2013-leipzig,
WSC2013,IL,11,Print Media Technology,,und,WSC2013_IL11_documentation,0,,WSC2013/IL/11/und/WSC2013_IL11_documentation,https://api.worldskills.org/resources/download/3784,queued,wsc-2013-leipzig,
WSC2013,IL,12,Wall and Floor Tiling,,und,WSC2013_IL12,0,,WSC2013/IL/12/und/WSC2013_IL12,https://api.worldskills.org/resources/download/6324,queued,wsc-2013-leipzig,
WSC2013,IL,12,Wall and Floor Tiling,,und,WSC2013_IL12_documentation,0,,WSC2013/IL/12/und/WSC2013_IL12_documentation,https://api.worldskills.org/resources/download/3785,queued,wsc-2013-leipzig,
WSC2013,IL,13,Autobody Repair,,und,WSC2013_IL13,0,,WSC2013/IL/13/und/WSC2013_IL13,https://api.worldskills.org/resources/download/6356,queued,wsc-2013-leipzig,
WSC2013,IL,13,Autobody Repair,,und,WSC2013_IL13_documentation,0,,WSC2013/IL/13/und/WSC2013_IL13_documentation,https://api.worldskills.org/resources/download/3786,queued,wsc-2013-leipzig,
WSC2013,IL,14,Aircraft Maintenance,,und,WSC2013_IL14,0,,WSC2013/IL/14/und/WSC2013_IL14,https://api.worldskills.org/resources/download/6355,queued,wsc-2013-leipzig,
WSC2013,IL,15,Plumbing and Heating,,und,WSC2013_IL15,0,,WSC2013/IL/15/und/WSC2013_IL15,https://api.worldskills.org/resources/download/6322,queued,wsc-2013-leipzig,
WSC2013,IL,15,Plumbing and Heating,,und,WSC2013_IL15_documentation,0,,WSC2013/IL/15/und/WSC2013_IL15_documentation,https://api.worldskills.org/resources/download/3788,queued,wsc-2013-leipzig,
WSC2013,IL,16,Electronics,,und,WSC2013_IL16,0,,WSC2013/IL/16/und/WSC2013_IL16,https://api.worldskills.org/resources/download/6338,queued,wsc-2013-leipzig,
WSC2013,IL,16,Electronics,,und,WSC2013_IL16_documentation,0,,WSC2013/IL/16/und/WSC2013_IL16_documentation,https://api.worldskills.org/resources/download/3789,queued,wsc-2013-leipzig,
WSC2013,IL,17,Web Design,,und,WSC2013_IL17,0,,WSC2013/IL/17/und/WSC2013_IL17,https://api.worldskills.org/resources/download/6334,queued,wsc-2013-leipzig,
WSC2013,IL,18,Electrical Installations,,und,WSC2013_IL18,0,,WSC2013/IL/18/und/WSC2013_IL18,https://api.worldskills.org/resources/download/6317,queued,wsc-2013-leipzig,
WSC2013,IL,19,Industrial Control,,und,WSC2013_IL19,0,,WSC2013/IL/19/und/WSC2013_IL19,https://api.worldskills.org/resources/download/6339,queued,wsc-2013-leipzig,
WSC2013,IL,19,Industrial Control,,und,WSC2013_IL19_documentation,0,,WSC2013/IL/19/und/WSC2013_IL19_documentation,https://api.worldskills.org/resources/download/3792,queued,wsc-2013-leipzig,
WSC2013,IL,20,Bricklaying,,und,WSC2013_IL20,0,,WSC2013/IL/20/und/WSC2013_IL20,https://api.worldskills.org/resources/download/6314,queued,wsc-2013-leipzig,
WSC2013,IL,21,Plastering and Drywall Systems,,und,WSC2013_IL21,0,,WSC2013/IL/21/und/WSC2013_IL21,https://api.worldskills.org/resources/download/6321,queued,wsc-2013-leipzig,
WSC2013,IL,22,Painting and Decorating,,und,WSC2013_IL22,0,,WSC2013/IL/22/und/WSC2013_IL22,https://api.worldskills.org/resources/download/6320,queued,wsc-2013-leipzig,
WSC2013,IL,23,Mobile Robotics,,und,WSC2013_IL23,0,,WSC2013/IL/23/und/WSC2013_IL23,https://api.worldskills.org/resources/download/6343,queued,wsc-2013-leipzig,
WSC2013,IL,24,Cabinetmaking,,und,WSC2013_IL24,0,,WSC2013/IL/24/und/WSC2013_IL24,https://api.worldskills.org/resources/download/6315,queued,wsc-2013-leipzig,
WSC2013,IL,24,Cabinetmaking,,und,WSC2013_IL24_documentation,0,,WSC2013/IL/24/und/WSC2013_IL24_documentation,https://api.worldskills.org/resources/download/3797,queued,wsc-2013-leipzig,
WSC2013,IL,25,Joinery,,und,WSC2013_IL25,0,,WSC2013/IL/25/und/WSC2013_IL25,https://api.worldskills.org/resources/download/6318,queued,wsc-2013-leipzig,
WSC2013,IL,25,Joinery,,und,WSC2013_IL25_documentation,0,,WSC2013/IL/25/und/WSC2013_IL25_documentation,https://api.worldskills.org/resources/download/3798,queued,wsc-2013-leipzig,
WSC2013,IL,26,Carpentry,,und,WSC2013_IL26,0,,WSC2013/IL/26/und/WSC2013_IL26,https://api.worldskills.org/resources/download/6316,queued,wsc-2013-leipzig,
WSC2013,IL,26,Carpentry,,und,WSC2013_IL26_documentation,0,,WSC2013/IL/26/und/WSC2013_IL26_documentation,https://api.worldskills.org/resources/download/3799,queued,wsc-2013-leipzig,
WSC2013,IL,27,Jewellery,,und,WSC2013_IL27,0,,WSC2013/IL/27/und/WSC2013_IL27,https://api.worldskills.org/resources/download/6328,queued,wsc-2013-leipzig,
WSC2013,IL,27,Jewellery,,und,WSC2013_IL27_documentation,0,,WSC2013/IL/27/und/WSC2013_IL27_documentation,https://api.worldskills.org/resources/download/3800,queued,wsc-2013-leipzig,
WSC2013,IL,28,Floristry,,und,WSC2013_IL28,0,,WSC2013/IL/28/und/WSC2013_IL28,https://api.worldskills.org/resources/download/6326,queued,wsc-2013-leipzig,
WSC2013,IL,29,Hairdressing,,und,WSC2013_IL29,0,,WSC2013/IL/29/und/WSC2013_IL29,https://api.worldskills.org/resources/download/6352,queued,wsc-2013-leipzig,
WSC2013,IL,30,Beauty Therapy,,und,WSC2013_IL30,0,,WSC2013/IL/30/und/WSC2013_IL30,https://api.worldskills.org/resources/download/6349,queued,wsc-2013-leipzig,
WSC2013,IL,30,Beauty Therapy,,und,WSC2013_IL30_documentation,0,,WSC2013/IL/30/und/WSC2013_IL30_documentation,https://api.worldskills.org/resources/download/3803,queued,wsc-2013-leipzig,
WSC2013,IL,31,Fashion Technology,,und,WSC2013_IL31,0,,WSC2013/IL/31/und/WSC2013_IL31,https://api.worldskills.org/resources/download/6325,queued,wsc-2013-leipzig,
WSC2013,IL,31,Fashion Technology,,und,WSC2013_IL31_documentation,0,,WSC2013/IL/31/und/WSC2013_IL31_documentation,https://api.worldskills.org/resources/download/3804,queued,wsc-2013-leipzig,
WSC2013,IL,32,Confectioner/Pastry Cook,,und,WSC2013_IL32,0,,WSC2013/IL/32/und/WSC2013_IL32,https://api.worldskills.org/resources/download/6350,queued,wsc-2013-leipzig,
WSC2013,IL,32,Confectioner/Pastry Cook,,und,WSC2013_IL32_documentation,0,,WSC2013/IL/32/und/WSC2013_IL32_documentation,https://api.worldskills.org/resources/download/3805,queued,wsc-2013-leipzig,
WSC2013,IL,33,Automobile Technology,,und,WSC2013_IL33,0,,WSC2013/IL/33/und/WSC2013_IL33,https://api.worldskills.org/resources/download/6357,queued,wsc-2013-leipzig,
WSC2013,IL,33,Automobile Technology,,und,WSC2013_IL33_documentation,0,,WSC2013/IL/33/und/WSC2013_IL33_documentation,https://api.worldskills.org/resources/download/3806,queued,wsc-2013-leipzig,
WSC2013,IL,34,Cooking,,und,WSC2013_IL34,0,,WSC2013/IL/34/und/WSC2013_IL34,https://api.worldskills.org/resources/download/6351,queued,wsc-2013-leipzig,
WSC2013,IL,35,Restaurant Service,,und,WSC2013_IL35,0,,WSC2013/IL/35/und/WSC2013_IL35,https://api.worldskills.org/resources/download/6354,queued,wsc-2013-leipzig,
WSC2013,IL,36,Car Painting,,und,WSC2013_IL36,0,,WSC2013/IL/36/und/WSC2013_IL36,https://api.worldskills.org/resources/download/6262,queued,wsc-2013-leipzig,
WSC2013,IL,36,Car Painting,,und,WSC2013_IL36_documentation,0,,WSC2013/IL/36/und/WSC2013_IL36_documentation,https://api.worldskills.org/resources/download/3809,queued,wsc-2013-leipzig,
WSC2013,IL,37,Landscape Gardening,,und,WSC2013_IL37,0,,WSC2013/IL/37/und/WSC2013_IL37,https://api.worldskills.org/resources/download/6319,queued,wsc-2013-leipzig,
WSC2013,IL,37,Landscape Gardening,,und,WSC2013_IL37_documentation,0,,WSC2013/IL/37/und/WSC2013_IL37_documentation,https://api.worldskills.org/resources/download/3810,queued,wsc-2013-leipzig,
WSC2013,IL,38,Refrigeration and Air Conditioning,,und,WSC2013_IL38,0,,WSC2013/IL/38/und/WSC2013_IL38,https://api.worldskills.org/resources/download/6323,queued,wsc-2013-leipzig,
WSC2013,IL,38,Refrigeration and Air Conditioning,,und,WSC2013_IL38_documentation,0,,WSC2013/IL/38/und/WSC2013_IL38_documentation,https://api.worldskills.org/resources/download/3811,queued,wsc-2013-leipzig,
WSC2013,IL,39,IT Network Systems Administration,,und,WSC2013_IL39,0,,WSC2013/IL/39/und/WSC2013_IL39,https://api.worldskills.org/resources/download/6331,queued,wsc-2013-leipzig,
WSC2013,IL,40,Graphic Design Technology,,und,WSC2013_IL40,0,,WSC2013/IL/40/und/WSC2013_IL40,https://api.worldskills.org/resources/download/6327,queued,wsc-2013-leipzig,
WSC2013,IL,41,Health and Social Care,,und,WSC2013_IL41,0,,WSC2013/IL/41/und/WSC2013_IL41,https://api.worldskills.org/resources/download/6353,queued,wsc-2013-leipzig,
WSC2013,IL,42,Construction Metal Work,,und,WSC2013_IL42,0,,WSC2013/IL/42/und/WSC2013_IL42,https://api.worldskills.org/resources/download/6337,queued,wsc-2013-leipzig,
WSC2013,IL,43,Sheet Metal Technology,,und,WSC2013_IL43,0,,WSC2013/IL/43/und/WSC2013_IL43,https://api.worldskills.org/resources/download/6347,queued,wsc-2013-leipzig,
WSC2013,IL,44,Visual Merchandising/Window Dressing,,und,WSC2013_IL44,0,,WSC2013/IL/44/und/WSC2013_IL44,https://api.worldskills.org/resources/download/6329,queued,wsc-2013-leipzig,
WSC2013,IL,45,Prototype Modelling,,und,WSC2013_IL45,0,,WSC2013/IL/45/und/WSC2013_IL45,https://api.worldskills.org/resources/download/6346,queued,wsc-2013-leipzig,
WSC2013,IL,45,Prototype Modelling,,und,WSC2013_IL45_documentation,0,,WSC2013/IL/45/und/WSC2013_IL45_documentation,https://api.worldskills.org/resources/download/3773,queued,wsc-2013-leipzig,
WSC2013,IL,D1,Plastic Die Engineering,,und,WSC2013_ILD1,0,,WSC2013/IL/D1/und/WSC2013_ILD1,https://api.worldskills.org/resources/download/6344,queued,wsc-2013-leipzig,
WSC2013,IL,D1,Plastic Die Engineering,,und,WSC2013_ILD1_documentation,0,,WSC2013/IL/D1/und/WSC2013_ILD1_documentation,https://api.worldskills.org/resources/download/3774,queued,wsc-2013-leipzig,
WSC2013,RES,xx,,,und,Closing Ceremony WorldSkills Leipzig 2013 ,0,,WSC2013/RES/xx/und/Closing Ceremony WorldSkills Leipzig 2013,https://api.worldskills.org/resources/download/958,queued,wsc-2013-leipzig,
WSC2013,RES,xx,,,und,One School One Country - Brazil,0,,WSC2013/RES/xx/und/One School One Country - Brazil,https://api.worldskills.org/resources/download/879,queued,wsc-2013-leipzig,
WSC2013,RES,xx,,,und,One School One Country - Germany,0,,WSC2013/RES/xx/und/One School One Country - Germany,https://api.worldskills.org/resources/download/876,queued,wsc-2013-leipzig,
WSC2013,RES,xx,,,und,One School One Country - Korea,0,,WSC2013/RES/xx/und/One School One Country - Korea,https://api.worldskills.org/resources/download/877,queued,wsc-2013-leipzig,
WSC2013,RES,xx,,,und,One School One Country - Kuwait,0,,WSC2013/RES/xx/und/One School One Country - Kuwait,https://api.worldskills.org/resources/download/878,queued,wsc-2013-leipzig,
WSC2013,RES,xx,,,und,Opening Ceremony WorldSkills Leipzig 2013,0,,WSC2013/RES/xx/und/Opening Ceremony WorldSkills Leipzig 2013,https://api.worldskills.org/resources/download/942,queued,wsc-2013-leipzig,
WSC2013,RES,xx,,,und,WSC2013 Welcome,0,,WSC2013/RES/xx/und/WSC2013 Welcome,https://api.worldskills.org/resources/download/852,queued,wsc-2013-leipzig,
WSC2013,RES,xx,,,und,WorldSkills Leipzig 2013 Final Report,0,,WSC2013/RES/xx/und/WorldSkills Leipzig 2013 Final Report,https://api.worldskills.org/resources/download/1062,queued,wsc-2013-leipzig,
WSC2013,TD,01,Polymechanics/Automation,,und,WSC2013 TD01,0,,WSC2013/TD/01/und/WSC2013 TD01,https://api.worldskills.org/resources/download/1109,queued,wsc-2013-leipzig,
WSC2013,TD,02,Information Network Cabling,,und,WSC2013 TD02,0,,WSC2013/TD/02/und/WSC2013 TD02,https://api.worldskills.org/resources/download/1106,queued,wsc-2013-leipzig,
WSC2013,TD,03,Manufacturing Team Challenge,,und,WSC2013 TD03,0,,WSC2013/TD/03/und/WSC2013 TD03,https://api.worldskills.org/resources/download/1110,queued,wsc-2013-leipzig,
WSC2013,TD,04,Mechatronics,,und,WSC2013 TD04,0,,WSC2013/TD/04/und/WSC2013 TD04,https://api.worldskills.org/resources/download/1069,queued,wsc-2013-leipzig,
WSC2013,TD,05,Mechanical Engineering Design - CAD,,und,WSC2013 TD05,0,,WSC2013/TD/05/und/WSC2013 TD05,https://api.worldskills.org/resources/download/1111,queued,wsc-2013-leipzig,
WSC2013,TD,06,CNC Turning,,und,WSC2013 TD06,0,,WSC2013/TD/06/und/WSC2013 TD06,https://api.worldskills.org/resources/download/1067,queued,wsc-2013-leipzig,
WSC2013,TD,07,CNC Milling,,und,WSC2013 TD07,0,,WSC2013/TD/07/und/WSC2013 TD07,https://api.worldskills.org/resources/download/1112,queued,wsc-2013-leipzig,
WSC2013,TD,08,Architectural Stonemasonry,,und,WSC2013 TD08,0,,WSC2013/TD/08/und/WSC2013 TD08,https://api.worldskills.org/resources/download/1107,queued,wsc-2013-leipzig,
WSC2013,TD,09,IT Software Solutions for Business,,und,WSC2013 TD09,0,,WSC2013/TD/09/und/WSC2013 TD09,https://api.worldskills.org/resources/download/1097,queued,wsc-2013-leipzig,
WSC2013,TD,10,Welding,,und,WSC2013 TD10,0,,WSC2013/TD/10/und/WSC2013 TD10,https://api.worldskills.org/resources/download/1113,queued,wsc-2013-leipzig,
WSC2013,TD,11,Print Media Technology,,und,WSC2013 TD11,0,,WSC2013/TD/11/und/WSC2013 TD11,https://api.worldskills.org/resources/download/1114,queued,wsc-2013-leipzig,
WSC2013,TD,12,Wall and Floor Tiling,,und,WSC2013 TD12,0,,WSC2013/TD/12/und/WSC2013 TD12,https://api.worldskills.org/resources/download/1070,queued,wsc-2013-leipzig,
WSC2013,TD,13,Autobody Repair,,und,WSC2013 TD13,0,,WSC2013/TD/13/und/WSC2013 TD13,https://api.worldskills.org/resources/download/1075,queued,wsc-2013-leipzig,
WSC2013,TD,14,Aircraft Maintenance,,und,WSC2013 TD14,0,,WSC2013/TD/14/und/WSC2013 TD14,https://api.worldskills.org/resources/download/1108,queued,wsc-2013-leipzig,
WSC2013,TD,15,Plumbing and Heating,,und,WSC2013 TD15,0,,WSC2013/TD/15/und/WSC2013 TD15,https://api.worldskills.org/resources/download/1115,queued,wsc-2013-leipzig,
WSC2013,TD,16,Electronics,,und,WSC2013 TD16,0,,WSC2013/TD/16/und/WSC2013 TD16,https://api.worldskills.org/resources/download/1076,queued,wsc-2013-leipzig,
WSC2013,TD,17,Web Design,,und,WSC2013 TD17,0,,WSC2013/TD/17/und/WSC2013 TD17,https://api.worldskills.org/resources/download/1116,queued,wsc-2013-leipzig,
WSC2013,TD,18,Electrical Installations,,und,WSC2013 TD18,0,,WSC2013/TD/18/und/WSC2013 TD18,https://api.worldskills.org/resources/download/1066,queued,wsc-2013-leipzig,
WSC2013,TD,19,Industrial Control,,und,WSC2013 TD19,0,,WSC2013/TD/19/und/WSC2013 TD19,https://api.worldskills.org/resources/download/1117,queued,wsc-2013-leipzig,
WSC2013,TD,20,Bricklaying,,und,WSC2013 TD20,0,,WSC2013/TD/20/und/WSC2013 TD20,https://api.worldskills.org/resources/download/1118,queued,wsc-2013-leipzig,
WSC2013,TD,21,Plastering and Drywall Systems,,und,WSC2013 TD21,0,,WSC2013/TD/21/und/WSC2013 TD21,https://api.worldskills.org/resources/download/1071,queued,wsc-2013-leipzig,
WSC2013,TD,22,Painting and Decorating,,und,WSC2013 TD22,0,,WSC2013/TD/22/und/WSC2013 TD22,https://api.worldskills.org/resources/download/1119,queued,wsc-2013-leipzig,
WSC2013,TD,23,Mobile Robotics,,und,WSC2013 TD23,0,,WSC2013/TD/23/und/WSC2013 TD23,https://api.worldskills.org/resources/download/1120,queued,wsc-2013-leipzig,
WSC2013,TD,24,Cabinetmaking,,und,WSC2013 TD24,0,,WSC2013/TD/24/und/WSC2013 TD24,https://api.worldskills.org/resources/download/1121,queued,wsc-2013-leipzig,
WSC2013,TD,25,Joinery,,und,WSC2013 TD25,0,,WSC2013/TD/25/und/WSC2013 TD25,https://api.worldskills.org/resources/download/1122,queued,wsc-2013-leipzig,
WSC2013,TD,26,Carpentry,,und,WSC2013 TD26,0,,WSC2013/TD/26/und/WSC2013 TD26,https://api.worldskills.org/resources/download/1072,queued,wsc-2013-leipzig,
WSC2013,TD,27,Jewellery,,und,WSC2013 TD27,0,,WSC2013/TD/27/und/WSC2013 TD27,https://api.worldskills.org/resources/download/1099,queued,wsc-2013-leipzig,
WSC2013,TD,28,Floristry,,und,WSC2013 TD28,0,,WSC2013/TD/28/und/WSC2013 TD28,https://api.worldskills.org/resources/download/1091,queued,wsc-2013-leipzig,
WSC2013,TD,29,Hairdressing,,und,WSC2013 TD29,0,,WSC2013/TD/29/und/WSC2013 TD29,https://api.worldskills.org/resources/download/1092,queued,wsc-2013-leipzig,
WSC2013,TD,30,Beauty Therapy,,und,WSC2013 TD30,0,,WSC2013/TD/30/und/WSC2013 TD30,https://api.worldskills.org/resources/download/1073,queued,wsc-2013-leipzig,
WSC2013,TD,31,Fashion Technology,,und,WSC2013 TD31,0,,WSC2013/TD/31/und/WSC2013 TD31,https://api.worldskills.org/resources/download/1074,queued,wsc-2013-leipzig,
WSC2013,TD,32,Confectioner/Pastry Cook,,und,WSC2013 TD32,0,,WSC2013/TD/32/und/WSC2013 TD32,https://api.worldskills.org/resources/download/1077,queued,wsc-2013-leipzig,
WSC2013,TD,33,Automobile Technology,,und,WSC2013 TD33,0,,WSC2013/TD/33/und/WSC2013 TD33,https://api.worldskills.org/resources/download/1080,queued,wsc-2013-leipzig,
WSC2013,TD,34,Cooking,,und,WSC2013 TD34,0,,WSC2013/TD/34/und/WSC2013 TD34,https://api.worldskills.org/resources/download/1081,queued,wsc-2013-leipzig,
WSC2013,TD,35,Restaurant Service,,und,WSC2013 TD35,0,,WSC2013/TD/35/und/WSC2013 TD35,https://api.worldskills.org/resources/download/1078,queued,wsc-2013-leipzig,
WSC2013,TD,36,Car Painting,,und,WSC2013 TD36,0,,WSC2013/TD/36/und/WSC2013 TD36,https://api.worldskills.org/resources/download/1079,queued,wsc-2013-leipzig,
WSC2013,TD,37,Landscape Gardening,,und,WSC2013 TD37,0,,WSC2013/TD/37/und/WSC2013 TD37,https://api.worldskills.org/resources/download/1082,queued,wsc-2013-leipzig,
WSC2013,TD,38,Refrigeration and Air Conditioning,,und,WSC2013 TD38,0,,WSC2013/TD/38/und/WSC2013 TD38,https://api.worldskills.org/resources/download/1083,queued,wsc-2013-leipzig,
WSC2013,TD,39,IT Network Systems Administration,,und,WSC2013 TD39,0,,WSC2013/TD/39/und/WSC2013 TD39,https://api.worldskills.org/resources/download/1084,queued,wsc-2013-leipzig,
WSC2013,TD,40,Graphic Design Technology,,und,WSC2013 TD40,0,,WSC2013/TD/40/und/WSC2013 TD40,https://api.worldskills.org/resources/download/1085,queued,wsc-2013-leipzig,
WSC2013,TD,41,Health and Social Care,,und,WSC2013 TD41,0,,WSC2013/TD/41/und/WSC2013 TD41,https://api.worldskills.org/resources/download/1086,queued,wsc-2013-leipzig,
WSC2013,TD,42,Construction Metal Work,,und,WSC2013 TD42,0,,WSC2013/TD/42/und/WSC2013 TD42,https://api.worldskills.org/resources/download/1087,queued,wsc-2013-leipzig,
WSC2013,TD,43,Sheet Metal Technology,,und,WSC2013 TD43,0,,WSC2013/TD/43/und/WSC2013 TD43,https://api.worldskills.org/resources/download/1088,queued,wsc-2013-leipzig,
WSC2013,TD,44,Visual Merchandising/Window Dressing,,und,WSC2013 TD44,0,,WSC2013/TD/44/und/WSC2013 TD44,https://api.worldskills.org/resources/download/1089,queued,wsc-2013-leipzig,
WSC2013,TD,45,Prototype Modelling,,und,WSC2013 TD45,0,,WSC2013/TD/45/und/WSC2013 TD45,https://api.worldskills.org/resources/download/1090,queued,wsc-2013-leipzig,
WSC2013,TD,D1,Plastic Die Engineering,,und,WSC2013 TDD1,0,,WSC2013/TD/D1/und/WSC2013 TDD1,https://api.worldskills.org/resources/download/1068,queued,wsc-2013-leipzig,
WSC2013,TD,P,,,und,WSC2013 TDPD1,0,,WSC2013/TD/P/und/WSC2013 TDPD1,https://api.worldskills.org/resources/download/1100,queued,wsc-2013-leipzig,
WSC2013,TD,P,,,und,WSC2013 TDPD2,0,,WSC2013/TD/P/und/WSC2013 TDPD2,https://api.worldskills.org/resources/download/1103,queued,wsc-2013-leipzig,
WSC2013,TD,P,,,und,WSC2013 TDPD3,0,,WSC2013/TD/P/und/WSC2013 TDPD3,https://api.worldskills.org/resources/download/1101,queued,wsc-2013-leipzig,
WSC2013,TD,P,,,und,WSC2013 TDPD4,0,,WSC2013/TD/P/und/WSC2013 TDPD4,https://api.worldskills.org/resources/download/1102,queued,wsc-2013-leipzig,
WSC2013,TD,P,,,und,WSC2013 TDPD5,0,,WSC2013/TD/P/und/WSC2013 TDPD5,https://api.worldskills.org/resources/download/1104,queued,wsc-2013-leipzig,
WSC2013,TD,P,,,und,WSC2013 TDPD8,0,,WSC2013/TD/P/und/WSC2013 TDPD8,https://api.worldskills.org/resources/download/1105,queued,wsc-2013-leipzig,
WSC2013,TD,P,,,und,WSC2013 TDPO1,0,,WSC2013/TD/P/und/WSC2013 TDPO1,https://api.worldskills.org/resources/download/1093,queued,wsc-2013-leipzig,
WSC2013,TD,P,,,und,WSC2013 TDPO2,0,,WSC2013/TD/P/und/WSC2013 TDPO2,https://api.worldskills.org/resources/download/1098,queued,wsc-2013-leipzig,
WSC2013,TD,P,,,und,WSC2013 TDPO3,0,,WSC2013/TD/P/und/WSC2013 TDPO3,https://api.worldskills.org/resources/download/1094,queued,wsc-2013-leipzig,
WSC2013,TD,P,,,und,WSC2013 TDPO4,0,,WSC2013/TD/P/und/WSC2013 TDPO4,https://api.worldskills.org/resources/download/1096,queued,wsc-2013-leipzig,
WSC2013,TD,P,,,und,WSC2013 TDPO5,0,,WSC2013/TD/P/und/WSC2013 TDPO5,https://api.worldskills.org/resources/download/1095,queued,wsc-2013-leipzig,
WSC2013,TD,xx,,,und,documents.json,0,,WSC2013/TD/xx/und/documents.json,https://api.worldskills.org/skillman/documents/events/9,forbidden,wsc-2013-leipzig,
WSC2013,TP,01,Polymechanics/Automation,actual,und,WSC2013 MS01 Marking Forms,0,,WSC2013/TP/01/actual/und/WSC2013 MS01 Marking Forms,https://api.worldskills.org/resources/download/1677,queued,wsc-2013-leipzig,
WSC2013,TP,01,Polymechanics/Automation,actual,und,WSC2013 TP01 Actual,0,,WSC2013/TP/01/actual/und/WSC2013 TP01 Actual,https://api.worldskills.org/resources/download/1723,queued,wsc-2013-leipzig,
WSC2013,TP,02,Information Network Cabling,actual,und,WSC2013 MS02 Marking Forms,0,,WSC2013/TP/02/actual/und/WSC2013 MS02 Marking Forms,https://api.worldskills.org/resources/download/1678,queued,wsc-2013-leipzig,
WSC2013,TP,02,Information Network Cabling,actual,und,WSC2013 TP02 Actual,0,,WSC2013/TP/02/actual/und/WSC2013 TP02 Actual,https://api.worldskills.org/resources/download/1763,queued,wsc-2013-leipzig,
WSC2013,TP,02,Information Network Cabling,pre,und,WSC2013 TP02 Pre,0,,WSC2013/TP/02/pre/und/WSC2013 TP02 Pre,https://api.worldskills.org/resources/download/1653,queued,wsc-2013-leipzig,
WSC2013,TP,03,Manufacturing Team Challenge,actual,und,WSC2013 MS03 Marking Forms,0,,WSC2013/TP/03/actual/und/WSC2013 MS03 Marking Forms,https://api.worldskills.org/resources/download/1679,queued,wsc-2013-leipzig,
WSC2013,TP,03,Manufacturing Team Challenge,actual,und,WSC2013 TP03 Actual,0,,WSC2013/TP/03/actual/und/WSC2013 TP03 Actual,https://api.worldskills.org/resources/download/1765,queued,wsc-2013-leipzig,
WSC2013,TP,03,Manufacturing Team Challenge,pre,und,WSC2013 TP03 Pre,0,,WSC2013/TP/03/pre/und/WSC2013 TP03 Pre,https://api.worldskills.org/resources/download/1642,queued,wsc-2013-leipzig,
WSC2013,TP,04,Mechatronics,actual,und,WSC2013 MS04 Marking Forms,0,,WSC2013/TP/04/actual/und/WSC2013 MS04 Marking Forms,https://api.worldskills.org/resources/download/1680,queued,wsc-2013-leipzig,
WSC2013,TP,04,Mechatronics,actual,und,WSC2013 TP04 Actual,0,,WSC2013/TP/04/actual/und/WSC2013 TP04 Actual,https://api.worldskills.org/resources/download/1724,queued,wsc-2013-leipzig,
WSC2013,TP,05,Mechanical Engineering Design - CAD,actual,und,WSC2013 MS05 Marking Forms,0,,WSC2013/TP/05/actual/und/WSC2013 MS05 Marking Forms,https://api.worldskills.org/resources/download/1681,queued,wsc-2013-leipzig,
WSC2013,TP,05,Mechanical Engineering Design - CAD,actual,und,WSC2013 TP05 Actual,0,,WSC2013/TP/05/actual/und/WSC2013 TP05 Actual,https://api.worldskills.org/resources/download/1726,queued,wsc-2013-leipzig,
WSC2013,TP,06,CNC Turning,actual,und,WSC2013 MS06 Marking Forms,0,,WSC2013/TP/06/actual/und/WSC2013 MS06 Marking Forms,https://api.worldskills.org/resources/download/1682,queued,wsc-2013-leipzig,
WSC2013,TP,06,CNC Turning,actual,und,WSC2013 TP06 Actual,0,,WSC2013/TP/06/actual/und/WSC2013 TP06 Actual,https://api.worldskills.org/resources/download/1725,queued,wsc-2013-leipzig,
WSC2013,TP,07,CNC Milling,actual,und,WSC2013 MS07 Marking Forms,0,,WSC2013/TP/07/actual/und/WSC2013 MS07 Marking Forms,https://api.worldskills.org/resources/download/1683,queued,wsc-2013-leipzig,
WSC2013,TP,07,CNC Milling,actual,und,WSC2013 TP07 Actual,0,,WSC2013/TP/07/actual/und/WSC2013 TP07 Actual,https://api.worldskills.org/resources/download/1727,queued,wsc-2013-leipzig,
WSC2013,TP,08,Architectural Stonemasonry,actual,und,WSC2013 MS08 Marking Forms,0,,WSC2013/TP/08/actual/und/WSC2013 MS08 Marking Forms,https://api.worldskills.org/resources/download/1684,queued,wsc-2013-leipzig,
WSC2013,TP,08,Architectural Stonemasonry,actual,und,WSC2013 TP08 Actual,0,,WSC2013/TP/08/actual/und/WSC2013 TP08 Actual,https://api.worldskills.org/resources/download/1728,queued,wsc-2013-leipzig,
WSC2013,TP,08,Architectural Stonemasonry,pre,und,WSC2013 TP08 Pre,0,,WSC2013/TP/08/pre/und/WSC2013 TP08 Pre,https://api.worldskills.org/resources/download/1664,queued,wsc-2013-leipzig,
WSC2013,TP,09,IT Software Solutions for Business,actual,und,WSC2013 MS09 Marking Forms,0,,WSC2013/TP/09/actual/und/WSC2013 MS09 Marking Forms,https://api.worldskills.org/resources/download/1685,queued,wsc-2013-leipzig,
WSC2013,TP,09,IT Software Solutions for Business,actual,und,WSC2013 TP09 Actual,0,,WSC2013/TP/09/actual/und/WSC2013 TP09 Actual,https://api.worldskills.org/resources/download/1766,queued,wsc-2013-leipzig,
WSC2013,TP,10,Welding,actual,und,WSC2013 MS10 Marking Forms,0,,WSC2013/TP/10/actual/und/WSC2013 MS10 Marking Forms,https://api.worldskills.org/resources/download/1686,queued,wsc-2013-leipzig,
WSC2013,TP,10,Welding,actual,und,WSC2013 TP10 Actual,0,,WSC2013/TP/10/actual/und/WSC2013 TP10 Actual,https://api.worldskills.org/resources/download/1729,queued,wsc-2013-leipzig,
WSC2013,TP,10,Welding,pre,und,WSC2013 TP10 Pre,0,,WSC2013/TP/10/pre/und/WSC2013 TP10 Pre,https://api.worldskills.org/resources/download/1659,queued,wsc-2013-leipzig,
WSC2013,TP,11,Print Media Technology,actual,und,WSC2013 MS11 Marking Forms,0,,WSC2013/TP/11/actual/und/WSC2013 MS11 Marking Forms,https://api.worldskills.org/resources/download/1687,queued,wsc-2013-leipzig,
WSC2013,TP,11,Print Media Technology,actual,und,WSC2013 TP11 Actual,0,,WSC2013/TP/11/actual/und/WSC2013 TP11 Actual,https://api.worldskills.org/resources/download/1730,queued,wsc-2013-leipzig,
WSC2013,TP,11,Print Media Technology,pre,und,WSC2013 TP11 Pre,0,,WSC2013/TP/11/pre/und/WSC2013 TP11 Pre,https://api.worldskills.org/resources/download/1666,queued,wsc-2013-leipzig,
WSC2013,TP,12,Wall and Floor Tiling,actual,und,WSC2013 MS12 Marking Forms,0,,WSC2013/TP/12/actual/und/WSC2013 MS12 Marking Forms,https://api.worldskills.org/resources/download/1688,queued,wsc-2013-leipzig,
WSC2013,TP,12,Wall and Floor Tiling,actual,und,WSC2013 TP12 Actual,0,,WSC2013/TP/12/actual/und/WSC2013 TP12 Actual,https://api.worldskills.org/resources/download/1731,queued,wsc-2013-leipzig,
WSC2013,TP,12,Wall and Floor Tiling,pre,und,WSC2013 TP12 Pre,0,,WSC2013/TP/12/pre/und/WSC2013 TP12 Pre,https://api.worldskills.org/resources/download/1656,queued,wsc-2013-leipzig,
WSC2013,TP,13,Autobody Repair,actual,und,WSC2013 MS13 Marking Forms,0,,WSC2013/TP/13/actual/und/WSC2013 MS13 Marking Forms,https://api.worldskills.org/resources/download/1689,queued,wsc-2013-leipzig,
WSC2013,TP,13,Autobody Repair,actual,und,WSC2013 TP13 Actual,0,,WSC2013/TP/13/actual/und/WSC2013 TP13 Actual,https://api.worldskills.org/resources/download/1732,queued,wsc-2013-leipzig,
WSC2013,TP,13,Autobody Repair,pre,und,WSC2013 TP13 Pre,0,,WSC2013/TP/13/pre/und/WSC2013 TP13 Pre,https://api.worldskills.org/resources/download/1644,queued,wsc-2013-leipzig,
WSC2013,TP,14,Aircraft Maintenance,actual,und,WSC2013 MS14 Marking Forms,0,,WSC2013/TP/14/actual/und/WSC2013 MS14 Marking Forms,https://api.worldskills.org/resources/download/1690,queued,wsc-2013-leipzig,
WSC2013,TP,14,Aircraft Maintenance,actual,und,WSC2013 TP14 Actual,0,,WSC2013/TP/14/actual/und/WSC2013 TP14 Actual,https://api.worldskills.org/resources/download/1734,queued,wsc-2013-leipzig,
WSC2013,TP,14,Aircraft Maintenance,pre,und,WSC2013 TP14 Pre,0,,WSC2013/TP/14/pre/und/WSC2013 TP14 Pre,https://api.worldskills.org/resources/download/1665,queued,wsc-2013-leipzig,
WSC2013,TP,15,Plumbing and Heating,actual,und,WSC2013 MS15 Marking Forms,0,,WSC2013/TP/15/actual/und/WSC2013 MS15 Marking Forms,https://api.worldskills.org/resources/download/1691,queued,wsc-2013-leipzig,
WSC2013,TP,15,Plumbing and Heating,actual,und,WSC2013 TP15 Actual,0,,WSC2013/TP/15/actual/und/WSC2013 TP15 Actual,https://api.worldskills.org/resources/download/1767,queued,wsc-2013-leipzig,
WSC2013,TP,15,Plumbing and Heating,pre,und,WSC2013 TP15 Pre,0,,WSC2013/TP/15/pre/und/WSC2013 TP15 Pre,https://api.worldskills.org/resources/download/1649,queued,wsc-2013-leipzig,
WSC2013,TP,16,Electronics,actual,und,WSC2013 MS16 Marking Forms,0,,WSC2013/TP/16/actual/und/WSC2013 MS16 Marking Forms,https://api.worldskills.org/resources/download/1692,queued,wsc-2013-leipzig,
WSC2013,TP,16,Electronics,actual,und,WSC2013 TP16 Actual,0,,WSC2013/TP/16/actual/und/WSC2013 TP16 Actual,https://api.worldskills.org/resources/download/1735,queued,wsc-2013-leipzig,
WSC2013,TP,17,Web Design,actual,und,WSC2013 MS17 Marking Forms,0,,WSC2013/TP/17/actual/und/WSC2013 MS17 Marking Forms,https://api.worldskills.org/resources/download/1693,queued,wsc-2013-leipzig,
WSC2013,TP,17,Web Design,actual,und,WSC2013 TP17 Actual,0,,WSC2013/TP/17/actual/und/WSC2013 TP17 Actual,https://api.worldskills.org/resources/download/1764,queued,wsc-2013-leipzig,
WSC2013,TP,17,Web Design,pre,und,WSC2013 TP17 Pre,0,,WSC2013/TP/17/pre/und/WSC2013 TP17 Pre,https://api.worldskills.org/resources/download/1647,queued,wsc-2013-leipzig,
WSC2013,TP,18,Electrical Installations,actual,und,WSC2013 MS18 Marking Forms,0,,WSC2013/TP/18/actual/und/WSC2013 MS18 Marking Forms,https://api.worldskills.org/resources/download/1694,queued,wsc-2013-leipzig,
WSC2013,TP,18,Electrical Installations,actual,und,WSC2013 TP18 Actual,0,,WSC2013/TP/18/actual/und/WSC2013 TP18 Actual,https://api.worldskills.org/resources/download/1768,queued,wsc-2013-leipzig,
WSC2013,TP,18,Electrical Installations,pre,und,WSC2013 TP18 EN,0,,WSC2013/TP/18/pre/und/WSC2013 TP18 EN,https://api.worldskills.org/resources/download/1673,queued,wsc-2013-leipzig,
WSC2013,TP,19,Industrial Control,actual,und,WSC2013 MS19 Marking Forms,0,,WSC2013/TP/19/actual/und/WSC2013 MS19 Marking Forms,https://api.worldskills.org/resources/download/1695,queued,wsc-2013-leipzig,
WSC2013,TP,19,Industrial Control,actual,und,WSC2013 TP19 Actual,0,,WSC2013/TP/19/actual/und/WSC2013 TP19 Actual,https://api.worldskills.org/resources/download/1736,queued,wsc-2013-leipzig,
WSC2013,TP,19,Industrial Control,pre,und,WSC2013 TP19 Pre,0,,WSC2013/TP/19/pre/und/WSC2013 TP19 Pre,https://api.worldskills.org/resources/download/1671,queued,wsc-2013-leipzig,
WSC2013,TP,20,Bricklaying,actual,und,WSC2013 MS20 Marking Forms,0,,WSC2013/TP/20/actual/und/WSC2013 MS20 Marking Forms,https://api.worldskills.org/resources/download/1696,queued,wsc-2013-leipzig,
WSC2013,TP,20,Bricklaying,actual,und,WSC2013 TP20 Actual,0,,WSC2013/TP/20/actual/und/WSC2013 TP20 Actual,https://api.worldskills.org/resources/download/1737,queued,wsc-2013-leipzig,
WSC2013,TP,20,Bricklaying,pre,und,WSC2013 TP20 Pre,0,,WSC2013/TP/20/pre/und/WSC2013 TP20 Pre,https://api.worldskills.org/resources/download/1655,queued,wsc-2013-leipzig,
WSC2013,TP,21,Plastering and Drywall Systems,actual,und,WSC2013 MS21 Marking Forms,0,,WSC2013/TP/21/actual/und/WSC2013 MS21 Marking Forms,https://api.worldskills.org/resources/download/1697,queued,wsc-2013-leipzig,
WSC2013,TP,21,Plastering and Drywall Systems,actual,und,WSC2013 TP21 Actual,0,,WSC2013/TP/21/actual/und/WSC2013 TP21 Actual,https://api.worldskills.org/resources/download/1733,queued,wsc-2013-leipzig,
WSC2013,TP,21,Plastering and Drywall Systems,pre,und,WSC2013 TP21 Pre,0,,WSC2013/TP/21/pre/und/WSC2013 TP21 Pre,https://api.worldskills.org/resources/download/1650,queued,wsc-2013-leipzig,
WSC2013,TP,22,Painting and Decorating,actual,und,WSC2013 MS22 Marking Forms,0,,WSC2013/TP/22/actual/und/WSC2013 MS22 Marking Forms,https://api.worldskills.org/resources/download/1698,queued,wsc-2013-leipzig,
WSC2013,TP,22,Painting and Decorating,actual,und,WSC2013 TP22 Actual,0,,WSC2013/TP/22/actual/und/WSC2013 TP22 Actual,https://api.worldskills.org/resources/download/1738,queued,wsc-2013-leipzig,
WSC2013,TP,22,Painting and Decorating,pre,und,WSC2013 TP22 Pre,0,,WSC2013/TP/22/pre/und/WSC2013 TP22 Pre,https://api.worldskills.org/resources/download/1660,queued,wsc-2013-leipzig,
WSC2013,TP,23,Mobile Robotics,actual,und,WSC2013 MS23 Marking Forms,0,,WSC2013/TP/23/actual/und/WSC2013 MS23 Marking Forms,https://api.worldskills.org/resources/download/1699,queued,wsc-2013-leipzig,
WSC2013,TP,23,Mobile Robotics,actual,und,WSC2013 TP23 Actual,0,,WSC2013/TP/23/actual/und/WSC2013 TP23 Actual,https://api.worldskills.org/resources/download/1739,queued,wsc-2013-leipzig,
WSC2013,TP,23,Mobile Robotics,pre,und,WSC2013 TP23 Pre,0,,WSC2013/TP/23/pre/und/WSC2013 TP23 Pre,https://api.worldskills.org/resources/download/1672,queued,wsc-2013-leipzig,
WSC2013,TP,24,Cabinetmaking,actual,und,WSC2013 MS24 Marking Forms,0,,WSC2013/TP/24/actual/und/WSC2013 MS24 Marking Forms,https://api.worldskills.org/resources/download/1700,queued,wsc-2013-leipzig,
WSC2013,TP,24,Cabinetmaking,actual,und,WSC2013 TP24 Actual,0,,WSC2013/TP/24/actual/und/WSC2013 TP24 Actual,https://api.worldskills.org/resources/download/1740,queued,wsc-2013-leipzig,
WSC2013,TP,24,Cabinetmaking,pre,und,WSC2013 TP24 Pre,0,,WSC2013/TP/24/pre/und/WSC2013 TP24 Pre,https://api.worldskills.org/resources/download/1662,queued,wsc-2013-leipzig,
WSC2013,TP,25,Joinery,actual,und,WSC2013 MS25 Marking Forms,0,,WSC2013/TP/25/actual/und/WSC2013 MS25 Marking Forms,https://api.worldskills.org/resources/download/1701,queued,wsc-2013-leipzig,
WSC2013,TP,25,Joinery,actual,und,WSC2013 TP25 Actual,0,,WSC2013/TP/25/actual/und/WSC2013 TP25 Actual,https://api.worldskills.org/resources/download/1741,queued,wsc-2013-leipzig,
WSC2013,TP,25,Joinery,pre,und,WSC2013 TP25 Pre,0,,WSC2013/TP/25/pre/und/WSC2013 TP25 Pre,https://api.worldskills.org/resources/download/1654,queued,wsc-2013-leipzig,
WSC2013,TP,26,Carpentry,actual,und,WSC2013 MS26 Marking Forms,0,,WSC2013/TP/26/actual/und/WSC2013 MS26 Marking Forms,https://api.worldskills.org/resources/download/1702,queued,wsc-2013-leipzig,
WSC2013,TP,26,Carpentry,actual,und,WSC2013 TP26 Actual,0,,WSC2013/TP/26/actual/und/WSC2013 TP26 Actual,https://api.worldskills.org/resources/download/1742,queued,wsc-2013-leipzig,
WSC2013,TP,27,Jewellery,actual,und,WSC2013 MS27 Marking Forms,0,,WSC2013/TP/27/actual/und/WSC2013 MS27 Marking Forms,https://api.worldskills.org/resources/download/1703,queued,wsc-2013-leipzig,
WSC2013,TP,27,Jewellery,actual,und,WSC2013 TP27 Actual,0,,WSC2013/TP/27/actual/und/WSC2013 TP27 Actual,https://api.worldskills.org/resources/download/1743,queued,wsc-2013-leipzig,
WSC2013,TP,27,Jewellery,pre,und,WSC2013 TP27 Pre,0,,WSC2013/TP/27/pre/und/WSC2013 TP27 Pre,https://api.worldskills.org/resources/download/1663,queued,wsc-2013-leipzig,
WSC2013,TP,28,Floristry,actual,und,WSC2013 MS28 Marking Forms,0,,WSC2013/TP/28/actual/und/WSC2013 MS28 Marking Forms,https://api.worldskills.org/resources/download/1704,queued,wsc-2013-leipzig,
WSC2013,TP,28,Floristry,actual,und,WSC2013 TP28 Actual,0,,WSC2013/TP/28/actual/und/WSC2013 TP28 Actual,https://api.worldskills.org/resources/download/1744,queued,wsc-2013-leipzig,
WSC2013,TP,29,Hairdressing,actual,und,WSC2013 MS29 Marking Forms,0,,WSC2013/TP/29/actual/und/WSC2013 MS29 Marking Forms,https://api.worldskills.org/resources/download/1705,queued,wsc-2013-leipzig,
WSC2013,TP,29,Hairdressing,actual,und,WSC2013 TP29 Actual,0,,WSC2013/TP/29/actual/und/WSC2013 TP29 Actual,https://api.worldskills.org/resources/download/1745,queued,wsc-2013-leipzig,
WSC2013,TP,29,Hairdressing,pre,und,WSC2013 TP29 Pre,0,,WSC2013/TP/29/pre/und/WSC2013 TP29 Pre,https://api.worldskills.org/resources/download/1676,queued,wsc-2013-leipzig,
WSC2013,TP,30,Beauty Therapy,actual,und,WSC2013 MS30 Marking Forms,0,,WSC2013/TP/30/actual/und/WSC2013 MS30 Marking Forms,https://api.worldskills.org/resources/download/1706,queued,wsc-2013-leipzig,
WSC2013,TP,30,Beauty Therapy,actual,und,WSC2013 TP30 Actual,0,,WSC2013/TP/30/actual/und/WSC2013 TP30 Actual,https://api.worldskills.org/resources/download/1746,queued,wsc-2013-leipzig,
WSC2013,TP,30,Beauty Therapy,pre,und,WSC2013 TP30 Pre,0,,WSC2013/TP/30/pre/und/WSC2013 TP30 Pre,https://api.worldskills.org/resources/download/1669,queued,wsc-2013-leipzig,
WSC2013,TP,31,Fashion Technology,actual,und,WSC2013 MS31 Marking Forms,0,,WSC2013/TP/31/actual/und/WSC2013 MS31 Marking Forms,https://api.worldskills.org/resources/download/1707,queued,wsc-2013-leipzig,
WSC2013,TP,31,Fashion Technology,actual,und,WSC2013 TP31 Actual,0,,WSC2013/TP/31/actual/und/WSC2013 TP31 Actual,https://api.worldskills.org/resources/download/1747,queued,wsc-2013-leipzig,
WSC2013,TP,31,Fashion Technology,pre,und,WSC2013 TP31 Pre,0,,WSC2013/TP/31/pre/und/WSC2013 TP31 Pre,https://api.worldskills.org/resources/download/1667,queued,wsc-2013-leipzig,
WSC2013,TP,32,Confectioner/Pastry Cook,actual,und,WSC2013 MS32 Marking Forms,0,,WSC2013/TP/32/actual/und/WSC2013 MS32 Marking Forms,https://api.worldskills.org/resources/download/1708,queued,wsc-2013-leipzig,
WSC2013,TP,32,Confectioner/Pastry Cook,actual,und,WSC2013 TP32 Actual,0,,WSC2013/TP/32/actual/und/WSC2013 TP32 Actual,https://api.worldskills.org/resources/download/1748,queued,wsc-2013-leipzig,
WSC2013,TP,32,Confectioner/Pastry Cook,pre,und,WSC2013 TP32 Pre,0,,WSC2013/TP/32/pre/und/WSC2013 TP32 Pre,https://api.worldskills.org/resources/download/1657,queued,wsc-2013-leipzig,
WSC2013,TP,33,Automobile Technology,actual,und,WSC2013 MS33 Marking Forms,0,,WSC2013/TP/33/actual/und/WSC2013 MS33 Marking Forms,https://api.worldskills.org/resources/download/1709,queued,wsc-2013-leipzig,
WSC2013,TP,33,Automobile Technology,actual,und,WSC2013 TP33 Actual,0,,WSC2013/TP/33/actual/und/WSC2013 TP33 Actual,https://api.worldskills.org/resources/download/1749,queued,wsc-2013-leipzig,
WSC2013,TP,34,Cooking,actual,und,WSC2013 MS34 Marking Forms,0,,WSC2013/TP/34/actual/und/WSC2013 MS34 Marking Forms,https://api.worldskills.org/resources/download/1710,queued,wsc-2013-leipzig,
WSC2013,TP,34,Cooking,actual,und,WSC2013 TP34 Actual,0,,WSC2013/TP/34/actual/und/WSC2013 TP34 Actual,https://api.worldskills.org/resources/download/1750,queued,wsc-2013-leipzig,
WSC2013,TP,34,Cooking,pre,und,WSC2013 TP34 Pre,0,,WSC2013/TP/34/pre/und/WSC2013 TP34 Pre,https://api.worldskills.org/resources/download/1645,queued,wsc-2013-leipzig,
WSC2013,TP,35,Restaurant Service,actual,und,WSC2013 MS35 Marking Forms,0,,WSC2013/TP/35/actual/und/WSC2013 MS35 Marking Forms,https://api.worldskills.org/resources/download/1711,queued,wsc-2013-leipzig,
WSC2013,TP,35,Restaurant Service,actual,und,WSC2013 TP35 Actual,0,,WSC2013/TP/35/actual/und/WSC2013 TP35 Actual,https://api.worldskills.org/resources/download/1751,queued,wsc-2013-leipzig,
WSC2013,TP,35,Restaurant Service,pre,und,WSC2013 TP35 Pre,0,,WSC2013/TP/35/pre/und/WSC2013 TP35 Pre,https://api.worldskills.org/resources/download/1658,queued,wsc-2013-leipzig,
WSC2013,TP,36,Car Painting,actual,und,WSC2013 MS36 Marking Forms,0,,WSC2013/TP/36/actual/und/WSC2013 MS36 Marking Forms,https://api.worldskills.org/resources/download/1712,queued,wsc-2013-leipzig,
WSC2013,TP,36,Car Painting,actual,und,WSC2013 TP36 Actual,0,,WSC2013/TP/36/actual/und/WSC2013 TP36 Actual,https://api.worldskills.org/resources/download/1752,queued,wsc-2013-leipzig,
WSC2013,TP,36,Car Painting,pre,und,WSC2013 TP36 Pre,0,,WSC2013/TP/36/pre/und/WSC2013 TP36 Pre,https://api.worldskills.org/resources/download/1668,queued,wsc-2013-leipzig,
WSC2013,TP,37,Landscape Gardening,actual,und,WSC2013 MS37 Marking Forms,0,,WSC2013/TP/37/actual/und/WSC2013 MS37 Marking Forms,https://api.worldskills.org/resources/download/1713,queued,wsc-2013-leipzig,
WSC2013,TP,37,Landscape Gardening,actual,und,WSC2013 TP37 Actual,0,,WSC2013/TP/37/actual/und/WSC2013 TP37 Actual,https://api.worldskills.org/resources/download/1753,queued,wsc-2013-leipzig,
WSC2013,TP,37,Landscape Gardening,pre,und,WSC2013 TP37 Pre,0,,WSC2013/TP/37/pre/und/WSC2013 TP37 Pre,https://api.worldskills.org/resources/download/1652,queued,wsc-2013-leipzig,
WSC2013,TP,38,Refrigeration and Air Conditioning,actual,und,WSC2013 MS38 Marking Forms,0,,WSC2013/TP/38/actual/und/WSC2013 MS38 Marking Forms,https://api.worldskills.org/resources/download/1714,queued,wsc-2013-leipzig,
WSC2013,TP,38,Refrigeration and Air Conditioning,actual,und,WSC2013 TP38 Actual,0,,WSC2013/TP/38/actual/und/WSC2013 TP38 Actual,https://api.worldskills.org/resources/download/1754,queued,wsc-2013-leipzig,
WSC2013,TP,38,Refrigeration and Air Conditioning,pre,und,WSC2013 TP38 Pre,0,,WSC2013/TP/38/pre/und/WSC2013 TP38 Pre,https://api.worldskills.org/resources/download/1670,queued,wsc-2013-leipzig,
WSC2013,TP,39,IT Network Systems Administration,actual,und,WSC2013 MS39 Marking Forms,0,,WSC2013/TP/39/actual/und/WSC2013 MS39 Marking Forms,https://api.worldskills.org/resources/download/1715,queued,wsc-2013-leipzig,
WSC2013,TP,39,IT Network Systems Administration,actual,und,WSC2013 TP39 Actual,0,,WSC2013/TP/39/actual/und/WSC2013 TP39 Actual,https://api.worldskills.org/resources/download/1755,queued,wsc-2013-leipzig,
WSC2013,TP,39,IT Network Systems Administration,pre,und,WSC2013 TP39 Pre,0,,WSC2013/TP/39/pre/und/WSC2013 TP39 Pre,https://api.worldskills.org/resources/download/1648,queued,wsc-2013-leipzig,
WSC2013,TP,40,Graphic Design Technology,actual,und,WSC2013 MS40 Marking Forms,0,,WSC2013/TP/40/actual/und/WSC2013 MS40 Marking Forms,https://api.worldskills.org/resources/download/1716,queued,wsc-2013-leipzig,
WSC2013,TP,40,Graphic Design Technology,actual,und,WSC2013 TP40 Actual,0,,WSC2013/TP/40/actual/und/WSC2013 TP40 Actual,https://api.worldskills.org/resources/download/1756,queued,wsc-2013-leipzig,
WSC2013,TP,41,Health and Social Care,actual,und,WSC2013 MS41 Marking Forms,0,,WSC2013/TP/41/actual/und/WSC2013 MS41 Marking Forms,https://api.worldskills.org/resources/download/1717,queued,wsc-2013-leipzig,
WSC2013,TP,41,Health and Social Care,actual,und,WSC2013 TP41 Actual,0,,WSC2013/TP/41/actual/und/WSC2013 TP41 Actual,https://api.worldskills.org/resources/download/1757,queued,wsc-2013-leipzig,
WSC2013,TP,41,Health and Social Care,pre,und,WSC2013 TP41 Pre,0,,WSC2013/TP/41/pre/und/WSC2013 TP41 Pre,https://api.worldskills.org/resources/download/1646,queued,wsc-2013-leipzig,
WSC2013,TP,42,Construction Metal Work,actual,und,WSC2013 MS42 Marking Forms,0,,WSC2013/TP/42/actual/und/WSC2013 MS42 Marking Forms,https://api.worldskills.org/resources/download/1718,queued,wsc-2013-leipzig,
WSC2013,TP,42,Construction Metal Work,actual,und,WSC2013 TP42 Actual,0,,WSC2013/TP/42/actual/und/WSC2013 TP42 Actual,https://api.worldskills.org/resources/download/1758,queued,wsc-2013-leipzig,
WSC2013,TP,42,Construction Metal Work,pre,und,WSC2013 TP42 Pre,0,,WSC2013/TP/42/pre/und/WSC2013 TP42 Pre,https://api.worldskills.org/resources/download/1661,queued,wsc-2013-leipzig,
WSC2013,TP,43,Sheet Metal Technology,actual,und,WSC2013 MS43 Marking Forms,0,,WSC2013/TP/43/actual/und/WSC2013 MS43 Marking Forms,https://api.worldskills.org/resources/download/1719,queued,wsc-2013-leipzig,
WSC2013,TP,43,Sheet Metal Technology,actual,und,WSC2013 TP43 Actual,0,,WSC2013/TP/43/actual/und/WSC2013 TP43 Actual,https://api.worldskills.org/resources/download/1759,queued,wsc-2013-leipzig,
WSC2013,TP,43,Sheet Metal Technology,pre,und,WSC2013 TP43 Pre,0,,WSC2013/TP/43/pre/und/WSC2013 TP43 Pre,https://api.worldskills.org/resources/download/1674,queued,wsc-2013-leipzig,
WSC2013,TP,44,Visual Merchandising/Window Dressing,actual,und,WSC2013 MS44 Marking Forms,0,,WSC2013/TP/44/actual/und/WSC2013 MS44 Marking Forms,https://api.worldskills.org/resources/download/1720,queued,wsc-2013-leipzig,
WSC2013,TP,44,Visual Merchandising/Window Dressing,actual,und,WSC2013 TP44 Actual,0,,WSC2013/TP/44/actual/und/WSC2013 TP44 Actual,https://api.worldskills.org/resources/download/1760,queued,wsc-2013-leipzig,
WSC2013,TP,45,Prototype Modelling,actual,und,WSC2013 MS45 Marking Forms,0,,WSC2013/TP/45/actual/und/WSC2013 MS45 Marking Forms,https://api.worldskills.org/resources/download/1721,queued,wsc-2013-leipzig,
WSC2013,TP,45,Prototype Modelling,actual,und,WSC2013 TP45 Actual,0,,WSC2013/TP/45/actual/und/WSC2013 TP45 Actual,https://api.worldskills.org/resources/download/1761,queued,wsc-2013-leipzig,
WSC2013,TP,45,Prototype Modelling,pre,und,WSC2013 TP45 Pre,0,,WSC2013/TP/45/pre/und/WSC2013 TP45 Pre,https://api.worldskills.org/resources/download/1643,queued,wsc-2013-leipzig,
WSC2013,TP,D1,Plastic Die Engineering,actual,und,WSC2013 TPD1 Actual,0,,WSC2013/TP/D1/actual/und/WSC2013 TPD1 Actual,https://api.worldskills.org/resources/download/1762,queued,wsc-2013-leipzig,
WSC2013,TP,D1,Plastic Die Engineering,pre,und,WSC2013 TPD1 Pre,0,,WSC2013/TP/D1/pre/und/WSC2013 TPD1 Pre,https://api.worldskills.org/resources/download/1675,queued,wsc-2013-leipzig,
WSC2013,TP,xx,,actual,und,WSC2013 MSD1 Marking Forms,0,,WSC2013/TP/xx/actual/und/WSC2013 MSD1 Marking Forms,https://api.worldskills.org/resources/download/1722,queued,wsc-2013-leipzig,
WSC2015,DOC,xx,,,und,WSC2015_OR_Albert_Vidal_Award,0,,WSC2015/DOC/xx/und/WSC2015_OR_Albert_Vidal_Award,https://api.worldskills.org/resources/download/7243,queued,wsc-2015-sao-paulo,
WSC2015,DOC,xx,,,und,WSC2015_OR_Best_of_Nation,0,,WSC2015/DOC/xx/und/WSC2015_OR_Best_of_Nation,https://api.worldskills.org/resources/download/7242,queued,wsc-2015-sao-paulo,
WSC2015,DOC,xx,,,und,WSC2015_OR_Members_alphabetical,0,,WSC2015/DOC/xx/und/WSC2015_OR_Members_alphabetical,https://api.worldskills.org/resources/download/7276,queued,wsc-2015-sao-paulo,
WSC2015,DOC,xx,,,und,WSC2015_OR_Members_by_avg_medal,0,,WSC2015/DOC/xx/und/WSC2015_OR_Members_by_avg_medal,https://api.worldskills.org/resources/download/7277,queued,wsc-2015-sao-paulo,
WSC2015,DOC,xx,,,und,WSC2015_OR_Members_by_avg_score,0,,WSC2015/DOC/xx/und/WSC2015_OR_Members_by_avg_score,https://api.worldskills.org/resources/download/7278,queued,wsc-2015-sao-paulo,
WSC2015,DOC,xx,,,und,WSC2015_OR_Members_by_total_medal,0,,WSC2015/DOC/xx/und/WSC2015_OR_Members_by_total_medal,https://api.worldskills.org/resources/download/7279,queued,wsc-2015-sao-paulo,
WSC2015,DOC,xx,,,und,WSC2015_OR_Members_by_total_score,0,,WSC2015/DOC/xx/und/WSC2015_OR_Members_by_total_score,https://api.worldskills.org/resources/download/7280,queued,wsc-2015-sao-paulo,
WSC2015,DOC,xx,,,und,WSC2015_OR_all_skills_500_scale_marks,0,,WSC2015/DOC/xx/und/WSC2015_OR_all_skills_500_scale_marks,https://api.worldskills.org/resources/download/7241,queued,wsc-2015-sao-paulo,
WSC2015,IL,01,Polymechanics and Automation,,und,WSC2015_IL01,0,,WSC2015/IL/01/und/WSC2015_IL01,https://api.worldskills.org/resources/download/6297,queued,wsc-2015-sao-paulo,
WSC2015,IL,02,Information Network Cabling,,und,WSC2015_IL02,0,,WSC2015/IL/02/und/WSC2015_IL02,https://api.worldskills.org/resources/download/6283,queued,wsc-2015-sao-paulo,
WSC2015,IL,03,Manufacturing Team Challenge,,und,WSC2015_IL03,0,,WSC2015/IL/03/und/WSC2015_IL03,https://api.worldskills.org/resources/download/6292,queued,wsc-2015-sao-paulo,
WSC2015,IL,04,Mechatronics,,und,WSC2015_IL04,0,,WSC2015/IL/04/und/WSC2015_IL04,https://api.worldskills.org/resources/download/6294,queued,wsc-2015-sao-paulo,
WSC2015,IL,05,Mechanical Engineering Design - CAD,,und,WSC2015_IL05,0,,WSC2015/IL/05/und/WSC2015_IL05,https://api.worldskills.org/resources/download/6293,queued,wsc-2015-sao-paulo,
WSC2015,IL,06,CNC Turning,,und,WSC2015_IL06,0,,WSC2015/IL/06/und/WSC2015_IL06,https://api.worldskills.org/resources/download/6287,queued,wsc-2015-sao-paulo,
WSC2015,IL,07,CNC Milling,,und,WSC2015_IL07,0,,WSC2015/IL/07/und/WSC2015_IL07,https://api.worldskills.org/resources/download/6286,queued,wsc-2015-sao-paulo,
WSC2015,IL,08,Architectural Stonemasonry,,und,WSC2015_IL08,0,,WSC2015/IL/08/und/WSC2015_IL08,https://api.worldskills.org/resources/download/6263,queued,wsc-2015-sao-paulo,
WSC2015,IL,09,IT Software Solutions for Business,,und,WSC2015_IL09,0,,WSC2015/IL/09/und/WSC2015_IL09,https://api.worldskills.org/resources/download/6282,queued,wsc-2015-sao-paulo,
WSC2015,IL,10,Welding,,und,WSC2015_IL10,0,,WSC2015/IL/10/und/WSC2015_IL10,https://api.worldskills.org/resources/download/6300,queued,wsc-2015-sao-paulo,
WSC2015,IL,11,Print Media Technology,,und,WSC2015_IL11,0,,WSC2015/IL/11/und/WSC2015_IL11,https://api.worldskills.org/resources/download/6284,queued,wsc-2015-sao-paulo,
WSC2015,IL,12,Wall and Floor Tiling,,und,WSC2015_IL12,0,,WSC2015/IL/12/und/WSC2015_IL12,https://api.worldskills.org/resources/download/6275,queued,wsc-2015-sao-paulo,
WSC2015,IL,13,Autobody Repair,,und,WSC2015_IL13,0,,WSC2015/IL/13/und/WSC2015_IL13,https://api.worldskills.org/resources/download/6309,queued,wsc-2015-sao-paulo,
WSC2015,IL,14,Aircraft Maintenance,,und,WSC2015_IL14,0,,WSC2015/IL/14/und/WSC2015_IL14,https://api.worldskills.org/resources/download/6308,queued,wsc-2015-sao-paulo,
WSC2015,IL,15,Plumbing and Heating,,und,WSC2015_IL15,0,,WSC2015/IL/15/und/WSC2015_IL15,https://api.worldskills.org/resources/download/6273,queued,wsc-2015-sao-paulo,
WSC2015,IL,16,Electronics,,und,WSC2015_IL16,0,,WSC2015/IL/16/und/WSC2015_IL16,https://api.worldskills.org/resources/download/6289,queued,wsc-2015-sao-paulo,
WSC2015,IL,17,Web Design,,und,WSC2015_IL17,0,,WSC2015/IL/17/und/WSC2015_IL17,https://api.worldskills.org/resources/download/6285,queued,wsc-2015-sao-paulo,
WSC2015,IL,18,Electrical Installations,,und,WSC2015_IL18,0,,WSC2015/IL/18/und/WSC2015_IL18,https://api.worldskills.org/resources/download/6268,queued,wsc-2015-sao-paulo,
WSC2015,IL,19,Industrial Control,,und,WSC2015_IL19,0,,WSC2015/IL/19/und/WSC2015_IL19,https://api.worldskills.org/resources/download/6290,queued,wsc-2015-sao-paulo,
WSC2015,IL,20,Bricklaying,,und,WSC2015_IL20,0,,WSC2015/IL/20/und/WSC2015_IL20,https://api.worldskills.org/resources/download/6264,queued,wsc-2015-sao-paulo,
WSC2015,IL,21,Plastering and Drywall Systems,,und,WSC2015_IL21,0,,WSC2015/IL/21/und/WSC2015_IL21,https://api.worldskills.org/resources/download/6272,queued,wsc-2015-sao-paulo,
WSC2015,IL,22,Painting and Decorating,,und,WSC2015_IL22,0,,WSC2015/IL/22/und/WSC2015_IL22,https://api.worldskills.org/resources/download/6271,queued,wsc-2015-sao-paulo,
WSC2015,IL,23,Mobile Robotics,,und,WSC2015_IL23,0,,WSC2015/IL/23/und/WSC2015_IL23,https://api.worldskills.org/resources/download/6295,queued,wsc-2015-sao-paulo,
WSC2015,IL,24,Cabinetmaking,,und,WSC2015_IL24,0,,WSC2015/IL/24/und/WSC2015_IL24,https://api.worldskills.org/resources/download/6265,queued,wsc-2015-sao-paulo,
WSC2015,IL,25,Joinery,,und,WSC2015_IL25,0,,WSC2015/IL/25/und/WSC2015_IL25,https://api.worldskills.org/resources/download/6269,queued,wsc-2015-sao-paulo,
WSC2015,IL,26,Carpentry,,und,WSC2015_IL26,0,,WSC2015/IL/26/und/WSC2015_IL26,https://api.worldskills.org/resources/download/6266,queued,wsc-2015-sao-paulo,
WSC2015,IL,27,Jewellery,,und,WSC2015_IL27,0,,WSC2015/IL/27/und/WSC2015_IL27,https://api.worldskills.org/resources/download/6279,queued,wsc-2015-sao-paulo,
WSC2015,IL,28,Floristry,,und,WSC2015_IL28,0,,WSC2015/IL/28/und/WSC2015_IL28,https://api.worldskills.org/resources/download/6277,queued,wsc-2015-sao-paulo,
WSC2015,IL,29,Hairdressing,,und,WSC2015_IL29,0,,WSC2015/IL/29/und/WSC2015_IL29,https://api.worldskills.org/resources/download/6304,queued,wsc-2015-sao-paulo,
WSC2015,IL,30,Beauty Therapy,,und,WSC2015_IL30,0,,WSC2015/IL/30/und/WSC2015_IL30,https://api.worldskills.org/resources/download/6302,queued,wsc-2015-sao-paulo,
WSC2015,IL,31,Fashion Technology,,und,WSC2015_IL31,0,,WSC2015/IL/31/und/WSC2015_IL31,https://api.worldskills.org/resources/download/6276,queued,wsc-2015-sao-paulo,
WSC2015,IL,32,Pâtisserie and Confectionery,,und,WSC2015_IL32,0,,WSC2015/IL/32/und/WSC2015_IL32,https://api.worldskills.org/resources/download/6306,queued,wsc-2015-sao-paulo,
WSC2015,IL,33,Automobile Technology,,und,WSC2015_IL33,0,,WSC2015/IL/33/und/WSC2015_IL33,https://api.worldskills.org/resources/download/6310,queued,wsc-2015-sao-paulo,
WSC2015,IL,34,Cooking,,und,WSC2015_IL34,0,,WSC2015/IL/34/und/WSC2015_IL34,https://api.worldskills.org/resources/download/6303,queued,wsc-2015-sao-paulo,
WSC2015,IL,35,Restaurant Service,,und,WSC2015_IL35,0,,WSC2015/IL/35/und/WSC2015_IL35,https://api.worldskills.org/resources/download/6307,queued,wsc-2015-sao-paulo,
WSC2015,IL,36,Car Painting,,und,WSC2015_IL36,0,,WSC2015/IL/36/und/WSC2015_IL36,https://api.worldskills.org/resources/download/6311,queued,wsc-2015-sao-paulo,
WSC2015,IL,37,Landscape Gardening,,und,WSC2015_IL37,0,,WSC2015/IL/37/und/WSC2015_IL37,https://api.worldskills.org/resources/download/6270,queued,wsc-2015-sao-paulo,
WSC2015,IL,38,Refrigeration and Air Conditioning,,und,WSC2015_IL38,0,,WSC2015/IL/38/und/WSC2015_IL38,https://api.worldskills.org/resources/download/6274,queued,wsc-2015-sao-paulo,
WSC2015,IL,39,IT Network Systems Administration,,und,WSC2015_IL39,0,,WSC2015/IL/39/und/WSC2015_IL39,https://api.worldskills.org/resources/download/6281,queued,wsc-2015-sao-paulo,
WSC2015,IL,40,Graphic Design Technology,,und,WSC2015_IL40,0,,WSC2015/IL/40/und/WSC2015_IL40,https://api.worldskills.org/resources/download/6278,queued,wsc-2015-sao-paulo,
WSC2015,IL,41,Health and Social Care,,und,WSC2015_IL41,0,,WSC2015/IL/41/und/WSC2015_IL41,https://api.worldskills.org/resources/download/6305,queued,wsc-2015-sao-paulo,
WSC2015,IL,42,Construction Metal Work,,und,WSC2015_IL42,0,,WSC2015/IL/42/und/WSC2015_IL42,https://api.worldskills.org/resources/download/6288,queued,wsc-2015-sao-paulo,
WSC2015,IL,43,Plastic Die Engineering,,und,WSC2015_IL43,0,,WSC2015/IL/43/und/WSC2015_IL43,https://api.worldskills.org/resources/download/6296,queued,wsc-2015-sao-paulo,
WSC2015,IL,44,Visual Merchandising and Window Dressing,,und,WSC2015_IL44,0,,WSC2015/IL/44/und/WSC2015_IL44,https://api.worldskills.org/resources/download/6280,queued,wsc-2015-sao-paulo,
WSC2015,IL,45,Prototype Modelling,,und,WSC2015_IL45,0,,WSC2015/IL/45/und/WSC2015_IL45,https://api.worldskills.org/resources/download/6298,queued,wsc-2015-sao-paulo,
WSC2015,IL,46,Sheet Metal Technology,,und,WSC2015_IL46,0,,WSC2015/IL/46/und/WSC2015_IL46,https://api.worldskills.org/resources/download/6299,queued,wsc-2015-sao-paulo,
WSC2015,IL,D1,Concrete Construction Work,,und,WSC2015_ILD1,0,,WSC2015/IL/D1/und/WSC2015_ILD1,https://api.worldskills.org/resources/download/6267,queued,wsc-2015-sao-paulo,
WSC2015,IL,D2,Bakery,,und,WSC2015_ILD2,0,,WSC2015/IL/D2/und/WSC2015_ILD2,https://api.worldskills.org/resources/download/6301,queued,wsc-2015-sao-paulo,
WSC2015,IL,D3,Industrial Mechanics Millwright,,und,WSC2015_ILD3,0,,WSC2015/IL/D3/und/WSC2015_ILD3,https://api.worldskills.org/resources/download/6291,queued,wsc-2015-sao-paulo,
WSC2015,IL,D4,Heavy Vehicle Maintenance,,und,WSC2015_ILD4,0,,WSC2015/IL/D4/und/WSC2015_ILD4,https://api.worldskills.org/resources/download/6312,queued,wsc-2015-sao-paulo,
WSC2015,OFF,xx,,,und,WSI OD04 Code of Ethics and Conduct,0,,WSC2015/OFF/xx/und/WSI OD04 Code of Ethics and Conduct,https://api.worldskills.org/resources/download/3746,queued,wsc-2015-sao-paulo,
WSC2015,OFF,xx,,,und,WSI_OD03A_competition_rules_organization,0,,WSC2015/OFF/xx/und/WSI_OD03A_competition_rules_organization,https://api.worldskills.org/resources/download/6397,queued,wsc-2015-sao-paulo,
WSC2015,OFF,xx,,,und,WSI_OD03B_competition_rules_skill_competitions,0,,WSC2015/OFF/xx/und/WSI_OD03B_competition_rules_skill_competitions,https://api.worldskills.org/resources/download/6398,queued,wsc-2015-sao-paulo,
WSC2015,RES,01,Polymechanics and Automation,,und,WSC2015_HS01,0,,WSC2015/RES/01/und/WSC2015_HS01,https://api.worldskills.org/resources/download/6719,queued,wsc-2015-sao-paulo,
WSC2015,RES,02,Information Network Cabling,,und,WSC2015_HS02,0,,WSC2015/RES/02/und/WSC2015_HS02,https://api.worldskills.org/resources/download/6720,queued,wsc-2015-sao-paulo,
WSC2015,RES,03,Manufacturing Team Challenge,,und,WSC2015_HS03,0,,WSC2015/RES/03/und/WSC2015_HS03,https://api.worldskills.org/resources/download/6721,queued,wsc-2015-sao-paulo,
WSC2015,RES,04,Mechatronics,,und,WSC2015_HS04,0,,WSC2015/RES/04/und/WSC2015_HS04,https://api.worldskills.org/resources/download/6722,queued,wsc-2015-sao-paulo,
WSC2015,RES,05,Mechanical Engineering Design - CAD,,und,WSC2015_HS05,0,,WSC2015/RES/05/und/WSC2015_HS05,https://api.worldskills.org/resources/download/6723,queued,wsc-2015-sao-paulo,
WSC2015,RES,06,CNC Turning,,und,WSC2015_HS06,0,,WSC2015/RES/06/und/WSC2015_HS06,https://api.worldskills.org/resources/download/6724,queued,wsc-2015-sao-paulo,
WSC2015,RES,07,CNC Milling,,und,WSC2015_HS07,0,,WSC2015/RES/07/und/WSC2015_HS07,https://api.worldskills.org/resources/download/6725,queued,wsc-2015-sao-paulo,
WSC2015,RES,08,Architectural Stonemasonry,,und,WSC2015_HS08,0,,WSC2015/RES/08/und/WSC2015_HS08,https://api.worldskills.org/resources/download/6726,queued,wsc-2015-sao-paulo,
WSC2015,RES,09,IT Software Solutions for Business,,und,WSC2015_HS09,0,,WSC2015/RES/09/und/WSC2015_HS09,https://api.worldskills.org/resources/download/6727,queued,wsc-2015-sao-paulo,
WSC2015,RES,10,Welding,,und,WSC2015_HS10,0,,WSC2015/RES/10/und/WSC2015_HS10,https://api.worldskills.org/resources/download/6728,queued,wsc-2015-sao-paulo,
WSC2015,RES,11,Print Media Technology,,und,WSC2015_HS11,0,,WSC2015/RES/11/und/WSC2015_HS11,https://api.worldskills.org/resources/download/6729,queued,wsc-2015-sao-paulo,
WSC2015,RES,12,Wall and Floor Tiling,,und,WSC2015_HS12,0,,WSC2015/RES/12/und/WSC2015_HS12,https://api.worldskills.org/resources/download/6730,queued,wsc-2015-sao-paulo,
WSC2015,RES,13,Autobody Repair,,und,WSC2015_HS13,0,,WSC2015/RES/13/und/WSC2015_HS13,https://api.worldskills.org/resources/download/6731,queued,wsc-2015-sao-paulo,
WSC2015,RES,14,Aircraft Maintenance,,und,WSC2015_HS14,0,,WSC2015/RES/14/und/WSC2015_HS14,https://api.worldskills.org/resources/download/6732,queued,wsc-2015-sao-paulo,
WSC2015,RES,15,Plumbing and Heating,,und,WSC2015_HS15,0,,WSC2015/RES/15/und/WSC2015_HS15,https://api.worldskills.org/resources/download/6733,queued,wsc-2015-sao-paulo,
WSC2015,RES,16,Electronics,,und,WSC2015_HS16,0,,WSC2015/RES/16/und/WSC2015_HS16,https://api.worldskills.org/resources/download/6734,queued,wsc-2015-sao-paulo,
WSC2015,RES,17,Web Design,,und,WSC2015_HS17,0,,WSC2015/RES/17/und/WSC2015_HS17,https://api.worldskills.org/resources/download/6735,queued,wsc-2015-sao-paulo,
WSC2015,RES,18,Electrical Installations,,und,WSC2015_HS18,0,,WSC2015/RES/18/und/WSC2015_HS18,https://api.worldskills.org/resources/download/6736,queued,wsc-2015-sao-paulo,
WSC2015,RES,19,Industrial Control,,und,WSC2015_HS19,0,,WSC2015/RES/19/und/WSC2015_HS19,https://api.worldskills.org/resources/download/6737,queued,wsc-2015-sao-paulo,
WSC2015,RES,20,Bricklaying,,und,WSC2015_HS20,0,,WSC2015/RES/20/und/WSC2015_HS20,https://api.worldskills.org/resources/download/6738,queued,wsc-2015-sao-paulo,
WSC2015,RES,21,Plastering and Drywall Systems,,und,WSC2015_HS21,0,,WSC2015/RES/21/und/WSC2015_HS21,https://api.worldskills.org/resources/download/6739,queued,wsc-2015-sao-paulo,
WSC2015,RES,22,Painting and Decorating,,und,WSC2015_HS22,0,,WSC2015/RES/22/und/WSC2015_HS22,https://api.worldskills.org/resources/download/6740,queued,wsc-2015-sao-paulo,
WSC2015,RES,23,Mobile Robotics,,und,WSC2015_HS23,0,,WSC2015/RES/23/und/WSC2015_HS23,https://api.worldskills.org/resources/download/6741,queued,wsc-2015-sao-paulo,
WSC2015,RES,24,Cabinetmaking,,und,WSC2015_HS24,0,,WSC2015/RES/24/und/WSC2015_HS24,https://api.worldskills.org/resources/download/6742,queued,wsc-2015-sao-paulo,
WSC2015,RES,25,Joinery,,und,WSC2015_HS25,0,,WSC2015/RES/25/und/WSC2015_HS25,https://api.worldskills.org/resources/download/6743,queued,wsc-2015-sao-paulo,
WSC2015,RES,26,Carpentry,,und,WSC2015_HS26,0,,WSC2015/RES/26/und/WSC2015_HS26,https://api.worldskills.org/resources/download/6744,queued,wsc-2015-sao-paulo,
WSC2015,RES,27,Jewellery,,und,WSC2015_HS27,0,,WSC2015/RES/27/und/WSC2015_HS27,https://api.worldskills.org/resources/download/6745,queued,wsc-2015-sao-paulo,
WSC2015,RES,28,Floristry,,und,WSC2015_HS28,0,,WSC2015/RES/28/und/WSC2015_HS28,https://api.worldskills.org/resources/download/6746,queued,wsc-2015-sao-paulo,
WSC2015,RES,29,Hairdressing,,und,WSC2015_HS29,0,,WSC2015/RES/29/und/WSC2015_HS29,https://api.worldskills.org/resources/download/6747,queued,wsc-2015-sao-paulo,
WSC2015,RES,30,Beauty Therapy,,und,WSC2015_HS30,0,,WSC2015/RES/30/und/WSC2015_HS30,https://api.worldskills.org/resources/download/6748,queued,wsc-2015-sao-paulo,
WSC2015,RES,31,Fashion Technology,,und,WSC2015_HS31,0,,WSC2015/RES/31/und/WSC2015_HS31,https://api.worldskills.org/resources/download/6749,queued,wsc-2015-sao-paulo,
WSC2015,RES,32,Pâtisserie and Confectionery,,und,WSC2015_HS32,0,,WSC2015/RES/32/und/WSC2015_HS32,https://api.worldskills.org/resources/download/6750,queued,wsc-2015-sao-paulo,
WSC2015,RES,33,Automobile Technology,,und,WSC2015_HS33,0,,WSC2015/RES/33/und/WSC2015_HS33,https://api.worldskills.org/resources/download/6751,queued,wsc-2015-sao-paulo,
WSC2015,RES,34,Cooking,,und,WSC2015_HS34,0,,WSC2015/RES/34/und/WSC2015_HS34,https://api.worldskills.org/resources/download/6752,queued,wsc-2015-sao-paulo,
WSC2015,RES,35,Restaurant Service,,und,WSC2015_HS35,0,,WSC2015/RES/35/und/WSC2015_HS35,https://api.worldskills.org/resources/download/6753,queued,wsc-2015-sao-paulo,
WSC2015,RES,36,Car Painting,,und,WSC2015_HS36,0,,WSC2015/RES/36/und/WSC2015_HS36,https://api.worldskills.org/resources/download/6754,queued,wsc-2015-sao-paulo,
WSC2015,RES,37,Landscape Gardening,,und,WSC2015_HS37,0,,WSC2015/RES/37/und/WSC2015_HS37,https://api.worldskills.org/resources/download/6755,queued,wsc-2015-sao-paulo,
WSC2015,RES,38,Refrigeration and Air Conditioning,,und,WSC2015_HS38,0,,WSC2015/RES/38/und/WSC2015_HS38,https://api.worldskills.org/resources/download/6756,queued,wsc-2015-sao-paulo,
WSC2015,RES,39,IT Network Systems Administration,,und,WSC2015_HS39,0,,WSC2015/RES/39/und/WSC2015_HS39,https://api.worldskills.org/resources/download/6757,queued,wsc-2015-sao-paulo,
WSC2015,RES,40,Graphic Design Technology,,und,WSC2015_HS40,0,,WSC2015/RES/40/und/WSC2015_HS40,https://api.worldskills.org/resources/download/6758,queued,wsc-2015-sao-paulo,
WSC2015,RES,41,Health and Social Care,,und,WSC2015_HS41,0,,WSC2015/RES/41/und/WSC2015_HS41,https://api.worldskills.org/resources/download/6759,queued,wsc-2015-sao-paulo,
WSC2015,RES,42,Construction Metal Work,,und,WSC2015_HS42,0,,WSC2015/RES/42/und/WSC2015_HS42,https://api.worldskills.org/resources/download/6760,queued,wsc-2015-sao-paulo,
WSC2015,RES,43,Plastic Die Engineering,,und,WSC2015_HS43,0,,WSC2015/RES/43/und/WSC2015_HS43,https://api.worldskills.org/resources/download/6761,queued,wsc-2015-sao-paulo,
WSC2015,RES,44,Visual Merchandising and Window Dressing,,und,WSC2015_HS44,0,,WSC2015/RES/44/und/WSC2015_HS44,https://api.worldskills.org/resources/download/6762,queued,wsc-2015-sao-paulo,
WSC2015,RES,45,Prototype Modelling,,und,WSC2015_HS45,0,,WSC2015/RES/45/und/WSC2015_HS45,https://api.worldskills.org/resources/download/6763,queued,wsc-2015-sao-paulo,
WSC2015,RES,46,Sheet Metal Technology,,und,WSC2015_HS46,0,,WSC2015/RES/46/und/WSC2015_HS46,https://api.worldskills.org/resources/download/6764,queued,wsc-2015-sao-paulo,
WSC2015,RES,xx,,,und,Closing Ceremony (full) - WorldSkills São Paulo 2015,0,,WSC2015/RES/xx/und/Closing Ceremony (full) - WorldSkills São Paulo 2015,https://api.worldskills.org/resources/download/7298,queued,wsc-2015-sao-paulo,
WSC2015,RES,xx,,,und,Competitors visit local schools in Brazil - One School One Country,0,,WSC2015/RES/xx/und/Competitors visit local schools in Brazil - One School One Country,https://api.worldskills.org/resources/download/7347,queued,wsc-2015-sao-paulo,
WSC2015,RES,xx,,,und,Japanese WorldSkills Competitors visit a local school in Brazil,0,,WSC2015/RES/xx/und/Japanese WorldSkills Competitors visit a local school in Brazil,https://api.worldskills.org/resources/download/7326,queued,wsc-2015-sao-paulo,
WSC2015,RES,xx,,,und,Opening Ceremony (full) WorldSkills São Paulo 2015,0,,WSC2015/RES/xx/und/Opening Ceremony (full) WorldSkills São Paulo 2015,https://api.worldskills.org/resources/download/7295,queued,wsc-2015-sao-paulo,
WSC2015,RES,xx,,,und,WSC2015 Final Report,0,,WSC2015/RES/xx/und/WSC2015 Final Report,https://api.worldskills.org/resources/download/7689,queued,wsc-2015-sao-paulo,
WSC2015,RES,xx,,,und,WSC2015_HS00,0,,WSC2015/RES/xx/und/WSC2015_HS00,https://api.worldskills.org/resources/download/6915,queued,wsc-2015-sao-paulo,
WSC2015,RES,xx,,,und,WSC2015_HSD1,0,,WSC2015/RES/xx/und/WSC2015_HSD1,https://api.worldskills.org/resources/download/6765,queued,wsc-2015-sao-paulo,
WSC2015,RES,xx,,,und,WSC2015_HSD2,0,,WSC2015/RES/xx/und/WSC2015_HSD2,https://api.worldskills.org/resources/download/6766,queued,wsc-2015-sao-paulo,
WSC2015,RES,xx,,,und,WSC2015_HSD3,0,,WSC2015/RES/xx/und/WSC2015_HSD3,https://api.worldskills.org/resources/download/6767,queued,wsc-2015-sao-paulo,
WSC2015,RES,xx,,,und,WSC2015_HSD4,0,,WSC2015/RES/xx/und/WSC2015_HSD4,https://api.worldskills.org/resources/download/6768,queued,wsc-2015-sao-paulo,
WSC2015,RES,xx,,,und,WorldSkills São Paulo 2015 Final Report,0,,WSC2015/RES/xx/und/WorldSkills São Paulo 2015 Final Report,https://api.worldskills.org/resources/download/7690,queued,wsc-2015-sao-paulo,
WSC2015,SKL,01,Polymechanics and Automation,,und,01 - Polymechanics Pneumatic System.ipb,0,,WSC2015/SKL/01/und/01 - Polymechanics Pneumatic System.ipb,https://api.worldskills.org/resources/download/6926,queued,wsc-2015-sao-paulo,
WSC2015,SKL,01,Polymechanics and Automation,,und,01 - Polymechanics Pneumatic System.ipm,0,,WSC2015/SKL/01/und/01 - Polymechanics Pneumatic System.ipm,https://api.worldskills.org/resources/download/6956,queued,wsc-2015-sao-paulo,
WSC2015,SKL,01,Polymechanics and Automation,,und,01 - Polymechanics and Automation 720p.mov,0,,WSC2015/SKL/01/und/01 - Polymechanics and Automation 720p.mov,https://api.worldskills.org/resources/download/7084,queued,wsc-2015-sao-paulo,
WSC2015,SKL,01,Polymechanics and Automation,,und,ANLAS2015_01_3D_dataset.zip,0,,WSC2015/SKL/01/und/ANLAS2015_01_3D_dataset.zip,https://api.worldskills.org/resources/download/7053,queued,wsc-2015-sao-paulo,
WSC2015,SKL,02,Information Network Cabling,,und,02 - Information Network Cabling 720p.mov,0,,WSC2015/SKL/02/und/02 - Information Network Cabling 720p.mov,https://api.worldskills.org/resources/download/7085,queued,wsc-2015-sao-paulo,
WSC2015,SKL,03,Manufacturing Team Challenge,,und,03 - Manufacturing Team Challenge 720p.mov,0,,WSC2015/SKL/03/und/03 - Manufacturing Team Challenge 720p.mov,https://api.worldskills.org/resources/download/7086,queued,wsc-2015-sao-paulo,
WSC2015,SKL,03,Manufacturing Team Challenge,,und,03 - Manufacturing Team Challenge.ipb,0,,WSC2015/SKL/03/und/03 - Manufacturing Team Challenge.ipb,https://api.worldskills.org/resources/download/6928,queued,wsc-2015-sao-paulo,
WSC2015,SKL,03,Manufacturing Team Challenge,,und,03 - Manufacturing Team Challenge.ipm,0,,WSC2015/SKL/03/und/03 - Manufacturing Team Challenge.ipm,https://api.worldskills.org/resources/download/6957,queued,wsc-2015-sao-paulo,
WSC2015,SKL,03,Manufacturing Team Challenge,,und,ANLAS2015_03_3D_dataset.zip,0,,WSC2015/SKL/03/und/ANLAS2015_03_3D_dataset.zip,https://api.worldskills.org/resources/download/7054,queued,wsc-2015-sao-paulo,
WSC2015,SKL,04,Mechatronics,,und,04 - Mechatronics 720p.mov,0,,WSC2015/SKL/04/und/04 - Mechatronics 720p.mov,https://api.worldskills.org/resources/download/7087,queued,wsc-2015-sao-paulo,
WSC2015,SKL,04,Mechatronics,,und,04 - Mechatronics Roboter.ipb,0,,WSC2015/SKL/04/und/04 - Mechatronics Roboter.ipb,https://api.worldskills.org/resources/download/6929,queued,wsc-2015-sao-paulo,
WSC2015,SKL,04,Mechatronics,,und,04 - Mechatronics Roboter.ipm,0,,WSC2015/SKL/04/und/04 - Mechatronics Roboter.ipm,https://api.worldskills.org/resources/download/6958,queued,wsc-2015-sao-paulo,
WSC2015,SKL,04,Mechatronics,,und,ANLAS2015_04_3D_dataset.zip,0,,WSC2015/SKL/04/und/ANLAS2015_04_3D_dataset.zip,https://api.worldskills.org/resources/download/7055,queued,wsc-2015-sao-paulo,
WSC2015,SKL,05,Mechanical Engineering Design - CAD,,und,05 - Mechanical Engineering Design - CAD 720p.mov,0,,WSC2015/SKL/05/und/05 - Mechanical Engineering Design - CAD 720p.mov,https://api.worldskills.org/resources/download/7088,queued,wsc-2015-sao-paulo,
WSC2015,SKL,05,Mechanical Engineering Design - CAD,,und,05 - Mechanical Engineering Design - CAD M1 Rebuild A.ipb,0,,WSC2015/SKL/05/und/05 - Mechanical Engineering Design - CAD M1 Rebuild A.ipb,https://api.worldskills.org/resources/download/6930,queued,wsc-2015-sao-paulo,
WSC2015,SKL,05,Mechanical Engineering Design - CAD,,und,05 - Mechanical Engineering Design - CAD M1 Rebuild A.ipm,0,,WSC2015/SKL/05/und/05 - Mechanical Engineering Design - CAD M1 Rebuild A.ipm,https://api.worldskills.org/resources/download/6959,queued,wsc-2015-sao-paulo,
WSC2015,SKL,05,Mechanical Engineering Design - CAD,,und,05 - Mechanical Engineering Design - CAD M1 Rebuild B.ipb,0,,WSC2015/SKL/05/und/05 - Mechanical Engineering Design - CAD M1 Rebuild B.ipb,https://api.worldskills.org/resources/download/6931,queued,wsc-2015-sao-paulo,
WSC2015,SKL,05,Mechanical Engineering Design - CAD,,und,05 - Mechanical Engineering Design - CAD M1 Rebuild B.ipm,0,,WSC2015/SKL/05/und/05 - Mechanical Engineering Design - CAD M1 Rebuild B.ipm,https://api.worldskills.org/resources/download/6960,queued,wsc-2015-sao-paulo,
WSC2015,SKL,05,Mechanical Engineering Design - CAD,,und,05 - Mechanical Engineering Design - CAD M2 Sheet Metal and Fab.ipb,0,,WSC2015/SKL/05/und/05 - Mechanical Engineering Design - CAD M2 Sheet Metal and Fab.ipb,https://api.worldskills.org/resources/download/6932,queued,wsc-2015-sao-paulo,
WSC2015,SKL,05,Mechanical Engineering Design - CAD,,und,05 - Mechanical Engineering Design - CAD M2 Sheet Metal and Fab.ipm,0,,WSC2015/SKL/05/und/05 - Mechanical Engineering Design - CAD M2 Sheet Metal and Fab.ipm,https://api.worldskills.org/resources/download/6961,queued,wsc-2015-sao-paulo,
WSC2015,SKL,05,Mechanical Engineering Design - CAD,,und,05 - Mechanical Engineering Design - CAD M3 Hedge Trimmer.ipb,0,,WSC2015/SKL/05/und/05 - Mechanical Engineering Design - CAD M3 Hedge Trimmer.ipb,https://api.worldskills.org/resources/download/6933,queued,wsc-2015-sao-paulo,
WSC2015,SKL,05,Mechanical Engineering Design - CAD,,und,05 - Mechanical Engineering Design - CAD M3 Hedge Trimmer.ipm,0,,WSC2015/SKL/05/und/05 - Mechanical Engineering Design - CAD M3 Hedge Trimmer.ipm,https://api.worldskills.org/resources/download/6962,queued,wsc-2015-sao-paulo,
WSC2015,SKL,05,Mechanical Engineering Design - CAD,,und,05 - Mechanical Engineering Design - CAD M4 Physical Model.ipb,0,,WSC2015/SKL/05/und/05 - Mechanical Engineering Design - CAD M4 Physical Model.ipb,https://api.worldskills.org/resources/download/6934,queued,wsc-2015-sao-paulo,
WSC2015,SKL,05,Mechanical Engineering Design - CAD,,und,05 - Mechanical Engineering Design - CAD M4 Physical Model.ipm,0,,WSC2015/SKL/05/und/05 - Mechanical Engineering Design - CAD M4 Physical Model.ipm,https://api.worldskills.org/resources/download/6963,queued,wsc-2015-sao-paulo,
WSC2015,SKL,05,Mechanical Engineering Design - CAD,,und,ANLAS2015_05_3D_dataset.zip,0,,WSC2015/SKL/05/und/ANLAS2015_05_3D_dataset.zip,https://api.worldskills.org/resources/download/7056,queued,wsc-2015-sao-paulo,
WSC2015,SKL,06,CNC Turning,,und,06 - CNC Turning 720p.mov,0,,WSC2015/SKL/06/und/06 - CNC Turning 720p.mov,https://api.worldskills.org/resources/download/7089,queued,wsc-2015-sao-paulo,
WSC2015,SKL,06,CNC Turning,,und,06 - CNC Turning.ipb,0,,WSC2015/SKL/06/und/06 - CNC Turning.ipb,https://api.worldskills.org/resources/download/6935,queued,wsc-2015-sao-paulo,
WSC2015,SKL,06,CNC Turning,,und,06 - CNC Turning.ipm,0,,WSC2015/SKL/06/und/06 - CNC Turning.ipm,https://api.worldskills.org/resources/download/6964,queued,wsc-2015-sao-paulo,
WSC2015,SKL,06,CNC Turning,,und,ANLAS2015_06_3D_dataset.zip,0,,WSC2015/SKL/06/und/ANLAS2015_06_3D_dataset.zip,https://api.worldskills.org/resources/download/7057,queued,wsc-2015-sao-paulo,
WSC2015,SKL,07,CNC Milling,,und,07 - CNC Milling 720p.mov,0,,WSC2015/SKL/07/und/07 - CNC Milling 720p.mov,https://api.worldskills.org/resources/download/7090,queued,wsc-2015-sao-paulo,
WSC2015,SKL,07,CNC Milling,,und,07 - CNC Milling.ipb,0,,WSC2015/SKL/07/und/07 - CNC Milling.ipb,https://api.worldskills.org/resources/download/6936,queued,wsc-2015-sao-paulo,
WSC2015,SKL,07,CNC Milling,,und,07 - CNC Milling.ipm,0,,WSC2015/SKL/07/und/07 - CNC Milling.ipm,https://api.worldskills.org/resources/download/6965,queued,wsc-2015-sao-paulo,
WSC2015,SKL,07,CNC Milling,,und,ANLAS2015_07_3D_dataset.zip,0,,WSC2015/SKL/07/und/ANLAS2015_07_3D_dataset.zip,https://api.worldskills.org/resources/download/7058,queued,wsc-2015-sao-paulo,
WSC2015,SKL,08,Architectural Stonemasonry,,und,08 - Architectural Stonemasonry 720p.mov,0,,WSC2015/SKL/08/und/08 - Architectural Stonemasonry 720p.mov,https://api.worldskills.org/resources/download/7091,queued,wsc-2015-sao-paulo,
WSC2015,SKL,08,Architectural Stonemasonry,,und,08 - Architectural Stonemasonry.ipb,0,,WSC2015/SKL/08/und/08 - Architectural Stonemasonry.ipb,https://api.worldskills.org/resources/download/6937,queued,wsc-2015-sao-paulo,
WSC2015,SKL,08,Architectural Stonemasonry,,und,08 - Architectural Stonemasonry.ipm,0,,WSC2015/SKL/08/und/08 - Architectural Stonemasonry.ipm,https://api.worldskills.org/resources/download/6966,queued,wsc-2015-sao-paulo,
WSC2015,SKL,08,Architectural Stonemasonry,,und,ANLAS2015_08_3D_dataset.zip,0,,WSC2015/SKL/08/und/ANLAS2015_08_3D_dataset.zip,https://api.worldskills.org/resources/download/7059,queued,wsc-2015-sao-paulo,
WSC2015,SKL,09,IT Software Solutions for Business,,und,09 - IT Software Solutions for Business 720p.mov,0,,WSC2015/SKL/09/und/09 - IT Software Solutions for Business 720p.mov,https://api.worldskills.org/resources/download/7092,queued,wsc-2015-sao-paulo,
WSC2015,SKL,10,Welding,,und,10 - Welding 720p.mov,0,,WSC2015/SKL/10/und/10 - Welding 720p.mov,https://api.worldskills.org/resources/download/7093,queued,wsc-2015-sao-paulo,
WSC2015,SKL,10,Welding,,und,10 - Welding.ipb,0,,WSC2015/SKL/10/und/10 - Welding.ipb,https://api.worldskills.org/resources/download/6938,queued,wsc-2015-sao-paulo,
WSC2015,SKL,10,Welding,,und,10 - Welding.ipm,0,,WSC2015/SKL/10/und/10 - Welding.ipm,https://api.worldskills.org/resources/download/6967,queued,wsc-2015-sao-paulo,
WSC2015,SKL,10,Welding,,und,ANLAS2015_10_3D_dataset.zip,0,,WSC2015/SKL/10/und/ANLAS2015_10_3D_dataset.zip,https://api.worldskills.org/resources/download/7060,queued,wsc-2015-sao-paulo,
WSC2015,SKL,11,Print Media Technology,,und,11 - Print Media Technology 720p.mov,0,,WSC2015/SKL/11/und/11 - Print Media Technology 720p.mov,https://api.worldskills.org/resources/download/7094,queued,wsc-2015-sao-paulo,
WSC2015,SKL,12,Wall and Floor Tiling,,und,12 - Wall and Floor Tiling 720p.mov,0,,WSC2015/SKL/12/und/12 - Wall and Floor Tiling 720p.mov,https://api.worldskills.org/resources/download/7095,queued,wsc-2015-sao-paulo,
WSC2015,SKL,12,Wall and Floor Tiling,,und,12 - Wall and Floor Tiling.ipb,0,,WSC2015/SKL/12/und/12 - Wall and Floor Tiling.ipb,https://api.worldskills.org/resources/download/6939,queued,wsc-2015-sao-paulo,
WSC2015,SKL,12,Wall and Floor Tiling,,und,12 - Wall and Floor Tiling.ipm,0,,WSC2015/SKL/12/und/12 - Wall and Floor Tiling.ipm,https://api.worldskills.org/resources/download/6968,queued,wsc-2015-sao-paulo,
WSC2015,SKL,12,Wall and Floor Tiling,,und,ANLAS2015_12_3D_dataset.zip,0,,WSC2015/SKL/12/und/ANLAS2015_12_3D_dataset.zip,https://api.worldskills.org/resources/download/7061,queued,wsc-2015-sao-paulo,
WSC2015,SKL,13,Autobody Repair,,und,13 - Autobody Repair 720p.mov,0,,WSC2015/SKL/13/und/13 - Autobody Repair 720p.mov,https://api.worldskills.org/resources/download/7096,queued,wsc-2015-sao-paulo,
WSC2015,SKL,13,Autobody Repair,,und,13 - Autobody Repair.ipb,0,,WSC2015/SKL/13/und/13 - Autobody Repair.ipb,https://api.worldskills.org/resources/download/6940,queued,wsc-2015-sao-paulo,
WSC2015,SKL,13,Autobody Repair,,und,13 - Autobody Repair.ipm,0,,WSC2015/SKL/13/und/13 - Autobody Repair.ipm,https://api.worldskills.org/resources/download/6969,queued,wsc-2015-sao-paulo,
WSC2015,SKL,13,Autobody Repair,,und,ANLAS2015_13_3D_dataset.zip,0,,WSC2015/SKL/13/und/ANLAS2015_13_3D_dataset.zip,https://api.worldskills.org/resources/download/7062,queued,wsc-2015-sao-paulo,
WSC2015,SKL,14,Aircraft Maintenance,,und,14 - Aircraft Maintenance 720p.mov,0,,WSC2015/SKL/14/und/14 - Aircraft Maintenance 720p.mov,https://api.worldskills.org/resources/download/7097,queued,wsc-2015-sao-paulo,
WSC2015,SKL,14,Aircraft Maintenance,,und,14 - Aircraft Maintenance.ipb,0,,WSC2015/SKL/14/und/14 - Aircraft Maintenance.ipb,https://api.worldskills.org/resources/download/6941,queued,wsc-2015-sao-paulo,
WSC2015,SKL,14,Aircraft Maintenance,,und,14 - Aircraft Maintenance.ipm,0,,WSC2015/SKL/14/und/14 - Aircraft Maintenance.ipm,https://api.worldskills.org/resources/download/6970,queued,wsc-2015-sao-paulo,
WSC2015,SKL,14,Aircraft Maintenance,,und,ANLAS2015_14_3D_dataset.zip,0,,WSC2015/SKL/14/und/ANLAS2015_14_3D_dataset.zip,https://api.worldskills.org/resources/download/7063,queued,wsc-2015-sao-paulo,
WSC2015,SKL,15,Plumbing and Heating,,und,15 - Plumbing and Heating 720p.mov,0,,WSC2015/SKL/15/und/15 - Plumbing and Heating 720p.mov,https://api.worldskills.org/resources/download/7098,queued,wsc-2015-sao-paulo,
WSC2015,SKL,15,Plumbing and Heating,,und,15 - Plumbing and Heating.ipb,0,,WSC2015/SKL/15/und/15 - Plumbing and Heating.ipb,https://api.worldskills.org/resources/download/6942,queued,wsc-2015-sao-paulo,
WSC2015,SKL,15,Plumbing and Heating,,und,15 - Plumbing and Heating.ipm,0,,WSC2015/SKL/15/und/15 - Plumbing and Heating.ipm,https://api.worldskills.org/resources/download/6971,queued,wsc-2015-sao-paulo,
WSC2015,SKL,15,Plumbing and Heating,,und,ANLAS2015_15_3D_dataset.zip,0,,WSC2015/SKL/15/und/ANLAS2015_15_3D_dataset.zip,https://api.worldskills.org/resources/download/7064,queued,wsc-2015-sao-paulo,
WSC2015,SKL,16,Electronics,,und,16 - Electronics 720p.mov,0,,WSC2015/SKL/16/und/16 - Electronics 720p.mov,https://api.worldskills.org/resources/download/7099,queued,wsc-2015-sao-paulo,
WSC2015,SKL,17,Web Design,,und,17 - Web Design 720p.mov,0,,WSC2015/SKL/17/und/17 - Web Design 720p.mov,https://api.worldskills.org/resources/download/7100,queued,wsc-2015-sao-paulo,
WSC2015,SKL,18,Electrical Installations,,und,18 - Electrical Installation.ipb,0,,WSC2015/SKL/18/und/18 - Electrical Installation.ipb,https://api.worldskills.org/resources/download/6943,queued,wsc-2015-sao-paulo,
WSC2015,SKL,18,Electrical Installations,,und,18 - Electrical Installation.ipm,0,,WSC2015/SKL/18/und/18 - Electrical Installation.ipm,https://api.worldskills.org/resources/download/6972,queued,wsc-2015-sao-paulo,
WSC2015,SKL,18,Electrical Installations,,und,18 - Electrical Installations 720p.mov,0,,WSC2015/SKL/18/und/18 - Electrical Installations 720p.mov,https://api.worldskills.org/resources/download/7101,queued,wsc-2015-sao-paulo,
WSC2015,SKL,18,Electrical Installations,,und,ANLAS2015_18_3D_dataset.zip,0,,WSC2015/SKL/18/und/ANLAS2015_18_3D_dataset.zip,https://api.worldskills.org/resources/download/7065,queued,wsc-2015-sao-paulo,
WSC2015,SKL,19,Industrial Control,,und,19 - Industrial Control 720p.mov,0,,WSC2015/SKL/19/und/19 - Industrial Control 720p.mov,https://api.worldskills.org/resources/download/7102,queued,wsc-2015-sao-paulo,
WSC2015,SKL,20,Bricklaying,,und,20 - Bricklaying 720p.mov,0,,WSC2015/SKL/20/und/20 - Bricklaying 720p.mov,https://api.worldskills.org/resources/download/7103,queued,wsc-2015-sao-paulo,
WSC2015,SKL,20,Bricklaying,,und,20 - Bricklaying.ipb,0,,WSC2015/SKL/20/und/20 - Bricklaying.ipb,https://api.worldskills.org/resources/download/6944,queued,wsc-2015-sao-paulo,
WSC2015,SKL,20,Bricklaying,,und,20 - Bricklaying.ipm,0,,WSC2015/SKL/20/und/20 - Bricklaying.ipm,https://api.worldskills.org/resources/download/6973,queued,wsc-2015-sao-paulo,
WSC2015,SKL,20,Bricklaying,,und,ANLAS2015_20_3D_dataset.zip,0,,WSC2015/SKL/20/und/ANLAS2015_20_3D_dataset.zip,https://api.worldskills.org/resources/download/7066,queued,wsc-2015-sao-paulo,
WSC2015,SKL,21,Plastering and Drywall Systems,,und,21 - Plastering and Drywall System.ipm,0,,WSC2015/SKL/21/und/21 - Plastering and Drywall System.ipm,https://api.worldskills.org/resources/download/6974,queued,wsc-2015-sao-paulo,
WSC2015,SKL,21,Plastering and Drywall Systems,,und,21 - Plastering and Drywall Systems 720p.mov,0,,WSC2015/SKL/21/und/21 - Plastering and Drywall Systems 720p.mov,https://api.worldskills.org/resources/download/7104,queued,wsc-2015-sao-paulo,
WSC2015,SKL,21,Plastering and Drywall Systems,,und,ANLAS2015_21_3D_dataset.zip,0,,WSC2015/SKL/21/und/ANLAS2015_21_3D_dataset.zip,https://api.worldskills.org/resources/download/7067,queued,wsc-2015-sao-paulo,
WSC2015,SKL,22,Painting and Decorating,,und,22 - Painting and Decorating 720p.mov,0,,WSC2015/SKL/22/und/22 - Painting and Decorating 720p.mov,https://api.worldskills.org/resources/download/7105,queued,wsc-2015-sao-paulo,
WSC2015,SKL,23,Mobile Robotics,,und,23 - Mobile Robotics 720p.mov,0,,WSC2015/SKL/23/und/23 - Mobile Robotics 720p.mov,https://api.worldskills.org/resources/download/7106,queued,wsc-2015-sao-paulo,
WSC2015,SKL,23,Mobile Robotics,,und,23 - Mobile Robotics.ipb,0,,WSC2015/SKL/23/und/23 - Mobile Robotics.ipb,https://api.worldskills.org/resources/download/6945,queued,wsc-2015-sao-paulo,
WSC2015,SKL,23,Mobile Robotics,,und,23 - Mobile Robotics.ipm,0,,WSC2015/SKL/23/und/23 - Mobile Robotics.ipm,https://api.worldskills.org/resources/download/6975,queued,wsc-2015-sao-paulo,
WSC2015,SKL,23,Mobile Robotics,,und,ANLAS2015_23_3D_dataset.zip,0,,WSC2015/SKL/23/und/ANLAS2015_23_3D_dataset.zip,https://api.worldskills.org/resources/download/7068,queued,wsc-2015-sao-paulo,
WSC2015,SKL,24,Cabinetmaking,,und,24 - Cabinetmaking 720p.mov,0,,WSC2015/SKL/24/und/24 - Cabinetmaking 720p.mov,https://api.worldskills.org/resources/download/7107,queued,wsc-2015-sao-paulo,
WSC2015,SKL,24,Cabinetmaking,,und,24 - Cabinetmaking.ipb,0,,WSC2015/SKL/24/und/24 - Cabinetmaking.ipb,https://api.worldskills.org/resources/download/6946,queued,wsc-2015-sao-paulo,
WSC2015,SKL,24,Cabinetmaking,,und,24 - Cabinetmaking.ipm,0,,WSC2015/SKL/24/und/24 - Cabinetmaking.ipm,https://api.worldskills.org/resources/download/6976,queued,wsc-2015-sao-paulo,
WSC2015,SKL,24,Cabinetmaking,,und,ANLAS2015_24_3D_dataset.zip,0,,WSC2015/SKL/24/und/ANLAS2015_24_3D_dataset.zip,https://api.worldskills.org/resources/download/7069,queued,wsc-2015-sao-paulo,
WSC2015,SKL,25,Joinery,,und,25 - Joinery 720p.mov,0,,WSC2015/SKL/25/und/25 - Joinery 720p.mov,https://api.worldskills.org/resources/download/7108,queued,wsc-2015-sao-paulo,
WSC2015,SKL,25,Joinery,,und,25 - Joinery.ipb,0,,WSC2015/SKL/25/und/25 - Joinery.ipb,https://api.worldskills.org/resources/download/6947,queued,wsc-2015-sao-paulo,
WSC2015,SKL,25,Joinery,,und,25 - Joinery.ipm,0,,WSC2015/SKL/25/und/25 - Joinery.ipm,https://api.worldskills.org/resources/download/6977,queued,wsc-2015-sao-paulo,
WSC2015,SKL,25,Joinery,,und,ANLAS2015_25_3D_dataset.zip,0,,WSC2015/SKL/25/und/ANLAS2015_25_3D_dataset.zip,https://api.worldskills.org/resources/download/7070,queued,wsc-2015-sao-paulo,
WSC2015,SKL,26,Carpentry,,und,26 - Carpentry 720p.mov,0,,WSC2015/SKL/26/und/26 - Carpentry 720p.mov,https://api.worldskills.org/resources/download/7109,queued,wsc-2015-sao-paulo,
WSC2015,SKL,26,Carpentry,,und,26 - Carpentry.ipb,0,,WSC2015/SKL/26/und/26 - Carpentry.ipb,https://api.worldskills.org/resources/download/6948,queued,wsc-2015-sao-paulo,
WSC2015,SKL,26,Carpentry,,und,26 - Carpentry.ipm,0,,WSC2015/SKL/26/und/26 - Carpentry.ipm,https://api.worldskills.org/resources/download/6978,queued,wsc-2015-sao-paulo,
WSC2015,SKL,26,Carpentry,,und,ANLAS2015_26_3D_dataset.zip,0,,WSC2015/SKL/26/und/ANLAS2015_26_3D_dataset.zip,https://api.worldskills.org/resources/download/7071,queued,wsc-2015-sao-paulo,
WSC2015,SKL,27,Jewellery,,und,27 - Jewellery 720p.mov,0,,WSC2015/SKL/27/und/27 - Jewellery 720p.mov,https://api.worldskills.org/resources/download/7110,queued,wsc-2015-sao-paulo,
WSC2015,SKL,27,Jewellery,,und,27 - Jewellry.ipb,0,,WSC2015/SKL/27/und/27 - Jewellry.ipb,https://api.worldskills.org/resources/download/6949,queued,wsc-2015-sao-paulo,
WSC2015,SKL,27,Jewellery,,und,27 - Jewellry.ipm,0,,WSC2015/SKL/27/und/27 - Jewellry.ipm,https://api.worldskills.org/resources/download/6979,queued,wsc-2015-sao-paulo,
WSC2015,SKL,27,Jewellery,,und,ANLAS2015_27_3D_dataset.zip,0,,WSC2015/SKL/27/und/ANLAS2015_27_3D_dataset.zip,https://api.worldskills.org/resources/download/7072,queued,wsc-2015-sao-paulo,
WSC2015,SKL,28,Floristry,,und,28 - Floristry 720p.mov,0,,WSC2015/SKL/28/und/28 - Floristry 720p.mov,https://api.worldskills.org/resources/download/7111,queued,wsc-2015-sao-paulo,
WSC2015,SKL,29,Hairdressing,,und,29 - Hairdressing 720p.mov,0,,WSC2015/SKL/29/und/29 - Hairdressing 720p.mov,https://api.worldskills.org/resources/download/7112,queued,wsc-2015-sao-paulo,
WSC2015,SKL,30,Beauty Therapy,,und,30 - Beauty Therapy 720p.mov,0,,WSC2015/SKL/30/und/30 - Beauty Therapy 720p.mov,https://api.worldskills.org/resources/download/7113,queued,wsc-2015-sao-paulo,
WSC2015,SKL,31,Fashion Technology,,und,31 - Fashion Technology 720p.mov,0,,WSC2015/SKL/31/und/31 - Fashion Technology 720p.mov,https://api.worldskills.org/resources/download/7114,queued,wsc-2015-sao-paulo,
WSC2015,SKL,32,Pâtisserie and Confectionery,,und,32 - Pâtisserie and Confectionery 720p.mov,0,,WSC2015/SKL/32/und/32 - Pâtisserie and Confectionery 720p.mov,https://api.worldskills.org/resources/download/7115,queued,wsc-2015-sao-paulo,
WSC2015,SKL,33,Automobile Technology,,und,33 - Automobile Technology 720p.mov,0,,WSC2015/SKL/33/und/33 - Automobile Technology 720p.mov,https://api.worldskills.org/resources/download/7116,queued,wsc-2015-sao-paulo,
WSC2015,SKL,33,Automobile Technology,,und,33 - Automotive Technology.ipm,0,,WSC2015/SKL/33/und/33 - Automotive Technology.ipm,https://api.worldskills.org/resources/download/6980,queued,wsc-2015-sao-paulo,
WSC2015,SKL,33,Automobile Technology,,und,ANLAS2015_33_3D_dataset.zip,0,,WSC2015/SKL/33/und/ANLAS2015_33_3D_dataset.zip,https://api.worldskills.org/resources/download/7073,queued,wsc-2015-sao-paulo,
WSC2015,SKL,34,Cooking,,und,34 - Cooking 720p.mov,0,,WSC2015/SKL/34/und/34 - Cooking 720p.mov,https://api.worldskills.org/resources/download/7117,queued,wsc-2015-sao-paulo,
WSC2015,SKL,35,Restaurant Service,,und,35 - Restaurant Service 720p.mov,0,,WSC2015/SKL/35/und/35 - Restaurant Service 720p.mov,https://api.worldskills.org/resources/download/7118,queued,wsc-2015-sao-paulo,
WSC2015,SKL,36,Car Painting,,und,36 - Car Painting 720p.mov,0,,WSC2015/SKL/36/und/36 - Car Painting 720p.mov,https://api.worldskills.org/resources/download/7119,queued,wsc-2015-sao-paulo,
WSC2015,SKL,36,Car Painting,,und,36 - Car Painting.ipb,0,,WSC2015/SKL/36/und/36 - Car Painting.ipb,https://api.worldskills.org/resources/download/6950,queued,wsc-2015-sao-paulo,
WSC2015,SKL,36,Car Painting,,und,36 - Car Painting.ipm,0,,WSC2015/SKL/36/und/36 - Car Painting.ipm,https://api.worldskills.org/resources/download/6981,queued,wsc-2015-sao-paulo,
WSC2015,SKL,36,Car Painting,,und,ANLAS2015_36_3D_dataset.zip,0,,WSC2015/SKL/36/und/ANLAS2015_36_3D_dataset.zip,https://api.worldskills.org/resources/download/7074,queued,wsc-2015-sao-paulo,
WSC2015,SKL,37,Landscape Gardening,,und,37 - Landscape Gardening 720p.mov,0,,WSC2015/SKL/37/und/37 - Landscape Gardening 720p.mov,https://api.worldskills.org/resources/download/7120,queued,wsc-2015-sao-paulo,
WSC2015,SKL,38,Refrigeration and Air Conditioning,,und,38 - Refrigeration and Air Conditioning 720p.mov,0,,WSC2015/SKL/38/und/38 - Refrigeration and Air Conditioning 720p.mov,https://api.worldskills.org/resources/download/7121,queued,wsc-2015-sao-paulo,
WSC2015,SKL,38,Refrigeration and Air Conditioning,,und,38 - Refrigeration and Air Conditioning.ipb,0,,WSC2015/SKL/38/und/38 - Refrigeration and Air Conditioning.ipb,https://api.worldskills.org/resources/download/6951,queued,wsc-2015-sao-paulo,
WSC2015,SKL,38,Refrigeration and Air Conditioning,,und,38 - Refrigeration and Air Conditioning.ipm,0,,WSC2015/SKL/38/und/38 - Refrigeration and Air Conditioning.ipm,https://api.worldskills.org/resources/download/6982,queued,wsc-2015-sao-paulo,
WSC2015,SKL,38,Refrigeration and Air Conditioning,,und,ANLAS2015_38_3D_dataset.zip,0,,WSC2015/SKL/38/und/ANLAS2015_38_3D_dataset.zip,https://api.worldskills.org/resources/download/7075,queued,wsc-2015-sao-paulo,
WSC2015,SKL,39,IT Network Systems Administration,,und,39 - IT Network Systems Administration 720p.mov,0,,WSC2015/SKL/39/und/39 - IT Network Systems Administration 720p.mov,https://api.worldskills.org/resources/download/7122,queued,wsc-2015-sao-paulo,
WSC2015,SKL,40,Graphic Design Technology,,und,40 - Graphic Design Technology 720p.mov,0,,WSC2015/SKL/40/und/40 - Graphic Design Technology 720p.mov,https://api.worldskills.org/resources/download/7123,queued,wsc-2015-sao-paulo,
WSC2015,SKL,41,Health and Social Care,,und,41 - Health and Social Care 720p.mov,0,,WSC2015/SKL/41/und/41 - Health and Social Care 720p.mov,https://api.worldskills.org/resources/download/7124,queued,wsc-2015-sao-paulo,
WSC2015,SKL,42,Construction Metal Work,,und,42 - Construction Metal Work 720p.mov,0,,WSC2015/SKL/42/und/42 - Construction Metal Work 720p.mov,https://api.worldskills.org/resources/download/7125,queued,wsc-2015-sao-paulo,
WSC2015,SKL,42,Construction Metal Work,,und,42 - Construction Metal Work.ipb,0,,WSC2015/SKL/42/und/42 - Construction Metal Work.ipb,https://api.worldskills.org/resources/download/6952,queued,wsc-2015-sao-paulo,
WSC2015,SKL,42,Construction Metal Work,,und,42 - Construction Metal Work.ipm,0,,WSC2015/SKL/42/und/42 - Construction Metal Work.ipm,https://api.worldskills.org/resources/download/6983,queued,wsc-2015-sao-paulo,
WSC2015,SKL,42,Construction Metal Work,,und,ANLAS2015_42_3D_dataset.zip,0,,WSC2015/SKL/42/und/ANLAS2015_42_3D_dataset.zip,https://api.worldskills.org/resources/download/7076,queued,wsc-2015-sao-paulo,
WSC2015,SKL,43,Plastic Die Engineering,,und,43 - Plastic Die Engineering 720p.mov,0,,WSC2015/SKL/43/und/43 - Plastic Die Engineering 720p.mov,https://api.worldskills.org/resources/download/7126,queued,wsc-2015-sao-paulo,
WSC2015,SKL,43,Plastic Die Engineering,,und,43 - Plastic Die Engineering.ipb,0,,WSC2015/SKL/43/und/43 - Plastic Die Engineering.ipb,https://api.worldskills.org/resources/download/6953,queued,wsc-2015-sao-paulo,
WSC2015,SKL,43,Plastic Die Engineering,,und,43 - Plastic Die Engineering.ipm,0,,WSC2015/SKL/43/und/43 - Plastic Die Engineering.ipm,https://api.worldskills.org/resources/download/6984,queued,wsc-2015-sao-paulo,
WSC2015,SKL,43,Plastic Die Engineering,,und,ANLAS2015_43_3D_dataset.zip,0,,WSC2015/SKL/43/und/ANLAS2015_43_3D_dataset.zip,https://api.worldskills.org/resources/download/7077,queued,wsc-2015-sao-paulo,
WSC2015,SKL,44,Visual Merchandising and Window Dressing,,und,44 - Visual Merchandising and Window Dressing 720p.mov,0,,WSC2015/SKL/44/und/44 - Visual Merchandising and Window Dressing 720p.mov,https://api.worldskills.org/resources/download/7127,queued,wsc-2015-sao-paulo,
WSC2015,SKL,45,Prototype Modelling,,und,45 - Prototype Modelling 720p.mov,0,,WSC2015/SKL/45/und/45 - Prototype Modelling 720p.mov,https://api.worldskills.org/resources/download/7128,queued,wsc-2015-sao-paulo,
WSC2015,SKL,45,Prototype Modelling,,und,45 - Prototype Modelling.ipb,0,,WSC2015/SKL/45/und/45 - Prototype Modelling.ipb,https://api.worldskills.org/resources/download/6954,queued,wsc-2015-sao-paulo,
WSC2015,SKL,45,Prototype Modelling,,und,45 - Prototype Modelling.ipm,0,,WSC2015/SKL/45/und/45 - Prototype Modelling.ipm,https://api.worldskills.org/resources/download/6985,queued,wsc-2015-sao-paulo,
WSC2015,SKL,45,Prototype Modelling,,und,ANLAS2015_45_3D_dataset.zip,0,,WSC2015/SKL/45/und/ANLAS2015_45_3D_dataset.zip,https://api.worldskills.org/resources/download/7078,queued,wsc-2015-sao-paulo,
WSC2015,SKL,46,Sheet Metal Technology,,und,46 - Sheet Metal Technology 720p.mov,0,,WSC2015/SKL/46/und/46 - Sheet Metal Technology 720p.mov,https://api.worldskills.org/resources/download/7129,queued,wsc-2015-sao-paulo,
WSC2015,SKL,46,Sheet Metal Technology,,und,46 - Sheet Metal Technology.ipb,0,,WSC2015/SKL/46/und/46 - Sheet Metal Technology.ipb,https://api.worldskills.org/resources/download/6955,queued,wsc-2015-sao-paulo,
WSC2015,SKL,46,Sheet Metal Technology,,und,46 - Sheet Metal Technology.ipm,0,,WSC2015/SKL/46/und/46 - Sheet Metal Technology.ipm,https://api.worldskills.org/resources/download/6986,queued,wsc-2015-sao-paulo,
WSC2015,SKL,46,Sheet Metal Technology,,und,ANLAS2015_46_3D_dataset.zip,0,,WSC2015/SKL/46/und/ANLAS2015_46_3D_dataset.zip,https://api.worldskills.org/resources/download/7079,queued,wsc-2015-sao-paulo,
WSC2015,TD,01,Polymechanics and Automation,,und,WSC2015_TD01,0,,WSC2015/TD/01/und/WSC2015_TD01,https://api.worldskills.org/resources/download/6248,queued,wsc-2015-sao-paulo,
WSC2015,TD,02,Information Network Cabling,,und,WSC2015_TD02,0,,WSC2015/TD/02/und/WSC2015_TD02,https://api.worldskills.org/resources/download/6234,queued,wsc-2015-sao-paulo,
WSC2015,TD,02,Information Network Cabling,,und,WSC2015_TD02_skill_specific_rules,0,,WSC2015/TD/02/und/WSC2015_TD02_skill_specific_rules,https://api.worldskills.org/resources/download/7139,queued,wsc-2015-sao-paulo,
WSC2015,TD,03,Manufacturing Team Challenge,,und,WSC2015_TD03,0,,WSC2015/TD/03/und/WSC2015_TD03,https://api.worldskills.org/resources/download/6243,queued,wsc-2015-sao-paulo,
WSC2015,TD,03,Manufacturing Team Challenge,,und,WSC2015_TD03_skill_specific_rules,0,,WSC2015/TD/03/und/WSC2015_TD03_skill_specific_rules,https://api.worldskills.org/resources/download/7140,queued,wsc-2015-sao-paulo,
WSC2015,TD,04,Mechatronics,,und,WSC2015_TD04,0,,WSC2015/TD/04/und/WSC2015_TD04,https://api.worldskills.org/resources/download/6245,queued,wsc-2015-sao-paulo,
WSC2015,TD,04,Mechatronics,,und,WSC2015_TD04_skill_specific_rules,0,,WSC2015/TD/04/und/WSC2015_TD04_skill_specific_rules,https://api.worldskills.org/resources/download/7083,queued,wsc-2015-sao-paulo,
WSC2015,TD,05,Mechanical Engineering Design - CAD,,und,WSC2015_TD05,0,,WSC2015/TD/05/und/WSC2015_TD05,https://api.worldskills.org/resources/download/6244,queued,wsc-2015-sao-paulo,
WSC2015,TD,05,Mechanical Engineering Design - CAD,,und,WSC2015_TD05_skill_specific_rules,0,,WSC2015/TD/05/und/WSC2015_TD05_skill_specific_rules,https://api.worldskills.org/resources/download/7040,queued,wsc-2015-sao-paulo,
WSC2015,TD,06,CNC Turning,,und,WSC2015_TD06,0,,WSC2015/TD/06/und/WSC2015_TD06,https://api.worldskills.org/resources/download/6238,queued,wsc-2015-sao-paulo,
WSC2015,TD,06,CNC Turning,,und,WSC2015_TD06_skill_specific_rules,0,,WSC2015/TD/06/und/WSC2015_TD06_skill_specific_rules,https://api.worldskills.org/resources/download/6987,queued,wsc-2015-sao-paulo,
WSC2015,TD,07,CNC Milling,,und,WSC2015_TD07,0,,WSC2015/TD/07/und/WSC2015_TD07,https://api.worldskills.org/resources/download/6237,queued,wsc-2015-sao-paulo,
WSC2015,TD,07,CNC Milling,,und,WSC2015_TD07_skill_specific_rules,0,,WSC2015/TD/07/und/WSC2015_TD07_skill_specific_rules,https://api.worldskills.org/resources/download/7141,queued,wsc-2015-sao-paulo,
WSC2015,TD,08,Architectural Stonemasonry,,und,WSC2015_TD08,0,,WSC2015/TD/08/und/WSC2015_TD08,https://api.worldskills.org/resources/download/6214,queued,wsc-2015-sao-paulo,
WSC2015,TD,08,Architectural Stonemasonry,,und,WSC2015_TD08_skill_specific_rules,0,,WSC2015/TD/08/und/WSC2015_TD08_skill_specific_rules,https://api.worldskills.org/resources/download/6920,queued,wsc-2015-sao-paulo,
WSC2015,TD,09,IT Software Solutions for Business,,und,WSC2015_TD09,0,,WSC2015/TD/09/und/WSC2015_TD09,https://api.worldskills.org/resources/download/6233,queued,wsc-2015-sao-paulo,
WSC2015,TD,10,Welding,,und,WSC2015_TD10,0,,WSC2015/TD/10/und/WSC2015_TD10,https://api.worldskills.org/resources/download/6250,queued,wsc-2015-sao-paulo,
WSC2015,TD,10,Welding,,und,WSC2015_TD10_skill_specific_rules,0,,WSC2015/TD/10/und/WSC2015_TD10_skill_specific_rules,https://api.worldskills.org/resources/download/7142,queued,wsc-2015-sao-paulo,
WSC2015,TD,11,Print Media Technology,,und,WSC2015_TD11,0,,WSC2015/TD/11/und/WSC2015_TD11,https://api.worldskills.org/resources/download/6235,queued,wsc-2015-sao-paulo,
WSC2015,TD,11,Print Media Technology,,und,WSC2015_TD11_skill_specific_rules,0,,WSC2015/TD/11/und/WSC2015_TD11_skill_specific_rules,https://api.worldskills.org/resources/download/7153,queued,wsc-2015-sao-paulo,
WSC2015,TD,12,Wall and Floor Tiling,,und,WSC2015_TD12,0,,WSC2015/TD/12/und/WSC2015_TD12,https://api.worldskills.org/resources/download/6226,queued,wsc-2015-sao-paulo,
WSC2015,TD,12,Wall and Floor Tiling,,und,WSC2015_TD12_skill_specific_rules,0,,WSC2015/TD/12/und/WSC2015_TD12_skill_specific_rules,https://api.worldskills.org/resources/download/7157,queued,wsc-2015-sao-paulo,
WSC2015,TD,13,Autobody Repair,,und,WSC2015_TD13,0,,WSC2015/TD/13/und/WSC2015_TD13,https://api.worldskills.org/resources/download/6258,queued,wsc-2015-sao-paulo,
WSC2015,TD,13,Autobody Repair,,und,WSC2015_TD13_skill_specific_rules,0,,WSC2015/TD/13/und/WSC2015_TD13_skill_specific_rules,https://api.worldskills.org/resources/download/7051,queued,wsc-2015-sao-paulo,
WSC2015,TD,14,Aircraft Maintenance,,und,WSC2015_TD14,0,,WSC2015/TD/14/und/WSC2015_TD14,https://api.worldskills.org/resources/download/6257,queued,wsc-2015-sao-paulo,
WSC2015,TD,14,Aircraft Maintenance,,und,WSC2015_TD14_skill_specific_rules,0,,WSC2015/TD/14/und/WSC2015_TD14_skill_specific_rules,https://api.worldskills.org/resources/download/7041,queued,wsc-2015-sao-paulo,
WSC2015,TD,15,Plumbing and Heating,,und,WSC2015_TD15,0,,WSC2015/TD/15/und/WSC2015_TD15,https://api.worldskills.org/resources/download/6224,queued,wsc-2015-sao-paulo,
WSC2015,TD,15,Plumbing and Heating,,und,WSC2015_TD15_skill_specific_rules,0,,WSC2015/TD/15/und/WSC2015_TD15_skill_specific_rules,https://api.worldskills.org/resources/download/6925,queued,wsc-2015-sao-paulo,
WSC2015,TD,16,Electronics,,und,WSC2015_TD16,0,,WSC2015/TD/16/und/WSC2015_TD16,https://api.worldskills.org/resources/download/6240,queued,wsc-2015-sao-paulo,
WSC2015,TD,16,Electronics,,und,WSC2015_TD16_skill_specific_rules,0,,WSC2015/TD/16/und/WSC2015_TD16_skill_specific_rules,https://api.worldskills.org/resources/download/7143,queued,wsc-2015-sao-paulo,
WSC2015,TD,17,Web Design,,und,WSC2015_TD17,0,,WSC2015/TD/17/und/WSC2015_TD17,https://api.worldskills.org/resources/download/6236,queued,wsc-2015-sao-paulo,
WSC2015,TD,17,Web Design,,und,WSC2015_TD17_skill_specific_rules,0,,WSC2015/TD/17/und/WSC2015_TD17_skill_specific_rules,https://api.worldskills.org/resources/download/7175,queued,wsc-2015-sao-paulo,
WSC2015,TD,18,Electrical Installations,,und,WSC2015_TD18,0,,WSC2015/TD/18/und/WSC2015_TD18,https://api.worldskills.org/resources/download/6219,queued,wsc-2015-sao-paulo,
WSC2015,TD,18,Electrical Installations,,und,WSC2015_TD18_skill_specific_rules,0,,WSC2015/TD/18/und/WSC2015_TD18_skill_specific_rules,https://api.worldskills.org/resources/download/7080,queued,wsc-2015-sao-paulo,
WSC2015,TD,19,Industrial Control,,und,WSC2015_TD19,0,,WSC2015/TD/19/und/WSC2015_TD19,https://api.worldskills.org/resources/download/6241,queued,wsc-2015-sao-paulo,
WSC2015,TD,20,Bricklaying,,und,WSC2015_TD20,0,,WSC2015/TD/20/und/WSC2015_TD20,https://api.worldskills.org/resources/download/6215,queued,wsc-2015-sao-paulo,
WSC2015,TD,20,Bricklaying,,und,WSC2015_TD20_skill_specific_rules,0,,WSC2015/TD/20/und/WSC2015_TD20_skill_specific_rules,https://api.worldskills.org/resources/download/7154,queued,wsc-2015-sao-paulo,
WSC2015,TD,21,Plastering and Drywall Systems,,und,WSC2015_TD21,0,,WSC2015/TD/21/und/WSC2015_TD21,https://api.worldskills.org/resources/download/6223,queued,wsc-2015-sao-paulo,
WSC2015,TD,21,Plastering and Drywall Systems,,und,WSC2015_TD21_skill_specific_rules,0,,WSC2015/TD/21/und/WSC2015_TD21_skill_specific_rules,https://api.worldskills.org/resources/download/7164,queued,wsc-2015-sao-paulo,
WSC2015,TD,22,Painting and Decorating,,und,WSC2015_TD22,0,,WSC2015/TD/22/und/WSC2015_TD22,https://api.worldskills.org/resources/download/6222,queued,wsc-2015-sao-paulo,
WSC2015,TD,22,Painting and Decorating,,und,WSC2015_TD22_skills_specific_rules,0,,WSC2015/TD/22/und/WSC2015_TD22_skills_specific_rules,https://api.worldskills.org/resources/download/7081,queued,wsc-2015-sao-paulo,
WSC2015,TD,23,Mobile Robotics,,und,WSC2015_TD23,0,,WSC2015/TD/23/und/WSC2015_TD23,https://api.worldskills.org/resources/download/6246,queued,wsc-2015-sao-paulo,
WSC2015,TD,23,Mobile Robotics,,und,WSC2015_TD23_skill_specific_rules,0,,WSC2015/TD/23/und/WSC2015_TD23_skill_specific_rules,https://api.worldskills.org/resources/download/7047,queued,wsc-2015-sao-paulo,
WSC2015,TD,24,Cabinetmaking,,und,WSC2015_TD24,0,,WSC2015/TD/24/und/WSC2015_TD24,https://api.worldskills.org/resources/download/6216,queued,wsc-2015-sao-paulo,
WSC2015,TD,24,Cabinetmaking,,und,WSC2015_TD24_skill_specific_rules,0,,WSC2015/TD/24/und/WSC2015_TD24_skill_specific_rules,https://api.worldskills.org/resources/download/6921,queued,wsc-2015-sao-paulo,
WSC2015,TD,25,Joinery,,und,WSC2015_TD25,0,,WSC2015/TD/25/und/WSC2015_TD25,https://api.worldskills.org/resources/download/6220,queued,wsc-2015-sao-paulo,
WSC2015,TD,25,Joinery,,und,WSC2015_TD25_skill_specific_rules,0,,WSC2015/TD/25/und/WSC2015_TD25_skill_specific_rules,https://api.worldskills.org/resources/download/6922,queued,wsc-2015-sao-paulo,
WSC2015,TD,26,Carpentry,,und,WSC2015_TD26,0,,WSC2015/TD/26/und/WSC2015_TD26,https://api.worldskills.org/resources/download/6217,queued,wsc-2015-sao-paulo,
WSC2015,TD,26,Carpentry,,und,WSC2015_TD26_skill_specific_rules,0,,WSC2015/TD/26/und/WSC2015_TD26_skill_specific_rules,https://api.worldskills.org/resources/download/7045,queued,wsc-2015-sao-paulo,
WSC2015,TD,27,Jewellery,,und,WSC2015_TD27,0,,WSC2015/TD/27/und/WSC2015_TD27,https://api.worldskills.org/resources/download/6230,queued,wsc-2015-sao-paulo,
WSC2015,TD,27,Jewellery,,und,WSC2015_TD27_skill_specific_rules,0,,WSC2015/TD/27/und/WSC2015_TD27_skill_specific_rules,https://api.worldskills.org/resources/download/6923,queued,wsc-2015-sao-paulo,
WSC2015,TD,28,Floristry,,und,WSC2015_TD28,0,,WSC2015/TD/28/und/WSC2015_TD28,https://api.worldskills.org/resources/download/6228,queued,wsc-2015-sao-paulo,
WSC2015,TD,29,Hairdressing,,und,WSC2015_TD29,0,,WSC2015/TD/29/und/WSC2015_TD29,https://api.worldskills.org/resources/download/6253,queued,wsc-2015-sao-paulo,
WSC2015,TD,29,Hairdressing,,und,WSC2015_TD29_skill_specific_rules,0,,WSC2015/TD/29/und/WSC2015_TD29_skill_specific_rules,https://api.worldskills.org/resources/download/7049,queued,wsc-2015-sao-paulo,
WSC2015,TD,30,Beauty Therapy,,und,WSC2015_TD30,0,,WSC2015/TD/30/und/WSC2015_TD30,https://api.worldskills.org/resources/download/6251,queued,wsc-2015-sao-paulo,
WSC2015,TD,30,Beauty Therapy,,und,WSC2015_TD30_skill_specific_rules,0,,WSC2015/TD/30/und/WSC2015_TD30_skill_specific_rules,https://api.worldskills.org/resources/download/7044,queued,wsc-2015-sao-paulo,
WSC2015,TD,31,Fashion Technology,,und,WSC2015_TD31,0,,WSC2015/TD/31/und/WSC2015_TD31,https://api.worldskills.org/resources/download/6227,queued,wsc-2015-sao-paulo,
WSC2015,TD,31,Fashion Technology,,und,WSC2015_TD31_skill_specific_rules,0,,WSC2015/TD/31/und/WSC2015_TD31_skill_specific_rules,https://api.worldskills.org/resources/download/7155,queued,wsc-2015-sao-paulo,
WSC2015,TD,32,Pâtisserie and Confectionery,,und,WSC2015_TD32,0,,WSC2015/TD/32/und/WSC2015_TD32,https://api.worldskills.org/resources/download/6255,queued,wsc-2015-sao-paulo,
WSC2015,TD,33,Automobile Technology,,und,WSC2015_TD33,0,,WSC2015/TD/33/und/WSC2015_TD33,https://api.worldskills.org/resources/download/6259,queued,wsc-2015-sao-paulo,
WSC2015,TD,33,Automobile Technology,,und,WSC2015_TD33_skill_specific_rules,0,,WSC2015/TD/33/und/WSC2015_TD33_skill_specific_rules,https://api.worldskills.org/resources/download/7170,queued,wsc-2015-sao-paulo,
WSC2015,TD,34,Cooking,,und,WSC2015_TD34,0,,WSC2015/TD/34/und/WSC2015_TD34,https://api.worldskills.org/resources/download/6252,queued,wsc-2015-sao-paulo,
WSC2015,TD,34,Cooking,,und,WSC2015_TD34_skill_specific_rules,0,,WSC2015/TD/34/und/WSC2015_TD34_skill_specific_rules,https://api.worldskills.org/resources/download/7144,queued,wsc-2015-sao-paulo,
WSC2015,TD,35,Restaurant Service,,und,WSC2015_TD35,0,,WSC2015/TD/35/und/WSC2015_TD35,https://api.worldskills.org/resources/download/6256,queued,wsc-2015-sao-paulo,
WSC2015,TD,35,Restaurant Service,,und,WSC2015_TD35_skill_specific_rules,0,,WSC2015/TD/35/und/WSC2015_TD35_skill_specific_rules,https://api.worldskills.org/resources/download/7130,queued,wsc-2015-sao-paulo,
WSC2015,TD,36,Car Painting,,und,WSC2015_TD36,0,,WSC2015/TD/36/und/WSC2015_TD36,https://api.worldskills.org/resources/download/6260,queued,wsc-2015-sao-paulo,
WSC2015,TD,36,Car Painting,,und,WSC2015_TD36_skill_specific_rules,0,,WSC2015/TD/36/und/WSC2015_TD36_skill_specific_rules,https://api.worldskills.org/resources/download/7145,queued,wsc-2015-sao-paulo,
WSC2015,TD,37,Landscape Gardening,,und,WSC2015_TD37,0,,WSC2015/TD/37/und/WSC2015_TD37,https://api.worldskills.org/resources/download/6221,queued,wsc-2015-sao-paulo,
WSC2015,TD,37,Landscape Gardening,,und,WSC2015_TD37_skill_specific_rules,0,,WSC2015/TD/37/und/WSC2015_TD37_skill_specific_rules,https://api.worldskills.org/resources/download/7158,queued,wsc-2015-sao-paulo,
WSC2015,TD,38,Refrigeration and Air Conditioning,,und,WSC2015_TD38,0,,WSC2015/TD/38/und/WSC2015_TD38,https://api.worldskills.org/resources/download/6225,queued,wsc-2015-sao-paulo,
WSC2015,TD,39,IT Network Systems Administration,,und,WSC2015_TD39,0,,WSC2015/TD/39/und/WSC2015_TD39,https://api.worldskills.org/resources/download/6232,queued,wsc-2015-sao-paulo,
WSC2015,TD,39,IT Network Systems Administration,,und,WSC2015_TD39_skill_specific_rules,0,,WSC2015/TD/39/und/WSC2015_TD39_skill_specific_rules,https://api.worldskills.org/resources/download/7082,queued,wsc-2015-sao-paulo,
WSC2015,TD,40,Graphic Design Technology,,und,WSC2015_TD40,0,,WSC2015/TD/40/und/WSC2015_TD40,https://api.worldskills.org/resources/download/6229,queued,wsc-2015-sao-paulo,
WSC2015,TD,40,Graphic Design Technology,,und,WSC2015_TD40_skill_specific_rules,0,,WSC2015/TD/40/und/WSC2015_TD40_skill_specific_rules,https://api.worldskills.org/resources/download/7131,queued,wsc-2015-sao-paulo,
WSC2015,TD,41,Health and Social Care,,und,WSC2015_TD41,0,,WSC2015/TD/41/und/WSC2015_TD41,https://api.worldskills.org/resources/download/6254,queued,wsc-2015-sao-paulo,
WSC2015,TD,41,Health and Social Care,,und,WSC2015_TD41_skill_specific_rules,0,,WSC2015/TD/41/und/WSC2015_TD41_skill_specific_rules,https://api.worldskills.org/resources/download/7050,queued,wsc-2015-sao-paulo,
WSC2015,TD,42,Construction Metal Work,,und,WSC2015_TD42,0,,WSC2015/TD/42/und/WSC2015_TD42,https://api.worldskills.org/resources/download/6239,queued,wsc-2015-sao-paulo,
WSC2015,TD,42,Construction Metal Work,,und,WSC2015_TD42_skill_specific_rules,0,,WSC2015/TD/42/und/WSC2015_TD42_skill_specific_rules,https://api.worldskills.org/resources/download/6988,queued,wsc-2015-sao-paulo,
WSC2015,TD,43,Plastic Die Engineering,,und,WSC2015_TD43,0,,WSC2015/TD/43/und/WSC2015_TD43,https://api.worldskills.org/resources/download/6247,queued,wsc-2015-sao-paulo,
WSC2015,TD,43,Plastic Die Engineering,,und,WSC2015_TD43_skill_specific_rules,0,,WSC2015/TD/43/und/WSC2015_TD43_skill_specific_rules,https://api.worldskills.org/resources/download/7048,queued,wsc-2015-sao-paulo,
WSC2015,TD,44,Visual Merchandising and Window Dressing,,und,WSC2015_TD44,0,,WSC2015/TD/44/und/WSC2015_TD44,https://api.worldskills.org/resources/download/6231,queued,wsc-2015-sao-paulo,
WSC2015,TD,44,Visual Merchandising and Window Dressing,,und,WSC2015_TD44_skill_specific_rules,0,,WSC2015/TD/44/und/WSC2015_TD44_skill_specific_rules,https://api.worldskills.org/resources/download/7046,queued,wsc-2015-sao-paulo,
WSC2015,TD,45,Prototype Modelling,,und,WSC2015_TD45,0,,WSC2015/TD/45/und/WSC2015_TD45,https://api.worldskills.org/resources/download/6249,queued,wsc-2015-sao-paulo,
WSC2015,TD,45,Prototype Modelling,,und,WSC2015_TD45_skill_specific_rules,0,,WSC2015/TD/45/und/WSC2015_TD45_skill_specific_rules,https://api.worldskills.org/resources/download/7043,queued,wsc-2015-sao-paulo,
WSC2015,TD,46,Sheet Metal Technology,,und,WSC2015_TD46,0,,WSC2015/TD/46/und/WSC2015_TD46,https://api.worldskills.org/resources/download/6480,queued,wsc-2015-sao-paulo,
WSC2015,TD,46,Sheet Metal Technology,,und,WSC2015_TD46_skill_specific_rules,0,,WSC2015/TD/46/und/WSC2015_TD46_skill_specific_rules,https://api.worldskills.org/resources/download/7146,queued,wsc-2015-sao-paulo,
WSC2015,TD,D1,Concrete Construction Work,,und,WSC2015_TDD1,0,,WSC2015/TD/D1/und/WSC2015_TDD1,https://api.worldskills.org/resources/download/6218,queued,wsc-2015-sao-paulo,
WSC2015,TD,D2,Bakery,,en,WSC2015_TDD2_EN,0,,WSC2015/TD/D2/en/WSC2015_TDD2_EN,https://api.worldskills.org/resources/download/6488,queued,wsc-2015-sao-paulo,
WSC2015,TD,D2,Bakery,,und,WSC2015_TDD2_skill_specific_rules,0,,WSC2015/TD/D2/und/WSC2015_TDD2_skill_specific_rules,https://api.worldskills.org/resources/download/6927,queued,wsc-2015-sao-paulo,
WSC2015,TD,D3,Industrial Mechanics Millwright,,und,WSC2015_TDD3,0,,WSC2015/TD/D3/und/WSC2015_TDD3,https://api.worldskills.org/resources/download/6242,queued,wsc-2015-sao-paulo,
WSC2015,TD,D3,Industrial Mechanics Millwright,,und,WSC2015_TDD3_skill_specific_rules,0,,WSC2015/TD/D3/und/WSC2015_TDD3_skill_specific_rules,https://api.worldskills.org/resources/download/6924,queued,wsc-2015-sao-paulo,
WSC2015,TD,D4,Heavy Vehicle Maintenance,,und,WSC2015 TDD4,0,,WSC2015/TD/D4/und/WSC2015 TDD4,https://api.worldskills.org/resources/download/6496,queued,wsc-2015-sao-paulo,
WSC2015,TD,D4,Heavy Vehicle Maintenance,,und,WSC2015_TDD4_skill_specific_rules,0,,WSC2015/TD/D4/und/WSC2015_TDD4_skill_specific_rules,https://api.worldskills.org/resources/download/7147,queued,wsc-2015-sao-paulo,
WSC2015,TD,P,,,und,WSC2015 TDPD1,0,,WSC2015/TD/P/und/WSC2015 TDPD1,https://api.worldskills.org/resources/download/1350,queued,wsc-2015-sao-paulo,
WSC2015,TD,P,,,und,WSC2015 TDPD3,0,,WSC2015/TD/P/und/WSC2015 TDPD3,https://api.worldskills.org/resources/download/1351,queued,wsc-2015-sao-paulo,
WSC2015,TD,xx,,,und,documents.json,0,,WSC2015/TD/xx/und/documents.json,https://api.worldskills.org/skillman/documents/events/10,forbidden,wsc-2015-sao-paulo,
WSC2015,TP,01,Polymechanics and Automation,actual,und,WSC2015_TP01_actual,0,,WSC2015/TP/01/actual/und/WSC2015_TP01_actual,https://api.worldskills.org/resources/download/7244,queued,wsc-2015-sao-paulo,
WSC2015,TP,02,Information Network Cabling,pre,und,WSC2015_TP02,0,,WSC2015/TP/02/pre/und/WSC2015_TP02,https://api.worldskills.org/resources/download/6814,queued,wsc-2015-sao-paulo,
WSC2015,TP,02,Information Network Cabling,actual,und,WSC2015_TP02_actual,0,,WSC2015/TP/02/actual/und/WSC2015_TP02_actual,https://api.worldskills.org/resources/download/7245,queued,wsc-2015-sao-paulo,
WSC2015,TP,03,Manufacturing Team Challenge,pre,und,WSC2015_TP03,0,,WSC2015/TP/03/pre/und/WSC2015_TP03,https://api.worldskills.org/resources/download/6606,queued,wsc-2015-sao-paulo,
WSC2015,TP,03,Manufacturing Team Challenge,actual,und,WSC2015_TP03_actual,0,,WSC2015/TP/03/actual/und/WSC2015_TP03_actual,https://api.worldskills.org/resources/download/7291,queued,wsc-2015-sao-paulo,
WSC2015,TP,04,Mechatronics,actual,und,WSC2015_TP04_actual,0,,WSC2015/TP/04/actual/und/WSC2015_TP04_actual,https://api.worldskills.org/resources/download/7290,queued,wsc-2015-sao-paulo,
WSC2015,TP,05,Mechanical Engineering Design - CAD,actual,und,WSC2015_TP05_actual,0,,WSC2015/TP/05/actual/und/WSC2015_TP05_actual,https://api.worldskills.org/resources/download/7289,queued,wsc-2015-sao-paulo,
WSC2015,TP,06,CNC Turning,actual,und,WSC2015_TP06_actual,0,,WSC2015/TP/06/actual/und/WSC2015_TP06_actual,https://api.worldskills.org/resources/download/7288,queued,wsc-2015-sao-paulo,
WSC2015,TP,07,CNC Milling,actual,und,WSC2015_TP07_actual,0,,WSC2015/TP/07/actual/und/WSC2015_TP07_actual,https://api.worldskills.org/resources/download/7292,queued,wsc-2015-sao-paulo,
WSC2015,TP,08,Architectural Stonemasonry,pre,und,WSC2015_TP08,0,,WSC2015/TP/08/pre/und/WSC2015_TP08,https://api.worldskills.org/resources/download/6807,queued,wsc-2015-sao-paulo,
WSC2015,TP,08,Architectural Stonemasonry,actual,und,WSC2015_TP08_actual,0,,WSC2015/TP/08/actual/und/WSC2015_TP08_actual,https://api.worldskills.org/resources/download/7246,queued,wsc-2015-sao-paulo,
WSC2015,TP,09,IT Software Solutions for Business,actual,und,WSC2015_TP09_actual,0,,WSC2015/TP/09/actual/und/WSC2015_TP09_actual,https://api.worldskills.org/resources/download/7247,queued,wsc-2015-sao-paulo,
WSC2015,TP,10,Welding,pre,und,WSC2015 TP10 Pre,0,,WSC2015/TP/10/pre/und/WSC2015 TP10 Pre,https://api.worldskills.org/resources/download/1640,queued,wsc-2015-sao-paulo,
WSC2015,TP,10,Welding,actual,und,WSC2015_TP10_actual,0,,WSC2015/TP/10/actual/und/WSC2015_TP10_actual,https://api.worldskills.org/resources/download/7287,queued,wsc-2015-sao-paulo,
WSC2015,TP,11,Print Media Technology,actual,und,WSC2015_TP11_actual,0,,WSC2015/TP/11/actual/und/WSC2015_TP11_actual,https://api.worldskills.org/resources/download/7286,queued,wsc-2015-sao-paulo,
WSC2015,TP,12,Wall and Floor Tiling,pre,und,WSC2015_TP12,0,,WSC2015/TP/12/pre/und/WSC2015_TP12,https://api.worldskills.org/resources/download/6823,queued,wsc-2015-sao-paulo,
WSC2015,TP,12,Wall and Floor Tiling,actual,und,WSC2015_TP12_actual,0,,WSC2015/TP/12/actual/und/WSC2015_TP12_actual,https://api.worldskills.org/resources/download/7248,queued,wsc-2015-sao-paulo,
WSC2015,TP,13,Autobody Repair,pre,und,WSC2015_TP13,0,,WSC2015/TP/13/pre/und/WSC2015_TP13,https://api.worldskills.org/resources/download/6818,queued,wsc-2015-sao-paulo,
WSC2015,TP,13,Autobody Repair,actual,und,WSC2015_TP13_actual,0,,WSC2015/TP/13/actual/und/WSC2015_TP13_actual,https://api.worldskills.org/resources/download/7595,queued,wsc-2015-sao-paulo,
WSC2015,TP,14,Aircraft Maintenance,pre,und,WSC2015_TP14,0,,WSC2015/TP/14/pre/und/WSC2015_TP14,https://api.worldskills.org/resources/download/1635,queued,wsc-2015-sao-paulo,
WSC2015,TP,14,Aircraft Maintenance,actual,und,WSC2015_TP14_actual,0,,WSC2015/TP/14/actual/und/WSC2015_TP14_actual,https://api.worldskills.org/resources/download/7249,queued,wsc-2015-sao-paulo,
WSC2015,TP,15,Plumbing and Heating,pre,und,WSC2015_TP15,0,,WSC2015/TP/15/pre/und/WSC2015_TP15,https://api.worldskills.org/resources/download/6809,queued,wsc-2015-sao-paulo,
WSC2015,TP,15,Plumbing and Heating,actual,und,WSC2015_TP15_actual,0,,WSC2015/TP/15/actual/und/WSC2015_TP15_actual,https://api.worldskills.org/resources/download/7250,queued,wsc-2015-sao-paulo,
WSC2015,TP,16,Electronics,actual,und,WSC2015_TP16_actual,0,,WSC2015/TP/16/actual/und/WSC2015_TP16_actual,https://api.worldskills.org/resources/download/7251,queued,wsc-2015-sao-paulo,
WSC2015,TP,17,Web Design,pre,und,WSC2015_TP17,0,,WSC2015/TP/17/pre/und/WSC2015_TP17,https://api.worldskills.org/resources/download/6808,queued,wsc-2015-sao-paulo,
WSC2015,TP,17,Web Design,actual,und,WSC2015_TP17_actual,0,,WSC2015/TP/17/actual/und/WSC2015_TP17_actual,https://api.worldskills.org/resources/download/7252,queued,wsc-2015-sao-paulo,
WSC2015,TP,18,Electrical Installations,pre,und,WSC2015_TP18,0,,WSC2015/TP/18/pre/und/WSC2015_TP18,https://api.worldskills.org/resources/download/6660,queued,wsc-2015-sao-paulo,
WSC2015,TP,18,Electrical Installations,actual,und,WSC2015_TP18_actual,0,,WSC2015/TP/18/actual/und/WSC2015_TP18_actual,https://api.worldskills.org/resources/download/7253,queued,wsc-2015-sao-paulo,
WSC2015,TP,19,Industrial Control,pre,und,WSC2015_TP19,0,,WSC2015/TP/19/pre/und/WSC2015_TP19,https://api.worldskills.org/resources/download/6802,queued,wsc-2015-sao-paulo,
WSC2015,TP,19,Industrial Control,actual,und,WSC2015_TP19_actual,0,,WSC2015/TP/19/actual/und/WSC2015_TP19_actual,https://api.worldskills.org/resources/download/7254,queued,wsc-2015-sao-paulo,
WSC2015,TP,20,Bricklaying,pre,und,WSC2015 TP20 Pre,0,,WSC2015/TP/20/pre/und/WSC2015 TP20 Pre,https://api.worldskills.org/resources/download/1641,queued,wsc-2015-sao-paulo,
WSC2015,TP,20,Bricklaying,actual,und,WSC2015_TP20_actual,0,,WSC2015/TP/20/actual/und/WSC2015_TP20_actual,https://api.worldskills.org/resources/download/7255,queued,wsc-2015-sao-paulo,
WSC2015,TP,21,Plastering and Drywall Systems,pre,und,WSC2015 TP21 pre,0,,WSC2015/TP/21/pre/und/WSC2015 TP21 pre,https://api.worldskills.org/resources/download/6914,queued,wsc-2015-sao-paulo,
WSC2015,TP,21,Plastering and Drywall Systems,actual,und,WSC2015_TP21_actual,0,,WSC2015/TP/21/actual/und/WSC2015_TP21_actual,https://api.worldskills.org/resources/download/7256,queued,wsc-2015-sao-paulo,
WSC2015,TP,22,Painting and Decorating,,und,WSC2015_TP22,0,,WSC2015/TP/22/und/WSC2015_TP22,https://api.worldskills.org/resources/download/6403,queued,wsc-2015-sao-paulo,
WSC2015,TP,22,Painting and Decorating,actual,und,WSC2015_TP22_actual,0,,WSC2015/TP/22/actual/und/WSC2015_TP22_actual,https://api.worldskills.org/resources/download/7257,queued,wsc-2015-sao-paulo,
WSC2015,TP,23,Mobile Robotics,pre,und,WSC2015_TP23,0,,WSC2015/TP/23/pre/und/WSC2015_TP23,https://api.worldskills.org/resources/download/6362,queued,wsc-2015-sao-paulo,
WSC2015,TP,23,Mobile Robotics,actual,und,WSC2015_TP23_actual,0,,WSC2015/TP/23/actual/und/WSC2015_TP23_actual,https://api.worldskills.org/resources/download/7258,queued,wsc-2015-sao-paulo,
WSC2015,TP,24,Cabinetmaking,actual,und,WSC2015_TP24_actual,0,,WSC2015/TP/24/actual/und/WSC2015_TP24_actual,https://api.worldskills.org/resources/download/7259,queued,wsc-2015-sao-paulo,
WSC2015,TP,24,Cabinetmaking,pre,und,WSC2015_TP24_pre,0,,WSC2015/TP/24/pre/und/WSC2015_TP24_pre,https://api.worldskills.org/resources/download/6769,queued,wsc-2015-sao-paulo,
WSC2015,TP,25,Joinery,pre,und,WSC2015 TP25 Pre,0,,WSC2015/TP/25/pre/und/WSC2015 TP25 Pre,https://api.worldskills.org/resources/download/6825,queued,wsc-2015-sao-paulo,
WSC2015,TP,25,Joinery,actual,und,WSC2015_TP25_actual,0,,WSC2015/TP/25/actual/und/WSC2015_TP25_actual,https://api.worldskills.org/resources/download/7404,queued,wsc-2015-sao-paulo,
WSC2015,TP,26,Carpentry,pre,und,WSC2015 TP26,0,,WSC2015/TP/26/pre/und/WSC2015 TP26,https://api.worldskills.org/resources/download/6918,queued,wsc-2015-sao-paulo,
WSC2015,TP,26,Carpentry,actual,und,WSC2015_TP26_actual,0,,WSC2015/TP/26/actual/und/WSC2015_TP26_actual,https://api.worldskills.org/resources/download/7260,queued,wsc-2015-sao-paulo,
WSC2015,TP,27,Jewellery,pre,und,WSC2015 TP27 pre,0,,WSC2015/TP/27/pre/und/WSC2015 TP27 pre,https://api.worldskills.org/resources/download/7052,queued,wsc-2015-sao-paulo,
WSC2015,TP,27,Jewellery,actual,und,WSC2015_TP27_actual,0,,WSC2015/TP/27/actual/und/WSC2015_TP27_actual,https://api.worldskills.org/resources/download/7596,queued,wsc-2015-sao-paulo,
WSC2015,TP,28,Floristry,actual,und,WSC2015_TP28_actual,0,,WSC2015/TP/28/actual/und/WSC2015_TP28_actual,https://api.worldskills.org/resources/download/7261,queued,wsc-2015-sao-paulo,
WSC2015,TP,29,Hairdressing,pre,und,WSC2015_TP29,0,,WSC2015/TP/29/pre/und/WSC2015_TP29,https://api.worldskills.org/resources/download/1634,queued,wsc-2015-sao-paulo,
WSC2015,TP,29,Hairdressing,actual,und,WSC2015_TP29_actual,0,,WSC2015/TP/29/actual/und/WSC2015_TP29_actual,https://api.worldskills.org/resources/download/7262,queued,wsc-2015-sao-paulo,
WSC2015,TP,30,Beauty Therapy,pre,und,WSC2015_TP30,0,,WSC2015/TP/30/pre/und/WSC2015_TP30,https://api.worldskills.org/resources/download/1637,queued,wsc-2015-sao-paulo,
WSC2015,TP,30,Beauty Therapy,actual,und,WSC2015_TP30_actual,0,,WSC2015/TP/30/actual/und/WSC2015_TP30_actual,https://api.worldskills.org/resources/download/7263,queued,wsc-2015-sao-paulo,
WSC2015,TP,31,Fashion Technology,pre,und,WSC2015 TP31,0,,WSC2015/TP/31/pre/und/WSC2015 TP31,https://api.worldskills.org/resources/download/6581,queued,wsc-2015-sao-paulo,
WSC2015,TP,31,Fashion Technology,actual,und,WSC2015_TP31_actual,0,,WSC2015/TP/31/actual/und/WSC2015_TP31_actual,https://api.worldskills.org/resources/download/7293,queued,wsc-2015-sao-paulo,
WSC2015,TP,32,Pâtisserie and Confectionery,pre,und,WSC2015_TP32,0,,WSC2015/TP/32/pre/und/WSC2015_TP32,https://api.worldskills.org/resources/download/1638,queued,wsc-2015-sao-paulo,
WSC2015,TP,32,Pâtisserie and Confectionery,actual,und,WSC2015_TP32_actual,0,,WSC2015/TP/32/actual/und/WSC2015_TP32_actual,https://api.worldskills.org/resources/download/7264,queued,wsc-2015-sao-paulo,
WSC2015,TP,33,Automobile Technology,actual,und,WSC2015_TP33_actual,0,,WSC2015/TP/33/actual/und/WSC2015_TP33_actual,https://api.worldskills.org/resources/download/7403,queued,wsc-2015-sao-paulo,
WSC2015,TP,34,Cooking,pre,und,WSC2015_TP34,0,,WSC2015/TP/34/pre/und/WSC2015_TP34,https://api.worldskills.org/resources/download/1636,queued,wsc-2015-sao-paulo,
WSC2015,TP,34,Cooking,actual,und,WSC2015_TP34_actual,0,,WSC2015/TP/34/actual/und/WSC2015_TP34_actual,https://api.worldskills.org/resources/download/7265,queued,wsc-2015-sao-paulo,
WSC2015,TP,35,Restaurant Service,pre,und,WSC2015_TP35,0,,WSC2015/TP/35/pre/und/WSC2015_TP35,https://api.worldskills.org/resources/download/1639,queued,wsc-2015-sao-paulo,
WSC2015,TP,35,Restaurant Service,actual,und,WSC2015_TP35_actual,0,,WSC2015/TP/35/actual/und/WSC2015_TP35_actual,https://api.worldskills.org/resources/download/7266,queued,wsc-2015-sao-paulo,
WSC2015,TP,36,Car Painting,pre,und,WSC2015_TP36,0,,WSC2015/TP/36/pre/und/WSC2015_TP36,https://api.worldskills.org/resources/download/6778,queued,wsc-2015-sao-paulo,
WSC2015,TP,36,Car Painting,actual,und,WSC2015_TP36_actual,0,,WSC2015/TP/36/actual/und/WSC2015_TP36_actual,https://api.worldskills.org/resources/download/7267,queued,wsc-2015-sao-paulo,
WSC2015,TP,37,Landscape Gardening,pre,und,WSC2015_TP37,0,,WSC2015/TP/37/pre/und/WSC2015_TP37,https://api.worldskills.org/resources/download/6804,queued,wsc-2015-sao-paulo,
WSC2015,TP,37,Landscape Gardening,actual,und,WSC2015_TP37_actual,0,,WSC2015/TP/37/actual/und/WSC2015_TP37_actual,https://api.worldskills.org/resources/download/7268,queued,wsc-2015-sao-paulo,
WSC2015,TP,38,Refrigeration and Air Conditioning,pre,und,WSC2015_TP38,0,,WSC2015/TP/38/pre/und/WSC2015_TP38,https://api.worldskills.org/resources/download/6665,queued,wsc-2015-sao-paulo,
WSC2015,TP,38,Refrigeration and Air Conditioning,actual,und,WSC2015_TP38_actual,0,,WSC2015/TP/38/actual/und/WSC2015_TP38_actual,https://api.worldskills.org/resources/download/7269,queued,wsc-2015-sao-paulo,
WSC2015,TP,39,IT Network Systems Administration,pre,und,WSC2015_TP39,0,,WSC2015/TP/39/pre/und/WSC2015_TP39,https://api.worldskills.org/resources/download/6813,queued,wsc-2015-sao-paulo,
WSC2015,TP,39,IT Network Systems Administration,actual,und,WSC2015_TP39_actual,0,,WSC2015/TP/39/actual/und/WSC2015_TP39_actual,https://api.worldskills.org/resources/download/7270,queued,wsc-2015-sao-paulo,
WSC2015,TP,40,Graphic Design Technology,actual,und,WSC2015_TP40_actual,0,,WSC2015/TP/40/actual/und/WSC2015_TP40_actual,https://api.worldskills.org/resources/download/7271,queued,wsc-2015-sao-paulo,
WSC2015,TP,41,Health and Social Care,pre,und,WSC2015_TP41,0,,WSC2015/TP/41/pre/und/WSC2015_TP41,https://api.worldskills.org/resources/download/6805,queued,wsc-2015-sao-paulo,
WSC2015,TP,41,Health and Social Care,actual,und,WSC2015_TP41_actual,0,,WSC2015/TP/41/actual/und/WSC2015_TP41_actual,https://api.worldskills.org/resources/download/7272,queued,wsc-2015-sao-paulo,
WSC2015,TP,42,Construction Metal Work,actual,und,WSC2015_TP42_actual,0,,WSC2015/TP/42/actual/und/WSC2015_TP42_actual,https://api.worldskills.org/resources/download/7273,queued,wsc-2015-sao-paulo,
WSC2015,TP,43,Plastic Die Engineering,pre,und,WSC2015_TP43,0,,WSC2015/TP/43/pre/und/WSC2015_TP43,https://api.worldskills.org/resources/download/6662,queued,wsc-2015-sao-paulo,
WSC2015,TP,43,Plastic Die Engineering,actual,und,WSC2015_TP43_actual,0,,WSC2015/TP/43/actual/und/WSC2015_TP43_actual,https://api.worldskills.org/resources/download/7274,queued,wsc-2015-sao-paulo,
WSC2015,TP,44,Visual Merchandising and Window Dressing,pre,und,WSC2015_TP44,0,,WSC2015/TP/44/pre/und/WSC2015_TP44,https://api.worldskills.org/resources/download/6590,queued,wsc-2015-sao-paulo,
WSC2015,TP,44,Visual Merchandising and Window Dressing,actual,und,WSC2015_TP44_actual,0,,WSC2015/TP/44/actual/und/WSC2015_TP44_actual,https://api.worldskills.org/resources/download/7275,queued,wsc-2015-sao-paulo,
WSC2015,TP,45,Prototype Modelling,actual,und,WSC2015_TP45_actual,0,,WSC2015/TP/45/actual/und/WSC2015_TP45_actual,https://api.worldskills.org/resources/download/7281,queued,wsc-2015-sao-paulo,
WSC2015,TP,46,Sheet Metal Technology,pre,und,WSC2015_TP46,0,,WSC2015/TP/46/pre/und/WSC2015_TP46,https://api.worldskills.org/resources/download/6589,queued,wsc-2015-sao-paulo,
WSC2015,TP,46,Sheet Metal Technology,actual,und,WSC2015_TP46_actual,0,,WSC2015/TP/46/actual/und/WSC2015_TP46_actual,https://api.worldskills.org/resources/download/7604,queued,wsc-2015-sao-paulo,
WSC2015,TP,D1,Concrete Construction Work,pre,und,WSC2015_TPD1,0,,WSC2015/TP/D1/pre/und/WSC2015_TPD1,https://api.worldskills.org/resources/download/6661,queued,wsc-2015-sao-paulo,
WSC2015,TP,D1,Concrete Construction Work,actual,und,WSC2015_TPD1_actual,0,,WSC2015/TP/D1/actual/und/WSC2015_TPD1_actual,https://api.worldskills.org/resources/download/7282,queued,wsc-2015-sao-paulo,
WSC2015,TP,D2,Bakery,pre,und,WSC2015_TPD2,0,,WSC2015/TP/D2/pre/und/WSC2015_TPD2,https://api.worldskills.org/resources/download/6815,queued,wsc-2015-sao-paulo,
WSC2015,TP,D2,Bakery,actual,und,WSC2015_TPD2_actual,0,,WSC2015/TP/D2/actual/und/WSC2015_TPD2_actual,https://api.worldskills.org/resources/download/7283,queued,wsc-2015-sao-paulo,
WSC2015,TP,D3,Industrial Mechanics Millwright,pre,und,WSC2015_TPD3,0,,WSC2015/TP/D3/pre/und/WSC2015_TPD3,https://api.worldskills.org/resources/download/6806,queued,wsc-2015-sao-paulo,
WSC2015,TP,D3,Industrial Mechanics Millwright,actual,und,WSC2015_TPD3_actual,0,,WSC2015/TP/D3/actual/und/WSC2015_TPD3_actual,https://api.worldskills.org/resources/download/7284,queued,wsc-2015-sao-paulo,
WSC2015,TP,D4,Heavy Vehicle Maintenance,pre,und,WSC2015_TPD4,0,,WSC2015/TP/D4/pre/und/WSC2015_TPD4,https://api.worldskills.org/resources/download/6824,queued,wsc-2015-sao-paulo,
WSC2015,TP,D4,Heavy Vehicle Maintenance,actual,und,WSC2015_TPD4_actual,0,,WSC2015/TP/D4/actual/und/WSC2015_TPD4_actual,https://api.worldskills.org/resources/download/7285,queued,wsc-2015-sao-paulo,
WSC2017,DOC,xx,,,und,WSC2017_OR_Albert_Vidal_Award,0,,WSC2017/DOC/xx/und/WSC2017_OR_Albert_Vidal_Award,https://api.worldskills.org/resources/download/8738,queued,wsc-2017-abu-dhabi,
WSC2017,DOC,xx,,,und,WSC2017_OR_Best_of_Nation,0,,WSC2017/DOC/xx/und/WSC2017_OR_Best_of_Nation,https://api.worldskills.org/resources/download/8745,queued,wsc-2017-abu-dhabi,
WSC2017,DOC,xx,,,und,WSC2017_OR_Member_Comparison_by_Average_Medal_Points,0,,WSC2017/DOC/xx/und/WSC2017_OR_Member_Comparison_by_Average_Medal_Points,https://api.worldskills.org/resources/download/8740,queued,wsc-2017-abu-dhabi,
WSC2017,DOC,xx,,,und,WSC2017_OR_Member_Comparison_by_Average_Point_Score,0,,WSC2017/DOC/xx/und/WSC2017_OR_Member_Comparison_by_Average_Point_Score,https://api.worldskills.org/resources/download/8741,queued,wsc-2017-abu-dhabi,
WSC2017,DOC,xx,,,und,WSC2017_OR_Member_Comparison_by_Member,0,,WSC2017/DOC/xx/und/WSC2017_OR_Member_Comparison_by_Member,https://api.worldskills.org/resources/download/8742,queued,wsc-2017-abu-dhabi,
WSC2017,DOC,xx,,,und,WSC2017_OR_Member_Comparison_by_Total_Medal_Points,0,,WSC2017/DOC/xx/und/WSC2017_OR_Member_Comparison_by_Total_Medal_Points,https://api.worldskills.org/resources/download/8743,queued,wsc-2017-abu-dhabi,
WSC2017,DOC,xx,,,und,WSC2017_OR_Member_Comparison_by_Total_Point_Score,0,,WSC2017/DOC/xx/und/WSC2017_OR_Member_Comparison_by_Total_Point_Score,https://api.worldskills.org/resources/download/8744,queued,wsc-2017-abu-dhabi,
WSC2017,DOC,xx,,,und,WSC2017_OR_all_skills_WorldSkills_Scale,0,,WSC2017/DOC/xx/und/WSC2017_OR_all_skills_WorldSkills_Scale,https://api.worldskills.org/resources/download/8739,queued,wsc-2017-abu-dhabi,
WSC2017,IL,01,Polymechanics and Automation,,und,WSC2017_IL01,0,,WSC2017/IL/01/und/WSC2017_IL01,https://api.worldskills.org/resources/download/9096,queued,wsc-2017-abu-dhabi,
WSC2017,IL,01,Polymechanics and Automation,,und,WSC2017_IL01.xlsx,0,,WSC2017/IL/01/und/WSC2017_IL01.xlsx,https://api.worldskills.org/il/reports/requested/lists/316/1?s=xlsx,queued,wsc-2017-abu-dhabi,
WSC2017,IL,02,Information Network Cabling,,und,WSC2017_IL02,0,,WSC2017/IL/02/und/WSC2017_IL02,https://api.worldskills.org/resources/download/9097,queued,wsc-2017-abu-dhabi,
WSC2017,IL,02,Information Network Cabling,,und,WSC2017_IL02.xlsx,0,,WSC2017/IL/02/und/WSC2017_IL02.xlsx,https://api.worldskills.org/il/reports/requested/lists/316/2?s=xlsx,queued,wsc-2017-abu-dhabi,
WSC2017,IL,03,Manufacturing Team Challenge,,und,WSC2017_IL03,0,,WSC2017/IL/03/und/WSC2017_IL03,https://api.worldskills.org/resources/download/9098,queued,wsc-2017-abu-dhabi,
WSC2017,IL,03,Manufacturing Team Challenge,,und,WSC2017_IL03.xlsx,0,,WSC2017/IL/03/und/WSC2017_IL03.xlsx,https://api.worldskills.org/il/reports/requested/lists/316/3?s=xlsx,queued,wsc-2017-abu-dhabi,
WSC2017,IL,04,Mechatronics,,und,WSC2017_IL04,0,,WSC2017/IL/04/und/WSC2017_IL04,https://api.worldskills.org/resources/download/9099,queued,wsc-2017-abu-dhabi,
WSC2017,IL,04,Mechatronics,,und,WSC2017_IL04.xlsx,0,,WSC2017/IL/04/und/WSC2017_IL04.xlsx,https://api.worldskills.org/il/reports/requested/lists/316/4?s=xlsx,queued,wsc-2017-abu-dhabi,
WSC2017,IL,05,Mechanical Engineering CAD,,und,WSC2017_IL05,0,,WSC2017/IL/05/und/WSC2017_IL05,https://api.worldskills.org/resources/download/9100,queued,wsc-2017-abu-dhabi,
WSC2017,IL,05,Mechanical Engineering CAD,,und,WSC2017_IL05.xlsx,0,,WSC2017/IL/05/und/WSC2017_IL05.xlsx,https://api.worldskills.org/il/reports/requested/lists/316/5?s=xlsx,queued,wsc-2017-abu-dhabi,
WSC2017,IL,06,CNC Turning,,und,WSC2017_IL06,0,,WSC2017/IL/06/und/WSC2017_IL06,https://api.worldskills.org/resources/download/9101,queued,wsc-2017-abu-dhabi,
WSC2017,IL,06,CNC Turning,,und,WSC2017_IL06.xlsx,0,,WSC2017/IL/06/und/WSC2017_IL06.xlsx,https://api.worldskills.org/il/reports/requested/lists/316/6?s=xlsx,queued,wsc-2017-abu-dhabi,
WSC2017,IL,07,CNC Milling,,und,WSC2017_IL07,0,,WSC2017/IL/07/und/WSC2017_IL07,https://api.worldskills.org/resources/download/9102,queued,wsc-2017-abu-dhabi,
WSC2017,IL,07,CNC Milling,,und,WSC2017_IL07.xlsx,0,,WSC2017/IL/07/und/WSC2017_IL07.xlsx,https://api.worldskills.org/il/reports/requested/lists/316/7?s=xlsx,queued,wsc-2017-abu-dhabi,
WSC2017,IL,08,Architectural Stonemasonry,,und,WSC2017_IL08,0,,WSC2017/IL/08/und/WSC2017_IL08,https://api.worldskills.org/resources/download/9103,queued,wsc-2017-abu-dhabi,
WSC2017,IL,08,Architectural Stonemasonry,,und,WSC2017_IL08.xlsx,0,,WSC2017/IL/08/und/WSC2017_IL08.xlsx,https://api.worldskills.org/il/reports/requested/lists/316/8?s=xlsx,queued,wsc-2017-abu-dhabi,
WSC2017,IL,09,IT Software Solutions for Business,,und,WSC2017_IL09,0,,WSC2017/IL/09/und/WSC2017_IL09,https://api.worldskills.org/resources/download/9104,queued,wsc-2017-abu-dhabi,
WSC2017,IL,09,IT Software Solutions for Business,,und,WSC2017_IL09.xlsx,0,,WSC2017/IL/09/und/WSC2017_IL09.xlsx,https://api.worldskills.org/il/reports/requested/lists/316/9?s=xlsx,queued,wsc-2017-abu-dhabi,
WSC2017,IL,10,Welding,,und,WSC2017_IL10,0,,WSC2017/IL/10/und/WSC2017_IL10,https://api.worldskills.org/resources/download/9105,queued,wsc-2017-abu-dhabi,
WSC2017,IL,10,Welding,,und,WSC2017_IL10.xlsx,0,,WSC2017/IL/10/und/WSC2017_IL10.xlsx,https://api.worldskills.org/il/reports/requested/lists/316/10?s=xlsx,queued,wsc-2017-abu-dhabi,
WSC2017,IL,11,Print Media Technology,,und,WSC2017_IL11,0,,WSC2017/IL/11/und/WSC2017_IL11,https://api.worldskills.org/resources/download/9106,queued,wsc-2017-abu-dhabi,
WSC2017,IL,11,Print Media Technology,,und,WSC2017_IL11.xlsx,0,,WSC2017/IL/11/und/WSC2017_IL11.xlsx,https://api.worldskills.org/il/reports/requested/lists/316/11?s=xlsx,queued,wsc-2017-abu-dhabi,
WSC2017,IL,12,Wall and Floor Tiling,,und,WSC2017_IL12,0,,WSC2017/IL/12/und/WSC2017_IL12,https://api.worldskills.org/resources/download/9107,queued,wsc-2017-abu-dhabi,
WSC2017,IL,12,Wall and Floor Tiling,,und,WSC2017_IL12.xlsx,0,,WSC2017/IL/12/und/WSC2017_IL12.xlsx,https://api.worldskills.org/il/reports/requested/lists/316/12?s=xlsx,queued,wsc-2017-abu-dhabi,
WSC2017,IL,13,Autobody Repair,,und,WSC2017_IL13,0,,WSC2017/IL/13/und/WSC2017_IL13,https://api.worldskills.org/resources/download/9108,queued,wsc-2017-abu-dhabi,
WSC2017,IL,13,Autobody Repair,,und,WSC2017_IL13.xlsx,0,,WSC2017/IL/13/und/WSC2017_IL13.xlsx,https://api.worldskills.org/il/reports/requested/lists/316/13?s=xlsx,queued,wsc-2017-abu-dhabi,
WSC2017,IL,14,Aircraft Maintenance,,und,WSC2017_IL14,0,,WSC2017/IL/14/und/WSC2017_IL14,https://api.worldskills.org/resources/download/9109,queued,wsc-2017-abu-dhabi,
WSC2017,IL,14,Aircraft Maintenance,,und,WSC2017_IL14.xlsx,0,,WSC2017/IL/14/und/WSC2017_IL14.xlsx,https://api.worldskills.org/il/reports/requested/lists/316/14?s=xlsx,queued,wsc-2017-abu-dhabi,
WSC2017,IL,15,Plumbing and Heating,,und,WSC2017_IL15,0,,WSC2017/IL/15/und/WSC2017_IL15,https://api.worldskills.org/resources/download/9110,queued,wsc-2017-abu-dhabi,
WSC2017,IL,15,Plumbing and Heating,,und,WSC2017_IL15.xlsx,0,,WSC2017/IL/15/und/WSC2017_IL15.xlsx,https://api.worldskills.org/il/reports/requested/lists/316/15?s=xlsx,queued,wsc-2017-abu-dhabi,
WSC2017,IL,16,Electronics,,und,WSC2017_IL16,0,,WSC2017/IL/16/und/WSC2017_IL16,https://api.worldskills.org/resources/download/9111,queued,wsc-2017-abu-dhabi,
WSC2017,IL,16,Electronics,,und,WSC2017_IL16.xlsx,0,,WSC2017/IL/16/und/WSC2017_IL16.xlsx,https://api.worldskills.org/il/reports/requested/lists/316/16?s=xlsx,queued,wsc-2017-abu-dhabi,
WSC2017,IL,17,Web Design and Development,,und,WSC2017_IL17,0,,WSC2017/IL/17/und/WSC2017_IL17,https://api.worldskills.org/resources/download/9112,queued,wsc-2017-abu-dhabi,
WSC2017,IL,17,Web Design and Development,,und,WSC2017_IL17.xlsx,0,,WSC2017/IL/17/und/WSC2017_IL17.xlsx,https://api.worldskills.org/il/reports/requested/lists/316/17?s=xlsx,queued,wsc-2017-abu-dhabi,
WSC2017,IL,18,Electrical Installations,,und,WSC2017_IL18,0,,WSC2017/IL/18/und/WSC2017_IL18,https://api.worldskills.org/resources/download/9113,queued,wsc-2017-abu-dhabi,
WSC2017,IL,18,Electrical Installations,,und,WSC2017_IL18.xlsx,0,,WSC2017/IL/18/und/WSC2017_IL18.xlsx,https://api.worldskills.org/il/reports/requested/lists/316/18?s=xlsx,queued,wsc-2017-abu-dhabi,
WSC2017,IL,19,Industrial Control,,und,WSC2017_IL19,0,,WSC2017/IL/19/und/WSC2017_IL19,https://api.worldskills.org/resources/download/9114,queued,wsc-2017-abu-dhabi,
WSC2017,IL,19,Industrial Control,,und,WSC2017_IL19.xlsx,0,,WSC2017/IL/19/und/WSC2017_IL19.xlsx,https://api.worldskills.org/il/reports/requested/lists/316/19?s=xlsx,queued,wsc-2017-abu-dhabi,
WSC2017,IL,20,Bricklaying,,und,WSC2017_IL20,0,,WSC2017/IL/20/und/WSC2017_IL20,https://api.worldskills.org/resources/download/9115,queued,wsc-2017-abu-dhabi,
WSC2017,IL,20,Bricklaying,,und,WSC2017_IL20.xlsx,0,,WSC2017/IL/20/und/WSC2017_IL20.xlsx,https://api.worldskills.org/il/reports/requested/lists/316/20?s=xlsx,queued,wsc-2017-abu-dhabi,
WSC2017,IL,21,Plastering and Drywall Systems,,und,WSC2017_IL21,0,,WSC2017/IL/21/und/WSC2017_IL21,https://api.worldskills.org/resources/download/9116,queued,wsc-2017-abu-dhabi,
WSC2017,IL,21,Plastering and Drywall Systems,,und,WSC2017_IL21.xlsx,0,,WSC2017/IL/21/und/WSC2017_IL21.xlsx,https://api.worldskills.org/il/reports/requested/lists/316/21?s=xlsx,queued,wsc-2017-abu-dhabi,
WSC2017,IL,22,Painting and Decorating,,und,WSC2017_IL22,0,,WSC2017/IL/22/und/WSC2017_IL22,https://api.worldskills.org/resources/download/9117,queued,wsc-2017-abu-dhabi,
WSC2017,IL,22,Painting and Decorating,,und,WSC2017_IL22.xlsx,0,,WSC2017/IL/22/und/WSC2017_IL22.xlsx,https://api.worldskills.org/il/reports/requested/lists/316/22?s=xlsx,queued,wsc-2017-abu-dhabi,
WSC2017,IL,23,Mobile Robotics,,und,WSC2017_IL23,0,,WSC2017/IL/23/und/WSC2017_IL23,https://api.worldskills.org/resources/download/9118,queued,wsc-2017-abu-dhabi,
WSC2017,IL,23,Mobile Robotics,,und,WSC2017_IL23.xlsx,0,,WSC2017/IL/23/und/WSC2017_IL23.xlsx,https://api.worldskills.org/il/reports/requested/lists/316/23?s=xlsx,queued,wsc-2017-abu-dhabi,
WSC2017,IL,24,Cabinetmaking,,und,WSC2017_IL24,0,,WSC2017/IL/24/und/WSC2017_IL24,https://api.worldskills.org/resources/download/9119,queued,wsc-2017-abu-dhabi,
WSC2017,IL,24,Cabinetmaking,,und,WSC2017_IL24.xlsx,0,,WSC2017/IL/24/und/WSC2017_IL24.xlsx,https://api.worldskills.org/il/reports/requested/lists/316/24?s=xlsx,queued,wsc-2017-abu-dhabi,
WSC2017,IL,25,Joinery,,und,WSC2017_IL25,0,,WSC2017/IL/25/und/WSC2017_IL25,https://api.worldskills.org/resources/download/9120,queued,wsc-2017-abu-dhabi,
WSC2017,IL,25,Joinery,,und,WSC2017_IL25.xlsx,0,,WSC2017/IL/25/und/WSC2017_IL25.xlsx,https://api.worldskills.org/il/reports/requested/lists/316/25?s=xlsx,queued,wsc-2017-abu-dhabi,
WSC2017,IL,26,Carpentry,,und,WSC2017_IL26,0,,WSC2017/IL/26/und/WSC2017_IL26,https://api.worldskills.org/resources/download/9121,queued,wsc-2017-abu-dhabi,
WSC2017,IL,26,Carpentry,,und,WSC2017_IL26.xlsx,0,,WSC2017/IL/26/und/WSC2017_IL26.xlsx,https://api.worldskills.org/il/reports/requested/lists/316/26?s=xlsx,queued,wsc-2017-abu-dhabi,
WSC2017,IL,27,Jewellery,,und,WSC2017_IL27,0,,WSC2017/IL/27/und/WSC2017_IL27,https://api.worldskills.org/resources/download/9122,queued,wsc-2017-abu-dhabi,
WSC2017,IL,27,Jewellery,,und,WSC2017_IL27.xlsx,0,,WSC2017/IL/27/und/WSC2017_IL27.xlsx,https://api.worldskills.org/il/reports/requested/lists/316/27?s=xlsx,queued,wsc-2017-abu-dhabi,
WSC2017,IL,28,Floristry,,und,WSC2017_IL28,0,,WSC2017/IL/28/und/WSC2017_IL28,https://api.worldskills.org/resources/download/9123,queued,wsc-2017-abu-dhabi,
WSC2017,IL,28,Floristry,,und,WSC2017_IL28.xlsx,0,,WSC2017/IL/28/und/WSC2017_IL28.xlsx,https://api.worldskills.org/il/reports/requested/lists/316/28?s=xlsx,queued,wsc-2017-abu-dhabi,
WSC2017,IL,29,Hairdressing,,und,WSC2017_IL29,0,,WSC2017/IL/29/und/WSC2017_IL29,https://api.worldskills.org/resources/download/9124,queued,wsc-2017-abu-dhabi,
WSC2017,IL,29,Hairdressing,,und,WSC2017_IL29.xlsx,0,,WSC2017/IL/29/und/WSC2017_IL29.xlsx,https://api.worldskills.org/il/reports/requested/lists/316/29?s=xlsx,queued,wsc-2017-abu-dhabi,
WSC2017,IL,30,Beauty Therapy,,und,WSC2017_IL30,0,,WSC2017/IL/30/und/WSC2017_IL30,https://api.worldskills.org/resources/download/9125,queued,wsc-2017-abu-dhabi,
WSC2017,IL,30,Beauty Therapy,,und,WSC2017_IL30.xlsx,0,,WSC2017/IL/30/und/WSC2017_IL30.xlsx,https://api.worldskills.org/il/reports/requested/lists/316/30?s=xlsx,queued,wsc-2017-abu-dhabi,
WSC2017,IL,31,Fashion Technology,,und,WSC2017_IL31,0,,WSC2017/IL/31/und/WSC2017_IL31,https://api.worldskills.org/resources/download/9126,queued,wsc-2017-abu-dhabi,
WSC2017,IL,31,Fashion Technology,,und,WSC2017_IL31.xlsx,0,,WSC2017/IL/31/und/WSC2017_IL31.xlsx,https://api.worldskills.org/il/reports/requested/lists/316/31?s=xlsx,queued,wsc-2017-abu-dhabi,
WSC2017,IL,32,Pâtisserie and Confectionery,,und,WSC2017_IL32,0,,WSC2017/IL/32/und/WSC2017_IL32,https://api.worldskills.org/resources/download/9127,queued,wsc-2017-abu-dhabi,
WSC2017,IL,32,Pâtisserie and Confectionery,,und,WSC2017_IL32.xlsx,0,,WSC2017/IL/32/und/WSC2017_IL32.xlsx,https://api.worldskills.org/il/reports/requested/lists/316/32?s=xlsx,queued,wsc-2017-abu-dhabi,
WSC2017,IL,33,Automobile Technology,,und,WSC2017_IL33,0,,WSC2017/IL/33/und/WSC2017_IL33,https://api.worldskills.org/resources/download/9128,queued,wsc-2017-abu-dhabi,
WSC2017,IL,33,Automobile Technology,,und,WSC2017_IL33.xlsx,0,,WSC2017/IL/33/und/WSC2017_IL33.xlsx,https://api.worldskills.org/il/reports/requested/lists/316/33?s=xlsx,queued,wsc-2017-abu-dhabi,
WSC2017,IL,34,Cooking,,und,WSC2017_IL34,0,,WSC2017/IL/34/und/WSC2017_IL34,https://api.worldskills.org/resources/download/9129,queued,wsc-2017-abu-dhabi,
WSC2017,IL,34,Cooking,,und,WSC2017_IL34.xlsx,0,,WSC2017/IL/34/und/WSC2017_IL34.xlsx,https://api.worldskills.org/il/reports/requested/lists/316/34?s=xlsx,queued,wsc-2017-abu-dhabi,
WSC2017,IL,35,Restaurant Service,,und,WSC2017_IL35,0,,WSC2017/IL/35/und/WSC2017_IL35,https://api.worldskills.org/resources/download/9130,queued,wsc-2017-abu-dhabi,
WSC2017,IL,35,Restaurant Service,,und,WSC2017_IL35.xlsx,0,,WSC2017/IL/35/und/WSC2017_IL35.xlsx,https://api.worldskills.org/il/reports/requested/lists/316/35?s=xlsx,queued,wsc-2017-abu-dhabi,
WSC2017,IL,36,Car Painting,,und,WSC2017_IL36,0,,WSC2017/IL/36/und/WSC2017_IL36,https://api.worldskills.org/resources/download/9131,queued,wsc-2017-abu-dhabi,
WSC2017,IL,36,Car Painting,,und,WSC2017_IL36.xlsx,0,,WSC2017/IL/36/und/WSC2017_IL36.xlsx,https://api.worldskills.org/il/reports/requested/lists/316/36?s=xlsx,queued,wsc-2017-abu-dhabi,
WSC2017,IL,37,Landscape Gardening,,und,WSC2017_IL37,0,,WSC2017/IL/37/und/WSC2017_IL37,https://api.worldskills.org/resources/download/9132,queued,wsc-2017-abu-dhabi,
WSC2017,IL,37,Landscape Gardening,,und,WSC2017_IL37.xlsx,0,,WSC2017/IL/37/und/WSC2017_IL37.xlsx,https://api.worldskills.org/il/reports/requested/lists/316/37?s=xlsx,queued,wsc-2017-abu-dhabi,
WSC2017,IL,38,Refrigeration and Air Conditioning,,und,WSC2017_IL38,0,,WSC2017/IL/38/und/WSC2017_IL38,https://api.worldskills.org/resources/download/9133,queued,wsc-2017-abu-dhabi,
WSC2017,IL,38,Refrigeration and Air Conditioning,,und,WSC2017_IL38.xlsx,0,,WSC2017/IL/38/und/WSC2017_IL38.xlsx,https://api.worldskills.org/il/reports/requested/lists/316/38?s=xlsx,queued,wsc-2017-abu-dhabi,
WSC2017,IL,39,IT Network Systems Administration,,und,WSC2017_IL39,0,,WSC2017/IL/39/und/WSC2017_IL39,https://api.worldskills.org/resources/download/9134,queued,wsc-2017-abu-dhabi,
WSC2017,IL,39,IT Network Systems Administration,,und,WSC2017_IL39.xlsx,0,,WSC2017/IL/39/und/WSC2017_IL39.xlsx,https://api.worldskills.org/il/reports/requested/lists/316/39?s=xlsx,queued,wsc-2017-abu-dhabi,
WSC2017,IL,40,Graphic Design Technology,,und,WSC2017_IL40,0,,WSC2017/IL/40/und/WSC2017_IL40,https://api.worldskills.org/resources/download/9135,queued,wsc-2017-abu-dhabi,
WSC2017,IL,40,Graphic Design Technology,,und,WSC2017_IL40.xlsx,0,,WSC2017/IL/40/und/WSC2017_IL40.xlsx,https://api.worldskills.org/il/reports/requested/lists/316/40?s=xlsx,queued,wsc-2017-abu-dhabi,
WSC2017,IL,41,Health and Social Care,,und,WSC2017_IL41,0,,WSC2017/IL/41/und/WSC2017_IL41,https://api.worldskills.org/resources/download/9136,queued,wsc-2017-abu-dhabi,
WSC2017,IL,41,Health and Social Care,,und,WSC2017_IL41.xlsx,0,,WSC2017/IL/41/und/WSC2017_IL41.xlsx,https://api.worldskills.org/il/reports/requested/lists/316/41?s=xlsx,queued,wsc-2017-abu-dhabi,
WSC2017,IL,42,Construction Metal Work,,und,WSC2017_IL42,0,,WSC2017/IL/42/und/WSC2017_IL42,https://api.worldskills.org/resources/download/9137,queued,wsc-2017-abu-dhabi,
WSC2017,IL,42,Construction Metal Work,,und,WSC2017_IL42.xlsx,0,,WSC2017/IL/42/und/WSC2017_IL42.xlsx,https://api.worldskills.org/il/reports/requested/lists/316/42?s=xlsx,queued,wsc-2017-abu-dhabi,
WSC2017,IL,43,Plastic Die Engineering,,und,WSC2017_IL43,0,,WSC2017/IL/43/und/WSC2017_IL43,https://api.worldskills.org/resources/download/9138,queued,wsc-2017-abu-dhabi,
WSC2017,IL,43,Plastic Die Engineering,,und,WSC2017_IL43.xlsx,0,,WSC2017/IL/43/und/WSC2017_IL43.xlsx,https://api.worldskills.org/il/reports/requested/lists/316/43?s=xlsx,queued,wsc-2017-abu-dhabi,
WSC2017,IL,44,Visual Merchandising,,und,WSC2017_IL44,0,,WSC2017/IL/44/und/WSC2017_IL44,https://api.worldskills.org/resources/download/9139,queued,wsc-2017-abu-dhabi,
WSC2017,IL,44,Visual Merchandising,,und,WSC2017_IL44.xlsx,0,,WSC2017/IL/44/und/WSC2017_IL44.xlsx,https://api.worldskills.org/il/reports/requested/lists/316/44?s=xlsx,queued,wsc-2017-abu-dhabi,
WSC2017,IL,45,Prototype Modelling,,und,WSC2017_IL45,0,,WSC2017/IL/45/und/WSC2017_IL45,https://api.worldskills.org/resources/download/9140,queued,wsc-2017-abu-dhabi,
WSC2017,IL,45,Prototype Modelling,,und,WSC2017_IL45.xlsx,0,,WSC2017/IL/45/und/WSC2017_IL45.xlsx,https://api.worldskills.org/il/reports/requested/lists/316/45?s=xlsx,queued,wsc-2017-abu-dhabi,
WSC2017,IL,46,Concrete Construction Work,,und,WSC2017_IL46,0,,WSC2017/IL/46/und/WSC2017_IL46,https://api.worldskills.org/resources/download/9141,queued,wsc-2017-abu-dhabi,
WSC2017,IL,46,Concrete Construction Work,,und,WSC2017_IL46.xlsx,0,,WSC2017/IL/46/und/WSC2017_IL46.xlsx,https://api.worldskills.org/il/reports/requested/lists/316/47?s=xlsx,queued,wsc-2017-abu-dhabi,
WSC2017,IL,47,Bakery,,und,WSC2017_IL47,0,,WSC2017/IL/47/und/WSC2017_IL47,https://api.worldskills.org/resources/download/9142,queued,wsc-2017-abu-dhabi,
WSC2017,IL,47,Bakery,,und,WSC2017_IL47.xlsx,0,,WSC2017/IL/47/und/WSC2017_IL47.xlsx,https://api.worldskills.org/il/reports/requested/lists/316/48?s=xlsx,queued,wsc-2017-abu-dhabi,
WSC2017,IL,48,Industrial Mechanic Millwright,,und,WSC2017_IL48,0,,WSC2017/IL/48/und/WSC2017_IL48,https://api.worldskills.org/resources/download/9143,queued,wsc-2017-abu-dhabi,
WSC2017,IL,48,Industrial Mechanic Millwright,,und,WSC2017_IL48.xlsx,0,,WSC2017/IL/48/und/WSC2017_IL48.xlsx,https://api.worldskills.org/il/reports/requested/lists/316/49?s=xlsx,queued,wsc-2017-abu-dhabi,
WSC2017,IL,49,Heavy Vehicle Maintenance,,und,WSC2017_IL49,0,,WSC2017/IL/49/und/WSC2017_IL49,https://api.worldskills.org/resources/download/9144,queued,wsc-2017-abu-dhabi,
WSC2017,IL,49,Heavy Vehicle Maintenance,,und,WSC2017_IL49.xlsx,0,,WSC2017/IL/49/und/WSC2017_IL49.xlsx,https://api.worldskills.org/il/reports/requested/lists/316/50?s=xlsx,queued,wsc-2017-abu-dhabi,
WSC2017,IL,51,D1 3D Digital Game Art,,und,WSC2017_IL51.xlsx,0,,WSC2017/IL/51/und/WSC2017_IL51.xlsx,https://api.worldskills.org/il/reports/requested/lists/316/51?s=xlsx,queued,wsc-2017-abu-dhabi,
WSC2017,IL,52,D2 Freight Forwarding,,und,WSC2017_IL52.xlsx,0,,WSC2017/IL/52/und/WSC2017_IL52.xlsx,https://api.worldskills.org/il/reports/requested/lists/316/52?s=xlsx,queued,wsc-2017-abu-dhabi,
WSC2017,IL,57,ES01 Water Technology,,und,WSC2017_IL57.xlsx,0,,WSC2017/IL/57/und/WSC2017_IL57.xlsx,https://api.worldskills.org/il/reports/requested/lists/316/57?s=xlsx,queued,wsc-2017-abu-dhabi,
WSC2017,IL,D1,3D Digital Game Art,,und,WSC2017_ILD1,0,,WSC2017/IL/D1/und/WSC2017_ILD1,https://api.worldskills.org/resources/download/9145,queued,wsc-2017-abu-dhabi,
WSC2017,IL,D2,Freight Forwarding,,und,WSC2017_ILD2,0,,WSC2017/IL/D2/und/WSC2017_ILD2,https://api.worldskills.org/resources/download/9146,queued,wsc-2017-abu-dhabi,
WSC2017,IL,E,,,und,WSC2017_ILES01,0,,WSC2017/IL/E/und/WSC2017_ILES01,https://api.worldskills.org/resources/download/9147,queued,wsc-2017-abu-dhabi,
WSC2017,RES,01,Polymechanics and Automation,,en,WSC2017_HS01_EN,0,,WSC2017/RES/01/en/WSC2017_HS01_EN,https://api.worldskills.org/resources/download/8204,queued,wsc-2017-abu-dhabi,
WSC2017,RES,02,Information Network Cabling,,en,WSC2017_HS02_EN,0,,WSC2017/RES/02/en/WSC2017_HS02_EN,https://api.worldskills.org/resources/download/8205,queued,wsc-2017-abu-dhabi,
WSC2017,RES,03,Manufacturing Team Challenge,,en,WSC2017_HS03_EN,0,,WSC2017/RES/03/en/WSC2017_HS03_EN,https://api.worldskills.org/resources/download/8206,queued,wsc-2017-abu-dhabi,
WSC2017,RES,04,Mechatronics,,en,WSC2017_HS04_EN,0,,WSC2017/RES/04/en/WSC2017_HS04_EN,https://api.worldskills.org/resources/download/8207,queued,wsc-2017-abu-dhabi,
WSC2017,RES,05,Mechanical Engineering CAD,,en,WSC2017_HS05_EN,0,,WSC2017/RES/05/en/WSC2017_HS05_EN,https://api.worldskills.org/resources/download/8208,queued,wsc-2017-abu-dhabi,
WSC2017,RES,06,CNC Turning,,en,WSC2017_HS06_EN,0,,WSC2017/RES/06/en/WSC2017_HS06_EN,https://api.worldskills.org/resources/download/8209,queued,wsc-2017-abu-dhabi,
WSC2017,RES,07,CNC Milling,,en,WSC2017_HS07_EN,0,,WSC2017/RES/07/en/WSC2017_HS07_EN,https://api.worldskills.org/resources/download/8210,queued,wsc-2017-abu-dhabi,
WSC2017,RES,08,Architectural Stonemasonry,,en,WSC2017_HS08_EN,0,,WSC2017/RES/08/en/WSC2017_HS08_EN,https://api.worldskills.org/resources/download/8211,queued,wsc-2017-abu-dhabi,
WSC2017,RES,09,IT Software Solutions for Business,,en,WSC2017_HS09_EN,0,,WSC2017/RES/09/en/WSC2017_HS09_EN,https://api.worldskills.org/resources/download/8212,queued,wsc-2017-abu-dhabi,
WSC2017,RES,10,Welding,,en,WSC2017_HS10_EN,0,,WSC2017/RES/10/en/WSC2017_HS10_EN,https://api.worldskills.org/resources/download/8213,queued,wsc-2017-abu-dhabi,
WSC2017,RES,11,Print Media Technology,,en,WSC2017_HS11_EN,0,,WSC2017/RES/11/en/WSC2017_HS11_EN,https://api.worldskills.org/resources/download/8214,queued,wsc-2017-abu-dhabi,
WSC2017,RES,12,Wall and Floor Tiling,,en,WSC2017_HS12_EN,0,,WSC2017/RES/12/en/WSC2017_HS12_EN,https://api.worldskills.org/resources/download/8215,queued,wsc-2017-abu-dhabi,
WSC2017,RES,13,Autobody Repair,,en,WSC2017_HS13_EN,0,,WSC2017/RES/13/en/WSC2017_HS13_EN,https://api.worldskills.org/resources/download/8216,queued,wsc-2017-abu-dhabi,
WSC2017,RES,14,Aircraft Maintenance,,en,WSC2017_HS14_EN,0,,WSC2017/RES/14/en/WSC2017_HS14_EN,https://api.worldskills.org/resources/download/8217,queued,wsc-2017-abu-dhabi,
WSC2017,RES,15,Plumbing and Heating,,en,WSC2017_HS15_EN,0,,WSC2017/RES/15/en/WSC2017_HS15_EN,https://api.worldskills.org/resources/download/8218,queued,wsc-2017-abu-dhabi,
WSC2017,RES,16,Electronics,,en,WSC2017_HS16_EN,0,,WSC2017/RES/16/en/WSC2017_HS16_EN,https://api.worldskills.org/resources/download/8219,queued,wsc-2017-abu-dhabi,
WSC2017,RES,17,Web Design and Development,,en,WSC2017_HS17_EN,0,,WSC2017/RES/17/en/WSC2017_HS17_EN,https://api.worldskills.org/resources/download/8220,queued,wsc-2017-abu-dhabi,
WSC2017,RES,18,Electrical Installations,,en,WSC2017_HS18_EN,0,,WSC2017/RES/18/en/WSC2017_HS18_EN,https://api.worldskills.org/resources/download/8221,queued,wsc-2017-abu-dhabi,
WSC2017,RES,19,Industrial Control,,en,WSC2017_HS19_EN,0,,WSC2017/RES/19/en/WSC2017_HS19_EN,https://api.worldskills.org/resources/download/8222,queued,wsc-2017-abu-dhabi,
WSC2017,RES,20,Bricklaying,,en,WSC2017_HS20_EN,0,,WSC2017/RES/20/en/WSC2017_HS20_EN,https://api.worldskills.org/resources/download/8223,queued,wsc-2017-abu-dhabi,
WSC2017,RES,21,Plastering and Drywall Systems,,en,WSC2017_HS21_EN,0,,WSC2017/RES/21/en/WSC2017_HS21_EN,https://api.worldskills.org/resources/download/8224,queued,wsc-2017-abu-dhabi,
WSC2017,RES,22,Painting and Decorating,,en,WSC2017_HS22_EN,0,,WSC2017/RES/22/en/WSC2017_HS22_EN,https://api.worldskills.org/resources/download/8225,queued,wsc-2017-abu-dhabi,
WSC2017,RES,23,Mobile Robotics,,en,WSC2017_HS23_EN,0,,WSC2017/RES/23/en/WSC2017_HS23_EN,https://api.worldskills.org/resources/download/8226,queued,wsc-2017-abu-dhabi,
WSC2017,RES,24,Cabinetmaking,,en,WSC2017_HS24_EN,0,,WSC2017/RES/24/en/WSC2017_HS24_EN,https://api.worldskills.org/resources/download/8227,queued,wsc-2017-abu-dhabi,
WSC2017,RES,25,Joinery,,en,WSC2017_HS25_EN,0,,WSC2017/RES/25/en/WSC2017_HS25_EN,https://api.worldskills.org/resources/download/8228,queued,wsc-2017-abu-dhabi,
WSC2017,RES,26,Carpentry,,en,WSC2017_HS26_EN,0,,WSC2017/RES/26/en/WSC2017_HS26_EN,https://api.worldskills.org/resources/download/8229,queued,wsc-2017-abu-dhabi,
WSC2017,RES,27,Jewellery,,en,WSC2017_HS27_EN,0,,WSC2017/RES/27/en/WSC2017_HS27_EN,https://api.worldskills.org/resources/download/8230,queued,wsc-2017-abu-dhabi,
WSC2017,RES,28,Floristry,,en,WSC2017_HS28_EN,0,,WSC2017/RES/28/en/WSC2017_HS28_EN,https://api.worldskills.org/resources/download/8231,queued,wsc-2017-abu-dhabi,
WSC2017,RES,29,Hairdressing,,en,WSC2017_HS29_EN,0,,WSC2017/RES/29/en/WSC2017_HS29_EN,https://api.worldskills.org/resources/download/8232,queued,wsc-2017-abu-dhabi,
WSC2017,RES,30,Beauty Therapy,,en,WSC2017_HS30_EN,0,,WSC2017/RES/30/en/WSC2017_HS30_EN,https://api.worldskills.org/resources/download/8233,queued,wsc-2017-abu-dhabi,
WSC2017,RES,31,Fashion Technology,,en,WSC2017_HS31_EN,0,,WSC2017/RES/31/en/WSC2017_HS31_EN,https://api.worldskills.org/resources/download/8234,queued,wsc-2017-abu-dhabi,
WSC2017,RES,32,Pâtisserie and Confectionery,,en,WSC2017_HS32_EN,0,,WSC2017/RES/32/en/WSC2017_HS32_EN,https://api.worldskills.org/resources/download/8235,queued,wsc-2017-abu-dhabi,
WSC2017,RES,33,Automobile Technology,,en,WSC2017_HS33_EN,0,,WSC2017/RES/33/en/WSC2017_HS33_EN,https://api.worldskills.org/resources/download/8236,queued,wsc-2017-abu-dhabi,
WSC2017,RES,34,Cooking,,en,WSC2017_HS34_EN,0,,WSC2017/RES/34/en/WSC2017_HS34_EN,https://api.worldskills.org/resources/download/8237,queued,wsc-2017-abu-dhabi,
WSC2017,RES,35,Restaurant Service,,en,WSC2017_HS35_EN,0,,WSC2017/RES/35/en/WSC2017_HS35_EN,https://api.worldskills.org/resources/download/8238,queued,wsc-2017-abu-dhabi,
WSC2017,RES,36,Car Painting,,en,WSC2017_HS36_EN,0,,WSC2017/RES/36/en/WSC2017_HS36_EN,https://api.worldskills.org/resources/download/8239,queued,wsc-2017-abu-dhabi,
WSC2017,RES,37,Landscape Gardening,,en,WSC2017_HS37_EN,0,,WSC2017/RES/37/en/WSC2017_HS37_EN,https://api.worldskills.org/resources/download/8240,queued,wsc-2017-abu-dhabi,
WSC2017,RES,38,Refrigeration and Air Conditioning,,en,WSC2017_HS38_EN,0,,WSC2017/RES/38/en/WSC2017_HS38_EN,https://api.worldskills.org/resources/download/8241,queued,wsc-2017-abu-dhabi,
WSC2017,RES,39,IT Network Systems Administration,,en,WSC2017_HS39_EN,0,,WSC2017/RES/39/en/WSC2017_HS39_EN,https://api.worldskills.org/resources/download/8242,queued,wsc-2017-abu-dhabi,
WSC2017,RES,40,Graphic Design Technology,,en,WSC2017_HS40_EN,0,,WSC2017/RES/40/en/WSC2017_HS40_EN,https://api.worldskills.org/resources/download/8243,queued,wsc-2017-abu-dhabi,
WSC2017,RES,41,Health and Social Care,,en,WSC2017_HS41_EN,0,,WSC2017/RES/41/en/WSC2017_HS41_EN,https://api.worldskills.org/resources/download/8244,queued,wsc-2017-abu-dhabi,
WSC2017,RES,42,Construction Metal Work,,en,WSC2017_HS42_EN,0,,WSC2017/RES/42/en/WSC2017_HS42_EN,https://api.worldskills.org/resources/download/8245,queued,wsc-2017-abu-dhabi,
WSC2017,RES,43,Plastic Die Engineering,,en,WSC2017_HS43_EN,0,,WSC2017/RES/43/en/WSC2017_HS43_EN,https://api.worldskills.org/resources/download/8246,queued,wsc-2017-abu-dhabi,
WSC2017,RES,44,Visual Merchandising,,en,WSC2017_HS44_EN,0,,WSC2017/RES/44/en/WSC2017_HS44_EN,https://api.worldskills.org/resources/download/8247,queued,wsc-2017-abu-dhabi,
WSC2017,RES,45,Prototype Modelling,,en,WSC2017_HS45_EN,0,,WSC2017/RES/45/en/WSC2017_HS45_EN,https://api.worldskills.org/resources/download/8248,queued,wsc-2017-abu-dhabi,
WSC2017,RES,46,Concrete Construction Work,,en,WSC2017_HS46_EN,0,,WSC2017/RES/46/en/WSC2017_HS46_EN,https://api.worldskills.org/resources/download/8249,queued,wsc-2017-abu-dhabi,
WSC2017,RES,47,Bakery,,en,WSC2017_HS47_EN,0,,WSC2017/RES/47/en/WSC2017_HS47_EN,https://api.worldskills.org/resources/download/8250,queued,wsc-2017-abu-dhabi,
WSC2017,RES,48,Industrial Mechanic Millwright,,en,WSC2017_HS48_EN,0,,WSC2017/RES/48/en/WSC2017_HS48_EN,https://api.worldskills.org/resources/download/8251,queued,wsc-2017-abu-dhabi,
WSC2017,RES,49,Heavy Vehicle Maintenance,,en,WSC2017_HS49_EN,0,,WSC2017/RES/49/en/WSC2017_HS49_EN,https://api.worldskills.org/resources/download/8252,queued,wsc-2017-abu-dhabi,
WSC2017,RES,xx,,,und,Closing Ceremony (full) - WorldSkills Abu Dhabi 2017,0,,WSC2017/RES/xx/und/Closing Ceremony (full) - WorldSkills Abu Dhabi 2017,https://api.worldskills.org/resources/download/8835,queued,wsc-2017-abu-dhabi,
WSC2017,RES,xx,,,und,Opening Ceremony (full) WorldSkills Abu Dhabi 2017,0,,WSC2017/RES/xx/und/Opening Ceremony (full) WorldSkills Abu Dhabi 2017,https://api.worldskills.org/resources/download/8834,queued,wsc-2017-abu-dhabi,
WSC2017,RES,xx,,,und,WSAD2017_Youth_Forum_Declaration,0,,WSC2017/RES/xx/und/WSAD2017_Youth_Forum_Declaration,https://api.worldskills.org/resources/download/11509,queued,wsc-2017-abu-dhabi,
WSC2017,RES,xx,,,und,WSC2017 Final Report,0,,WSC2017/RES/xx/und/WSC2017 Final Report,https://api.worldskills.org/resources/download/8893,queued,wsc-2017-abu-dhabi,
WSC2017,RES,xx,,,und,WSC2017_HS00,0,,WSC2017/RES/xx/und/WSC2017_HS00,https://api.worldskills.org/resources/download/8257,queued,wsc-2017-abu-dhabi,
WSC2017,RES,xx,,,en,WSC2017_HSD1_EN,0,,WSC2017/RES/xx/en/WSC2017_HSD1_EN,https://api.worldskills.org/resources/download/8253,queued,wsc-2017-abu-dhabi,
WSC2017,RES,xx,,,en,WSC2017_HSD2_EN,0,,WSC2017/RES/xx/en/WSC2017_HSD2_EN,https://api.worldskills.org/resources/download/8254,queued,wsc-2017-abu-dhabi,
WSC2017,RES,xx,,,en,WSC2017_HSES01_EN,0,,WSC2017/RES/xx/en/WSC2017_HSES01_EN,https://api.worldskills.org/resources/download/8424,queued,wsc-2017-abu-dhabi,
WSC2017,SKL,xx,,,und,WSC2017_Test_Project_ballot_paper,0,,WSC2017/SKL/xx/und/WSC2017_Test_Project_ballot_paper,https://api.worldskills.org/resources/download/8592,queued,wsc-2017-abu-dhabi,
WSC2017,SKL,xx,,,und,WSC2017_WSC2019_Test_Project_ballot_paper,0,,WSC2017/SKL/xx/und/WSC2017_WSC2019_Test_Project_ballot_paper,https://api.worldskills.org/resources/download/8593,queued,wsc-2017-abu-dhabi,
WSC2017,SKL,xx,,,und,WSC2017_competitor_timeout_record,0,,WSC2017/SKL/xx/und/WSC2017_competitor_timeout_record,https://api.worldskills.org/resources/download/8591,queued,wsc-2017-abu-dhabi,
WSC2017,SKL,xx,,,und,WSC2017_decisions_actions_agreements,0,,WSC2017/SKL/xx/und/WSC2017_decisions_actions_agreements,https://api.worldskills.org/resources/download/8594,queued,wsc-2017-abu-dhabi,
WSC2017,TD,01,Polymechanics and Automation,,en,WSC2017_TD01_EN,0,,WSC2017/TD/01/en/WSC2017_TD01_EN,https://api.worldskills.org/resources/download/7831,queued,wsc-2017-abu-dhabi,
WSC2017,TD,02,Information Network Cabling,,en,WSC2017_TD02_EN,0,,WSC2017/TD/02/en/WSC2017_TD02_EN,https://api.worldskills.org/resources/download/7832,queued,wsc-2017-abu-dhabi,
WSC2017,TD,03,Manufacturing Team Challenge,,en,WSC2017_TD03_EN,0,,WSC2017/TD/03/en/WSC2017_TD03_EN,https://api.worldskills.org/resources/download/7833,queued,wsc-2017-abu-dhabi,
WSC2017,TD,04,Mechatronics,,en,WSC2017_TD04_EN,0,,WSC2017/TD/04/en/WSC2017_TD04_EN,https://api.worldskills.org/resources/download/7834,queued,wsc-2017-abu-dhabi,
WSC2017,TD,05,Mechanical Engineering CAD,,en,WSC2017_TD05_EN,0,,WSC2017/TD/05/en/WSC2017_TD05_EN,https://api.worldskills.org/resources/download/7835,queued,wsc-2017-abu-dhabi,
WSC2017,TD,06,CNC Turning,,en,WSC2017_TD06_EN,0,,WSC2017/TD/06/en/WSC2017_TD06_EN,https://api.worldskills.org/resources/download/7836,queued,wsc-2017-abu-dhabi,
WSC2017,TD,07,CNC Milling,,en,WSC2017_TD07_EN,0,,WSC2017/TD/07/en/WSC2017_TD07_EN,https://api.worldskills.org/resources/download/7837,queued,wsc-2017-abu-dhabi,
WSC2017,TD,08,Architectural Stonemasonry,,en,WSC2017_TD08_EN,0,,WSC2017/TD/08/en/WSC2017_TD08_EN,https://api.worldskills.org/resources/download/7838,queued,wsc-2017-abu-dhabi,
WSC2017,TD,09,IT Software Solutions for Business,,en,WSC2017_TD09_EN,0,,WSC2017/TD/09/en/WSC2017_TD09_EN,https://api.worldskills.org/resources/download/7839,queued,wsc-2017-abu-dhabi,
WSC2017,TD,10,Welding,,en,WSC2017_TD10_EN,0,,WSC2017/TD/10/en/WSC2017_TD10_EN,https://api.worldskills.org/resources/download/7897,queued,wsc-2017-abu-dhabi,
WSC2017,TD,11,Print Media Technology,,en,WSC2017_TD11_EN,0,,WSC2017/TD/11/en/WSC2017_TD11_EN,https://api.worldskills.org/resources/download/7840,queued,wsc-2017-abu-dhabi,
WSC2017,TD,12,Wall and Floor Tiling,,en,WSC2017_TD12_EN,0,,WSC2017/TD/12/en/WSC2017_TD12_EN,https://api.worldskills.org/resources/download/7898,queued,wsc-2017-abu-dhabi,
WSC2017,TD,13,Autobody Repair,,en,WSC2017_TD13_EN,0,,WSC2017/TD/13/en/WSC2017_TD13_EN,https://api.worldskills.org/resources/download/7841,queued,wsc-2017-abu-dhabi,
WSC2017,TD,14,Aircraft Maintenance,,en,WSC2017_TD14_EN,0,,WSC2017/TD/14/en/WSC2017_TD14_EN,https://api.worldskills.org/resources/download/7842,queued,wsc-2017-abu-dhabi,
WSC2017,TD,15,Plumbing and Heating,,en,WSC2017_TD15_EN,0,,WSC2017/TD/15/en/WSC2017_TD15_EN,https://api.worldskills.org/resources/download/7910,queued,wsc-2017-abu-dhabi,
WSC2017,TD,16,Electronics,,en,WSC2017_TD16_EN,0,,WSC2017/TD/16/en/WSC2017_TD16_EN,https://api.worldskills.org/resources/download/8134,queued,wsc-2017-abu-dhabi,
WSC2017,TD,17,Web Design and Development,,en,WSC2017_TD17_EN,0,,WSC2017/TD/17/en/WSC2017_TD17_EN,https://api.worldskills.org/resources/download/7843,queued,wsc-2017-abu-dhabi,
WSC2017,TD,18,Electrical Installations,,en,WSC2017_TD18_EN,0,,WSC2017/TD/18/en/WSC2017_TD18_EN,https://api.worldskills.org/resources/download/7844,queued,wsc-2017-abu-dhabi,
WSC2017,TD,19,Industrial Control,,en,WSC2017_TD19_EN,0,,WSC2017/TD/19/en/WSC2017_TD19_EN,https://api.worldskills.org/resources/download/7845,queued,wsc-2017-abu-dhabi,
WSC2017,TD,20,Bricklaying,,en,WSC2017_TD20_EN,0,,WSC2017/TD/20/en/WSC2017_TD20_EN,https://api.worldskills.org/resources/download/7881,queued,wsc-2017-abu-dhabi,
WSC2017,TD,21,Plastering and Drywall Systems,,en,WSC2017_TD21_EN,0,,WSC2017/TD/21/en/WSC2017_TD21_EN,https://api.worldskills.org/resources/download/7846,queued,wsc-2017-abu-dhabi,
WSC2017,TD,22,Painting and Decorating,,en,WSC2017_TD22_EN,0,,WSC2017/TD/22/en/WSC2017_TD22_EN,https://api.worldskills.org/resources/download/7899,queued,wsc-2017-abu-dhabi,
WSC2017,TD,23,Mobile Robotics,,en,WSC2017_TD23_EN,0,,WSC2017/TD/23/en/WSC2017_TD23_EN,https://api.worldskills.org/resources/download/7847,queued,wsc-2017-abu-dhabi,
WSC2017,TD,24,Cabinetmaking,,en,WSC2017_TD24_EN,0,,WSC2017/TD/24/en/WSC2017_TD24_EN,https://api.worldskills.org/resources/download/7848,queued,wsc-2017-abu-dhabi,
WSC2017,TD,25,Joinery,,en,WSC2017_TD25_EN,0,,WSC2017/TD/25/en/WSC2017_TD25_EN,https://api.worldskills.org/resources/download/7849,queued,wsc-2017-abu-dhabi,
WSC2017,TD,26,Carpentry,,en,WSC2017_TD26_EN,0,,WSC2017/TD/26/en/WSC2017_TD26_EN,https://api.worldskills.org/resources/download/7882,queued,wsc-2017-abu-dhabi,
WSC2017,TD,27,Jewellery,,en,WSC2017_TD27_EN,0,,WSC2017/TD/27/en/WSC2017_TD27_EN,https://api.worldskills.org/resources/download/7850,queued,wsc-2017-abu-dhabi,
WSC2017,TD,28,Floristry,,en,WSC2017_TD28_EN,0,,WSC2017/TD/28/en/WSC2017_TD28_EN,https://api.worldskills.org/resources/download/7851,queued,wsc-2017-abu-dhabi,
WSC2017,TD,29,Hairdressing,,en,WSC2017_TD29_EN,0,,WSC2017/TD/29/en/WSC2017_TD29_EN,https://api.worldskills.org/resources/download/7852,queued,wsc-2017-abu-dhabi,
WSC2017,TD,30,Beauty Therapy,,en,WSC2017_TD30_EN,0,,WSC2017/TD/30/en/WSC2017_TD30_EN,https://api.worldskills.org/resources/download/7853,queued,wsc-2017-abu-dhabi,
WSC2017,TD,31,Fashion Technology,,en,WSC2017_TD31_EN,0,,WSC2017/TD/31/en/WSC2017_TD31_EN,https://api.worldskills.org/resources/download/7854,queued,wsc-2017-abu-dhabi,
WSC2017,TD,32,Pâtisserie and Confectionery,,en,WSC2017_TD32_EN,0,,WSC2017/TD/32/en/WSC2017_TD32_EN,https://api.worldskills.org/resources/download/7855,queued,wsc-2017-abu-dhabi,
WSC2017,TD,33,Automobile Technology,,en,WSC2017_TD33_EN,0,,WSC2017/TD/33/en/WSC2017_TD33_EN,https://api.worldskills.org/resources/download/7856,queued,wsc-2017-abu-dhabi,
WSC2017,TD,34,Cooking,,en,WSC2017_TD34_EN,0,,WSC2017/TD/34/en/WSC2017_TD34_EN,https://api.worldskills.org/resources/download/7857,queued,wsc-2017-abu-dhabi,
WSC2017,TD,35,Restaurant Service,,en,WSC2017_TD35_EN,0,,WSC2017/TD/35/en/WSC2017_TD35_EN,https://api.worldskills.org/resources/download/7858,queued,wsc-2017-abu-dhabi,
WSC2017,TD,36,Car Painting,,en,WSC2017_TD36_EN,0,,WSC2017/TD/36/en/WSC2017_TD36_EN,https://api.worldskills.org/resources/download/7911,queued,wsc-2017-abu-dhabi,
WSC2017,TD,37,Landscape Gardening,,en,WSC2017_TD37_EN,0,,WSC2017/TD/37/en/WSC2017_TD37_EN,https://api.worldskills.org/resources/download/7859,queued,wsc-2017-abu-dhabi,
WSC2017,TD,38,Refrigeration and Air Conditioning,,en,WSC2017_TD38_EN,0,,WSC2017/TD/38/en/WSC2017_TD38_EN,https://api.worldskills.org/resources/download/7860,queued,wsc-2017-abu-dhabi,
WSC2017,TD,39,IT Network Systems Administration,,en,WSC2017_TD39_EN,0,,WSC2017/TD/39/en/WSC2017_TD39_EN,https://api.worldskills.org/resources/download/7861,queued,wsc-2017-abu-dhabi,
WSC2017,TD,40,Graphic Design Technology,,en,WSC2017_TD40_EN,0,,WSC2017/TD/40/en/WSC2017_TD40_EN,https://api.worldskills.org/resources/download/7862,queued,wsc-2017-abu-dhabi,
WSC2017,TD,41,Health and Social Care,,en,WSC2017_TD41_EN,0,,WSC2017/TD/41/en/WSC2017_TD41_EN,https://api.worldskills.org/resources/download/7863,queued,wsc-2017-abu-dhabi,
WSC2017,TD,42,Construction Metal Work,,en,WSC2017_TD42_EN,0,,WSC2017/TD/42/en/WSC2017_TD42_EN,https://api.worldskills.org/resources/download/7864,queued,wsc-2017-abu-dhabi,
WSC2017,TD,43,Plastic Die Engineering,,en,WSC2017_TD43_EN,0,,WSC2017/TD/43/en/WSC2017_TD43_EN,https://api.worldskills.org/resources/download/7871,queued,wsc-2017-abu-dhabi,
WSC2017,TD,44,Visual Merchandising,,en,WSC2017_TD44_EN,0,,WSC2017/TD/44/en/WSC2017_TD44_EN,https://api.worldskills.org/resources/download/7865,queued,wsc-2017-abu-dhabi,
WSC2017,TD,45,Prototype Modelling,,en,WSC2017_TD45_EN,0,,WSC2017/TD/45/en/WSC2017_TD45_EN,https://api.worldskills.org/resources/download/7866,queued,wsc-2017-abu-dhabi,
WSC2017,TD,46,Concrete Construction Work,,en,WSC2017_TD46_EN,0,,WSC2017/TD/46/en/WSC2017_TD46_EN,https://api.worldskills.org/resources/download/8118,queued,wsc-2017-abu-dhabi,
WSC2017,TD,47,Bakery,,en,WSC2017_TD47_EN,0,,WSC2017/TD/47/en/WSC2017_TD47_EN,https://api.worldskills.org/resources/download/8119,queued,wsc-2017-abu-dhabi,
WSC2017,TD,48,Industrial Mechanic Millwright,,en,WSC2017_TD48_EN,0,,WSC2017/TD/48/en/WSC2017_TD48_EN,https://api.worldskills.org/resources/download/8120,queued,wsc-2017-abu-dhabi,
WSC2017,TD,49,Heavy Vehicle Maintenance,,en,WSC2017_TD49_EN,0,,WSC2017/TD/49/en/WSC2017_TD49_EN,https://api.worldskills.org/resources/download/8121,queued,wsc-2017-abu-dhabi,
WSC2017,TD,D1,3D Digital Game Art,,en,WSC2017_TDD1_EN,0,,WSC2017/TD/D1/en/WSC2017_TDD1_EN,https://api.worldskills.org/resources/download/8122,queued,wsc-2017-abu-dhabi,
WSC2017,TD,D2,Freight Forwarding,,en,WSC2017_TDD2_EN,0,,WSC2017/TD/D2/en/WSC2017_TDD2_EN,https://api.worldskills.org/resources/download/8123,queued,wsc-2017-abu-dhabi,
WSC2017,TD,E,,,en,WSC2017_TDES01_EN,0,,WSC2017/TD/E/en/WSC2017_TDES01_EN,https://api.worldskills.org/resources/download/8417,queued,wsc-2017-abu-dhabi,
WSC2017,TD,P,,,und,WSC2017 TDPD1,0,,WSC2017/TD/P/und/WSC2017 TDPD1,https://api.worldskills.org/resources/download/7792,queued,wsc-2017-abu-dhabi,
WSC2017,TD,P,,,und,WSC2017 TDPD2,0,,WSC2017/TD/P/und/WSC2017 TDPD2,https://api.worldskills.org/resources/download/7796,queued,wsc-2017-abu-dhabi,
WSC2017,TD,P,,,en,WSC2017_TDPO1_EN,0,,WSC2017/TD/P/en/WSC2017_TDPO1_EN,https://api.worldskills.org/resources/download/7867,queued,wsc-2017-abu-dhabi,
WSC2017,TD,P,,,en,WSC2017_TDPO2_EN,0,,WSC2017/TD/P/en/WSC2017_TDPO2_EN,https://api.worldskills.org/resources/download/7868,queued,wsc-2017-abu-dhabi,
WSC2017,TD,P,,,en,WSC2017_TDPO3_EN,0,,WSC2017/TD/P/en/WSC2017_TDPO3_EN,https://api.worldskills.org/resources/download/7869,queued,wsc-2017-abu-dhabi,
WSC2017,TD,P,,,en,WSC2017_TDPO4_EN,0,,WSC2017/TD/P/en/WSC2017_TDPO4_EN,https://api.worldskills.org/resources/download/7870,queued,wsc-2017-abu-dhabi,
WSC2017,TD,xx,,,und,documents.json,0,,WSC2017/TD/xx/und/documents.json,https://api.worldskills.org/skillman/documents/events/316,forbidden,wsc-2017-abu-dhabi,
WSC2017,TP,01,Polymechanics and Automation,actual,und,WSC2017_TP01_actual,0,,WSC2017/TP/01/actual/und/WSC2017_TP01_actual,https://api.worldskills.org/resources/download/8749,queued,wsc-2017-abu-dhabi,
WSC2017,TP,02,Information Network Cabling,actual,und,WSC2017_TP02_actual,0,,WSC2017/TP/02/actual/und/WSC2017_TP02_actual,https://api.worldskills.org/resources/download/8750,queued,wsc-2017-abu-dhabi,
WSC2017,TP,03,Manufacturing Team Challenge,actual,und,WSC2017_TP03_actual,0,,WSC2017/TP/03/actual/und/WSC2017_TP03_actual,https://api.worldskills.org/resources/download/8751,queued,wsc-2017-abu-dhabi,
WSC2017,TP,03,Manufacturing Team Challenge,pre,en,WSC2017_TP03_pre_EN,0,,WSC2017/TP/03/pre/en/WSC2017_TP03_pre_EN,https://api.worldskills.org/resources/download/7663,queued,wsc-2017-abu-dhabi,
WSC2017,TP,04,Mechatronics,actual,und,WSC2017_TP04_actual,0,,WSC2017/TP/04/actual/und/WSC2017_TP04_actual,https://api.worldskills.org/resources/download/8752,queued,wsc-2017-abu-dhabi,
WSC2017,TP,05,Mechanical Engineering CAD,actual,und,WSC2017_TP05_actual,0,,WSC2017/TP/05/actual/und/WSC2017_TP05_actual,https://api.worldskills.org/resources/download/8753,queued,wsc-2017-abu-dhabi,
WSC2017,TP,06,CNC Turning,actual,und,WSC2017_TP06_actual,0,,WSC2017/TP/06/actual/und/WSC2017_TP06_actual,https://api.worldskills.org/resources/download/8754,queued,wsc-2017-abu-dhabi,
WSC2017,TP,07,CNC Milling,actual,und,WSC2017_TP07_actual,0,,WSC2017/TP/07/actual/und/WSC2017_TP07_actual,https://api.worldskills.org/resources/download/8755,queued,wsc-2017-abu-dhabi,
WSC2017,TP,08,Architectural Stonemasonry,actual,und,WSC2017_TP08_actual,0,,WSC2017/TP/08/actual/und/WSC2017_TP08_actual,https://api.worldskills.org/resources/download/8756,queued,wsc-2017-abu-dhabi,
WSC2017,TP,08,Architectural Stonemasonry,,und,WSC217_TP08_pre,0,,WSC2017/TP/08/und/WSC217_TP08_pre,https://api.worldskills.org/resources/download/8508,queued,wsc-2017-abu-dhabi,
WSC2017,TP,09,IT Software Solutions for Business,actual,und,WSC2017_TP09_actual,0,,WSC2017/TP/09/actual/und/WSC2017_TP09_actual,https://api.worldskills.org/resources/download/8757,queued,wsc-2017-abu-dhabi,
WSC2017,TP,10,Welding,actual,und,WSC2017_TP10_actual,0,,WSC2017/TP/10/actual/und/WSC2017_TP10_actual,https://api.worldskills.org/resources/download/8758,queued,wsc-2017-abu-dhabi,
WSC2017,TP,10,Welding,pre,en,WSC2017_TP10_pre_EN,0,,WSC2017/TP/10/pre/en/WSC2017_TP10_pre_EN,https://api.worldskills.org/resources/download/7675,queued,wsc-2017-abu-dhabi,
WSC2017,TP,11,Print Media Technology,actual,und,WSC2017_TP11_actual,0,,WSC2017/TP/11/actual/und/WSC2017_TP11_actual,https://api.worldskills.org/resources/download/8759,queued,wsc-2017-abu-dhabi,
WSC2017,TP,12,Wall and Floor Tiling,actual,und,WSC2017_TP12_actual,0,,WSC2017/TP/12/actual/und/WSC2017_TP12_actual,https://api.worldskills.org/resources/download/8760,queued,wsc-2017-abu-dhabi,
WSC2017,TP,13,Autobody Repair,actual,und,WSC2017_TP13_actual,0,,WSC2017/TP/13/actual/und/WSC2017_TP13_actual,https://api.worldskills.org/resources/download/8761,queued,wsc-2017-abu-dhabi,
WSC2017,TP,13,Autobody Repair,pre,en,WSC2017_TP13_pre_EN,0,,WSC2017/TP/13/pre/en/WSC2017_TP13_pre_EN,https://api.worldskills.org/resources/download/8571,queued,wsc-2017-abu-dhabi,
WSC2017,TP,14,Aircraft Maintenance,actual,und,WSC2017_TP14_actual,0,,WSC2017/TP/14/actual/und/WSC2017_TP14_actual,https://api.worldskills.org/resources/download/8762,queued,wsc-2017-abu-dhabi,
WSC2017,TP,14,Aircraft Maintenance,pre,en,WSC2017_TP14_pre_EN,0,,WSC2017/TP/14/pre/en/WSC2017_TP14_pre_EN,https://api.worldskills.org/resources/download/8553,queued,wsc-2017-abu-dhabi,
WSC2017,TP,15,Plumbing and Heating,actual,und,WSC2017_TP15_actual,0,,WSC2017/TP/15/actual/und/WSC2017_TP15_actual,https://api.worldskills.org/resources/download/8763,queued,wsc-2017-abu-dhabi,
WSC2017,TP,15,Plumbing and Heating,pre,en,WSC2017_TP15_pre_EN,0,,WSC2017/TP/15/pre/en/WSC2017_TP15_pre_EN,https://api.worldskills.org/resources/download/8565,queued,wsc-2017-abu-dhabi,
WSC2017,TP,16,Electronics,actual,und,WSC2017_TP16_actual,0,,WSC2017/TP/16/actual/und/WSC2017_TP16_actual,https://api.worldskills.org/resources/download/8764,queued,wsc-2017-abu-dhabi,
WSC2017,TP,17,Web Design and Development,actual,und,WSC2017_TP17_actual,0,,WSC2017/TP/17/actual/und/WSC2017_TP17_actual,https://api.worldskills.org/resources/download/8765,queued,wsc-2017-abu-dhabi,
WSC2017,TP,17,Web Design and Development,pre,en,WSC2017_TP17_pre_EN,0,,WSC2017/TP/17/pre/en/WSC2017_TP17_pre_EN,https://api.worldskills.org/resources/download/8559,queued,wsc-2017-abu-dhabi,
WSC2017,TP,18,Electrical Installations,actual,und,WSC2017_TP18_actual,0,,WSC2017/TP/18/actual/und/WSC2017_TP18_actual,https://api.worldskills.org/resources/download/8766,queued,wsc-2017-abu-dhabi,
WSC2017,TP,19,Industrial Control,actual,und,WSC2017_TP19_actual,0,,WSC2017/TP/19/actual/und/WSC2017_TP19_actual,https://api.worldskills.org/resources/download/8767,queued,wsc-2017-abu-dhabi,
WSC2017,TP,19,Industrial Control,pre,en,WSC2017_TP19_pre_EN,0,,WSC2017/TP/19/pre/en/WSC2017_TP19_pre_EN,https://api.worldskills.org/resources/download/8423,queued,wsc-2017-abu-dhabi,
WSC2017,TP,20,Bricklaying,actual,und,WSC2017_TP20_actual,0,,WSC2017/TP/20/actual/und/WSC2017_TP20_actual,https://api.worldskills.org/resources/download/8827,queued,wsc-2017-abu-dhabi,
WSC2017,TP,21,Plastering and Drywall Systems,actual,und,WSC2017_TP21_actual,0,,WSC2017/TP/21/actual/und/WSC2017_TP21_actual,https://api.worldskills.org/resources/download/8816,queued,wsc-2017-abu-dhabi,
WSC2017,TP,22,Painting and Decorating,actual,und,WSC2017_TP22_actual,0,,WSC2017/TP/22/actual/und/WSC2017_TP22_actual,https://api.worldskills.org/resources/download/8818,queued,wsc-2017-abu-dhabi,
WSC2017,TP,22,Painting and Decorating,pre,en,WSC2017_TP22_pre_EN,0,,WSC2017/TP/22/pre/en/WSC2017_TP22_pre_EN,https://api.worldskills.org/resources/download/8509,queued,wsc-2017-abu-dhabi,
WSC2017,TP,23,Mobile Robotics,actual,und,WSC2017_TP23_actual,0,,WSC2017/TP/23/actual/und/WSC2017_TP23_actual,https://api.worldskills.org/resources/download/8768,queued,wsc-2017-abu-dhabi,
WSC2017,TP,23,Mobile Robotics,pre,en,WSC2017_TP23_pre_EN,0,,WSC2017/TP/23/pre/en/WSC2017_TP23_pre_EN,https://api.worldskills.org/resources/download/8202,queued,wsc-2017-abu-dhabi,
WSC2017,TP,24,Cabinetmaking,pre,en,WSC2017_TP24_pre_EN,0,,WSC2017/TP/24/pre/en/WSC2017_TP24_pre_EN,https://api.worldskills.org/resources/download/8362,queued,wsc-2017-abu-dhabi,
WSC2017,TP,24,Cabinetmaking,pre,en,WSC2017_TP24_pre_EN,0,,WSC2017/TP/24/pre/en/WSC2017_TP24_pre_EN,https://api.worldskills.org/resources/download/8460,queued,wsc-2017-abu-dhabi,
WSC2017,TP,24,Cabinetmaking,actual,und,WSC2017_TP_24_actual,0,,WSC2017/TP/24/actual/und/WSC2017_TP_24_actual,https://api.worldskills.org/resources/download/8828,queued,wsc-2017-abu-dhabi,
WSC2017,TP,25,Joinery,actual,und,WSC2017_TP25_actual,0,,WSC2017/TP/25/actual/und/WSC2017_TP25_actual,https://api.worldskills.org/resources/download/8810,queued,wsc-2017-abu-dhabi,
WSC2017,TP,25,Joinery,pre,en,WSC2017_TP25_pre_EN,0,,WSC2017/TP/25/pre/en/WSC2017_TP25_pre_EN,https://api.worldskills.org/resources/download/8576,queued,wsc-2017-abu-dhabi,
WSC2017,TP,26,Carpentry,actual,und,WSC2017_TP26_actual,0,,WSC2017/TP/26/actual/und/WSC2017_TP26_actual,https://api.worldskills.org/resources/download/8769,queued,wsc-2017-abu-dhabi,
WSC2017,TP,26,Carpentry,pre,und,WSC2017_TP26_pre,0,,WSC2017/TP/26/pre/und/WSC2017_TP26_pre,https://api.worldskills.org/resources/download/8507,queued,wsc-2017-abu-dhabi,
WSC2017,TP,27,Jewellery,actual,und,WSC2017_TP27_actual,0,,WSC2017/TP/27/actual/und/WSC2017_TP27_actual,https://api.worldskills.org/resources/download/8770,queued,wsc-2017-abu-dhabi,
WSC2017,TP,27,Jewellery,pre,en,WSC2017_TP27_pre_EN,0,,WSC2017/TP/27/pre/en/WSC2017_TP27_pre_EN,https://api.worldskills.org/resources/download/8586,queued,wsc-2017-abu-dhabi,
WSC2017,TP,28,Floristry,actual,und,WSC2017_TP28_actual,0,,WSC2017/TP/28/actual/und/WSC2017_TP28_actual,https://api.worldskills.org/resources/download/8771,queued,wsc-2017-abu-dhabi,
WSC2017,TP,29,Hairdressing,actual,und,WSC2017_TP29_actual,0,,WSC2017/TP/29/actual/und/WSC2017_TP29_actual,https://api.worldskills.org/resources/download/8772,queued,wsc-2017-abu-dhabi,
WSC2017,TP,30,Beauty Therapy,actual,und,WSC2017_TP30_actual,0,,WSC2017/TP/30/actual/und/WSC2017_TP30_actual,https://api.worldskills.org/resources/download/8773,queued,wsc-2017-abu-dhabi,
WSC2017,TP,31,Fashion Technology,actual,und,WSC2017_TP31_actual,0,,WSC2017/TP/31/actual/und/WSC2017_TP31_actual,https://api.worldskills.org/resources/download/8774,queued,wsc-2017-abu-dhabi,
WSC2017,TP,31,Fashion Technology,pre,en,WSC2017_TP31_pre_EN,0,,WSC2017/TP/31/pre/en/WSC2017_TP31_pre_EN,https://api.worldskills.org/resources/download/8554,queued,wsc-2017-abu-dhabi,
WSC2017,TP,32,Pâtisserie and Confectionery,actual,und,WSC2017_TP32_actual,0,,WSC2017/TP/32/actual/und/WSC2017_TP32_actual,https://api.worldskills.org/resources/download/8775,queued,wsc-2017-abu-dhabi,
WSC2017,TP,32,Pâtisserie and Confectionery,pre,en,WSC2017_TP32_pre_EN,0,,WSC2017/TP/32/pre/en/WSC2017_TP32_pre_EN,https://api.worldskills.org/resources/download/8556,queued,wsc-2017-abu-dhabi,
WSC2017,TP,33,Automobile Technology,actual,und,WSC2017_TP33_actual,0,,WSC2017/TP/33/actual/und/WSC2017_TP33_actual,https://api.worldskills.org/resources/download/8776,queued,wsc-2017-abu-dhabi,
WSC2017,TP,34,Cooking,actual,und,WSC2017_TP34_actual,0,,WSC2017/TP/34/actual/und/WSC2017_TP34_actual,https://api.worldskills.org/resources/download/8777,queued,wsc-2017-abu-dhabi,
WSC2017,TP,34,Cooking,pre,en,WSC2017_TP34_pre_EN,0,,WSC2017/TP/34/pre/en/WSC2017_TP34_pre_EN,https://api.worldskills.org/resources/download/8557,queued,wsc-2017-abu-dhabi,
WSC2017,TP,35,Restaurant Service,actual,und,WSC2017_TP35_actual,0,,WSC2017/TP/35/actual/und/WSC2017_TP35_actual,https://api.worldskills.org/resources/download/8778,queued,wsc-2017-abu-dhabi,
WSC2017,TP,36,Car Painting,actual,und,WSC2017_TP36_actual,0,,WSC2017/TP/36/actual/und/WSC2017_TP36_actual,https://api.worldskills.org/resources/download/8779,queued,wsc-2017-abu-dhabi,
WSC2017,TP,36,Car Painting,pre,en,wsc2017_TP36_pre_EN,0,,WSC2017/TP/36/pre/en/wsc2017_TP36_pre_EN,https://api.worldskills.org/resources/download/8564,queued,wsc-2017-abu-dhabi,
WSC2017,TP,37,Landscape Gardening,actual,und,WSC2017_TP37_actual,0,,WSC2017/TP/37/actual/und/WSC2017_TP37_actual,https://api.worldskills.org/resources/download/8815,queued,wsc-2017-abu-dhabi,
WSC2017,TP,38,Refrigeration and Air Conditioning,actual,und,WSC2017_TP38_actual,0,,WSC2017/TP/38/actual/und/WSC2017_TP38_actual,https://api.worldskills.org/resources/download/8780,queued,wsc-2017-abu-dhabi,
WSC2017,TP,38,Refrigeration and Air Conditioning,pre,en,WSC2017_TP38_pre_EN,0,,WSC2017/TP/38/pre/en/WSC2017_TP38_pre_EN,https://api.worldskills.org/resources/download/8572,queued,wsc-2017-abu-dhabi,
WSC2017,TP,39,IT Network Systems Administration,actual,und,WSC2017_Skill39_actual,0,,WSC2017/TP/39/actual/und/WSC2017_Skill39_actual,https://api.worldskills.org/resources/download/8781,queued,wsc-2017-abu-dhabi,
WSC2017,TP,39,IT Network Systems Administration,pre,en,WSC2017_TP39_pre_EN,0,,WSC2017/TP/39/pre/en/WSC2017_TP39_pre_EN,https://api.worldskills.org/resources/download/8560,queued,wsc-2017-abu-dhabi,
WSC2017,TP,40,Graphic Design Technology,actual,und,WSC2017_TP40_actual,0,,WSC2017/TP/40/actual/und/WSC2017_TP40_actual,https://api.worldskills.org/resources/download/8811,queued,wsc-2017-abu-dhabi,
WSC2017,TP,41,Health and Social Care,actual,und,WSC2017_TP41_actual,0,,WSC2017/TP/41/actual/und/WSC2017_TP41_actual,https://api.worldskills.org/resources/download/8809,queued,wsc-2017-abu-dhabi,
WSC2017,TP,41,Health and Social Care,pre,en,WSC2017_TP41_pre_EN,0,,WSC2017/TP/41/pre/en/WSC2017_TP41_pre_EN,https://api.worldskills.org/resources/download/8561,queued,wsc-2017-abu-dhabi,
WSC2017,TP,42,Construction Metal Work,actual,und,WSC2017_TP42_actual,0,,WSC2017/TP/42/actual/und/WSC2017_TP42_actual,https://api.worldskills.org/resources/download/8825,queued,wsc-2017-abu-dhabi,
WSC2017,TP,43,Plastic Die Engineering,actual,und,WSC2017_TP43_actual,0,,WSC2017/TP/43/actual/und/WSC2017_TP43_actual,https://api.worldskills.org/resources/download/8782,queued,wsc-2017-abu-dhabi,
WSC2017,TP,43,Plastic Die Engineering,pre,en,WSC2017_TP43_pre_EN,0,,WSC2017/TP/43/pre/en/WSC2017_TP43_pre_EN,https://api.worldskills.org/resources/download/8555,queued,wsc-2017-abu-dhabi,
WSC2017,TP,44,Visual Merchandising,actual,und,WSC2017_TP44_actual,0,,WSC2017/TP/44/actual/und/WSC2017_TP44_actual,https://api.worldskills.org/resources/download/8783,queued,wsc-2017-abu-dhabi,
WSC2017,TP,44,Visual Merchandising,pre,en,WSC2017_TP44_pre_EN,0,,WSC2017/TP/44/pre/en/WSC2017_TP44_pre_EN,https://api.worldskills.org/resources/download/8512,queued,wsc-2017-abu-dhabi,
WSC2017,TP,45,Prototype Modelling,actual,und,WSC2017_TP45_actual,0,,WSC2017/TP/45/actual/und/WSC2017_TP45_actual,https://api.worldskills.org/resources/download/8784,queued,wsc-2017-abu-dhabi,
WSC2017,TP,45,Prototype Modelling,proposal,en,wsc2017_TP45_proposals_pre_EN,0,,WSC2017/TP/45/proposal/en/wsc2017_TP45_proposals_pre_EN,https://api.worldskills.org/resources/download/8562,queued,wsc-2017-abu-dhabi,
WSC2017,TP,46,Concrete Construction Work,actual,und,WSC2017_TP46_actual,0,,WSC2017/TP/46/actual/und/WSC2017_TP46_actual,https://api.worldskills.org/resources/download/8785,queued,wsc-2017-abu-dhabi,
WSC2017,TP,46,Concrete Construction Work,pre,en,WSC2017_TP46_pre_EN,0,,WSC2017/TP/46/pre/en/WSC2017_TP46_pre_EN,https://api.worldskills.org/resources/download/8550,queued,wsc-2017-abu-dhabi,
WSC2017,TP,47,Bakery,actual,und,WSC2017_TP47_actual,0,,WSC2017/TP/47/actual/und/WSC2017_TP47_actual,https://api.worldskills.org/resources/download/8786,queued,wsc-2017-abu-dhabi,
WSC2017,TP,47,Bakery,pre,en,wsc2017_TP47_pre_EN,0,,WSC2017/TP/47/pre/en/wsc2017_TP47_pre_EN,https://api.worldskills.org/resources/download/8574,queued,wsc-2017-abu-dhabi,
WSC2017,TP,48,Industrial Mechanic Millwright,actual,und,WSC2017_TP48_actual,0,,WSC2017/TP/48/actual/und/WSC2017_TP48_actual,https://api.worldskills.org/resources/download/8787,queued,wsc-2017-abu-dhabi,
WSC2017,TP,49,Heavy Vehicle Maintenance,actual,und,WSC2017_TP49_actual,0,,WSC2017/TP/49/actual/und/WSC2017_TP49_actual,https://api.worldskills.org/resources/download/8788,queued,wsc-2017-abu-dhabi,
WSC2017,TP,D1,3D Digital Game Art,actual,und,WSC2017_TPD1_actual,0,,WSC2017/TP/D1/actual/und/WSC2017_TPD1_actual,https://api.worldskills.org/resources/download/8789,queued,wsc-2017-abu-dhabi,
WSC2017,TP,D2,Freight Forwarding,actual,und,WSC2017_TPD2_actual,0,,WSC2017/TP/D2/actual/und/WSC2017_TPD2_actual,https://api.worldskills.org/resources/download/8817,queued,wsc-2017-abu-dhabi,
WSC2017,TP,D2,Freight Forwarding,pre,en,WSC2017_TPD2_pre_EN,0,,WSC2017/TP/D2/pre/en/WSC2017_TPD2_pre_EN,https://api.worldskills.org/resources/download/8579,queued,wsc-2017-abu-dhabi,
WSC2017,TP,E,,actual,und,WSC2017_TPES01_actual,0,,WSC2017/TP/E/actual/und/WSC2017_TPES01_actual,https://api.worldskills.org/resources/download/8808,queued,wsc-2017-abu-dhabi,
WSC2017,TP,E,,pre,en,WSC2017_TPES01_pre_EN,0,,WSC2017/TP/E/pre/en/WSC2017_TPES01_pre_EN,https://api.worldskills.org/resources/download/8578,queued,wsc-2017-abu-dhabi,
WSC2019,DOC,xx,,,und,WSC2019_OR_Albert_Vidal_Award,0,,WSC2019/DOC/xx/und/WSC2019_OR_Albert_Vidal_Award,https://api.worldskills.org/resources/download/11355,queued,wsc-2019-kazan,
WSC2019,DOC,xx,,,und,WSC2019_OR_Best_of_Nation,0,,WSC2019/DOC/xx/und/WSC2019_OR_Best_of_Nation,https://api.worldskills.org/resources/download/11361,queued,wsc-2019-kazan,
WSC2019,DOC,xx,,,und,WSC2019_OR_Member_Comparison_by_Average_Medal_Points,0,,WSC2019/DOC/xx/und/WSC2019_OR_Member_Comparison_by_Average_Medal_Points,https://api.worldskills.org/resources/download/11356,queued,wsc-2019-kazan,
WSC2019,DOC,xx,,,und,WSC2019_OR_Member_Comparison_by_Average_Point_Score,0,,WSC2019/DOC/xx/und/WSC2019_OR_Member_Comparison_by_Average_Point_Score,https://api.worldskills.org/resources/download/11357,queued,wsc-2019-kazan,
WSC2019,DOC,xx,,,und,WSC2019_OR_Member_Comparison_by_Member,0,,WSC2019/DOC/xx/und/WSC2019_OR_Member_Comparison_by_Member,https://api.worldskills.org/resources/download/11358,queued,wsc-2019-kazan,
WSC2019,DOC,xx,,,und,WSC2019_OR_Member_Comparison_by_Total_Medal_Points,0,,WSC2019/DOC/xx/und/WSC2019_OR_Member_Comparison_by_Total_Medal_Points,https://api.worldskills.org/resources/download/11359,queued,wsc-2019-kazan,
WSC2019,DOC,xx,,,und,WSC2019_OR_Member_Comparison_by_Total_Point_Score,0,,WSC2019/DOC/xx/und/WSC2019_OR_Member_Comparison_by_Total_Point_Score,https://api.worldskills.org/resources/download/11360,queued,wsc-2019-kazan,
WSC2019,DOC,xx,,,und,WSC2019_OR_all_skills_WorldSkills_Scale,0,,WSC2019/DOC/xx/und/WSC2019_OR_all_skills_WorldSkills_Scale,https://api.worldskills.org/resources/download/11353,queued,wsc-2019-kazan,
WSC2019,DOC,xx,,,und,WorldSkills_results_and_reports,0,,WSC2019/DOC/xx/und/WorldSkills_results_and_reports,https://api.worldskills.org/resources/download/11354,queued,wsc-2019-kazan,
WSC2019,IL,01,Polymechanics and Automation,,und,WSC2019_IL01.xlsx,0,,WSC2019/IL/01/und/WSC2019_IL01.xlsx,https://api.worldskills.org/il/reports/requested/lists/364/119?s=xlsx,queued,wsc-2019-kazan,
WSC2019,IL,02,Information Network Cabling,,und,WSC2019_IL02.xlsx,0,,WSC2019/IL/02/und/WSC2019_IL02.xlsx,https://api.worldskills.org/il/reports/requested/lists/364/115?s=xlsx,queued,wsc-2019-kazan,
WSC2019,IL,03,Manufacturing Team Challenge,,und,WSC2019_IL03.xlsx,0,,WSC2019/IL/03/und/WSC2019_IL03.xlsx,https://api.worldskills.org/il/reports/requested/lists/364/116?s=xlsx,queued,wsc-2019-kazan,
WSC2019,IL,04,Mechatronics,,und,WSC2019_IL04.xlsx,0,,WSC2019/IL/04/und/WSC2019_IL04.xlsx,https://api.worldskills.org/il/reports/requested/lists/364/118?s=xlsx,queued,wsc-2019-kazan,
WSC2019,IL,05,Mechanical Engineering CAD,,und,WSC2019_IL05.xlsx,0,,WSC2019/IL/05/und/WSC2019_IL05.xlsx,https://api.worldskills.org/il/reports/requested/lists/364/120?s=xlsx,queued,wsc-2019-kazan,
WSC2019,IL,06,CNC Turning,,und,WSC2019_IL06.xlsx,0,,WSC2019/IL/06/und/WSC2019_IL06.xlsx,https://api.worldskills.org/il/reports/requested/lists/364/117?s=xlsx,queued,wsc-2019-kazan,
WSC2019,IL,07,CNC Milling,,und,WSC2019_IL07.xlsx,0,,WSC2019/IL/07/und/WSC2019_IL07.xlsx,https://api.worldskills.org/il/reports/requested/lists/364/121?s=xlsx,queued,wsc-2019-kazan,
WSC2019,IL,08,Architectural Stonemasonry,,und,WSC2019_IL08.xlsx,0,,WSC2019/IL/08/und/WSC2019_IL08.xlsx,https://api.worldskills.org/il/reports/requested/lists/364/122?s=xlsx,queued,wsc-2019-kazan,
WSC2019,IL,09,IT Software Solutions for Business,,und,WSC2019_IL09.xlsx,0,,WSC2019/IL/09/und/WSC2019_IL09.xlsx,https://api.worldskills.org/il/reports/requested/lists/364/124?s=xlsx,queued,wsc-2019-kazan,
WSC2019,IL,10,Welding,,und,WSC2019_IL10.xlsx,0,,WSC2019/IL/10/und/WSC2019_IL10.xlsx,https://api.worldskills.org/il/reports/requested/lists/364/123?s=xlsx,queued,wsc-2019-kazan,
WSC2019,IL,11,Print Media Technology,,und,WSC2019_IL11.xlsx,0,,WSC2019/IL/11/und/WSC2019_IL11.xlsx,https://api.worldskills.org/il/reports/requested/lists/364/125?s=xlsx,queued,wsc-2019-kazan,
WSC2019,IL,12,Wall and Floor Tiling,,und,WSC2019_IL12.xlsx,0,,WSC2019/IL/12/und/WSC2019_IL12.xlsx,https://api.worldskills.org/il/reports/requested/lists/364/126?s=xlsx,queued,wsc-2019-kazan,
WSC2019,IL,13,Autobody Repair,,und,WSC2019_IL13.xlsx,0,,WSC2019/IL/13/und/WSC2019_IL13.xlsx,https://api.worldskills.org/il/reports/requested/lists/364/127?s=xlsx,queued,wsc-2019-kazan,
WSC2019,IL,14,Aircraft Maintenance,,und,WSC2019_IL14.xlsx,0,,WSC2019/IL/14/und/WSC2019_IL14.xlsx,https://api.worldskills.org/il/reports/requested/lists/364/129?s=xlsx,queued,wsc-2019-kazan,
WSC2019,IL,15,Plumbing and Heating,,und,WSC2019_IL15.xlsx,0,,WSC2019/IL/15/und/WSC2019_IL15.xlsx,https://api.worldskills.org/il/reports/requested/lists/364/128?s=xlsx,queued,wsc-2019-kazan,
WSC2019,IL,16,Electronics,,und,WSC2019_IL16.xlsx,0,,WSC2019/IL/16/und/WSC2019_IL16.xlsx,https://api.worldskills.org/il/reports/requested/lists/364/130?s=xlsx,queued,wsc-2019-kazan,
WSC2019,IL,17,Web Technologies,,und,WSC2019_IL17.xlsx,0,,WSC2019/IL/17/und/WSC2019_IL17.xlsx,https://api.worldskills.org/il/reports/requested/lists/364/131?s=xlsx,queued,wsc-2019-kazan,
WSC2019,IL,18,Electrical Installations,,und,WSC2019_IL18.xlsx,0,,WSC2019/IL/18/und/WSC2019_IL18.xlsx,https://api.worldskills.org/il/reports/requested/lists/364/134?s=xlsx,queued,wsc-2019-kazan,
WSC2019,IL,19,Industrial Control,,und,WSC2019_IL19.xlsx,0,,WSC2019/IL/19/und/WSC2019_IL19.xlsx,https://api.worldskills.org/il/reports/requested/lists/364/133?s=xlsx,queued,wsc-2019-kazan,
WSC2019,IL,20,Bricklaying,,und,WSC2019_IL20.xlsx,0,,WSC2019/IL/20/und/WSC2019_IL20.xlsx,https://api.worldskills.org/il/reports/requested/lists/364/136?s=xlsx,queued,wsc-2019-kazan,
WSC2019,IL,21,Plastering and Drywall Systems,,und,WSC2019_IL21.xlsx,0,,WSC2019/IL/21/und/WSC2019_IL21.xlsx,https://api.worldskills.org/il/reports/requested/lists/364/132?s=xlsx,queued,wsc-2019-kazan,
WSC2019,IL,212,WSJ01 Electrical Installations,,und,WSC2019_IL212.xlsx,0,,WSC2019/IL/212/und/WSC2019_IL212.xlsx,https://api.worldskills.org/il/reports/requested/lists/364/212?s=xlsx,queued,wsc-2019-kazan,
WSC2019,IL,213,WSJ02 Graphic Design Technology,,und,WSC2019_IL213.xlsx,0,,WSC2019/IL/213/und/WSC2019_IL213.xlsx,https://api.worldskills.org/il/reports/requested/lists/364/213?s=xlsx,queued,wsc-2019-kazan,
WSC2019,IL,214,WSJ03 Mobile Robotics,,und,WSC2019_IL214.xlsx,0,,WSC2019/IL/214/und/WSC2019_IL214.xlsx,https://api.worldskills.org/il/reports/requested/lists/364/214?s=xlsx,queued,wsc-2019-kazan,
WSC2019,IL,215,WSJ04 Polymechanics and Automation,,und,WSC2019_IL215.xlsx,0,,WSC2019/IL/215/und/WSC2019_IL215.xlsx,https://api.worldskills.org/il/reports/requested/lists/364/215?s=xlsx,queued,wsc-2019-kazan,
WSC2019,IL,216,WSJ05 Restaurant Service,,und,WSC2019_IL216.xlsx,0,,WSC2019/IL/216/und/WSC2019_IL216.xlsx,https://api.worldskills.org/il/reports/requested/lists/364/216?s=xlsx,queued,wsc-2019-kazan,
WSC2019,IL,217,WSJ06 Painting and Decorating,,und,WSC2019_IL217.xlsx,0,,WSC2019/IL/217/und/WSC2019_IL217.xlsx,https://api.worldskills.org/il/reports/requested/lists/364/217?s=xlsx,queued,wsc-2019-kazan,
WSC2019,IL,218,WSJ07 Plumbing and Heating,,und,WSC2019_IL218.xlsx,0,,WSC2019/IL/218/und/WSC2019_IL218.xlsx,https://api.worldskills.org/il/reports/requested/lists/364/218?s=xlsx,queued,wsc-2019-kazan,
WSC2019,IL,219,WSJ08 Hairdressing,,und,WSC2019_IL219.xlsx,0,,WSC2019/IL/219/und/WSC2019_IL219.xlsx,https://api.worldskills.org/il/reports/requested/lists/364/219?s=xlsx,queued,wsc-2019-kazan,
WSC2019,IL,22,Painting and Decorating,,und,WSC2019_IL22.xlsx,0,,WSC2019/IL/22/und/WSC2019_IL22.xlsx,https://api.worldskills.org/il/reports/requested/lists/364/135?s=xlsx,queued,wsc-2019-kazan,
WSC2019,IL,220,WSJ09 Drone Operating,,und,WSC2019_IL220.xlsx,0,,WSC2019/IL/220/und/WSC2019_IL220.xlsx,https://api.worldskills.org/il/reports/requested/lists/364/220?s=xlsx,queued,wsc-2019-kazan,
WSC2019,IL,221,WSJ10 Web Technologies,,und,WSC2019_IL221.xlsx,0,,WSC2019/IL/221/und/WSC2019_IL221.xlsx,https://api.worldskills.org/il/reports/requested/lists/364/221?s=xlsx,queued,wsc-2019-kazan,
WSC2019,IL,222,WSJ11 IT Network Systems Administration,,und,WSC2019_IL222.xlsx,0,,WSC2019/IL/222/und/WSC2019_IL222.xlsx,https://api.worldskills.org/il/reports/requested/lists/364/222?s=xlsx,queued,wsc-2019-kazan,
WSC2019,IL,223,WSJ12 Industrial Control,,und,WSC2019_IL223.xlsx,0,,WSC2019/IL/223/und/WSC2019_IL223.xlsx,https://api.worldskills.org/il/reports/requested/lists/364/223?s=xlsx,queued,wsc-2019-kazan,
WSC2019,IL,224,FS01 Rapid Prototyping,,und,WSC2019_IL224.xlsx,0,,WSC2019/IL/224/und/WSC2019_IL224.xlsx,https://api.worldskills.org/il/reports/requested/lists/364/224?s=xlsx,queued,wsc-2019-kazan,
WSC2019,IL,225,FS02 Agricultural Biotechnology,,und,WSC2019_IL225.xlsx,0,,WSC2019/IL/225/und/WSC2019_IL225.xlsx,https://api.worldskills.org/il/reports/requested/lists/364/225?s=xlsx,queued,wsc-2019-kazan,
WSC2019,IL,226,FS03 Virtual and Augmented Reality,,und,WSC2019_IL226.xlsx,0,,WSC2019/IL/226/und/WSC2019_IL226.xlsx,https://api.worldskills.org/il/reports/requested/lists/364/226?s=xlsx,queued,wsc-2019-kazan,
WSC2019,IL,227,FS04 Blockchain-based Solutions,,und,WSC2019_IL227.xlsx,0,,WSC2019/IL/227/und/WSC2019_IL227.xlsx,https://api.worldskills.org/il/reports/requested/lists/364/227?s=xlsx,queued,wsc-2019-kazan,
WSC2019,IL,228,FS05 Composite Technologies,,und,WSC2019_IL228.xlsx,0,,WSC2019/IL/228/und/WSC2019_IL228.xlsx,https://api.worldskills.org/il/reports/requested/lists/364/228?s=xlsx,queued,wsc-2019-kazan,
WSC2019,IL,229,FS06 Enterprise Information Systems Security,,und,WSC2019_IL229.xlsx,0,,WSC2019/IL/229/und/WSC2019_IL229.xlsx,https://api.worldskills.org/il/reports/requested/lists/364/229?s=xlsx,queued,wsc-2019-kazan,
WSC2019,IL,23,Mobile Robotics,,und,WSC2019_IL23.xlsx,0,,WSC2019/IL/23/und/WSC2019_IL23.xlsx,https://api.worldskills.org/il/reports/requested/lists/364/137?s=xlsx,queued,wsc-2019-kazan,
WSC2019,IL,230,FS07 Industrial Design Technology,,und,WSC2019_IL230.xlsx,0,,WSC2019/IL/230/und/WSC2019_IL230.xlsx,https://api.worldskills.org/il/reports/requested/lists/364/230?s=xlsx,queued,wsc-2019-kazan,
WSC2019,IL,231,FS08 Robot Systems Integration,,und,WSC2019_IL231.xlsx,0,,WSC2019/IL/231/und/WSC2019_IL231.xlsx,https://api.worldskills.org/il/reports/requested/lists/364/231?s=xlsx,queued,wsc-2019-kazan,
WSC2019,IL,232,FS09 Internet of Things,,und,WSC2019_IL232.xlsx,0,,WSC2019/IL/232/und/WSC2019_IL232.xlsx,https://api.worldskills.org/il/reports/requested/lists/364/232?s=xlsx,queued,wsc-2019-kazan,
WSC2019,IL,233,FS99 Lifecycle Management,,und,WSC2019_IL233.xlsx,0,,WSC2019/IL/233/und/WSC2019_IL233.xlsx,https://api.worldskills.org/il/reports/requested/lists/364/233?s=xlsx,queued,wsc-2019-kazan,
WSC2019,IL,234,FS10 Machine Learning and Big Data,,und,WSC2019_IL234.xlsx,0,,WSC2019/IL/234/und/WSC2019_IL234.xlsx,https://api.worldskills.org/il/reports/requested/lists/364/234?s=xlsx,queued,wsc-2019-kazan,
WSC2019,IL,235,FS11 Mobile Applications Development,,und,WSC2019_IL235.xlsx,0,,WSC2019/IL/235/und/WSC2019_IL235.xlsx,https://api.worldskills.org/il/reports/requested/lists/364/235?s=xlsx,queued,wsc-2019-kazan,
WSC2019,IL,236,FS12 Quantum Technology,,und,WSC2019_IL236.xlsx,0,,WSC2019/IL/236/und/WSC2019_IL236.xlsx,https://api.worldskills.org/il/reports/requested/lists/364/236?s=xlsx,queued,wsc-2019-kazan,
WSC2019,IL,237,FS13 Mechanical Reverse Engineering,,und,WSC2019_IL237.xlsx,0,,WSC2019/IL/237/und/WSC2019_IL237.xlsx,https://api.worldskills.org/il/reports/requested/lists/364/237?s=xlsx,queued,wsc-2019-kazan,
WSC2019,IL,238,FS14 Drone Operating,,und,WSC2019_IL238.xlsx,0,,WSC2019/IL/238/und/WSC2019_IL238.xlsx,https://api.worldskills.org/il/reports/requested/lists/364/238?s=xlsx,queued,wsc-2019-kazan,
WSC2019,IL,24,Cabinetmaking,,und,WSC2019_IL24.xlsx,0,,WSC2019/IL/24/und/WSC2019_IL24.xlsx,https://api.worldskills.org/il/reports/requested/lists/364/140?s=xlsx,queued,wsc-2019-kazan,
WSC2019,IL,240,FS15 Building Information Modelling (BIM),,und,WSC2019_IL240.xlsx,0,,WSC2019/IL/240/und/WSC2019_IL240.xlsx,https://api.worldskills.org/il/reports/requested/lists/364/240?s=xlsx,queued,wsc-2019-kazan,
WSC2019,IL,241,FSS01 Digital Factory,,und,WSC2019_IL241.xlsx,0,,WSC2019/IL/241/und/WSC2019_IL241.xlsx,https://api.worldskills.org/il/reports/requested/lists/364/241?s=xlsx,queued,wsc-2019-kazan,
WSC2019,IL,242,FSS02 Digital Farming,,und,WSC2019_IL242.xlsx,0,,WSC2019/IL/242/und/WSC2019_IL242.xlsx,https://api.worldskills.org/il/reports/requested/lists/364/242?s=xlsx,queued,wsc-2019-kazan,
WSC2019,IL,243,FSS03 Digital Fashion Designer,,und,WSC2019_IL243.xlsx,0,,WSC2019/IL/243/und/WSC2019_IL243.xlsx,https://api.worldskills.org/il/reports/requested/lists/364/243?s=xlsx,queued,wsc-2019-kazan,
WSC2019,IL,244,FSS04 Robotic Welding,,und,WSC2019_IL244.xlsx,0,,WSC2019/IL/244/und/WSC2019_IL244.xlsx,https://api.worldskills.org/il/reports/requested/lists/364/244?s=xlsx,queued,wsc-2019-kazan,
WSC2019,IL,245,FSS05 Neural Interface Design,,und,WSC2019_IL245.xlsx,0,,WSC2019/IL/245/und/WSC2019_IL245.xlsx,https://api.worldskills.org/il/reports/requested/lists/364/245?s=xlsx,queued,wsc-2019-kazan,
WSC2019,IL,246,FSS06 Life-cycle Management,,und,WSC2019_IL246.xlsx,0,,WSC2019/IL/246/und/WSC2019_IL246.xlsx,https://api.worldskills.org/il/reports/requested/lists/364/246?s=xlsx,queued,wsc-2019-kazan,
WSC2019,IL,247,FSS07 Smart Grid,,und,WSC2019_IL247.xlsx,0,,WSC2019/IL/247/und/WSC2019_IL247.xlsx,https://api.worldskills.org/il/reports/requested/lists/364/247?s=xlsx,queued,wsc-2019-kazan,
WSC2019,IL,248,FSS08 Mineral Synthesis and Processing,,und,WSC2019_IL248.xlsx,0,,WSC2019/IL/248/und/WSC2019_IL248.xlsx,https://api.worldskills.org/il/reports/requested/lists/364/248?s=xlsx,queued,wsc-2019-kazan,
WSC2019,IL,249,FSS09 Laser Technology,,und,WSC2019_IL249.xlsx,0,,WSC2019/IL/249/und/WSC2019_IL249.xlsx,https://api.worldskills.org/il/reports/requested/lists/364/249?s=xlsx,queued,wsc-2019-kazan,
WSC2019,IL,25,Joinery,,und,WSC2019_IL25.xlsx,0,,WSC2019/IL/25/und/WSC2019_IL25.xlsx,https://api.worldskills.org/il/reports/requested/lists/364/138?s=xlsx,queued,wsc-2019-kazan,
WSC2019,IL,250,FSS10 Industry 4.0,,und,WSC2019_IL250.xlsx,0,,WSC2019/IL/250/und/WSC2019_IL250.xlsx,https://api.worldskills.org/il/reports/requested/lists/364/250?s=xlsx,queued,wsc-2019-kazan,
WSC2019,IL,251,FS16 Space Systems Engineering,,und,WSC2019_IL251.xlsx,0,,WSC2019/IL/251/und/WSC2019_IL251.xlsx,https://api.worldskills.org/il/reports/requested/lists/364/251?s=xlsx,queued,wsc-2019-kazan,
WSC2019,IL,252,WSJ13 Robot Systems Integration,,und,WSC2019_IL252.xlsx,0,,WSC2019/IL/252/und/WSC2019_IL252.xlsx,https://api.worldskills.org/il/reports/requested/lists/364/252?s=xlsx,queued,wsc-2019-kazan,
WSC2019,IL,26,Carpentry,,und,WSC2019_IL26.xlsx,0,,WSC2019/IL/26/und/WSC2019_IL26.xlsx,https://api.worldskills.org/il/reports/requested/lists/364/139?s=xlsx,queued,wsc-2019-kazan,
WSC2019,IL,27,Jewellery,,und,WSC2019_IL27.xlsx,0,,WSC2019/IL/27/und/WSC2019_IL27.xlsx,https://api.worldskills.org/il/reports/requested/lists/364/142?s=xlsx,queued,wsc-2019-kazan,
WSC2019,IL,28,Floristry,,und,WSC2019_IL28.xlsx,0,,WSC2019/IL/28/und/WSC2019_IL28.xlsx,https://api.worldskills.org/il/reports/requested/lists/364/141?s=xlsx,queued,wsc-2019-kazan,
WSC2019,IL,29,Hairdressing,,und,WSC2019_IL29.xlsx,0,,WSC2019/IL/29/und/WSC2019_IL29.xlsx,https://api.worldskills.org/il/reports/requested/lists/364/143?s=xlsx,queued,wsc-2019-kazan,
WSC2019,IL,30,Beauty Therapy,,und,WSC2019_IL30.xlsx,0,,WSC2019/IL/30/und/WSC2019_IL30.xlsx,https://api.worldskills.org/il/reports/requested/lists/364/144?s=xlsx,queued,wsc-2019-kazan,
WSC2019,IL,31,Fashion Technology,,und,WSC2019_IL31.xlsx,0,,WSC2019/IL/31/und/WSC2019_IL31.xlsx,https://api.worldskills.org/il/reports/requested/lists/364/147?s=xlsx,queued,wsc-2019-kazan,
WSC2019,IL,32,Pâtisserie and Confectionery,,und,WSC2019_IL32.xlsx,0,,WSC2019/IL/32/und/WSC2019_IL32.xlsx,https://api.worldskills.org/il/reports/requested/lists/364/145?s=xlsx,queued,wsc-2019-kazan,
WSC2019,IL,33,Automobile Technology,,und,WSC2019_IL33.xlsx,0,,WSC2019/IL/33/und/WSC2019_IL33.xlsx,https://api.worldskills.org/il/reports/requested/lists/364/146?s=xlsx,queued,wsc-2019-kazan,
WSC2019,IL,34,Cooking,,und,WSC2019_IL34.xlsx,0,,WSC2019/IL/34/und/WSC2019_IL34.xlsx,https://api.worldskills.org/il/reports/requested/lists/364/148?s=xlsx,queued,wsc-2019-kazan,
WSC2019,IL,35,Restaurant Service,,und,WSC2019_IL35.xlsx,0,,WSC2019/IL/35/und/WSC2019_IL35.xlsx,https://api.worldskills.org/il/reports/requested/lists/364/152?s=xlsx,queued,wsc-2019-kazan,
WSC2019,IL,36,Car Painting,,und,WSC2019_IL36.xlsx,0,,WSC2019/IL/36/und/WSC2019_IL36.xlsx,https://api.worldskills.org/il/reports/requested/lists/364/149?s=xlsx,queued,wsc-2019-kazan,
WSC2019,IL,37,Landscape Gardening,,und,WSC2019_IL37.xlsx,0,,WSC2019/IL/37/und/WSC2019_IL37.xlsx,https://api.worldskills.org/il/reports/requested/lists/364/150?s=xlsx,queued,wsc-2019-kazan,
WSC2019,IL,38,Refrigeration and Air Conditioning,,und,WSC2019_IL38.xlsx,0,,WSC2019/IL/38/und/WSC2019_IL38.xlsx,https://api.worldskills.org/il/reports/requested/lists/364/153?s=xlsx,queued,wsc-2019-kazan,
WSC2019,IL,39,IT Network Systems Administration,,und,WSC2019_IL39.xlsx,0,,WSC2019/IL/39/und/WSC2019_IL39.xlsx,https://api.worldskills.org/il/reports/requested/lists/364/151?s=xlsx,queued,wsc-2019-kazan,
WSC2019,IL,40,Graphic Design Technology,,und,WSC2019_IL40.xlsx,0,,WSC2019/IL/40/und/WSC2019_IL40.xlsx,https://api.worldskills.org/il/reports/requested/lists/364/154?s=xlsx,queued,wsc-2019-kazan,
WSC2019,IL,41,Health and Social Care,,und,WSC2019_IL41.xlsx,0,,WSC2019/IL/41/und/WSC2019_IL41.xlsx,https://api.worldskills.org/il/reports/requested/lists/364/156?s=xlsx,queued,wsc-2019-kazan,
WSC2019,IL,42,Construction Metal Work,,und,WSC2019_IL42.xlsx,0,,WSC2019/IL/42/und/WSC2019_IL42.xlsx,https://api.worldskills.org/il/reports/requested/lists/364/162?s=xlsx,queued,wsc-2019-kazan,
WSC2019,IL,43,Plastic Die Engineering,,und,WSC2019_IL43.xlsx,0,,WSC2019/IL/43/und/WSC2019_IL43.xlsx,https://api.worldskills.org/il/reports/requested/lists/364/155?s=xlsx,queued,wsc-2019-kazan,
WSC2019,IL,44,Visual Merchandising,,und,WSC2019_IL44.xlsx,0,,WSC2019/IL/44/und/WSC2019_IL44.xlsx,https://api.worldskills.org/il/reports/requested/lists/364/163?s=xlsx,queued,wsc-2019-kazan,
WSC2019,IL,45,Prototype Modelling,,und,WSC2019_IL45.xlsx,0,,WSC2019/IL/45/und/WSC2019_IL45.xlsx,https://api.worldskills.org/il/reports/requested/lists/364/157?s=xlsx,queued,wsc-2019-kazan,
WSC2019,IL,46,Concrete Construction Work,,und,WSC2019_IL46.xlsx,0,,WSC2019/IL/46/und/WSC2019_IL46.xlsx,https://api.worldskills.org/il/reports/requested/lists/364/158?s=xlsx,queued,wsc-2019-kazan,
WSC2019,IL,47,Bakery,,und,WSC2019_IL47.xlsx,0,,WSC2019/IL/47/und/WSC2019_IL47.xlsx,https://api.worldskills.org/il/reports/requested/lists/364/161?s=xlsx,queued,wsc-2019-kazan,
WSC2019,IL,48,Industrial Mechanic Millwright,,und,WSC2019_IL48.xlsx,0,,WSC2019/IL/48/und/WSC2019_IL48.xlsx,https://api.worldskills.org/il/reports/requested/lists/364/160?s=xlsx,queued,wsc-2019-kazan,
WSC2019,IL,49,Heavy Vehicle Technology,,und,WSC2019_IL49.xlsx,0,,WSC2019/IL/49/und/WSC2019_IL49.xlsx,https://api.worldskills.org/il/reports/requested/lists/364/165?s=xlsx,queued,wsc-2019-kazan,
WSC2019,IL,50,3D Digital Game Art,,und,WSC2019_IL50.xlsx,0,,WSC2019/IL/50/und/WSC2019_IL50.xlsx,https://api.worldskills.org/il/reports/requested/lists/364/164?s=xlsx,queued,wsc-2019-kazan,
WSC2019,IL,51,Freight Forwarding,,und,WSC2019_IL51.xlsx,0,,WSC2019/IL/51/und/WSC2019_IL51.xlsx,https://api.worldskills.org/il/reports/requested/lists/364/159?s=xlsx,queued,wsc-2019-kazan,
WSC2019,IL,52,Chemical Laboratory Technology,,und,WSC2019_IL52.xlsx,0,,WSC2019/IL/52/und/WSC2019_IL52.xlsx,https://api.worldskills.org/il/reports/requested/lists/364/167?s=xlsx,queued,wsc-2019-kazan,
WSC2019,IL,53,Cloud Computing,,und,WSC2019_IL53.xlsx,0,,WSC2019/IL/53/und/WSC2019_IL53.xlsx,https://api.worldskills.org/il/reports/requested/lists/364/168?s=xlsx,queued,wsc-2019-kazan,
WSC2019,IL,54,Cyber Security,,und,WSC2019_IL54.xlsx,0,,WSC2019/IL/54/und/WSC2019_IL54.xlsx,https://api.worldskills.org/il/reports/requested/lists/364/169?s=xlsx,queued,wsc-2019-kazan,
WSC2019,IL,55,Water Technology,,und,WSC2019_IL55.xlsx,0,,WSC2019/IL/55/und/WSC2019_IL55.xlsx,https://api.worldskills.org/il/reports/requested/lists/364/166?s=xlsx,queued,wsc-2019-kazan,
WSC2019,IL,56,Hotel Reception,,und,WSC2019_IL56.xlsx,0,,WSC2019/IL/56/und/WSC2019_IL56.xlsx,https://api.worldskills.org/il/reports/requested/lists/364/170?s=xlsx,queued,wsc-2019-kazan,
WSC2019,OFF,xx,,,und,WSI OD03 Competition Rules,0,,WSC2019/OFF/xx/und/WSI OD03 Competition Rules,https://api.worldskills.org/resources/download/3745,queued,wsc-2019-kazan,
WSC2019,RES,01,Polymechanics and Automation,,en,WSC2019_HS01_EN,0,,WSC2019/RES/01/en/WSC2019_HS01_EN,https://api.worldskills.org/resources/download/9520,queued,wsc-2019-kazan,
WSC2019,RES,02,Information Network Cabling,,en,WSC2019_HS02_EN,0,,WSC2019/RES/02/en/WSC2019_HS02_EN,https://api.worldskills.org/resources/download/9521,queued,wsc-2019-kazan,
WSC2019,RES,03,Manufacturing Team Challenge,,en,WSC2019_HS03_EN,0,,WSC2019/RES/03/en/WSC2019_HS03_EN,https://api.worldskills.org/resources/download/9522,queued,wsc-2019-kazan,
WSC2019,RES,04,Mechatronics,,en,WSC2019_HS04_EN,0,,WSC2019/RES/04/en/WSC2019_HS04_EN,https://api.worldskills.org/resources/download/9523,queued,wsc-2019-kazan,
WSC2019,RES,05,Mechanical Engineering CAD,,en,WSC2019_HS05_EN,0,,WSC2019/RES/05/en/WSC2019_HS05_EN,https://api.worldskills.org/resources/download/9524,queued,wsc-2019-kazan,
WSC2019,RES,06,CNC Turning,,en,WSC2019_HS06_EN,0,,WSC2019/RES/06/en/WSC2019_HS06_EN,https://api.worldskills.org/resources/download/9525,queued,wsc-2019-kazan,
WSC2019,RES,07,CNC Milling,,en,WSC2019_HS07_EN,0,,WSC2019/RES/07/en/WSC2019_HS07_EN,https://api.worldskills.org/resources/download/9526,queued,wsc-2019-kazan,
WSC2019,RES,08,Architectural Stonemasonry,,en,WSC2019_HS08_EN,0,,WSC2019/RES/08/en/WSC2019_HS08_EN,https://api.worldskills.org/resources/download/9527,queued,wsc-2019-kazan,
WSC2019,RES,09,IT Software Solutions for Business,,en,WSC2019_HS09_EN,0,,WSC2019/RES/09/en/WSC2019_HS09_EN,https://api.worldskills.org/resources/download/9528,queued,wsc-2019-kazan,
WSC2019,RES,10,Welding,,en,WSC2019_HS10_EN,0,,WSC2019/RES/10/en/WSC2019_HS10_EN,https://api.worldskills.org/resources/download/9529,queued,wsc-2019-kazan,
WSC2019,RES,11,Print Media Technology,,en,WSC2019_HS11_EN,0,,WSC2019/RES/11/en/WSC2019_HS11_EN,https://api.worldskills.org/resources/download/9530,queued,wsc-2019-kazan,
WSC2019,RES,12,Wall and Floor Tiling,,en,WSC2019_HS12_EN,0,,WSC2019/RES/12/en/WSC2019_HS12_EN,https://api.worldskills.org/resources/download/9531,queued,wsc-2019-kazan,
WSC2019,RES,13,Autobody Repair,,en,WSC2019_HS13_EN,0,,WSC2019/RES/13/en/WSC2019_HS13_EN,https://api.worldskills.org/resources/download/9532,queued,wsc-2019-kazan,
WSC2019,RES,14,Aircraft Maintenance,,en,WSC2019_HS14_EN,0,,WSC2019/RES/14/en/WSC2019_HS14_EN,https://api.worldskills.org/resources/download/9533,queued,wsc-2019-kazan,
WSC2019,RES,15,Plumbing and Heating,,en,WSC2019_HS15_EN,0,,WSC2019/RES/15/en/WSC2019_HS15_EN,https://api.worldskills.org/resources/download/9534,queued,wsc-2019-kazan,
WSC2019,RES,16,Electronics,,en,WSC2019_HS16_EN,0,,WSC2019/RES/16/en/WSC2019_HS16_EN,https://api.worldskills.org/resources/download/9535,queued,wsc-2019-kazan,
WSC2019,RES,17,Web Technologies,,en,WSC2019_HS17_EN,0,,WSC2019/RES/17/en/WSC2019_HS17_EN,https://api.worldskills.org/resources/download/9536,queued,wsc-2019-kazan,
WSC2019,RES,18,Electrical Installations,,en,WSC2019_HS18_EN,0,,WSC2019/RES/18/en/WSC2019_HS18_EN,https://api.worldskills.org/resources/download/9537,queued,wsc-2019-kazan,
WSC2019,RES,19,Industrial Control,,en,WSC2019_HS19_EN,0,,WSC2019/RES/19/en/WSC2019_HS19_EN,https://api.worldskills.org/resources/download/9538,queued,wsc-2019-kazan,
WSC2019,RES,20,Bricklaying,,en,WSC2019_HS20_EN,0,,WSC2019/RES/20/en/WSC2019_HS20_EN,https://api.worldskills.org/resources/download/9539,queued,wsc-2019-kazan,
WSC2019,RES,21,Plastering and Drywall Systems,,en,WSC2019_HS21_EN,0,,WSC2019/RES/21/en/WSC2019_HS21_EN,https://api.worldskills.org/resources/download/9540,queued,wsc-2019-kazan,
WSC2019,RES,22,Painting and Decorating,,en,WSC2019_HS22_EN,0,,WSC2019/RES/22/en/WSC2019_HS22_EN,https://api.worldskills.org/resources/download/9541,queued,wsc-2019-kazan,
WSC2019,RES,23,Mobile Robotics,,en,WSC2019_HS23_EN,0,,WSC2019/RES/23/en/WSC2019_HS23_EN,https://api.worldskills.org/resources/download/9542,queued,wsc-2019-kazan,
WSC2019,RES,24,Cabinetmaking,,en,WSC2019_HS24_EN,0,,WSC2019/RES/24/en/WSC2019_HS24_EN,https://api.worldskills.org/resources/download/9543,queued,wsc-2019-kazan,
WSC2019,RES,25,Joinery,,en,WSC2019_HS25_EN,0,,WSC2019/RES/25/en/WSC2019_HS25_EN,https://api.worldskills.org/resources/download/9544,queued,wsc-2019-kazan,
WSC2019,RES,26,Carpentry,,en,WSC2019_HS26_EN,0,,WSC2019/RES/26/en/WSC2019_HS26_EN,https://api.worldskills.org/resources/download/9545,queued,wsc-2019-kazan,
WSC2019,RES,27,Jewellery,,en,WSC2019_HS27_EN,0,,WSC2019/RES/27/en/WSC2019_HS27_EN,https://api.worldskills.org/resources/download/9546,queued,wsc-2019-kazan,
WSC2019,RES,28,Floristry,,en,WSC2019_HS28_EN,0,,WSC2019/RES/28/en/WSC2019_HS28_EN,https://api.worldskills.org/resources/download/9547,queued,wsc-2019-kazan,
WSC2019,RES,29,Hairdressing,,en,WSC2019_HS29_EN,0,,WSC2019/RES/29/en/WSC2019_HS29_EN,https://api.worldskills.org/resources/download/9548,queued,wsc-2019-kazan,
WSC2019,RES,30,Beauty Therapy,,en,WSC2019_HS30_EN,0,,WSC2019/RES/30/en/WSC2019_HS30_EN,https://api.worldskills.org/resources/download/9549,queued,wsc-2019-kazan,
WSC2019,RES,31,Fashion Technology,,en,WSC2019_HS31_EN,0,,WSC2019/RES/31/en/WSC2019_HS31_EN,https://api.worldskills.org/resources/download/9550,queued,wsc-2019-kazan,
WSC2019,RES,32,Pâtisserie and Confectionery,,en,WSC2019_HS32_EN,0,,WSC2019/RES/32/en/WSC2019_HS32_EN,https://api.worldskills.org/resources/download/9551,queued,wsc-2019-kazan,
WSC2019,RES,33,Automobile Technology,,en,WSC2019_HS33_EN,0,,WSC2019/RES/33/en/WSC2019_HS33_EN,https://api.worldskills.org/resources/download/9552,queued,wsc-2019-kazan,
WSC2019,RES,34,Cooking,,en,WSC2019_HS34_EN,0,,WSC2019/RES/34/en/WSC2019_HS34_EN,https://api.worldskills.org/resources/download/9553,queued,wsc-2019-kazan,
WSC2019,RES,35,Restaurant Service,,en,WSC2019_HS35_EN,0,,WSC2019/RES/35/en/WSC2019_HS35_EN,https://api.worldskills.org/resources/download/9554,queued,wsc-2019-kazan,
WSC2019,RES,36,Car Painting,,en,WSC2019_HS36_EN,0,,WSC2019/RES/36/en/WSC2019_HS36_EN,https://api.worldskills.org/resources/download/9555,queued,wsc-2019-kazan,
WSC2019,RES,37,Landscape Gardening,,en,WSC2019_HS37_EN,0,,WSC2019/RES/37/en/WSC2019_HS37_EN,https://api.worldskills.org/resources/download/9576,queued,wsc-2019-kazan,
WSC2019,RES,38,Refrigeration and Air Conditioning,,en,WSC2019_HS38_EN,0,,WSC2019/RES/38/en/WSC2019_HS38_EN,https://api.worldskills.org/resources/download/9557,queued,wsc-2019-kazan,
WSC2019,RES,39,IT Network Systems Administration,,en,WSC2019_HS39_EN,0,,WSC2019/RES/39/en/WSC2019_HS39_EN,https://api.worldskills.org/resources/download/9558,queued,wsc-2019-kazan,
WSC2019,RES,40,Graphic Design Technology,,en,WSC2019_HS40_EN,0,,WSC2019/RES/40/en/WSC2019_HS40_EN,https://api.worldskills.org/resources/download/9559,queued,wsc-2019-kazan,
WSC2019,RES,41,Health and Social Care,,en,WSC2019_HS41_EN,0,,WSC2019/RES/41/en/WSC2019_HS41_EN,https://api.worldskills.org/resources/download/9560,queued,wsc-2019-kazan,
WSC2019,RES,42,Construction Metal Work,,en,WSC2019_HS42_EN,0,,WSC2019/RES/42/en/WSC2019_HS42_EN,https://api.worldskills.org/resources/download/9561,queued,wsc-2019-kazan,
WSC2019,RES,43,Plastic Die Engineering,,en,WSC2019_HS43_EN,0,,WSC2019/RES/43/en/WSC2019_HS43_EN,https://api.worldskills.org/resources/download/9564,queued,wsc-2019-kazan,
WSC2019,RES,44,Visual Merchandising,,en,WSC2019_HS44_EN,0,,WSC2019/RES/44/en/WSC2019_HS44_EN,https://api.worldskills.org/resources/download/9562,queued,wsc-2019-kazan,
WSC2019,RES,45,Prototype Modelling,,en,WSC2019_HS45_EN,0,,WSC2019/RES/45/en/WSC2019_HS45_EN,https://api.worldskills.org/resources/download/9563,queued,wsc-2019-kazan,
WSC2019,RES,46,Concrete Construction Work,,en,WSC2019_HS46_EN,0,,WSC2019/RES/46/en/WSC2019_HS46_EN,https://api.worldskills.org/resources/download/9565,queued,wsc-2019-kazan,
WSC2019,RES,47,Bakery,,en,WSC2019_HS47_EN,0,,WSC2019/RES/47/en/WSC2019_HS47_EN,https://api.worldskills.org/resources/download/9566,queued,wsc-2019-kazan,
WSC2019,RES,48,Industrial Mechanic Millwright,,en,WSC2019_HS48_EN,0,,WSC2019/RES/48/en/WSC2019_HS48_EN,https://api.worldskills.org/resources/download/9567,queued,wsc-2019-kazan,
WSC2019,RES,49,Heavy Vehicle Technology,,en,WSC2019_HS49_EN,0,,WSC2019/RES/49/en/WSC2019_HS49_EN,https://api.worldskills.org/resources/download/9568,queued,wsc-2019-kazan,
WSC2019,RES,50,3D Digital Game Art,,en,WSC2019_HS50_EN,0,,WSC2019/RES/50/en/WSC2019_HS50_EN,https://api.worldskills.org/resources/download/9569,queued,wsc-2019-kazan,
WSC2019,RES,51,Freight Forwarding,,en,WSC2019_HS51_EN,0,,WSC2019/RES/51/en/WSC2019_HS51_EN,https://api.worldskills.org/resources/download/9570,queued,wsc-2019-kazan,
WSC2019,RES,52,Chemical Laboratory Technology,,en,WSC2019_HS52_EN,0,,WSC2019/RES/52/en/WSC2019_HS52_EN,https://api.worldskills.org/resources/download/9571,queued,wsc-2019-kazan,
WSC2019,RES,53,Cloud Computing,,en,WSC2019_HS53_EN,0,,WSC2019/RES/53/en/WSC2019_HS53_EN,https://api.worldskills.org/resources/download/9572,queued,wsc-2019-kazan,
WSC2019,RES,54,Cyber Security,,en,WSC2019_HS54_EN,0,,WSC2019/RES/54/en/WSC2019_HS54_EN,https://api.worldskills.org/resources/download/9573,queued,wsc-2019-kazan,
WSC2019,RES,55,Water Technology,,en,WSC2019_HS55_EN,0,,WSC2019/RES/55/en/WSC2019_HS55_EN,https://api.worldskills.org/resources/download/9574,queued,wsc-2019-kazan,
WSC2019,RES,56,Hotel Reception,,en,WSC2019_HS56_EN,0,,WSC2019/RES/56/en/WSC2019_HS56_EN,https://api.worldskills.org/resources/download/9575,queued,wsc-2019-kazan,
WSC2019,RES,xx,,,und,WSC2019_Final_Report,0,,WSC2019/RES/xx/und/WSC2019_Final_Report,https://api.worldskills.org/resources/download/12584,queued,wsc-2019-kazan,
WSC2019,RES,xx,,,en,WSC2019_HSFS01_EN,0,,WSC2019/RES/xx/en/WSC2019_HSFS01_EN,https://api.worldskills.org/resources/download/9755,queued,wsc-2019-kazan,
WSC2019,RES,xx,,,en,WSC2019_HSFS02_EN,0,,WSC2019/RES/xx/en/WSC2019_HSFS02_EN,https://api.worldskills.org/resources/download/9775,queued,wsc-2019-kazan,
WSC2019,RES,xx,,,en,WSC2019_HSFS03_EN,0,,WSC2019/RES/xx/en/WSC2019_HSFS03_EN,https://api.worldskills.org/resources/download/9756,queued,wsc-2019-kazan,
WSC2019,RES,xx,,,en,WSC2019_HSFS04_EN,0,,WSC2019/RES/xx/en/WSC2019_HSFS04_EN,https://api.worldskills.org/resources/download/9757,queued,wsc-2019-kazan,
WSC2019,RES,xx,,,en,WSC2019_HSFS05_EN,0,,WSC2019/RES/xx/en/WSC2019_HSFS05_EN,https://api.worldskills.org/resources/download/9758,queued,wsc-2019-kazan,
WSC2019,RES,xx,,,en,WSC2019_HSFS06_EN,0,,WSC2019/RES/xx/en/WSC2019_HSFS06_EN,https://api.worldskills.org/resources/download/9759,queued,wsc-2019-kazan,
WSC2019,RES,xx,,,en,WSC2019_HSFS07_EN,0,,WSC2019/RES/xx/en/WSC2019_HSFS07_EN,https://api.worldskills.org/resources/download/9760,queued,wsc-2019-kazan,
WSC2019,RES,xx,,,en,WSC2019_HSFS08_EN,0,,WSC2019/RES/xx/en/WSC2019_HSFS08_EN,https://api.worldskills.org/resources/download/9917,queued,wsc-2019-kazan,
WSC2019,RES,xx,,,en,WSC2019_HSFS09_EN,0,,WSC2019/RES/xx/en/WSC2019_HSFS09_EN,https://api.worldskills.org/resources/download/9761,queued,wsc-2019-kazan,
WSC2019,RES,xx,,,en,WSC2019_HSFS10_EN,0,,WSC2019/RES/xx/en/WSC2019_HSFS10_EN,https://api.worldskills.org/resources/download/9762,queued,wsc-2019-kazan,
WSC2019,RES,xx,,,en,WSC2019_HSFS11_EN,0,,WSC2019/RES/xx/en/WSC2019_HSFS11_EN,https://api.worldskills.org/resources/download/9763,queued,wsc-2019-kazan,
WSC2019,RES,xx,,,en,WSC2019_HSFS12_EN,0,,WSC2019/RES/xx/en/WSC2019_HSFS12_EN,https://api.worldskills.org/resources/download/9764,queued,wsc-2019-kazan,
WSC2019,RES,xx,,,en,WSC2019_HSFS13_EN,0,,WSC2019/RES/xx/en/WSC2019_HSFS13_EN,https://api.worldskills.org/resources/download/9765,queued,wsc-2019-kazan,
WSC2019,RES,xx,,,en,WSC2019_HSFS14_EN,0,,WSC2019/RES/xx/en/WSC2019_HSFS14_EN,https://api.worldskills.org/resources/download/9766,queued,wsc-2019-kazan,
WSC2019,RES,xx,,,en,WSC2019_HSFS15_EN,0,,WSC2019/RES/xx/en/WSC2019_HSFS15_EN,https://api.worldskills.org/resources/download/9767,queued,wsc-2019-kazan,
WSC2019,RES,xx,,,en,WSC2019_HSFS16_EN,0,,WSC2019/RES/xx/en/WSC2019_HSFS16_EN,https://api.worldskills.org/resources/download/9768,queued,wsc-2019-kazan,
WSC2019,RES,xx,,,en,WSC2019_HSFSS01_EN,0,,WSC2019/RES/xx/en/WSC2019_HSFSS01_EN,https://api.worldskills.org/resources/download/11258,queued,wsc-2019-kazan,
WSC2019,RES,xx,,,en,WSC2019_HSFSS02_EN,0,,WSC2019/RES/xx/en/WSC2019_HSFSS02_EN,https://api.worldskills.org/resources/download/11261,queued,wsc-2019-kazan,
WSC2019,RES,xx,,,en,WSC2019_HSFSS03_EN,0,,WSC2019/RES/xx/en/WSC2019_HSFSS03_EN,https://api.worldskills.org/resources/download/9769,queued,wsc-2019-kazan,
WSC2019,RES,xx,,,en,WSC2019_HSFSS04_EN,0,,WSC2019/RES/xx/en/WSC2019_HSFSS04_EN,https://api.worldskills.org/resources/download/9770,queued,wsc-2019-kazan,
WSC2019,RES,xx,,,en,WSC2019_HSFSS05_EN,0,,WSC2019/RES/xx/en/WSC2019_HSFSS05_EN,https://api.worldskills.org/resources/download/9771,queued,wsc-2019-kazan,
WSC2019,RES,xx,,,en,WSC2019_HSFSS06_EN,0,,WSC2019/RES/xx/en/WSC2019_HSFSS06_EN,https://api.worldskills.org/resources/download/9772,queued,wsc-2019-kazan,
WSC2019,RES,xx,,,en,WSC2019_HSFSS08_EN,0,,WSC2019/RES/xx/en/WSC2019_HSFSS08_EN,https://api.worldskills.org/resources/download/9773,queued,wsc-2019-kazan,
WSC2019,RES,xx,,,en,WSC2019_HSFSS09_EN,0,,WSC2019/RES/xx/en/WSC2019_HSFSS09_EN,https://api.worldskills.org/resources/download/9774,queued,wsc-2019-kazan,
WSC2019,RES,xx,,,und,WSC2019_guidance_assessment_completion,0,,WSC2019/RES/xx/und/WSC2019_guidance_assessment_completion,https://api.worldskills.org/resources/download/11237,queued,wsc-2019-kazan,
WSC2019,RES,xx,,,und,WSC2019_guidance_assessment_completion_tablet,0,,WSC2019/RES/xx/und/WSC2019_guidance_assessment_completion_tablet,https://api.worldskills.org/resources/download/11238,queued,wsc-2019-kazan,
WSC2019,RES,xx,,,und,WSK2019_Declaration,0,,WSC2019/RES/xx/und/WSK2019_Declaration,https://api.worldskills.org/resources/download/11510,queued,wsc-2019-kazan,
WSC2019,RES,xx,,,und,WSK2019_HSWSJ01,0,,WSC2019/RES/xx/und/WSK2019_HSWSJ01,https://api.worldskills.org/resources/download/11264,queued,wsc-2019-kazan,
WSC2019,RES,xx,,,und,WSK2019_HSWSJ06,0,,WSC2019/RES/xx/und/WSK2019_HSWSJ06,https://api.worldskills.org/resources/download/11265,queued,wsc-2019-kazan,
WSC2019,RES,xx,,,und,WSK2019_HSWSJ09,0,,WSC2019/RES/xx/und/WSK2019_HSWSJ09,https://api.worldskills.org/resources/download/11266,queued,wsc-2019-kazan,
WSC2019,RES,xx,,,und,WSK2019_HSWSJ13,0,,WSC2019/RES/xx/und/WSK2019_HSWSJ13,https://api.worldskills.org/resources/download/11267,queued,wsc-2019-kazan,
WSC2019,SKL,xx,,,und,WSC2019_Test_Project_ballot_paper,0,,WSC2019/SKL/xx/und/WSC2019_Test_Project_ballot_paper,https://api.worldskills.org/resources/download/9881,queued,wsc-2019-kazan,
WSC2019,SKL,xx,,,und,WSC2019_WSC2021_Test_Project_ballot_paper,0,,WSC2019/SKL/xx/und/WSC2019_WSC2021_Test_Project_ballot_paper,https://api.worldskills.org/resources/download/9882,queued,wsc-2019-kazan,
WSC2019,TD,01,Polymechanics and Automation,,en,WSC2019_TD01_EN,0,,WSC2019/TD/01/en/WSC2019_TD01_EN,https://api.worldskills.org/resources/download/8991,queued,wsc-2019-kazan,
WSC2019,TD,02,Information Network Cabling,,en,WSC2019_TD02_EN,0,,WSC2019/TD/02/en/WSC2019_TD02_EN,https://api.worldskills.org/resources/download/8992,queued,wsc-2019-kazan,
WSC2019,TD,03,Manufacturing Team Challenge,,en,WSC2019_TD03_EN,0,,WSC2019/TD/03/en/WSC2019_TD03_EN,https://api.worldskills.org/resources/download/8993,queued,wsc-2019-kazan,
WSC2019,TD,04,Mechatronics,,en,WSC2019_TD04_EN,0,,WSC2019/TD/04/en/WSC2019_TD04_EN,https://api.worldskills.org/resources/download/8994,queued,wsc-2019-kazan,
WSC2019,TD,05,Mechanical Engineering CAD,,en,WSC2019_TD05_EN,0,,WSC2019/TD/05/en/WSC2019_TD05_EN,https://api.worldskills.org/resources/download/8995,queued,wsc-2019-kazan,
WSC2019,TD,06,CNC Turning,,en,WSC2019_TD06_EN,0,,WSC2019/TD/06/en/WSC2019_TD06_EN,https://api.worldskills.org/resources/download/9047,queued,wsc-2019-kazan,
WSC2019,TD,07,CNC Milling,,en,WSC2019_TD07_EN,0,,WSC2019/TD/07/en/WSC2019_TD07_EN,https://api.worldskills.org/resources/download/8996,queued,wsc-2019-kazan,
WSC2019,TD,08,Architectural Stonemasonry,,und,WSC2019_TD08,0,,WSC2019/TD/08/und/WSC2019_TD08,https://api.worldskills.org/resources/download/8997,queued,wsc-2019-kazan,
WSC2019,TD,09,IT Software Solutions for Business,,en,WSC2019_TD09_EN,0,,WSC2019/TD/09/en/WSC2019_TD09_EN,https://api.worldskills.org/resources/download/8998,queued,wsc-2019-kazan,
WSC2019,TD,10,Welding,,en,WSC2019_TD10_EN,0,,WSC2019/TD/10/en/WSC2019_TD10_EN,https://api.worldskills.org/resources/download/9040,queued,wsc-2019-kazan,
WSC2019,TD,11,Print Media Technology,,en,WSC2019_TD11_EN,0,,WSC2019/TD/11/en/WSC2019_TD11_EN,https://api.worldskills.org/resources/download/8999,queued,wsc-2019-kazan,
WSC2019,TD,12,Wall and Floor Tiling,,en,WSC2019_TD12_EN,0,,WSC2019/TD/12/en/WSC2019_TD12_EN,https://api.worldskills.org/resources/download/9000,queued,wsc-2019-kazan,
WSC2019,TD,13,Autobody Repair,,en,WSC2019_TD13_EN,0,,WSC2019/TD/13/en/WSC2019_TD13_EN,https://api.worldskills.org/resources/download/9041,queued,wsc-2019-kazan,
WSC2019,TD,14,Aircraft Maintenance,,en,WSC2019_TD14_EN,0,,WSC2019/TD/14/en/WSC2019_TD14_EN,https://api.worldskills.org/resources/download/9003,queued,wsc-2019-kazan,
WSC2019,TD,15,Plumbing and Heating,,en,WSC2019_TD15_EN,0,,WSC2019/TD/15/en/WSC2019_TD15_EN,https://api.worldskills.org/resources/download/9001,queued,wsc-2019-kazan,
WSC2019,TD,16,Electronics,,en,WSC2019_TD16_EN,0,,WSC2019/TD/16/en/WSC2019_TD16_EN,https://api.worldskills.org/resources/download/9002,queued,wsc-2019-kazan,
WSC2019,TD,17,Web Technologies,,en,WSC2019_TD17_EN,0,,WSC2019/TD/17/en/WSC2019_TD17_EN,https://api.worldskills.org/resources/download/9043,queued,wsc-2019-kazan,
WSC2019,TD,18,Electrical Installations,,en,WSC2019_TD18_EN,0,,WSC2019/TD/18/en/WSC2019_TD18_EN,https://api.worldskills.org/resources/download/9004,queued,wsc-2019-kazan,
WSC2019,TD,19,Industrial Control,,en,WSC2019_TD19_EN,0,,WSC2019/TD/19/en/WSC2019_TD19_EN,https://api.worldskills.org/resources/download/9005,queued,wsc-2019-kazan,
WSC2019,TD,20,Bricklaying,,en,WSC2019_TD20_EN,0,,WSC2019/TD/20/en/WSC2019_TD20_EN,https://api.worldskills.org/resources/download/9006,queued,wsc-2019-kazan,
WSC2019,TD,21,Plastering and Drywall Systems,,en,WSC2019_TD21_EN,0,,WSC2019/TD/21/en/WSC2019_TD21_EN,https://api.worldskills.org/resources/download/9042,queued,wsc-2019-kazan,
WSC2019,TD,22,Painting and Decorating,,en,WSC2019_TD22_EN,0,,WSC2019/TD/22/en/WSC2019_TD22_EN,https://api.worldskills.org/resources/download/9045,queued,wsc-2019-kazan,
WSC2019,TD,23,Mobile Robotics,,en,WSC2019_TD23_EN,0,,WSC2019/TD/23/en/WSC2019_TD23_EN,https://api.worldskills.org/resources/download/9007,queued,wsc-2019-kazan,
WSC2019,TD,24,Cabinetmaking,,en,WSC2019_TD24_EN,0,,WSC2019/TD/24/en/WSC2019_TD24_EN,https://api.worldskills.org/resources/download/9008,queued,wsc-2019-kazan,
WSC2019,TD,25,Joinery,,en,WSC2019_TD25_EN,0,,WSC2019/TD/25/en/WSC2019_TD25_EN,https://api.worldskills.org/resources/download/9039,queued,wsc-2019-kazan,
WSC2019,TD,26,Carpentry,,en,WSC2019_TD26_EN,0,,WSC2019/TD/26/en/WSC2019_TD26_EN,https://api.worldskills.org/resources/download/9009,queued,wsc-2019-kazan,
WSC2019,TD,27,Jewellery,,en,WSC2019_TD27_EN,0,,WSC2019/TD/27/en/WSC2019_TD27_EN,https://api.worldskills.org/resources/download/9010,queued,wsc-2019-kazan,
WSC2019,TD,28,Floristry,,en,WSC2019_TD28_EN,0,,WSC2019/TD/28/en/WSC2019_TD28_EN,https://api.worldskills.org/resources/download/9011,queued,wsc-2019-kazan,
WSC2019,TD,29,Hairdressing,,en,WSC2019_TD29_EN,0,,WSC2019/TD/29/en/WSC2019_TD29_EN,https://api.worldskills.org/resources/download/9012,queued,wsc-2019-kazan,
WSC2019,TD,30,Beauty Therapy,,en,WSC2019_TD30_EN,0,,WSC2019/TD/30/en/WSC2019_TD30_EN,https://api.worldskills.org/resources/download/9013,queued,wsc-2019-kazan,
WSC2019,TD,31,Fashion Technology,,en,WSC2019_TD31_EN,0,,WSC2019/TD/31/en/WSC2019_TD31_EN,https://api.worldskills.org/resources/download/9014,queued,wsc-2019-kazan,
WSC2019,TD,32,Pâtisserie and Confectionery,,en,WSC2019_TD32_EN,0,,WSC2019/TD/32/en/WSC2019_TD32_EN,https://api.worldskills.org/resources/download/9015,queued,wsc-2019-kazan,
WSC2019,TD,33,Automobile Technology,,en,WSC2019_TD33_EN,0,,WSC2019/TD/33/en/WSC2019_TD33_EN,https://api.worldskills.org/resources/download/9016,queued,wsc-2019-kazan,
WSC2019,TD,34,Cooking,,en,WSC2019_TD34_EN,0,,WSC2019/TD/34/en/WSC2019_TD34_EN,https://api.worldskills.org/resources/download/9017,queued,wsc-2019-kazan,
WSC2019,TD,35,Restaurant Service,,en,WSC2019_TD35_EN,0,,WSC2019/TD/35/en/WSC2019_TD35_EN,https://api.worldskills.org/resources/download/9018,queued,wsc-2019-kazan,
WSC2019,TD,36,Car Painting,,en,WSC2019_TD36_EN,0,,WSC2019/TD/36/en/WSC2019_TD36_EN,https://api.worldskills.org/resources/download/9019,queued,wsc-2019-kazan,
WSC2019,TD,37,Landscape Gardening,,en,WSC2019_TD37_EN,0,,WSC2019/TD/37/en/WSC2019_TD37_EN,https://api.worldskills.org/resources/download/9020,queued,wsc-2019-kazan,
WSC2019,TD,38,Refrigeration and Air Conditioning,,en,WSC2019_TD38_EN,0,,WSC2019/TD/38/en/WSC2019_TD38_EN,https://api.worldskills.org/resources/download/9021,queued,wsc-2019-kazan,
WSC2019,TD,39,IT Network Systems Administration,,en,WSC2019_TD39_EN,0,,WSC2019/TD/39/en/WSC2019_TD39_EN,https://api.worldskills.org/resources/download/9022,queued,wsc-2019-kazan,
WSC2019,TD,40,Graphic Design Technology,,en,WSC2019_TD40_EN,0,,WSC2019/TD/40/en/WSC2019_TD40_EN,https://api.worldskills.org/resources/download/9023,queued,wsc-2019-kazan,
WSC2019,TD,41,Health and Social Care,,en,WSC2019_TD41_EN,0,,WSC2019/TD/41/en/WSC2019_TD41_EN,https://api.worldskills.org/resources/download/9024,queued,wsc-2019-kazan,
WSC2019,TD,42,Construction Metal Work,,en,WSC2019_TD42_EN,0,,WSC2019/TD/42/en/WSC2019_TD42_EN,https://api.worldskills.org/resources/download/9025,queued,wsc-2019-kazan,
WSC2019,TD,43,Plastic Die Engineering,,en,WSC2019_TD43_EN,0,,WSC2019/TD/43/en/WSC2019_TD43_EN,https://api.worldskills.org/resources/download/9026,queued,wsc-2019-kazan,
WSC2019,TD,44,Visual Merchandising,,en,WSC2019_TD44_EN,0,,WSC2019/TD/44/en/WSC2019_TD44_EN,https://api.worldskills.org/resources/download/9027,queued,wsc-2019-kazan,
WSC2019,TD,45,Prototype Modelling,,en,WSC2019_TD45_EN,0,,WSC2019/TD/45/en/WSC2019_TD45_EN,https://api.worldskills.org/resources/download/9028,queued,wsc-2019-kazan,
WSC2019,TD,46,Concrete Construction Work,,en,WSC2019_TD46_EN,0,,WSC2019/TD/46/en/WSC2019_TD46_EN,https://api.worldskills.org/resources/download/9029,queued,wsc-2019-kazan,
WSC2019,TD,47,Bakery,,en,WSC2019_TD47_EN,0,,WSC2019/TD/47/en/WSC2019_TD47_EN,https://api.worldskills.org/resources/download/9030,queued,wsc-2019-kazan,
WSC2019,TD,48,Industrial Mechanic Millwright,,en,WSC2019_TD48_EN,0,,WSC2019/TD/48/en/WSC2019_TD48_EN,https://api.worldskills.org/resources/download/9031,queued,wsc-2019-kazan,
WSC2019,TD,49,Heavy Vehicle Technology,,en,WSC2019_TD49_EN,0,,WSC2019/TD/49/en/WSC2019_TD49_EN,https://api.worldskills.org/resources/download/9032,queued,wsc-2019-kazan,
WSC2019,TD,50,3D Digital Game Art,,en,WSC2019_TD50_EN,0,,WSC2019/TD/50/en/WSC2019_TD50_EN,https://api.worldskills.org/resources/download/9044,queued,wsc-2019-kazan,
WSC2019,TD,51,Freight Forwarding,,en,WSC2019_TD51_EN,0,,WSC2019/TD/51/en/WSC2019_TD51_EN,https://api.worldskills.org/resources/download/9033,queued,wsc-2019-kazan,
WSC2019,TD,52,Chemical Laboratory Technology,,en,WSC2019_TD52_EN,0,,WSC2019/TD/52/en/WSC2019_TD52_EN,https://api.worldskills.org/resources/download/9034,queued,wsc-2019-kazan,
WSC2019,TD,53,Cloud Computing,,en,WSC2019_TD53_EN,0,,WSC2019/TD/53/en/WSC2019_TD53_EN,https://api.worldskills.org/resources/download/9035,queued,wsc-2019-kazan,
WSC2019,TD,54,Cyber Security,,en,WSC2019_TD54_EN,0,,WSC2019/TD/54/en/WSC2019_TD54_EN,https://api.worldskills.org/resources/download/9036,queued,wsc-2019-kazan,
WSC2019,TD,55,Water Technology,,en,WSC2019_TD55_EN,0,,WSC2019/TD/55/en/WSC2019_TD55_EN,https://api.worldskills.org/resources/download/9037,queued,wsc-2019-kazan,
WSC2019,TD,56,Hotel Reception,,en,WSC2019_TD56_EN,0,,WSC2019/TD/56/en/WSC2019_TD56_EN,https://api.worldskills.org/resources/download/9038,queued,wsc-2019-kazan,
WSC2019,TD,F,,,en,WSC2019_TDFS08_EN.pdf,0,,WSC2019/TD/F/en/WSC2019_TDFS08_EN.pdf,https://api.worldskills.org/resources/download/9624,queued,wsc-2019-kazan,
WSC2019,TD,F,,,en,WSC2019_TDFS15_EN,0,,WSC2019/TD/F/en/WSC2019_TDFS15_EN,https://api.worldskills.org/resources/download/9678,queued,wsc-2019-kazan,
WSC2019,TD,F,,,und,WSC2019_TDFS16,0,,WSC2019/TD/F/und/WSC2019_TDFS16,https://api.worldskills.org/resources/download/9750,queued,wsc-2019-kazan,
WSC2019,TD,F,,,und,WSC2019_TDFSS10,0,,WSC2019/TD/F/und/WSC2019_TDFSS10,https://api.worldskills.org/resources/download/9669,queued,wsc-2019-kazan,
WSC2019,TD,xx,,,en,WSCK2019_TDWSJ11.EN.pdf,0,,WSC2019/TD/xx/en/WSCK2019_TDWSJ11.EN.pdf,https://api.worldskills.org/resources/download/9403,queued,wsc-2019-kazan,
WSC2019,TD,xx,,,en,WSK2019_TDFS01_EN.pdf,0,,WSC2019/TD/xx/en/WSK2019_TDFS01_EN.pdf,https://api.worldskills.org/resources/download/9367,queued,wsc-2019-kazan,
WSC2019,TD,xx,,,en,WSK2019_TDFS02_EN,0,,WSC2019/TD/xx/en/WSK2019_TDFS02_EN,https://api.worldskills.org/resources/download/9369,queued,wsc-2019-kazan,
WSC2019,TD,xx,,,en,WSK2019_TDFS03_EN,0,,WSC2019/TD/xx/en/WSK2019_TDFS03_EN,https://api.worldskills.org/resources/download/9370,queued,wsc-2019-kazan,
WSC2019,TD,xx,,,en,WSK2019_TDFS03_EN.pdf,0,,WSC2019/TD/xx/en/WSK2019_TDFS03_EN.pdf,https://api.worldskills.org/resources/download/9405,queued,wsc-2019-kazan,
WSC2019,TD,xx,,,en,WSK2019_TDFS04_EN,0,,WSC2019/TD/xx/en/WSK2019_TDFS04_EN,https://api.worldskills.org/resources/download/9371,queued,wsc-2019-kazan,
WSC2019,TD,xx,,,en,WSK2019_TDFS05_EN,0,,WSC2019/TD/xx/en/WSK2019_TDFS05_EN,https://api.worldskills.org/resources/download/9372,queued,wsc-2019-kazan,
WSC2019,TD,xx,,,en,WSK2019_TDFS06_EN,0,,WSC2019/TD/xx/en/WSK2019_TDFS06_EN,https://api.worldskills.org/resources/download/9373,queued,wsc-2019-kazan,
WSC2019,TD,xx,,,en,WSK2019_TDFS07_EN.pdf,0,,WSC2019/TD/xx/en/WSK2019_TDFS07_EN.pdf,https://api.worldskills.org/resources/download/9374,queued,wsc-2019-kazan,
WSC2019,TD,xx,,,en,WSK2019_TDFS09_EN,0,,WSC2019/TD/xx/en/WSK2019_TDFS09_EN,https://api.worldskills.org/resources/download/9407,queued,wsc-2019-kazan,
WSC2019,TD,xx,,,en,WSK2019_TDFS10_EN,0,,WSC2019/TD/xx/en/WSK2019_TDFS10_EN,https://api.worldskills.org/resources/download/9375,queued,wsc-2019-kazan,
WSC2019,TD,xx,,,und,WSK2019_TDFS11,0,,WSC2019/TD/xx/und/WSK2019_TDFS11,https://api.worldskills.org/resources/download/9408,queued,wsc-2019-kazan,
WSC2019,TD,xx,,,en,WSK2019_TDFS12_EN,0,,WSC2019/TD/xx/en/WSK2019_TDFS12_EN,https://api.worldskills.org/resources/download/9376,queued,wsc-2019-kazan,
WSC2019,TD,xx,,,en,WSK2019_TDFS13_EN.pdf,0,,WSC2019/TD/xx/en/WSK2019_TDFS13_EN.pdf,https://api.worldskills.org/resources/download/9406,queued,wsc-2019-kazan,
WSC2019,TD,xx,,,en,WSK2019_TDFS14_EN.pdf,0,,WSC2019/TD/xx/en/WSK2019_TDFS14_EN.pdf,https://api.worldskills.org/resources/download/9377,queued,wsc-2019-kazan,
WSC2019,TD,xx,,,und,WSK2019_TDFSS01,0,,WSC2019/TD/xx/und/WSK2019_TDFSS01,https://api.worldskills.org/resources/download/11256,queued,wsc-2019-kazan,
WSC2019,TD,xx,,,und,WSK2019_TDFSS02,0,,WSC2019/TD/xx/und/WSK2019_TDFSS02,https://api.worldskills.org/resources/download/11260,queued,wsc-2019-kazan,
WSC2019,TD,xx,,,en,WSK2019_TDFSS03_EN,0,,WSC2019/TD/xx/en/WSK2019_TDFSS03_EN,https://api.worldskills.org/resources/download/9777,queued,wsc-2019-kazan,
WSC2019,TD,xx,,,en,WSK2019_TDFSS04_EN,0,,WSC2019/TD/xx/en/WSK2019_TDFSS04_EN,https://api.worldskills.org/resources/download/9776,queued,wsc-2019-kazan,
WSC2019,TD,xx,,,en,WSK2019_TDFSS05_EN,0,,WSC2019/TD/xx/en/WSK2019_TDFSS05_EN,https://api.worldskills.org/resources/download/11221,queued,wsc-2019-kazan,
WSC2019,TD,xx,,,en,WSK2019_TDFSS06_EN,0,,WSC2019/TD/xx/en/WSK2019_TDFSS06_EN,https://api.worldskills.org/resources/download/11222,queued,wsc-2019-kazan,
WSC2019,TD,xx,,,en,WSK2019_TDFSS08_EN,0,,WSC2019/TD/xx/en/WSK2019_TDFSS08_EN,https://api.worldskills.org/resources/download/11117,queued,wsc-2019-kazan,
WSC2019,TD,xx,,,en,WSK2019_TDFSS09_EN,0,,WSC2019/TD/xx/en/WSK2019_TDFSS09_EN,https://api.worldskills.org/resources/download/11118,queued,wsc-2019-kazan,
WSC2019,TD,xx,,,en,WSK2019_TDWSJ01_EN.pdf,0,,WSC2019/TD/xx/en/WSK2019_TDWSJ01_EN.pdf,https://api.worldskills.org/resources/download/9380,queued,wsc-2019-kazan,
WSC2019,TD,xx,,,en,WSK2019_TDWSJ02_EN,0,,WSC2019/TD/xx/en/WSK2019_TDWSJ02_EN,https://api.worldskills.org/resources/download/9381,queued,wsc-2019-kazan,
WSC2019,TD,xx,,,en,WSK2019_TDWSJ04_EN.pdf,0,,WSC2019/TD/xx/en/WSK2019_TDWSJ04_EN.pdf,https://api.worldskills.org/resources/download/9401,queued,wsc-2019-kazan,
WSC2019,TD,xx,,,en,WSK2019_TDWSJ05_EN,0,,WSC2019/TD/xx/en/WSK2019_TDWSJ05_EN,https://api.worldskills.org/resources/download/9382,queued,wsc-2019-kazan,
WSC2019,TD,xx,,,en,WSK2019_TDWSJ06_EN.pdf,0,,WSC2019/TD/xx/en/WSK2019_TDWSJ06_EN.pdf,https://api.worldskills.org/resources/download/9402,queued,wsc-2019-kazan,
WSC2019,TD,xx,,,en,WSK2019_TDWSJ07_EN,0,,WSC2019/TD/xx/en/WSK2019_TDWSJ07_EN,https://api.worldskills.org/resources/download/9383,queued,wsc-2019-kazan,
WSC2019,TD,xx,,,en,WSK2019_TDWSJ08_EN.pdf,0,,WSC2019/TD/xx/en/WSK2019_TDWSJ08_EN.pdf,https://api.worldskills.org/resources/download/9384,queued,wsc-2019-kazan,
WSC2019,TD,xx,,,en,WSK2019_TDWSJ09_EN,0,,WSC2019/TD/xx/en/WSK2019_TDWSJ09_EN,https://api.worldskills.org/resources/download/9386,queued,wsc-2019-kazan,
WSC2019,TD,xx,,,en,WSK2019_TDWSJ10_EN,0,,WSC2019/TD/xx/en/WSK2019_TDWSJ10_EN,https://api.worldskills.org/resources/download/9387,queued,wsc-2019-kazan,
WSC2019,TD,xx,,,en,WSK2019_TDWSJ12_EN.pdf,0,,WSC2019/TD/xx/en/WSK2019_TDWSJ12_EN.pdf,https://api.worldskills.org/resources/download/9404,queued,wsc-2019-kazan,
WSC2019,TD,xx,,,en,WSK2019_TDWSJ13_EN,0,,WSC2019/TD/xx/en/WSK2019_TDWSJ13_EN,https://api.worldskills.org/resources/download/9883,queued,wsc-2019-kazan,
WSC2019,TD,xx,,,en,WSK2019_WSJTD03_EN.pdf,0,,WSC2019/TD/xx/en/WSK2019_WSJTD03_EN.pdf,https://api.worldskills.org/resources/download/9388,queued,wsc-2019-kazan,
WSC2019,TD,xx,,,und,documents.json,0,,WSC2019/TD/xx/und/documents.json,https://api.worldskills.org/skillman/documents/events/364,forbidden,wsc-2019-kazan,
WSC2019,TP,01,Polymechanics and Automation,actual,und,WSC2019_TP01_actual,0,,WSC2019/TP/01/actual/und/WSC2019_TP01_actual,https://api.worldskills.org/resources/download/11390,queued,wsc-2019-kazan,
WSC2019,TP,02,Information Network Cabling,actual,und,WSC2019_TP02_actual,0,,WSC2019/TP/02/actual/und/WSC2019_TP02_actual,https://api.worldskills.org/resources/download/11391,queued,wsc-2019-kazan,
WSC2019,TP,03,Manufacturing Team Challenge,actual,und,WSC2019_TP03_actual,0,,WSC2019/TP/03/actual/und/WSC2019_TP03_actual,https://api.worldskills.org/resources/download/11444,queued,wsc-2019-kazan,
WSC2019,TP,03,Manufacturing Team Challenge,pre,en,WSC2019_TP03_pre_EN,0,,WSC2019/TP/03/pre/en/WSC2019_TP03_pre_EN,https://api.worldskills.org/resources/download/9507,queued,wsc-2019-kazan,
WSC2019,TP,04,Mechatronics,actual,und,WSC2019_TP04_actual,0,,WSC2019/TP/04/actual/und/WSC2019_TP04_actual,https://api.worldskills.org/resources/download/11393,queued,wsc-2019-kazan,
WSC2019,TP,05,Mechanical Engineering CAD,actual,und,WSC2019_TP05_actual,0,,WSC2019/TP/05/actual/und/WSC2019_TP05_actual,https://api.worldskills.org/resources/download/11394,queued,wsc-2019-kazan,
WSC2019,TP,06,CNC Turning,actual,und,WSC2019_TP06_actual,0,,WSC2019/TP/06/actual/und/WSC2019_TP06_actual,https://api.worldskills.org/resources/download/11395,queued,wsc-2019-kazan,
WSC2019,TP,07,CNC Milling,actual,und,WSC2019_TP07_actual,0,,WSC2019/TP/07/actual/und/WSC2019_TP07_actual,https://api.worldskills.org/resources/download/11396,queued,wsc-2019-kazan,
WSC2019,TP,08,Architectural Stonemasonry,actual,und,WSC2019_TP08_actual,0,,WSC2019/TP/08/actual/und/WSC2019_TP08_actual,https://api.worldskills.org/resources/download/11397,queued,wsc-2019-kazan,
WSC2019,TP,08,Architectural Stonemasonry,pre,und,WSC2019_TP08_pre,0,,WSC2019/TP/08/pre/und/WSC2019_TP08_pre,https://api.worldskills.org/resources/download/9652,queued,wsc-2019-kazan,
WSC2019,TP,09,IT Software Solutions for Business,actual,und,WSC2019_TP09_actual,0,,WSC2019/TP/09/actual/und/WSC2019_TP09_actual,https://api.worldskills.org/resources/download/11398,queued,wsc-2019-kazan,
WSC2019,TP,09,IT Software Solutions for Business,,und,WSC2019_TP09_pre,0,,WSC2019/TP/09/und/WSC2019_TP09_pre,https://api.worldskills.org/resources/download/11241,queued,wsc-2019-kazan,
WSC2019,TP,10,Welding,actual,und,WSC2019_TP10_actual,0,,WSC2019/TP/10/actual/und/WSC2019_TP10_actual,https://api.worldskills.org/resources/download/11399,queued,wsc-2019-kazan,
WSC2019,TP,10,Welding,pre,en,WSC2019_TP10_pre_EN,0,,WSC2019/TP/10/pre/en/WSC2019_TP10_pre_EN,https://api.worldskills.org/resources/download/8909,queued,wsc-2019-kazan,
WSC2019,TP,11,Print Media Technology,actual,und,WSC2019_TP11_actual,0,,WSC2019/TP/11/actual/und/WSC2019_TP11_actual,https://api.worldskills.org/resources/download/11400,queued,wsc-2019-kazan,
WSC2019,TP,12,Wall and Floor Tiling,actual,und,WSC2019_TP12_actual,0,,WSC2019/TP/12/actual/und/WSC2019_TP12_actual,https://api.worldskills.org/resources/download/11401,queued,wsc-2019-kazan,
WSC2019,TP,12,Wall and Floor Tiling,,und,WSC2019_TP12_pre,0,,WSC2019/TP/12/und/WSC2019_TP12_pre,https://api.worldskills.org/resources/download/9804,queued,wsc-2019-kazan,
WSC2019,TP,13,Autobody Repair,actual,und,WSC2019_TP13_actual,0,,WSC2019/TP/13/actual/und/WSC2019_TP13_actual,https://api.worldskills.org/resources/download/11402,queued,wsc-2019-kazan,
WSC2019,TP,13,Autobody Repair,pre,en,WSC2019_TP13_pre_EN,0,,WSC2019/TP/13/pre/en/WSC2019_TP13_pre_EN,https://api.worldskills.org/resources/download/11006,queued,wsc-2019-kazan,
WSC2019,TP,14,Aircraft Maintenance,actual,und,WSC2019_TP14_actual,0,,WSC2019/TP/14/actual/und/WSC2019_TP14_actual,https://api.worldskills.org/resources/download/11403,queued,wsc-2019-kazan,
WSC2019,TP,15,Plumbing and Heating,actual,und,WSC2019_TP15_actual,0,,WSC2019/TP/15/actual/und/WSC2019_TP15_actual,https://api.worldskills.org/resources/download/11404,queued,wsc-2019-kazan,
WSC2019,TP,16,Electronics,actual,und,WSC2019_TP16_actual,0,,WSC2019/TP/16/actual/und/WSC2019_TP16_actual,https://api.worldskills.org/resources/download/11405,queued,wsc-2019-kazan,
WSC2019,TP,17,Web Technologies,actual,und,WSC2019_TP17_actual,0,,WSC2019/TP/17/actual/und/WSC2019_TP17_actual,https://api.worldskills.org/resources/download/11406,queued,wsc-2019-kazan,
WSC2019,TP,17,Web Technologies,pre,en,WSC2019_TP17_pre_EN,0,,WSC2019/TP/17/pre/en/WSC2019_TP17_pre_EN,https://api.worldskills.org/resources/download/9817,queued,wsc-2019-kazan,
WSC2019,TP,18,Electrical Installations,actual,und,WSC2019_TP18_actual,0,,WSC2019/TP/18/actual/und/WSC2019_TP18_actual,https://api.worldskills.org/resources/download/11407,queued,wsc-2019-kazan,
WSC2019,TP,19,Industrial Control,actual,und,WSC2019_TP19_actual,0,,WSC2019/TP/19/actual/und/WSC2019_TP19_actual,https://api.worldskills.org/resources/download/11408,queued,wsc-2019-kazan,
WSC2019,TP,19,Industrial Control,pre,en,WSC2019_TP19_pre_EN,0,,WSC2019/TP/19/pre/en/WSC2019_TP19_pre_EN,https://api.worldskills.org/resources/download/9816,queued,wsc-2019-kazan,
WSC2019,TP,20,Bricklaying,actual,und,WSC2019_TP20_actual,0,,WSC2019/TP/20/actual/und/WSC2019_TP20_actual,https://api.worldskills.org/resources/download/11411,queued,wsc-2019-kazan,
WSC2019,TP,21,Plastering and Drywall Systems,actual,und,WSC2019_TP21_actual,0,,WSC2019/TP/21/actual/und/WSC2019_TP21_actual,https://api.worldskills.org/resources/download/11409,queued,wsc-2019-kazan,
WSC2019,TP,22,Painting and Decorating,actual,und,WSC2019_TP22_actual,0,,WSC2019/TP/22/actual/und/WSC2019_TP22_actual,https://api.worldskills.org/resources/download/11410,queued,wsc-2019-kazan,
WSC2019,TP,23,Mobile Robotics,actual,und,WSC2019_TP23_actual,0,,WSC2019/TP/23/actual/und/WSC2019_TP23_actual,https://api.worldskills.org/resources/download/11412,queued,wsc-2019-kazan,
WSC2019,TP,24,Cabinetmaking,actual,und,WSC2019_TP24_actual,0,,WSC2019/TP/24/actual/und/WSC2019_TP24_actual,https://api.worldskills.org/resources/download/11413,queued,wsc-2019-kazan,
WSC2019,TP,25,Joinery,actual,und,WSC2019_TP19_actual,0,,WSC2019/TP/25/actual/und/WSC2019_TP19_actual,https://api.worldskills.org/resources/download/11445,queued,wsc-2019-kazan,
WSC2019,TP,25,Joinery,pre,und,WSC2019_TP25_pre,0,,WSC2019/TP/25/pre/und/WSC2019_TP25_pre,https://api.worldskills.org/resources/download/9623,queued,wsc-2019-kazan,
WSC2019,TP,26,Carpentry,actual,und,WSC2019_TP26_actual,0,,WSC2019/TP/26/actual/und/WSC2019_TP26_actual,https://api.worldskills.org/resources/download/11414,queued,wsc-2019-kazan,
WSC2019,TP,27,Jewellery,actual,und,WSC2019_TP27_actual,0,,WSC2019/TP/27/actual/und/WSC2019_TP27_actual,https://api.worldskills.org/resources/download/11415,queued,wsc-2019-kazan,
WSC2019,TP,27,Jewellery,,und,WSC2019_TP27_statement_of_work,0,,WSC2019/TP/27/und/WSC2019_TP27_statement_of_work,https://api.worldskills.org/resources/download/9888,queued,wsc-2019-kazan,
WSC2019,TP,28,Floristry,actual,und,WSC2019_TP28_actual,0,,WSC2019/TP/28/actual/und/WSC2019_TP28_actual,https://api.worldskills.org/resources/download/11466,queued,wsc-2019-kazan,
WSC2019,TP,29,Hairdressing,actual,und,WSC2019_TP29_actual,0,,WSC2019/TP/29/actual/und/WSC2019_TP29_actual,https://api.worldskills.org/resources/download/11416,queued,wsc-2019-kazan,
WSC2019,TP,30,Beauty Therapy,actual,und,WSC2019_TP30_actual,0,,WSC2019/TP/30/actual/und/WSC2019_TP30_actual,https://api.worldskills.org/resources/download/11441,queued,wsc-2019-kazan,
WSC2019,TP,30,Beauty Therapy,pre,en,WSC2019_TP30_pre_EN,0,,WSC2019/TP/30/pre/en/WSC2019_TP30_pre_EN,https://api.worldskills.org/resources/download/9638,queued,wsc-2019-kazan,
WSC2019,TP,31,Fashion Technology,actual,und,WSC2019_TP31_actual,0,,WSC2019/TP/31/actual/und/WSC2019_TP31_actual,https://api.worldskills.org/resources/download/11417,queued,wsc-2019-kazan,
WSC2019,TP,31,Fashion Technology,pre,en,WSC2019_TP31_pre_EN,0,,WSC2019/TP/31/pre/en/WSC2019_TP31_pre_EN,https://api.worldskills.org/resources/download/9512,queued,wsc-2019-kazan,
WSC2019,TP,32,Pâtisserie and Confectionery,actual,und,WSC2019_TP32_actual,0,,WSC2019/TP/32/actual/und/WSC2019_TP32_actual,https://api.worldskills.org/resources/download/11418,queued,wsc-2019-kazan,
WSC2019,TP,32,Pâtisserie and Confectionery,pre,en,WSC2019_TP32_pre_EN,0,,WSC2019/TP/32/pre/en/WSC2019_TP32_pre_EN,https://api.worldskills.org/resources/download/9815,queued,wsc-2019-kazan,
WSC2019,TP,33,Automobile Technology,actual,und,WSC2019_TP33_actual,0,,WSC2019/TP/33/actual/und/WSC2019_TP33_actual,https://api.worldskills.org/resources/download/11419,queued,wsc-2019-kazan,
WSC2019,TP,34,Cooking,actual,und,WSC2019_TP34_actual,0,,WSC2019/TP/34/actual/und/WSC2019_TP34_actual,https://api.worldskills.org/resources/download/11420,queued,wsc-2019-kazan,
WSC2019,TP,34,Cooking,pre,en,WSC2019_TP34_pre_EN,0,,WSC2019/TP/34/pre/en/WSC2019_TP34_pre_EN,https://api.worldskills.org/resources/download/9813,queued,wsc-2019-kazan,
WSC2019,TP,35,Restaurant Service,actual,und,WSC2019_TP35_actual,0,,WSC2019/TP/35/actual/und/WSC2019_TP35_actual,https://api.worldskills.org/resources/download/11421,queued,wsc-2019-kazan,
WSC2019,TP,36,Car Painting,actual,und,WSC2019_TP36_actual,0,,WSC2019/TP/36/actual/und/WSC2019_TP36_actual,https://api.worldskills.org/resources/download/11422,queued,wsc-2019-kazan,
WSC2019,TP,37,Landscape Gardening,actual,und,WSC2019_TP37_actual,0,,WSC2019/TP/37/actual/und/WSC2019_TP37_actual,https://api.worldskills.org/resources/download/11423,queued,wsc-2019-kazan,
WSC2019,TP,38,Refrigeration and Air Conditioning,actual,und,WSC2019_TP38_actual,0,,WSC2019/TP/38/actual/und/WSC2019_TP38_actual,https://api.worldskills.org/resources/download/11424,queued,wsc-2019-kazan,
WSC2019,TP,39,IT Network Systems Administration,actual,und,WSC2019_TP39_actual,0,,WSC2019/TP/39/actual/und/WSC2019_TP39_actual,https://api.worldskills.org/resources/download/11436,queued,wsc-2019-kazan,
WSC2019,TP,39,IT Network Systems Administration,,und,WSC2019_TP39_acual,0,,WSC2019/TP/39/und/WSC2019_TP39_acual,https://api.worldskills.org/resources/download/11309,queued,wsc-2019-kazan,
WSC2019,TP,39,IT Network Systems Administration,pre,en,WSC2019_TP39_pre_EN,0,,WSC2019/TP/39/pre/en/WSC2019_TP39_pre_EN,https://api.worldskills.org/resources/download/9848,queued,wsc-2019-kazan,
WSC2019,TP,40,Graphic Design Technology,actual,und,WSC2019_TP40_actual,0,,WSC2019/TP/40/actual/und/WSC2019_TP40_actual,https://api.worldskills.org/resources/download/11468,queued,wsc-2019-kazan,
WSC2019,TP,41,Health and Social Care,actual,und,WSC2019_TP41_actual,0,,WSC2019/TP/41/actual/und/WSC2019_TP41_actual,https://api.worldskills.org/resources/download/11425,queued,wsc-2019-kazan,
WSC2019,TP,41,Health and Social Care,pre,en,WSC2019_TP41_pre_EN,0,,WSC2019/TP/41/pre/en/WSC2019_TP41_pre_EN,https://api.worldskills.org/resources/download/9789,queued,wsc-2019-kazan,
WSC2019,TP,42,Construction Metal Work,,en,WSC2019_TP42_EN_instructions_pre,0,,WSC2019/TP/42/en/WSC2019_TP42_EN_instructions_pre,https://api.worldskills.org/resources/download/9866,queued,wsc-2019-kazan,
WSC2019,TP,42,Construction Metal Work,actual,und,WSC2019_TP42_actual,0,,WSC2019/TP/42/actual/und/WSC2019_TP42_actual,https://api.worldskills.org/resources/download/11442,queued,wsc-2019-kazan,
WSC2019,TP,43,Plastic Die Engineering,actual,und,WSC2019_TP43_actual,0,,WSC2019/TP/43/actual/und/WSC2019_TP43_actual,https://api.worldskills.org/resources/download/11426,queued,wsc-2019-kazan,
WSC2019,TP,44,Visual Merchandising,actual,und,WSC2019_TP44_actual,0,,WSC2019/TP/44/actual/und/WSC2019_TP44_actual,https://api.worldskills.org/resources/download/11427,queued,wsc-2019-kazan,
WSC2019,TP,44,Visual Merchandising,pre,en,WSC2019_TP44_pre_EN,0,,WSC2019/TP/44/pre/en/WSC2019_TP44_pre_EN,https://api.worldskills.org/resources/download/9822,queued,wsc-2019-kazan,
WSC2019,TP,45,Prototype Modelling,actual,und,WSC2019_TP45_actual,0,,WSC2019/TP/45/actual/und/WSC2019_TP45_actual,https://api.worldskills.org/resources/download/11435,queued,wsc-2019-kazan,
WSC2019,TP,45,Prototype Modelling,proposal,und,WSC2019_TP45_proposal_pre,0,,WSC2019/TP/45/proposal/und/WSC2019_TP45_proposal_pre,https://api.worldskills.org/resources/download/9865,queued,wsc-2019-kazan,
WSC2019,TP,46,Concrete Construction Work,actual,und,WSC2019_TP46_actual,0,,WSC2019/TP/46/actual/und/WSC2019_TP46_actual,https://api.worldskills.org/resources/download/11428,queued,wsc-2019-kazan,
WSC2019,TP,47,Bakery,actual,und,WSC2019_TP47_actual,0,,WSC2019/TP/47/actual/und/WSC2019_TP47_actual,https://api.worldskills.org/resources/download/11429,queued,wsc-2019-kazan,
WSC2019,TP,47,Bakery,pre,en,WSC2019_TP47_pre_EN,0,,WSC2019/TP/47/pre/en/WSC2019_TP47_pre_EN,https://api.worldskills.org/resources/download/9849,queued,wsc-2019-kazan,
WSC2019,TP,48,Industrial Mechanic Millwright,actual,und,WSC2019_TP48_actual,0,,WSC2019/TP/48/actual/und/WSC2019_TP48_actual,https://api.worldskills.org/resources/download/11430,queued,wsc-2019-kazan,
WSC2019,TP,49,Heavy Vehicle Technology,actual,und,WSC2019_TP49_actual,0,,WSC2019/TP/49/actual/und/WSC2019_TP49_actual,https://api.worldskills.org/resources/download/11431,queued,wsc-2019-kazan,
WSC2019,TP,50,3D Digital Game Art,actual,und,WSC2019_TP50_actual,0,,WSC2019/TP/50/actual/und/WSC2019_TP50_actual,https://api.worldskills.org/resources/download/11432,queued,wsc-2019-kazan,
WSC2019,TP,51,Freight Forwarding,actual,und,WSC2019_TP51_actual,0,,WSC2019/TP/51/actual/und/WSC2019_TP51_actual,https://api.worldskills.org/resources/download/11467,queued,wsc-2019-kazan,
WSC2019,TP,52,Chemical Laboratory Technology,actual,und,WSC2019_TP52_actual,0,,WSC2019/TP/52/actual/und/WSC2019_TP52_actual,https://api.worldskills.org/resources/download/11438,queued,wsc-2019-kazan,
WSC2019,TP,53,Cloud Computing,actual,und,WSC2019_TP53_actual,0,,WSC2019/TP/53/actual/und/WSC2019_TP53_actual,https://api.worldskills.org/resources/download/11437,queued,wsc-2019-kazan,
WSC2019,TP,54,Cyber Security,pre,en,WSC2019_TP54_AB_pre_EN,0,,WSC2019/TP/54/pre/en/WSC2019_TP54_AB_pre_EN,https://api.worldskills.org/resources/download/9818,queued,wsc-2019-kazan,
WSC2019,TP,54,Cyber Security,actual,und,WSC2019_TP54_actual,0,,WSC2019/TP/54/actual/und/WSC2019_TP54_actual,https://api.worldskills.org/resources/download/11439,queued,wsc-2019-kazan,
WSC2019,TP,55,Water Technology,actual,und,WSC2019_TP55_actual,0,,WSC2019/TP/55/actual/und/WSC2019_TP55_actual,https://api.worldskills.org/resources/download/11433,queued,wsc-2019-kazan,
WSC2019,TP,56,Hotel Reception,actual,und,WSC2019_TP56_actual,0,,WSC2019/TP/56/actual/und/WSC2019_TP56_actual,https://api.worldskills.org/resources/download/11434,queued,wsc-2019-kazan,
WSC2019,TP,56,Hotel Reception,pre,en,WSC2019_TP56_pre_EN,0,,WSC2019/TP/56/pre/en/WSC2019_TP56_pre_EN,https://api.worldskills.org/resources/download/9821,queued,wsc-2019-kazan,
WSC2019,TP,F,,,und,WSC2019_TPFS08,0,,WSC2019/TP/F/und/WSC2019_TPFS08,https://api.worldskills.org/resources/download/11740,queued,wsc-2019-kazan,
WSC2019,TP,xx,,,en,WSK2019 TPFS11_EN,0,,WSC2019/TP/xx/en/WSK2019 TPFS11_EN,https://api.worldskills.org/resources/download/11255,queued,wsc-2019-kazan,
WSC2019,TP,xx,,,en,WSK2019_TPFS01_EN,0,,WSC2019/TP/xx/en/WSK2019_TPFS01_EN,https://api.worldskills.org/resources/download/11109,queued,wsc-2019-kazan,
WSC2019,TP,xx,,,en,WSK2019_TPFS02_EN,0,,WSC2019/TP/xx/en/WSK2019_TPFS02_EN,https://api.worldskills.org/resources/download/11110,queued,wsc-2019-kazan,
WSC2019,TP,xx,,,und,WSK2019_TPFS03,0,,WSC2019/TP/xx/und/WSK2019_TPFS03,https://api.worldskills.org/resources/download/11217,queued,wsc-2019-kazan,
WSC2019,TP,xx,,,en,WSK2019_TPFS04_EN,0,,WSC2019/TP/xx/en/WSK2019_TPFS04_EN,https://api.worldskills.org/resources/download/9911,queued,wsc-2019-kazan,
WSC2019,TP,xx,,,en,WSK2019_TPFS05_EN,0,,WSC2019/TP/xx/en/WSK2019_TPFS05_EN,https://api.worldskills.org/resources/download/11262,queued,wsc-2019-kazan,
WSC2019,TP,xx,,,en,WSK2019_TPFS06_EN,0,,WSC2019/TP/xx/en/WSK2019_TPFS06_EN,https://api.worldskills.org/resources/download/9912,queued,wsc-2019-kazan,
WSC2019,TP,xx,,,en,WSK2019_TPFS07_EN,0,,WSC2019/TP/xx/en/WSK2019_TPFS07_EN,https://api.worldskills.org/resources/download/9913,queued,wsc-2019-kazan,
WSC2019,TP,xx,,,en,WSK2019_TPFS10_EN,0,,WSC2019/TP/xx/en/WSK2019_TPFS10_EN,https://api.worldskills.org/resources/download/11263,queued,wsc-2019-kazan,
WSC2019,TP,xx,,,en,WSK2019_TPFS12_EN,0,,WSC2019/TP/xx/en/WSK2019_TPFS12_EN,https://api.worldskills.org/resources/download/11111,queued,wsc-2019-kazan,
WSC2019,TP,xx,,,en,WSK2019_TPFS13_EN,0,,WSC2019/TP/xx/en/WSK2019_TPFS13_EN,https://api.worldskills.org/resources/download/11254,queued,wsc-2019-kazan,
WSC2019,TP,xx,,,en,WSK2019_TPFS14_EN,0,,WSC2019/TP/xx/en/WSK2019_TPFS14_EN,https://api.worldskills.org/resources/download/9914,queued,wsc-2019-kazan,
WSC2019,TP,xx,,,en,WSK2019_TPFS16_EN,0,,WSC2019/TP/xx/en/WSK2019_TPFS16_EN,https://api.worldskills.org/resources/download/11112,queued,wsc-2019-kazan,
WSC2019,TP,xx,,,und,WSK2019_TPFSS01,0,,WSC2019/TP/xx/und/WSK2019_TPFSS01,https://api.worldskills.org/resources/download/11257,queued,wsc-2019-kazan,
WSC2019,TP,xx,,,und,WSK2019_TPFSS02,0,,WSC2019/TP/xx/und/WSK2019_TPFSS02,https://api.worldskills.org/resources/download/11259,queued,wsc-2019-kazan,
WSC2019,TP,xx,,,en,WSK2019_TPFSS03_EN,0,,WSC2019/TP/xx/en/WSK2019_TPFSS03_EN,https://api.worldskills.org/resources/download/9915,queued,wsc-2019-kazan,
WSC2019,TP,xx,,,und,WSK2019_TPFSS04,0,,WSC2019/TP/xx/und/WSK2019_TPFSS04,https://api.worldskills.org/resources/download/11220,queued,wsc-2019-kazan,
WSC2019,TP,xx,,,en,WSK2019_TPFSS05_EN,0,,WSC2019/TP/xx/en/WSK2019_TPFSS05_EN,https://api.worldskills.org/resources/download/11113,queued,wsc-2019-kazan,
WSC2019,TP,xx,,,en,WSK2019_TPFSS06_EN,0,,WSC2019/TP/xx/en/WSK2019_TPFSS06_EN,https://api.worldskills.org/resources/download/11114,queued,wsc-2019-kazan,
WSC2019,TP,xx,,,en,WSK2019_TPFSS08_EN,0,,WSC2019/TP/xx/en/WSK2019_TPFSS08_EN,https://api.worldskills.org/resources/download/9916,queued,wsc-2019-kazan,
WSC2019,TP,xx,,,en,WSK2019_TPFSS09_EN,0,,WSC2019/TP/xx/en/WSK2019_TPFSS09_EN,https://api.worldskills.org/resources/download/11115,queued,wsc-2019-kazan,
WSC2019,TP,xx,,,en,WSK2019_TPFSS10_EN,0,,WSC2019/TP/xx/en/WSK2019_TPFSS10_EN,https://api.worldskills.org/resources/download/11723,queued,wsc-2019-kazan,
WSC2019,TP,xx,,pre,und,WSK2019_TPWSJ01.zip,0,,WSC2019/TP/xx/pre/und/WSK2019_TPWSJ01.zip,https://api.worldskills.org/resources/download/9639,queued,wsc-2019-kazan,
WSC2019,TP,xx,,pre,und,WSK2019_TPWSJ02.zip,0,,WSC2019/TP/xx/pre/und/WSK2019_TPWSJ02.zip,https://api.worldskills.org/resources/download/9640,queued,wsc-2019-kazan,
WSC2019,TP,xx,,,und,WSK2019_TPWSJ03.zip,0,,WSC2019/TP/xx/und/WSK2019_TPWSJ03.zip,https://api.worldskills.org/resources/download/9641,queued,wsc-2019-kazan,
WSC2019,TP,xx,,pre,und,WSK2019_TPWSJ04.zip,0,,WSC2019/TP/xx/pre/und/WSK2019_TPWSJ04.zip,https://api.worldskills.org/resources/download/9642,queued,wsc-2019-kazan,
WSC2019,TP,xx,,pre,en,WSK2019_TPWSJ05_EN,0,,WSC2019/TP/xx/pre/en/WSK2019_TPWSJ05_EN,https://api.worldskills.org/resources/download/9643,queued,wsc-2019-kazan,
WSC2019,TP,xx,,pre,und,WSK2019_TPWSJ06.zip,0,,WSC2019/TP/xx/pre/und/WSK2019_TPWSJ06.zip,https://api.worldskills.org/resources/download/9644,queued,wsc-2019-kazan,
WSC2019,TP,xx,,pre,und,WSK2019_TPWSJ07.zip,0,,WSC2019/TP/xx/pre/und/WSK2019_TPWSJ07.zip,https://api.worldskills.org/resources/download/9645,queued,wsc-2019-kazan,
WSC2019,TP,xx,,pre,und,WSK2019_TPWSJ08,0,,WSC2019/TP/xx/pre/und/WSK2019_TPWSJ08,https://api.worldskills.org/resources/download/9646,queued,wsc-2019-kazan,
WSC2019,TP,xx,,,und,WSK2019_TPWSJ09,0,,WSC2019/TP/xx/und/WSK2019_TPWSJ09,https://api.worldskills.org/resources/download/11229,queued,wsc-2019-kazan,
WSC2019,TP,xx,,,en,WSK2019_TPWSJ10_EN,0,,WSC2019/TP/xx/en/WSK2019_TPWSJ10_EN,https://api.worldskills.org/resources/download/9885,queued,wsc-2019-kazan,
WSC2019,TP,xx,,,en,WSK2019_TPWSJ11_EN,0,,WSC2019/TP/xx/en/WSK2019_TPWSJ11_EN,https://api.worldskills.org/resources/download/9886,queued,wsc-2019-kazan,
WSC2019,TP,xx,,,und,wsk2019_TPFS09,0,,WSC2019/TP/xx/und/wsk2019_TPFS09,https://api.worldskills.org/resources/download/11219,queued,wsc-2019-kazan,
WSC2022,IL,01,Industrial Mechanics,,und,WSC2022_IL01.xlsx,0,,WSC2022/IL/01/und/WSC2022_IL01.xlsx,https://api.worldskills.org/il/reports/requested/lists/536/416?s=xlsx,queued,wsc-2022-shanghai,
WSC2022,IL,02,Information Network Cabling,,und,WSC2022_IL02.xlsx,0,,WSC2022/IL/02/und/WSC2022_IL02.xlsx,https://api.worldskills.org/il/reports/requested/lists/536/189?s=xlsx,queued,wsc-2022-shanghai,
WSC2022,IL,03,Manufacturing Team Challenge,,und,WSC2022_IL03.xlsx,0,,WSC2022/IL/03/und/WSC2022_IL03.xlsx,https://api.worldskills.org/il/reports/requested/lists/536/404?s=xlsx,queued,wsc-2022-shanghai,
WSC2022,IL,04,Mechatronics,,und,WSC2022_IL04.xlsx,0,,WSC2022/IL/04/und/WSC2022_IL04.xlsx,https://api.worldskills.org/il/reports/requested/lists/536/405?s=xlsx,queued,wsc-2022-shanghai,
WSC2022,IL,05,Mechanical Engineering CAD,,und,WSC2022_IL05.xlsx,0,,WSC2022/IL/05/und/WSC2022_IL05.xlsx,https://api.worldskills.org/il/reports/requested/lists/536/406?s=xlsx,queued,wsc-2022-shanghai,
WSC2022,IL,06,CNC Turning,,und,WSC2022_IL06.xlsx,0,,WSC2022/IL/06/und/WSC2022_IL06.xlsx,https://api.worldskills.org/il/reports/requested/lists/536/407?s=xlsx,queued,wsc-2022-shanghai,
WSC2022,IL,07,CNC Milling,,und,WSC2022_IL07.xlsx,0,,WSC2022/IL/07/und/WSC2022_IL07.xlsx,https://api.worldskills.org/il/reports/requested/lists/536/408?s=xlsx,queued,wsc-2022-shanghai,
WSC2022,IL,08,Mobile Applications Development,,und,WSC2022_IL08.xlsx,0,,WSC2022/IL/08/und/WSC2022_IL08.xlsx,https://api.worldskills.org/il/reports/requested/lists/536/468?s=xlsx,queued,wsc-2022-shanghai,
WSC2022,IL,09,IT Software Solutions for Business,,und,WSC2022_IL09.xlsx,0,,WSC2022/IL/09/und/WSC2022_IL09.xlsx,https://api.worldskills.org/il/reports/requested/lists/536/185?s=xlsx,queued,wsc-2022-shanghai,
WSC2022,IL,10,Welding,,und,WSC2022_IL10.xlsx,0,,WSC2022/IL/10/und/WSC2022_IL10.xlsx,https://api.worldskills.org/il/reports/requested/lists/536/409?s=xlsx,queued,wsc-2022-shanghai,
WSC2022,IL,11,Print Media Technology,,und,WSC2022_IL11.xlsx,0,,WSC2022/IL/11/und/WSC2022_IL11.xlsx,https://api.worldskills.org/il/reports/requested/lists/536/195?s=xlsx,queued,wsc-2022-shanghai,
WSC2022,IL,12,Wall and Floor Tiling,,und,WSC2022_IL12.xlsx,0,,WSC2022/IL/12/und/WSC2022_IL12.xlsx,https://api.worldskills.org/il/reports/requested/lists/536/198?s=xlsx,queued,wsc-2022-shanghai,
WSC2022,IL,13,Autobody Repair,,und,WSC2022_IL13.xlsx,0,,WSC2022/IL/13/und/WSC2022_IL13.xlsx,https://api.worldskills.org/il/reports/requested/lists/536/200?s=xlsx,queued,wsc-2022-shanghai,
WSC2022,IL,14,Aircraft Maintenance,,und,WSC2022_IL14.xlsx,0,,WSC2022/IL/14/und/WSC2022_IL14.xlsx,https://api.worldskills.org/il/reports/requested/lists/536/209?s=xlsx,queued,wsc-2022-shanghai,
WSC2022,IL,15,Plumbing and Heating,,und,WSC2022_IL15.xlsx,0,,WSC2022/IL/15/und/WSC2022_IL15.xlsx,https://api.worldskills.org/il/reports/requested/lists/536/186?s=xlsx,queued,wsc-2022-shanghai,
WSC2022,IL,16,Electronics,,und,WSC2022_IL16.xlsx,0,,WSC2022/IL/16/und/WSC2022_IL16.xlsx,https://api.worldskills.org/il/reports/requested/lists/536/410?s=xlsx,queued,wsc-2022-shanghai,
WSC2022,IL,17,Web Technologies,,und,WSC2022_IL17.xlsx,0,,WSC2022/IL/17/und/WSC2022_IL17.xlsx,https://api.worldskills.org/il/reports/requested/lists/536/171?s=xlsx,queued,wsc-2022-shanghai,
WSC2022,IL,18,Electrical Installations,,und,WSC2022_IL18.xlsx,0,,WSC2022/IL/18/und/WSC2022_IL18.xlsx,https://api.worldskills.org/il/reports/requested/lists/536/177?s=xlsx,queued,wsc-2022-shanghai,
WSC2022,IL,19,Industrial Control,,und,WSC2022_IL19.xlsx,0,,WSC2022/IL/19/und/WSC2022_IL19.xlsx,https://api.worldskills.org/il/reports/requested/lists/536/411?s=xlsx,queued,wsc-2022-shanghai,
WSC2022,IL,20,Bricklaying,,und,WSC2022_IL20.xlsx,0,,WSC2022/IL/20/und/WSC2022_IL20.xlsx,https://api.worldskills.org/il/reports/requested/lists/536/175?s=xlsx,queued,wsc-2022-shanghai,
WSC2022,IL,21,Plastering and Drywall Systems,,und,WSC2022_IL21.xlsx,0,,WSC2022/IL/21/und/WSC2022_IL21.xlsx,https://api.worldskills.org/il/reports/requested/lists/536/207?s=xlsx,queued,wsc-2022-shanghai,
WSC2022,IL,22,Painting and Decorating,,und,WSC2022_IL22.xlsx,0,,WSC2022/IL/22/und/WSC2022_IL22.xlsx,https://api.worldskills.org/il/reports/requested/lists/536/184?s=xlsx,queued,wsc-2022-shanghai,
WSC2022,IL,23,Mobile Robotics,,und,WSC2022_IL23.xlsx,0,,WSC2022/IL/23/und/WSC2022_IL23.xlsx,https://api.worldskills.org/il/reports/requested/lists/536/412?s=xlsx,queued,wsc-2022-shanghai,
WSC2022,IL,24,Cabinetmaking,,und,WSC2022_IL24.xlsx,0,,WSC2022/IL/24/und/WSC2022_IL24.xlsx,https://api.worldskills.org/il/reports/requested/lists/536/190?s=xlsx,queued,wsc-2022-shanghai,
WSC2022,IL,25,Joinery,,und,WSC2022_IL25.xlsx,0,,WSC2022/IL/25/und/WSC2022_IL25.xlsx,https://api.worldskills.org/il/reports/requested/lists/536/174?s=xlsx,queued,wsc-2022-shanghai,
WSC2022,IL,26,Carpentry,,und,WSC2022_IL26.xlsx,0,,WSC2022/IL/26/und/WSC2022_IL26.xlsx,https://api.worldskills.org/il/reports/requested/lists/536/203?s=xlsx,queued,wsc-2022-shanghai,
WSC2022,IL,27,Jewellery,,und,WSC2022_IL27.xlsx,0,,WSC2022/IL/27/und/WSC2022_IL27.xlsx,https://api.worldskills.org/il/reports/requested/lists/536/176?s=xlsx,queued,wsc-2022-shanghai,
WSC2022,IL,28,Floristry,,und,WSC2022_IL28.xlsx,0,,WSC2022/IL/28/und/WSC2022_IL28.xlsx,https://api.worldskills.org/il/reports/requested/lists/536/204?s=xlsx,queued,wsc-2022-shanghai,
WSC2022,IL,29,Hairdressing,,und,WSC2022_IL29.xlsx,0,,WSC2022/IL/29/und/WSC2022_IL29.xlsx,https://api.worldskills.org/il/reports/requested/lists/536/206?s=xlsx,queued,wsc-2022-shanghai,
WSC2022,IL,30,Beauty Therapy,,und,WSC2022_IL30.xlsx,0,,WSC2022/IL/30/und/WSC2022_IL30.xlsx,https://api.worldskills.org/il/reports/requested/lists/536/183?s=xlsx,queued,wsc-2022-shanghai,
WSC2022,IL,31,Fashion Technology,,und,WSC2022_IL31.xlsx,0,,WSC2022/IL/31/und/WSC2022_IL31.xlsx,https://api.worldskills.org/il/reports/requested/lists/536/173?s=xlsx,queued,wsc-2022-shanghai,
WSC2022,IL,32,Pâtisserie and Confectionery,,und,WSC2022_IL32.xlsx,0,,WSC2022/IL/32/und/WSC2022_IL32.xlsx,https://api.worldskills.org/il/reports/requested/lists/536/199?s=xlsx,queued,wsc-2022-shanghai,
WSC2022,IL,33,Automobile Technology,,und,WSC2022_IL33.xlsx,0,,WSC2022/IL/33/und/WSC2022_IL33.xlsx,https://api.worldskills.org/il/reports/requested/lists/536/205?s=xlsx,queued,wsc-2022-shanghai,
WSC2022,IL,34,Cooking,,und,WSC2022_IL34.xlsx,0,,WSC2022/IL/34/und/WSC2022_IL34.xlsx,https://api.worldskills.org/il/reports/requested/lists/536/196?s=xlsx,queued,wsc-2022-shanghai,
WSC2022,IL,35,Restaurant Service,,und,WSC2022_IL35.xlsx,0,,WSC2022/IL/35/und/WSC2022_IL35.xlsx,https://api.worldskills.org/il/reports/requested/lists/536/194?s=xlsx,queued,wsc-2022-shanghai,
WSC2022,IL,36,Car Painting,,und,WSC2022_IL36.xlsx,0,,WSC2022/IL/36/und/WSC2022_IL36.xlsx,https://api.worldskills.org/il/reports/requested/lists/536/172?s=xlsx,queued,wsc-2022-shanghai,
WSC2022,IL,37,Landscape Gardening,,und,WSC2022_IL37.xlsx,0,,WSC2022/IL/37/und/WSC2022_IL37.xlsx,https://api.worldskills.org/il/reports/requested/lists/536/208?s=xlsx,queued,wsc-2022-shanghai,
WSC2022,IL,38,Refrigeration and Air Conditioning,,und,WSC2022_IL38.xlsx,0,,WSC2022/IL/38/und/WSC2022_IL38.xlsx,https://api.worldskills.org/il/reports/requested/lists/536/181?s=xlsx,queued,wsc-2022-shanghai,
WSC2022,IL,39,IT Network Systems Administration,,und,WSC2022_IL39.xlsx,0,,WSC2022/IL/39/und/WSC2022_IL39.xlsx,https://api.worldskills.org/il/reports/requested/lists/536/182?s=xlsx,queued,wsc-2022-shanghai,
WSC2022,IL,40,Graphic Design Technology,,und,WSC2022_IL40.xlsx,0,,WSC2022/IL/40/und/WSC2022_IL40.xlsx,https://api.worldskills.org/il/reports/requested/lists/536/178?s=xlsx,queued,wsc-2022-shanghai,
WSC2022,IL,41,Health and Social Care,,und,WSC2022_IL41.xlsx,0,,WSC2022/IL/41/und/WSC2022_IL41.xlsx,https://api.worldskills.org/il/reports/requested/lists/536/191?s=xlsx,queued,wsc-2022-shanghai,
WSC2022,IL,42,Construction Metal Work,,und,WSC2022_IL42.xlsx,0,,WSC2022/IL/42/und/WSC2022_IL42.xlsx,https://api.worldskills.org/il/reports/requested/lists/536/413?s=xlsx,queued,wsc-2022-shanghai,
WSC2022,IL,43,Plastic Die Engineering,,und,WSC2022_IL43.xlsx,0,,WSC2022/IL/43/und/WSC2022_IL43.xlsx,https://api.worldskills.org/il/reports/requested/lists/536/414?s=xlsx,queued,wsc-2022-shanghai,
WSC2022,IL,44,Visual Merchandising,,und,WSC2022_IL44.xlsx,0,,WSC2022/IL/44/und/WSC2022_IL44.xlsx,https://api.worldskills.org/il/reports/requested/lists/536/180?s=xlsx,queued,wsc-2022-shanghai,
WSC2022,IL,45,Prototype Modelling,,und,WSC2022_IL45.xlsx,0,,WSC2022/IL/45/und/WSC2022_IL45.xlsx,https://api.worldskills.org/il/reports/requested/lists/536/415?s=xlsx,queued,wsc-2022-shanghai,
WSC2022,IL,46,Concrete Construction Work,,und,WSC2022_IL46.xlsx,0,,WSC2022/IL/46/und/WSC2022_IL46.xlsx,https://api.worldskills.org/il/reports/requested/lists/536/188?s=xlsx,queued,wsc-2022-shanghai,
WSC2022,IL,47,Bakery,,und,WSC2022_IL47.xlsx,0,,WSC2022/IL/47/und/WSC2022_IL47.xlsx,https://api.worldskills.org/il/reports/requested/lists/536/210?s=xlsx,queued,wsc-2022-shanghai,
WSC2022,IL,48,Industry 4.0,,und,WSC2022_IL48.xlsx,0,,WSC2022/IL/48/und/WSC2022_IL48.xlsx,https://api.worldskills.org/il/reports/requested/lists/536/467?s=xlsx,queued,wsc-2022-shanghai,
WSC2022,IL,49,Heavy Vehicle Technology,,und,WSC2022_IL49.xlsx,0,,WSC2022/IL/49/und/WSC2022_IL49.xlsx,https://api.worldskills.org/il/reports/requested/lists/536/197?s=xlsx,queued,wsc-2022-shanghai,
WSC2022,IL,50,3D Digital Game Art,,und,WSC2022_IL50.xlsx,0,,WSC2022/IL/50/und/WSC2022_IL50.xlsx,https://api.worldskills.org/il/reports/requested/lists/536/179?s=xlsx,queued,wsc-2022-shanghai,
WSC2022,IL,51,Freight Forwarding,,und,WSC2022_IL51.xlsx,0,,WSC2022/IL/51/und/WSC2022_IL51.xlsx,https://api.worldskills.org/il/reports/requested/lists/536/192?s=xlsx,queued,wsc-2022-shanghai,
WSC2022,IL,52,Chemical Laboratory Technology,,und,WSC2022_IL52.xlsx,0,,WSC2022/IL/52/und/WSC2022_IL52.xlsx,https://api.worldskills.org/il/reports/requested/lists/536/417?s=xlsx,queued,wsc-2022-shanghai,
WSC2022,IL,53,Cloud Computing,,und,WSC2022_IL53.xlsx,0,,WSC2022/IL/53/und/WSC2022_IL53.xlsx,https://api.worldskills.org/il/reports/requested/lists/536/201?s=xlsx,queued,wsc-2022-shanghai,
WSC2022,IL,54,Cyber Security,,und,WSC2022_IL54.xlsx,0,,WSC2022/IL/54/und/WSC2022_IL54.xlsx,https://api.worldskills.org/il/reports/requested/lists/536/187?s=xlsx,queued,wsc-2022-shanghai,
WSC2022,IL,55,Water Technology,,und,WSC2022_IL55.xlsx,0,,WSC2022/IL/55/und/WSC2022_IL55.xlsx,https://api.worldskills.org/il/reports/requested/lists/536/418?s=xlsx,queued,wsc-2022-shanghai,
WSC2022,IL,56,Hotel Reception,,und,WSC2022_IL56.xlsx,0,,WSC2022/IL/56/und/WSC2022_IL56.xlsx,https://api.worldskills.org/il/reports/requested/lists/536/193?s=xlsx,queued,wsc-2022-shanghai,
WSC2022,IL,57,Additive Manufacturing,,und,WSC2022_IL57.xlsx,0,,WSC2022/IL/57/und/WSC2022_IL57.xlsx,https://api.worldskills.org/il/reports/requested/lists/536/464?s=xlsx,queued,wsc-2022-shanghai,
WSC2022,IL,58,Digital Construction,,und,WSC2022_IL58.xlsx,0,,WSC2022/IL/58/und/WSC2022_IL58.xlsx,https://api.worldskills.org/il/reports/requested/lists/536/465?s=xlsx,queued,wsc-2022-shanghai,
WSC2022,IL,59,Industrial Design Technology,,und,WSC2022_IL59.xlsx,0,,WSC2022/IL/59/und/WSC2022_IL59.xlsx,https://api.worldskills.org/il/reports/requested/lists/536/466?s=xlsx,queued,wsc-2022-shanghai,
WSC2022,IL,60,Optoelectronic Technology,,und,WSC2022_IL60.xlsx,0,,WSC2022/IL/60/und/WSC2022_IL60.xlsx,https://api.worldskills.org/il/reports/requested/lists/536/469?s=xlsx,queued,wsc-2022-shanghai,
WSC2022,IL,61,Rail Vehicle Technology,,und,WSC2022_IL61.xlsx,0,,WSC2022/IL/61/und/WSC2022_IL61.xlsx,https://api.worldskills.org/il/reports/requested/lists/536/470?s=xlsx,queued,wsc-2022-shanghai,
WSC2022,IL,62,Renewable Energy,,und,WSC2022_IL62.xlsx,0,,WSC2022/IL/62/und/WSC2022_IL62.xlsx,https://api.worldskills.org/il/reports/requested/lists/536/471?s=xlsx,queued,wsc-2022-shanghai,
WSC2022,IL,63,Robot Systems Integration,,und,WSC2022_IL63.xlsx,0,,WSC2022/IL/63/und/WSC2022_IL63.xlsx,https://api.worldskills.org/il/reports/requested/lists/536/472?s=xlsx,queued,wsc-2022-shanghai,
WSC2022,TD,01,Industrial Mechanics,,en,WSC2022_TD01_EN,0,,WSC2022/TD/01/en/WSC2022_TD01_EN,https://api.worldskills.org/resources/download/12216,queued,wsc-2022-shanghai,
WSC2022,TD,02,Information Network Cabling,,en,WSC2022_TD02_EN,0,,WSC2022/TD/02/en/WSC2022_TD02_EN,https://api.worldskills.org/resources/download/12288,queued,wsc-2022-shanghai,
WSC2022,TD,03,Manufacturing Team Challenge,,en,WSC2022_TD03_EN,0,,WSC2022/TD/03/en/WSC2022_TD03_EN,https://api.worldskills.org/resources/download/12329,queued,wsc-2022-shanghai,
WSC2022,TD,04,Mechatronics,,en,WSC2022_TD04_EN,0,,WSC2022/TD/04/en/WSC2022_TD04_EN,https://api.worldskills.org/resources/download/12349,queued,wsc-2022-shanghai,
WSC2022,TD,05,Mechanical Engineering CAD,,en,WSC2022_TD05_EN,0,,WSC2022/TD/05/en/WSC2022_TD05_EN,https://api.worldskills.org/resources/download/12350,queued,wsc-2022-shanghai,
WSC2022,TD,06,CNC Turning,,en,WSC2022_TD06_EN,0,,WSC2022/TD/06/en/WSC2022_TD06_EN,https://api.worldskills.org/resources/download/12217,queued,wsc-2022-shanghai,
WSC2022,TD,07,CNC Milling,,en,WSC2022_TD07_EN,0,,WSC2022/TD/07/en/WSC2022_TD07_EN,https://api.worldskills.org/resources/download/12292,queued,wsc-2022-shanghai,
WSC2022,TD,08,Mobile Applications Development,,en,WSC2022_TD08_EN,0,,WSC2022/TD/08/en/WSC2022_TD08_EN,https://api.worldskills.org/resources/download/12586,queued,wsc-2022-shanghai,
WSC2022,TD,09,IT Software Solutions for Business,,en,WSC2022_TD09_EN,0,,WSC2022/TD/09/en/WSC2022_TD09_EN,https://api.worldskills.org/resources/download/12304,queued,wsc-2022-shanghai,
WSC2022,TD,10,Welding,,en,WSC2022_TD10_EN,0,,WSC2022/TD/10/en/WSC2022_TD10_EN,https://api.worldskills.org/resources/download/12219,queued,wsc-2022-shanghai,
WSC2022,TD,11,Print Media Technology,,en,WSC2022_TD11_EN,0,,WSC2022/TD/11/en/WSC2022_TD11_EN,https://api.worldskills.org/resources/download/12220,queued,wsc-2022-shanghai,
WSC2022,TD,12,Wall and Floor Tiling,,en,WSC2022_TD12_EN,0,,WSC2022/TD/12/en/WSC2022_TD12_EN,https://api.worldskills.org/resources/download/12336,queued,wsc-2022-shanghai,
WSC2022,TD,13,Autobody Repair,,en,WSC2022_TD13_EN,0,,WSC2022/TD/13/en/WSC2022_TD13_EN,https://api.worldskills.org/resources/download/12221,queued,wsc-2022-shanghai,
WSC2022,TD,14,Aircraft Maintenance,,en,WSC2022_TD14_EN,0,,WSC2022/TD/14/en/WSC2022_TD14_EN,https://api.worldskills.org/resources/download/12222,queued,wsc-2022-shanghai,
WSC2022,TD,15,Plumbing and Heating,,en,WSC2022_TD15_EN,0,,WSC2022/TD/15/en/WSC2022_TD15_EN,https://api.worldskills.org/resources/download/12223,queued,wsc-2022-shanghai,
WSC2022,TD,16,Electronics,,en,WSC2022_TD16_EN,0,,WSC2022/TD/16/en/WSC2022_TD16_EN,https://api.worldskills.org/resources/download/12305,queued,wsc-2022-shanghai,
WSC2022,TD,17,Web Technologies,,en,WSC2022_TD17_EN,0,,WSC2022/TD/17/en/WSC2022_TD17_EN,https://api.worldskills.org/resources/download/12306,queued,wsc-2022-shanghai,
WSC2022,TD,18,Electrical Installations,,en,WSC2022_TD18_EN,0,,WSC2022/TD/18/en/WSC2022_TD18_EN,https://api.worldskills.org/resources/download/12224,queued,wsc-2022-shanghai,
WSC2022,TD,19,Industrial Control,,en,WSC2022_TD19_EN,0,,WSC2022/TD/19/en/WSC2022_TD19_EN,https://api.worldskills.org/resources/download/12307,queued,wsc-2022-shanghai,
WSC2022,TD,20,Bricklaying,,en,WSC2022_TD20_EN,0,,WSC2022/TD/20/en/WSC2022_TD20_EN,https://api.worldskills.org/resources/download/12806,queued,wsc-2022-shanghai,
WSC2022,TD,21,Plastering and Drywall Systems,,en,WSC2022_TD21_EN,0,,WSC2022/TD/21/en/WSC2022_TD21_EN,https://api.worldskills.org/resources/download/12225,queued,wsc-2022-shanghai,
WSC2022,TD,22,Painting and Decorating,,en,WSC2022_TD22_EN,0,,WSC2022/TD/22/en/WSC2022_TD22_EN,https://api.worldskills.org/resources/download/12291,queued,wsc-2022-shanghai,
WSC2022,TD,23,Mobile Robotics,,en,WSC2022_TD23_EN,0,,WSC2022/TD/23/en/WSC2022_TD23_EN,https://api.worldskills.org/resources/download/12273,queued,wsc-2022-shanghai,
WSC2022,TD,24,Cabinetmaking,,en,WSC2022_TD24_EN,0,,WSC2022/TD/24/en/WSC2022_TD24_EN,https://api.worldskills.org/resources/download/12345,queued,wsc-2022-shanghai,
WSC2022,TD,25,Joinery,,en,WSC2022_TD25_EN,0,,WSC2022/TD/25/en/WSC2022_TD25_EN,https://api.worldskills.org/resources/download/12226,queued,wsc-2022-shanghai,
WSC2022,TD,26,Carpentry,,en,WSC2022_TD26_EN,0,,WSC2022/TD/26/en/WSC2022_TD26_EN,https://api.worldskills.org/resources/download/12227,queued,wsc-2022-shanghai,
WSC2022,TD,27,Jewellery,,en,WSC2022_TD27_EN,0,,WSC2022/TD/27/en/WSC2022_TD27_EN,https://api.worldskills.org/resources/download/12356,queued,wsc-2022-shanghai,
WSC2022,TD,28,Floristry,,en,WSC2022_TD28_EN,0,,WSC2022/TD/28/en/WSC2022_TD28_EN,https://api.worldskills.org/resources/download/12298,queued,wsc-2022-shanghai,
WSC2022,TD,29,Hairdressing,,en,WSC2022_TD29_EN,0,,WSC2022/TD/29/en/WSC2022_TD29_EN,https://api.worldskills.org/resources/download/12237,queued,wsc-2022-shanghai,
WSC2022,TD,30,Beauty Therapy,,en,WSC2022_TD30_EN,0,,WSC2022/TD/30/en/WSC2022_TD30_EN,https://api.worldskills.org/resources/download/12228,queued,wsc-2022-shanghai,
WSC2022,TD,31,Fashion Technology,,en,WSC2022_TD31_EN,0,,WSC2022/TD/31/en/WSC2022_TD31_EN,https://api.worldskills.org/resources/download/12299,queued,wsc-2022-shanghai,
WSC2022,TD,32,Pâtisserie and Confectionery,,en,WSC2022_TD32_EN,0,,WSC2022/TD/32/en/WSC2022_TD32_EN,https://api.worldskills.org/resources/download/12308,queued,wsc-2022-shanghai,
WSC2022,TD,33,Automobile Technology,,en,WSC2022_TD33_EN,0,,WSC2022/TD/33/en/WSC2022_TD33_EN,https://api.worldskills.org/resources/download/12293,queued,wsc-2022-shanghai,
WSC2022,TD,34,Cooking,,en,WSC2022_TD34_EN,0,,WSC2022/TD/34/en/WSC2022_TD34_EN,https://api.worldskills.org/resources/download/12229,queued,wsc-2022-shanghai,
WSC2022,TD,35,Restaurant Service,,en,WSC2022_TD35_EN,0,,WSC2022/TD/35/en/WSC2022_TD35_EN,https://api.worldskills.org/resources/download/12407,queued,wsc-2022-shanghai,
WSC2022,TD,36,Car Painting,,en,WSC2022_TD36_EN,0,,WSC2022/TD/36/en/WSC2022_TD36_EN,https://api.worldskills.org/resources/download/12347,queued,wsc-2022-shanghai,
WSC2022,TD,37,Landscape Gardening,,en,WSC2022_TD37_EN,0,,WSC2022/TD/37/en/WSC2022_TD37_EN,https://api.worldskills.org/resources/download/12348,queued,wsc-2022-shanghai,
WSC2022,TD,38,Refrigeration and Air Conditioning,,en,WSC2022_TD38_EN,0,,WSC2022/TD/38/en/WSC2022_TD38_EN,https://api.worldskills.org/resources/download/12244,queued,wsc-2022-shanghai,
WSC2022,TD,39,IT Network Systems Administration,,en,WSC2022_TD39_EN,0,,WSC2022/TD/39/en/WSC2022_TD39_EN,https://api.worldskills.org/resources/download/12230,queued,wsc-2022-shanghai,
WSC2022,TD,40,Graphic Design Technology,,en,WSC2022_TD40_EN,0,,WSC2022/TD/40/en/WSC2022_TD40_EN,https://api.worldskills.org/resources/download/12231,queued,wsc-2022-shanghai,
WSC2022,TD,41,Health and Social Care,,en,WSC2022_TD41_EN,0,,WSC2022/TD/41/en/WSC2022_TD41_EN,https://api.worldskills.org/resources/download/12333,queued,wsc-2022-shanghai,
WSC2022,TD,42,Construction Metal Work,,en,WSC2022_TD42_EN,0,,WSC2022/TD/42/en/WSC2022_TD42_EN,https://api.worldskills.org/resources/download/12294,queued,wsc-2022-shanghai,
WSC2022,TD,43,Plastic Die Engineering,,en,WSC2022_TD43_EN,0,,WSC2022/TD/43/en/WSC2022_TD43_EN,https://api.worldskills.org/resources/download/12331,queued,wsc-2022-shanghai,
WSC2022,TD,44,Visual Merchandising,,en,WSC2022_TD44_EN,0,,WSC2022/TD/44/en/WSC2022_TD44_EN,https://api.worldskills.org/resources/download/12240,queued,wsc-2022-shanghai,
WSC2022,TD,45,Prototype Modelling,,en,WSC2022_TD45_EN,0,,WSC2022/TD/45/en/WSC2022_TD45_EN,https://api.worldskills.org/resources/download/12242,queued,wsc-2022-shanghai,
WSC2022,TD,46,Concrete Construction Work,,en,WSC2022_TD46_EN,0,,WSC2022/TD/46/en/WSC2022_TD46_EN,https://api.worldskills.org/resources/download/12357,queued,wsc-2022-shanghai,
WSC2022,TD,47,Bakery,,en,WSC2022_TD47_EN,0,,WSC2022/TD/47/en/WSC2022_TD47_EN,https://api.worldskills.org/resources/download/12232,queued,wsc-2022-shanghai,
WSC2022,TD,48,Industry 4.0,,en,WSC2022_TD48_EN,0,,WSC2022/TD/48/en/WSC2022_TD48_EN,https://api.worldskills.org/resources/download/12351,queued,wsc-2022-shanghai,
WSC2022,TD,49,Heavy Vehicle Technology,,en,WSC2022_TD49_EN,0,,WSC2022/TD/49/en/WSC2022_TD49_EN,https://api.worldskills.org/resources/download/12340,queued,wsc-2022-shanghai,
WSC2022,TD,50,3D Digital Game Art,,en,WSC2022_TD50_EN,0,,WSC2022/TD/50/en/WSC2022_TD50_EN,https://api.worldskills.org/resources/download/12367,queued,wsc-2022-shanghai,
WSC2022,TD,51,Freight Forwarding,,en,WSC2022_TD51_EN,0,,WSC2022/TD/51/en/WSC2022_TD51_EN,https://api.worldskills.org/resources/download/12409,queued,wsc-2022-shanghai,
WSC2022,TD,52,Chemical Laboratory Technology,,en,WSC2022_TD52_EN,0,,WSC2022/TD/52/en/WSC2022_TD52_EN,https://api.worldskills.org/resources/download/12233,queued,wsc-2022-shanghai,
WSC2022,TD,53,Cloud Computing,,en,WSC2022_TD53_EN,0,,WSC2022/TD/53/en/WSC2022_TD53_EN,https://api.worldskills.org/resources/download/12234,queued,wsc-2022-shanghai,
WSC2022,TD,54,Cyber Security,,en,WSC2022_TD54_EN,0,,WSC2022/TD/54/en/WSC2022_TD54_EN,https://api.worldskills.org/resources/download/12236,queued,wsc-2022-shanghai,
WSC2022,TD,55,Water Technology,,en,WSC2022_TD55_EN,0,,WSC2022/TD/55/en/WSC2022_TD55_EN,https://api.worldskills.org/resources/download/12235,queued,wsc-2022-shanghai,
WSC2022,TD,56,Hotel Reception,,en,WSC2022_TD56_EN,0,,WSC2022/TD/56/en/WSC2022_TD56_EN,https://api.worldskills.org/resources/download/12243,queued,wsc-2022-shanghai,
WSC2022,TD,57,Additive Manufacturing,,en,WSC2022_TD57_EN,0,,WSC2022/TD/57/en/WSC2022_TD57_EN,https://api.worldskills.org/resources/download/12346,queued,wsc-2022-shanghai,
WSC2022,TD,58,Digital Construction,,en,WSC2022_TD58_EN,0,,WSC2022/TD/58/en/WSC2022_TD58_EN,https://api.worldskills.org/resources/download/12300,queued,wsc-2022-shanghai,
WSC2022,TD,59,Industrial Design Technology,,en,WSC2022_TD59_EN,0,,WSC2022/TD/59/en/WSC2022_TD59_EN,https://api.worldskills.org/resources/download/12352,queued,wsc-2022-shanghai,
WSC2022,TD,60,Optoelectronic Technology,,en,WSC2022_TD60_EN,0,,WSC2022/TD/60/en/WSC2022_TD60_EN,https://api.worldskills.org/resources/download/12311,queued,wsc-2022-shanghai,
WSC2022,TD,61,Rail Vehicle Technology,,en,WSC2022_TD61_EN,0,,WSC2022/TD/61/en/WSC2022_TD61_EN,https://api.worldskills.org/resources/download/12302,queued,wsc-2022-shanghai,
WSC2022,TD,62,Renewable Energy,,en,WSC2022_TD62_EN,0,,WSC2022/TD/62/en/WSC2022_TD62_EN,https://api.worldskills.org/resources/download/12370,queued,wsc-2022-shanghai,
WSC2022,TD,63,Robot Systems Integration,,en,WSC2022_TD63_EN,0,,WSC2022/TD/63/en/WSC2022_TD63_EN,https://api.worldskills.org/resources/download/12309,queued,wsc-2022-shanghai,
WSC2022,TD,xx,,,und,documents.json,0,,WSC2022/TD/xx/und/documents.json,https://api.worldskills.org/skillman/documents/events/536,forbidden,wsc-2022-shanghai,
WSC2022,TP,03,Manufacturing Team Challenge,pre,en,WSC2022_TP03_pre_EN,0,,WSC2022/TP/03/pre/en/WSC2022_TP03_pre_EN,https://api.worldskills.org/resources/download/12648,queued,wsc-2022-shanghai,
WSC2022,TP,10,Welding,pre,en,WSC2022_TP10_pre_EN,0,,WSC2022/TP/10/pre/en/WSC2022_TP10_pre_EN,https://api.worldskills.org/resources/download/12051,queued,wsc-2022-shanghai,
WSC2022,TP,23,Mobile Robotics,pre,en,WSC2022_TP23_pre_EN,0,,WSC2022/TP/23/pre/en/WSC2022_TP23_pre_EN,https://api.worldskills.org/resources/download/13458,queued,wsc-2022-shanghai,
WSC2022,TP,24,Cabinetmaking,proposal,en,WSC2022_TP24_proposals_en,0,,WSC2022/TP/24/proposal/en/WSC2022_TP24_proposals_en,https://api.worldskills.org/resources/download/15431,queued,wsc-2022-shanghai,
WSC2022,TP,26,Carpentry,,und,WSC2022_TP26_pre,0,,WSC2022/TP/26/und/WSC2022_TP26_pre,https://api.worldskills.org/resources/download/15636,queued,wsc-2022-shanghai,
WSC2022SE,DOC,01,Industrial Mechanics,,und,WSC2022SE_01_Industrial_Mechanics_WorldSkills_Scale_results.pdf,0,,WSC2022SE/DOC/01/und/WSC2022SE_01_Industrial_Mechanics_WorldSkills_Scale_results.pdf,https://api.worldskills.org/resources/download/17767,queued,wsc-2022-special-edition,
WSC2022SE,DOC,02,Information Network Cabling,,und,WSC2022SE_02_Information_Network_Cabling_WorldSkills_Scale_results.pdf,0,,WSC2022SE/DOC/02/und/WSC2022SE_02_Information_Network_Cabling_WorldSkills_Scale_results.pdf,https://api.worldskills.org/resources/download/17735,queued,wsc-2022-special-edition,
WSC2022SE,DOC,03,Manufacturing Team Challenge,,und,WSC2022SE_03_Manufacturing_Team_Challenge_WorldSkills_Scale_results.pdf,0,,WSC2022SE/DOC/03/und/WSC2022SE_03_Manufacturing_Team_Challenge_WorldSkills_Scale_results.pdf,https://api.worldskills.org/resources/download/17904,queued,wsc-2022-special-edition,
WSC2022SE,DOC,04,Mechatronics,,und,WSC2022SE_04_Mechatronics_WorldSkills_Scale_results.pdf,0,,WSC2022SE/DOC/04/und/WSC2022SE_04_Mechatronics_WorldSkills_Scale_results.pdf,https://api.worldskills.org/resources/download/17488,queued,wsc-2022-special-edition,
WSC2022SE,DOC,05,Mechanical Engineering CAD,,und,WSC2022SE_05_Mechanical_Engineering_CAD_WorldSkills_Scale_results.pdf,0,,WSC2022SE/DOC/05/und/WSC2022SE_05_Mechanical_Engineering_CAD_WorldSkills_Scale_results.pdf,https://api.worldskills.org/resources/download/17783,queued,wsc-2022-special-edition,
WSC2022SE,DOC,06,CNC Turning,,und,WSC2022SE_06_CNC_Turning_WorldSkills_Scale_results.pdf,0,,WSC2022SE/DOC/06/und/WSC2022SE_06_CNC_Turning_WorldSkills_Scale_results.pdf,https://api.worldskills.org/resources/download/17674,queued,wsc-2022-special-edition,
WSC2022SE,DOC,07,CNC Milling,,und,WSC2022SE_07_CNC_Milling_WorldSkills_Scale_results.pdf,0,,WSC2022SE/DOC/07/und/WSC2022SE_07_CNC_Milling_WorldSkills_Scale_results.pdf,https://api.worldskills.org/resources/download/17675,queued,wsc-2022-special-edition,
WSC2022SE,DOC,08,Mobile Applications Development,,und,WSC2022SE_08_Mobile_Applications_Development_WorldSkills_Scale_results.pdf,0,,WSC2022SE/DOC/08/und/WSC2022SE_08_Mobile_Applications_Development_WorldSkills_Scale_results.pdf,https://api.worldskills.org/resources/download/17688,queued,wsc-2022-special-edition,
WSC2022SE,DOC,09,IT Software Solutions for Business,,it,WSC2022SE_09_IT_Software_Solutions_for_Business_WorldSkills_Scale_results.pdf,0,,WSC2022SE/DOC/09/it/WSC2022SE_09_IT_Software_Solutions_for_Business_WorldSkills_Scale_results.pdf,https://api.worldskills.org/resources/download/17689,queued,wsc-2022-special-edition,
WSC2022SE,DOC,10,Welding,,und,WSC2022SE_10_Welding_WorldSkills_Scale_results.pdf,0,,WSC2022SE/DOC/10/und/WSC2022SE_10_Welding_WorldSkills_Scale_results.pdf,https://api.worldskills.org/resources/download/17765,queued,wsc-2022-special-edition,
WSC2022SE,DOC,11,Print Media Technology,,und,WSC2022SE_11_Print_Media_Technology_WorldSkills_Scale_results.pdf,0,,WSC2022SE/DOC/11/und/WSC2022SE_11_Print_Media_Technology_WorldSkills_Scale_results.pdf,https://api.worldskills.org/resources/download/17672,queued,wsc-2022-special-edition,
WSC2022SE,DOC,12,Wall and Floor Tiling,,und,WSC2022SE_12_Wall_and_Floor_Tiling_WorldSkills_Scale_results.pdf,0,,WSC2022SE/DOC/12/und/WSC2022SE_12_Wall_and_Floor_Tiling_WorldSkills_Scale_results.pdf,https://api.worldskills.org/resources/download/17919,queued,wsc-2022-special-edition,
WSC2022SE,DOC,13,Autobody Repair,,und,WSC2022SE_13_Autobody_Repair_WorldSkills_Scale_results.pdf,0,,WSC2022SE/DOC/13/und/WSC2022SE_13_Autobody_Repair_WorldSkills_Scale_results.pdf,https://api.worldskills.org/resources/download/17772,queued,wsc-2022-special-edition,
WSC2022SE,DOC,14,Aircraft Maintenance,,und,WSC2022SE_14_Aircraft_Maintenance_WorldSkills_Scale_results.pdf,0,,WSC2022SE/DOC/14/und/WSC2022SE_14_Aircraft_Maintenance_WorldSkills_Scale_results.pdf,https://api.worldskills.org/resources/download/17905,queued,wsc-2022-special-edition,
WSC2022SE,DOC,15,Plumbing and Heating,,und,WSC2022SE_15_Plumbing_and_Heating_WorldSkills_Scale_results.pdf,0,,WSC2022SE/DOC/15/und/WSC2022SE_15_Plumbing_and_Heating_WorldSkills_Scale_results.pdf,https://api.worldskills.org/resources/download/17907,queued,wsc-2022-special-edition,
WSC2022SE,DOC,16,Electronics,,und,WSC2022SE_16_Electronics_WorldSkills_Scale_results,0,,WSC2022SE/DOC/16/und/WSC2022SE_16_Electronics_WorldSkills_Scale_results,https://api.worldskills.org/resources/download/17792,queued,wsc-2022-special-edition,
WSC2022SE,DOC,17,Web Technologies,,und,WSC2022SE_17_Web_Technologies_WorldSkills_Scale_results.pdf,0,,WSC2022SE/DOC/17/und/WSC2022SE_17_Web_Technologies_WorldSkills_Scale_results.pdf,https://api.worldskills.org/resources/download/17690,queued,wsc-2022-special-edition,
WSC2022SE,DOC,18,Electrical Installations,,und,WSC2022SE_18_Electrical_Installations_WorldSkills_Scale_results.pdf,0,,WSC2022SE/DOC/18/und/WSC2022SE_18_Electrical_Installations_WorldSkills_Scale_results.pdf,https://api.worldskills.org/resources/download/17991,queued,wsc-2022-special-edition,
WSC2022SE,DOC,19,Industrial Control,,und,WSC2022SE_19_Industrial_Control_WorldSkills_Scale_results.pdf,0,,WSC2022SE/DOC/19/und/WSC2022SE_19_Industrial_Control_WorldSkills_Scale_results.pdf,https://api.worldskills.org/resources/download/17992,queued,wsc-2022-special-edition,
WSC2022SE,DOC,20,Bricklaying,,und,WSC2022SE_20_Bricklaying_WorldSkills_Scale_results.pdf,0,,WSC2022SE/DOC/20/und/WSC2022SE_20_Bricklaying_WorldSkills_Scale_results.pdf,https://api.worldskills.org/resources/download/17993,queued,wsc-2022-special-edition,
WSC2022SE,DOC,21,Plastering and Drywall Systems,,und,WSC2022SE_21_Plastering_and_Drywall_Systems_WorldSkills_Scale_results.pdf,0,,WSC2022SE/DOC/21/und/WSC2022SE_21_Plastering_and_Drywall_Systems_WorldSkills_Scale_results.pdf,https://api.worldskills.org/resources/download/17784,queued,wsc-2022-special-edition,
WSC2022SE,DOC,22,Painting and Decorating,,und,WSC2022SE_22_Painting_and_Decorating_WorldSkills_Scale_results.pdf,0,,WSC2022SE/DOC/22/und/WSC2022SE_22_Painting_and_Decorating_WorldSkills_Scale_results.pdf,https://api.worldskills.org/resources/download/17920,queued,wsc-2022-special-edition,
WSC2022SE,DOC,23,Mobile Robotics,,und,WSC2022SE_23_Mobile_Robotics_WorldSkills_Scale_results.pdf,0,,WSC2022SE/DOC/23/und/WSC2022SE_23_Mobile_Robotics_WorldSkills_Scale_results.pdf,https://api.worldskills.org/resources/download/17785,queued,wsc-2022-special-edition,
WSC2022SE,DOC,24,Cabinetmaking,,und,WSC2022SE_24_Cabinetmaking_WorldSkills_Scale_results.pdf,0,,WSC2022SE/DOC/24/und/WSC2022SE_24_Cabinetmaking_WorldSkills_Scale_results.pdf,https://api.worldskills.org/resources/download/17654,queued,wsc-2022-special-edition,
WSC2022SE,DOC,25,Joinery,,und,WSC2022SE_25_Joinery_WorldSkills_Scale_results.pdf,0,,WSC2022SE/DOC/25/und/WSC2022SE_25_Joinery_WorldSkills_Scale_results.pdf,https://api.worldskills.org/resources/download/17655,queued,wsc-2022-special-edition,
WSC2022SE,DOC,26,Carpentry,,und,WSC2022SE_26_Carpentry_WorldSkills_Scale_results.pdf,0,,WSC2022SE/DOC/26/und/WSC2022SE_26_Carpentry_WorldSkills_Scale_results.pdf,https://api.worldskills.org/resources/download/17656,queued,wsc-2022-special-edition,
WSC2022SE,DOC,27,Jewellery,,und,WSC2022SE_27_Jewellery_WorldSkills_Scale_results.pdf,0,,WSC2022SE/DOC/27/und/WSC2022SE_27_Jewellery_WorldSkills_Scale_results.pdf,https://api.worldskills.org/resources/download/17707,queued,wsc-2022-special-edition,
WSC2022SE,DOC,28,Floristry,,und,WSC2022SE_28_Floristry_WorldSkills_Scale_results.pdf,0,,WSC2022SE/DOC/28/und/WSC2022SE_28_Floristry_WorldSkills_Scale_results.pdf,https://api.worldskills.org/resources/download/17798,queued,wsc-2022-special-edition,
WSC2022SE,DOC,29,Hairdressing,,und,WSC2022SE_29_Hairdressing_WorldSkills_Scale_results.pdf,0,,WSC2022SE/DOC/29/und/WSC2022SE_29_Hairdressing_WorldSkills_Scale_results.pdf,https://api.worldskills.org/resources/download/17799,queued,wsc-2022-special-edition,
WSC2022SE,DOC,30,Beauty Therapy,,und,WSC2022SE_30_Beauty_Therapy_WorldSkills_Scale_results.pdf,0,,WSC2022SE/DOC/30/und/WSC2022SE_30_Beauty_Therapy_WorldSkills_Scale_results.pdf,https://api.worldskills.org/resources/download/17800,queued,wsc-2022-special-edition,
WSC2022SE,DOC,31,Fashion Technology,,und,WSC2022SE_31_Fashion_Technology_WorldSkills_Scale_results.pdf,0,,WSC2022SE/DOC/31/und/WSC2022SE_31_Fashion_Technology_WorldSkills_Scale_results.pdf,https://api.worldskills.org/resources/download/17801,queued,wsc-2022-special-edition,
WSC2022SE,DOC,32,Pâtisserie and Confectionery,,und,WSC2022SE_32_Pâtisserie_and_Confectionery_WorldSkills_Scale_results.pdf,0,,WSC2022SE/DOC/32/und/WSC2022SE_32_Pâtisserie_and_Confectionery_WorldSkills_Scale_results.pdf,https://api.worldskills.org/resources/download/17670,queued,wsc-2022-special-edition,
WSC2022SE,DOC,33,Automobile Technology,,und,WSC2022SE_33_Automobile_Technology_WorldSkills_Scale_results.pdf,0,,WSC2022SE/DOC/33/und/WSC2022SE_33_Automobile_Technology_WorldSkills_Scale_results.pdf,https://api.worldskills.org/resources/download/17819,queued,wsc-2022-special-edition,
WSC2022SE,DOC,34,Cooking,,und,WSC2022SE_34_Cooking_WorldSkills_Scale_results.pdf,0,,WSC2022SE/DOC/34/und/WSC2022SE_34_Cooking_WorldSkills_Scale_results.pdf,https://api.worldskills.org/resources/download/17815,queued,wsc-2022-special-edition,
WSC2022SE,DOC,35,Restaurant Service,,und,WSC2022SE_35_Restaurant_Service_WorldSkills_Scale_results.pdf,0,,WSC2022SE/DOC/35/und/WSC2022SE_35_Restaurant_Service_WorldSkills_Scale_results.pdf,https://api.worldskills.org/resources/download/17816,queued,wsc-2022-special-edition,
WSC2022SE,DOC,36,Car Painting,,und,WSC2022SE_36_Car_Painting_WorldSkills_Scale_results.pdf,0,,WSC2022SE/DOC/36/und/WSC2022SE_36_Car_Painting_WorldSkills_Scale_results.pdf,https://api.worldskills.org/resources/download/17771,queued,wsc-2022-special-edition,
WSC2022SE,DOC,37,Landscape Gardening,,und,WSC2022SE_37_Landscape_Gardening_WorldSkills_Scale_results.pdf,0,,WSC2022SE/DOC/37/und/WSC2022SE_37_Landscape_Gardening_WorldSkills_Scale_results.pdf,https://api.worldskills.org/resources/download/17818,queued,wsc-2022-special-edition,
WSC2022SE,DOC,38,Refrigeration and Air Conditioning,,und,WSC2022SE_38_Refrigeration_and_Air_Conditioning_WorldSkills_Scale_results.pdf,0,,WSC2022SE/DOC/38/und/WSC2022SE_38_Refrigeration_and_Air_Conditioning_WorldSkills_Scale_results.pdf,https://api.worldskills.org/resources/download/17650,queued,wsc-2022-special-edition,
WSC2022SE,DOC,39,IT Network Systems Administration,,it,WSC2022SE_39_IT_Network_Systems_Administration_WorldSkills_Scale_results.pdf,0,,WSC2022SE/DOC/39/it/WSC2022SE_39_IT_Network_Systems_Administration_WorldSkills_Scale_results.pdf,https://api.worldskills.org/resources/download/17691,queued,wsc-2022-special-edition,
WSC2022SE,DOC,40,Graphic Design Technology,,und,WSC2022SE_40_Graphic_Design_Technology_WorldSkills_Scale_results.pdf,0,,WSC2022SE/DOC/40/und/WSC2022SE_40_Graphic_Design_Technology_WorldSkills_Scale_results.pdf,https://api.worldskills.org/resources/download/17673,queued,wsc-2022-special-edition,
WSC2022SE,DOC,41,Health and Social Care,,und,WSC2022SE_41_Health_and_Social_Care_WorldSkills_Scale_results.pdf,0,,WSC2022SE/DOC/41/und/WSC2022SE_41_Health_and_Social_Care_WorldSkills_Scale_results.pdf,https://api.worldskills.org/resources/download/17786,queued,wsc-2022-special-edition,
WSC2022SE,DOC,42,Construction Metal Work,,und,WSC2022SE_42_Construction_Metal_Work_WorldSkills_Scale_results.pdf,0,,WSC2022SE/DOC/42/und/WSC2022SE_42_Construction_Metal_Work_WorldSkills_Scale_results.pdf,https://api.worldskills.org/resources/download/17766,queued,wsc-2022-special-edition,
WSC2022SE,DOC,43,Plastic Die Engineering,,und,WSC2022SE_43_Plastic_Die_Engineering_WorldSkills_Scale_results.pdf,0,,WSC2022SE/DOC/43/und/WSC2022SE_43_Plastic_Die_Engineering_WorldSkills_Scale_results.pdf,https://api.worldskills.org/resources/download/17692,queued,wsc-2022-special-edition,
WSC2022SE,DOC,44,Visual Merchandising,,und,WSC2022SE_44_Visual_Merchandising_WorldSkills_Scale_results,0,,WSC2022SE/DOC/44/und/WSC2022SE_44_Visual_Merchandising_WorldSkills_Scale_results,https://api.worldskills.org/resources/download/17722,queued,wsc-2022-special-edition,
WSC2022SE,DOC,45,Prototype Modelling,,und, WSC2022SE_45_Prototype_Modelling_WorldSkills_Scale_results.pdf,0,,WSC2022SE/DOC/45/und/WSC2022SE_45_Prototype_Modelling_WorldSkills_Scale_results.pdf,https://api.worldskills.org/resources/download/17034,queued,wsc-2022-special-edition,
WSC2022SE,DOC,46,Concrete Construction Work,,und,WSC2022SE_46_Concrete_Construction_Work_WorldSkills_Scale_results.pdf,0,,WSC2022SE/DOC/46/und/WSC2022SE_46_Concrete_Construction_Work_WorldSkills_Scale_results.pdf,https://api.worldskills.org/resources/download/17994,queued,wsc-2022-special-edition,
WSC2022SE,DOC,47,Bakery,,und,WSC2022SE_47_Bakery_WorldSkills_Scale_results.pdf,0,,WSC2022SE/DOC/47/und/WSC2022SE_47_Bakery_WorldSkills_Scale_results.pdf,https://api.worldskills.org/resources/download/17671,queued,wsc-2022-special-edition,
WSC2022SE,DOC,48,Industry 4.0,,und,WSC2022SE_48_Industry_4.0_WorldSkills_Scale_results.pdf,0,,WSC2022SE/DOC/48/und/WSC2022SE_48_Industry_4.0_WorldSkills_Scale_results.pdf,https://api.worldskills.org/resources/download/17487,queued,wsc-2022-special-edition,
WSC2022SE,DOC,49,Heavy Vehicle Technology,,und,WSC2022SE_49_Heavy_Vehicle_Technology_WorldSkills_Scale_results.pdf,0,,WSC2022SE/DOC/49/und/WSC2022SE_49_Heavy_Vehicle_Technology_WorldSkills_Scale_results.pdf,https://api.worldskills.org/resources/download/17995,queued,wsc-2022-special-edition,
WSC2022SE,DOC,50,3D Digital Game Art,,und,WSC2022SE_50_3D_Digital_Game_Art_WorldSkills_Scale_results.pdf,0,,WSC2022SE/DOC/50/und/WSC2022SE_50_3D_Digital_Game_Art_WorldSkills_Scale_results.pdf,https://api.worldskills.org/resources/download/17693,queued,wsc-2022-special-edition,
WSC2022SE,DOC,51,Freight Forwarding,,und,WSC2022SE_51_Freight_Forwarding_WorldSkills_Scale_results.pdf,0,,WSC2022SE/DOC/51/und/WSC2022SE_51_Freight_Forwarding_WorldSkills_Scale_results.pdf,https://api.worldskills.org/resources/download/17996,queued,wsc-2022-special-edition,
WSC2022SE,DOC,52,Chemical Laboratory Technology,,und,WSC2022SE_52_Chemical_Laboratory_Technology_WorldSkills_Scale_results.pdf ,0,,WSC2022SE/DOC/52/und/WSC2022SE_52_Chemical_Laboratory_Technology_WorldSkills_Scale_results.pdf,https://api.worldskills.org/resources/download/17997,queued,wsc-2022-special-edition,
WSC2022SE,DOC,53,Cloud Computing,,und,WSC2022SE_53_Cloud_Computing_WorldSkills_Scale_results.pdf,0,,WSC2022SE/DOC/53/und/WSC2022SE_53_Cloud_Computing_WorldSkills_Scale_results.pdf,https://api.worldskills.org/resources/download/17694,queued,wsc-2022-special-edition,
WSC2022SE,DOC,54,Cyber Security,,und,WSC2022SE_54_Cyber_Security_WorldSkills_Scale_results.pdf,0,,WSC2022SE/DOC/54/und/WSC2022SE_54_Cyber_Security_WorldSkills_Scale_results.pdf,https://api.worldskills.org/resources/download/17695,queued,wsc-2022-special-edition,
WSC2022SE,DOC,55,Water Technology,,und,WSC2022SE_55_Water_Technology_WorldSkills_Scale_results.pdf,0,,WSC2022SE/DOC/55/und/WSC2022SE_55_Water_Technology_WorldSkills_Scale_results.pdf,https://api.worldskills.org/resources/download/17489,queued,wsc-2022-special-edition,
WSC2022SE,DOC,56,Hotel Reception,,und,WSC2022SE_56_Hotel_Reception_WorldSkills_Scale_results.pdf,0,,WSC2022SE/DOC/56/und/WSC2022SE_56_Hotel_Reception_WorldSkills_Scale_results.pdf,https://api.worldskills.org/resources/download/17533,queued,wsc-2022-special-edition,
WSC2022SE,DOC,57,Additive Manufacturing,,und,WSC2022SE_57_Additive_Manufacturing_WorldSkills_Scale_results.pdf,0,,WSC2022SE/DOC/57/und/WSC2022SE_57_Additive_Manufacturing_WorldSkills_Scale_results.pdf,https://api.worldskills.org/resources/download/17709,queued,wsc-2022-special-edition,
WSC2022SE,DOC,58,Digital Construction,,und,WSC2022SE_58_Digital_Construction_WorldSkills_Scale_results.pdf,0,,WSC2022SE/DOC/58/und/WSC2022SE_58_Digital_Construction_WorldSkills_Scale_results.pdf,https://api.worldskills.org/resources/download/17787,queued,wsc-2022-special-edition,
WSC2022SE,DOC,60,Optoelectronic Technology,,und,WSC2022SE_60_Optoelectronic_Technology_WorldSkills_Scale_results.pdf,0,,WSC2022SE/DOC/60/und/WSC2022SE_60_Optoelectronic_Technology_WorldSkills_Scale_results.pdf,https://api.worldskills.org/resources/download/17736,queued,wsc-2022-special-edition,
WSC2022SE,DOC,62,Renewable Energy,,und,WSC2022SE_62_Renewable_Energy_WorldSkills_Scale_results.pdf,0,,WSC2022SE/DOC/62/und/WSC2022SE_62_Renewable_Energy_WorldSkills_Scale_results.pdf,https://api.worldskills.org/resources/download/17737,queued,wsc-2022-special-edition,
WSC2022SE,DOC,63,Robot Systems Integration,,und,WSC2022SE_63_Robot_Systems_Integration_WorldSkills_Scale_results.pdf,0,,WSC2022SE/DOC/63/und/WSC2022SE_63_Robot_Systems_Integration_WorldSkills_Scale_results.pdf,https://api.worldskills.org/resources/download/17764,queued,wsc-2022-special-edition,
WSC2022SE,DOC,xx,,,und,WSC2022SE_Member_Comparison_by_Average_Medal_Points,0,,WSC2022SE/DOC/xx/und/WSC2022SE_Member_Comparison_by_Average_Medal_Points,https://api.worldskills.org/resources/download/17999,queued,wsc-2022-special-edition,
WSC2022SE,DOC,xx,,,und,WSC2022SE_Member_Comparison_by_Average_Point_Score,0,,WSC2022SE/DOC/xx/und/WSC2022SE_Member_Comparison_by_Average_Point_Score,https://api.worldskills.org/resources/download/18000,queued,wsc-2022-special-edition,
WSC2022SE,DOC,xx,,,und,WSC2022SE_Member_Comparison_by_Member,0,,WSC2022SE/DOC/xx/und/WSC2022SE_Member_Comparison_by_Member,https://api.worldskills.org/resources/download/18001,queued,wsc-2022-special-edition,
WSC2022SE,DOC,xx,,,und,WSC2022SE_Member_Comparison_by_Total_Medal_Points,0,,WSC2022SE/DOC/xx/und/WSC2022SE_Member_Comparison_by_Total_Medal_Points,https://api.worldskills.org/resources/download/18002,queued,wsc-2022-special-edition,
WSC2022SE,DOC,xx,,,und,WSC2022SE_Member_Comparison_by_Total_Point_Score,0,,WSC2022SE/DOC/xx/und/WSC2022SE_Member_Comparison_by_Total_Point_Score,https://api.worldskills.org/resources/download/18003,queued,wsc-2022-special-edition,
WSC2022SE,DOC,xx,,,und,WSC2022SE_OR_Best_of_Nation,0,,WSC2022SE/DOC/xx/und/WSC2022SE_OR_Best_of_Nation,https://api.worldskills.org/resources/download/18570,queued,wsc-2022-special-edition,
WSC2022SE,DOC,xx,,,und,WSC2022SE_WorldSkills_Scale_results,0,,WSC2022SE/DOC/xx/und/WSC2022SE_WorldSkills_Scale_results,https://api.worldskills.org/resources/download/17998,queued,wsc-2022-special-edition,
WSC2022SE,IL,01,Industrial Mechanics,,und,WSC2022SE_IL01.xlsx,0,,WSC2022SE/IL/01/und/WSC2022SE_IL01.xlsx,https://api.worldskills.org/il/reports/requested/lists/594/918?s=xlsx,queued,wsc-2022-special-edition,
WSC2022SE,IL,02,Information Network Cabling,,und,WSC2022SE_IL02.xlsx,0,,WSC2022SE/IL/02/und/WSC2022SE_IL02.xlsx,https://api.worldskills.org/il/reports/requested/lists/594/949?s=xlsx,queued,wsc-2022-special-edition,
WSC2022SE,IL,03,Manufacturing Team Challenge,,und,WSC2022SE_IL03.xlsx,0,,WSC2022SE/IL/03/und/WSC2022SE_IL03.xlsx,https://api.worldskills.org/il/reports/requested/lists/594/914?s=xlsx,queued,wsc-2022-special-edition,
WSC2022SE,IL,04,Mechatronics,,und,WSC2022SE_IL04.xlsx,0,,WSC2022SE/IL/04/und/WSC2022SE_IL04.xlsx,https://api.worldskills.org/il/reports/requested/lists/594/913?s=xlsx,queued,wsc-2022-special-edition,
WSC2022SE,IL,05,Mechanical Engineering CAD,,und,WSC2022SE_IL05.xlsx,0,,WSC2022SE/IL/05/und/WSC2022SE_IL05.xlsx,https://api.worldskills.org/il/reports/requested/lists/594/915?s=xlsx,queued,wsc-2022-special-edition,
WSC2022SE,IL,06,CNC Turning,,und,WSC2022SE_IL06.xlsx,0,,WSC2022SE/IL/06/und/WSC2022SE_IL06.xlsx,https://api.worldskills.org/il/reports/requested/lists/594/947?s=xlsx,queued,wsc-2022-special-edition,
WSC2022SE,IL,07,CNC Milling,,und,WSC2022SE_IL07.xlsx,0,,WSC2022SE/IL/07/und/WSC2022SE_IL07.xlsx,https://api.worldskills.org/il/reports/requested/lists/594/927?s=xlsx,queued,wsc-2022-special-edition,
WSC2022SE,IL,08,Mobile Applications Development,,und,WSC2022SE_IL08.xlsx,0,,WSC2022SE/IL/08/und/WSC2022SE_IL08.xlsx,https://api.worldskills.org/il/reports/requested/lists/594/940?s=xlsx,queued,wsc-2022-special-edition,
WSC2022SE,IL,09,IT Software Solutions for Business,,und,WSC2022SE_IL09.xlsx,0,,WSC2022SE/IL/09/und/WSC2022SE_IL09.xlsx,https://api.worldskills.org/il/reports/requested/lists/594/926?s=xlsx,queued,wsc-2022-special-edition,
WSC2022SE,IL,10,Welding,,und,WSC2022SE_IL10.xlsx,0,,WSC2022SE/IL/10/und/WSC2022SE_IL10.xlsx,https://api.worldskills.org/il/reports/requested/lists/594/955?s=xlsx,queued,wsc-2022-special-edition,
WSC2022SE,IL,102,E01 Stonemasonry,,und,WSC2022SE_IL1021.xlsx,0,,WSC2022SE/IL/102/und/WSC2022SE_IL1021.xlsx,https://api.worldskills.org/il/reports/requested/lists/594/1021?s=xlsx,queued,wsc-2022-special-edition,
WSC2022SE,IL,11,Print Media Technology,,und,WSC2022SE_IL11.xlsx,0,,WSC2022SE/IL/11/und/WSC2022SE_IL11.xlsx,https://api.worldskills.org/il/reports/requested/lists/594/920?s=xlsx,queued,wsc-2022-special-edition,
WSC2022SE,IL,12,Wall and Floor Tiling,,und,WSC2022SE_IL12.xlsx,0,,WSC2022SE/IL/12/und/WSC2022SE_IL12.xlsx,https://api.worldskills.org/il/reports/requested/lists/594/931?s=xlsx,queued,wsc-2022-special-edition,
WSC2022SE,IL,13,Autobody Repair,,und,WSC2022SE_IL13.xlsx,0,,WSC2022SE/IL/13/und/WSC2022SE_IL13.xlsx,https://api.worldskills.org/il/reports/requested/lists/594/925?s=xlsx,queued,wsc-2022-special-edition,
WSC2022SE,IL,14,Aircraft Maintenance,,und,WSC2022SE_IL14.xlsx,0,,WSC2022SE/IL/14/und/WSC2022SE_IL14.xlsx,https://api.worldskills.org/il/reports/requested/lists/594/936?s=xlsx,queued,wsc-2022-special-edition,
WSC2022SE,IL,15,Plumbing and Heating,,und,WSC2022SE_IL15.xlsx,0,,WSC2022SE/IL/15/und/WSC2022SE_IL15.xlsx,https://api.worldskills.org/il/reports/requested/lists/594/975?s=xlsx,queued,wsc-2022-special-edition,
WSC2022SE,IL,16,Electronics,,und,WSC2022SE_IL16.xlsx,0,,WSC2022SE/IL/16/und/WSC2022SE_IL16.xlsx,https://api.worldskills.org/il/reports/requested/lists/594/966?s=xlsx,queued,wsc-2022-special-edition,
WSC2022SE,IL,17,Web Technologies,,und,WSC2022SE_IL17.xlsx,0,,WSC2022SE/IL/17/und/WSC2022SE_IL17.xlsx,https://api.worldskills.org/il/reports/requested/lists/594/941?s=xlsx,queued,wsc-2022-special-edition,
WSC2022SE,IL,18,Electrical Installations,,und,WSC2022SE_IL18.xlsx,0,,WSC2022SE/IL/18/und/WSC2022SE_IL18.xlsx,https://api.worldskills.org/il/reports/requested/lists/594/924?s=xlsx,queued,wsc-2022-special-edition,
WSC2022SE,IL,19,Industrial Control,,und,WSC2022SE_IL19.xlsx,0,,WSC2022SE/IL/19/und/WSC2022SE_IL19.xlsx,https://api.worldskills.org/il/reports/requested/lists/594/942?s=xlsx,queued,wsc-2022-special-edition,
WSC2022SE,IL,20,Bricklaying,,und,WSC2022SE_IL20.xlsx,0,,WSC2022SE/IL/20/und/WSC2022SE_IL20.xlsx,https://api.worldskills.org/il/reports/requested/lists/594/946?s=xlsx,queued,wsc-2022-special-edition,
WSC2022SE,IL,21,Plastering and Drywall Systems,,und,WSC2022SE_IL21.xlsx,0,,WSC2022SE/IL/21/und/WSC2022SE_IL21.xlsx,https://api.worldskills.org/il/reports/requested/lists/594/953?s=xlsx,queued,wsc-2022-special-edition,
WSC2022SE,IL,22,Painting and Decorating,,und,WSC2022SE_IL22.xlsx,0,,WSC2022SE/IL/22/und/WSC2022SE_IL22.xlsx,https://api.worldskills.org/il/reports/requested/lists/594/973?s=xlsx,queued,wsc-2022-special-edition,
WSC2022SE,IL,23,Mobile Robotics,,und,WSC2022SE_IL23.xlsx,0,,WSC2022SE/IL/23/und/WSC2022SE_IL23.xlsx,https://api.worldskills.org/il/reports/requested/lists/594/916?s=xlsx,queued,wsc-2022-special-edition,
WSC2022SE,IL,24,Cabinetmaking,,und,WSC2022SE_IL24.xlsx,0,,WSC2022SE/IL/24/und/WSC2022SE_IL24.xlsx,https://api.worldskills.org/il/reports/requested/lists/594/950?s=xlsx,queued,wsc-2022-special-edition,
WSC2022SE,IL,25,Joinery,,und,WSC2022SE_IL25.xlsx,0,,WSC2022SE/IL/25/und/WSC2022SE_IL25.xlsx,https://api.worldskills.org/il/reports/requested/lists/594/928?s=xlsx,queued,wsc-2022-special-edition,
WSC2022SE,IL,26,Carpentry,,und,WSC2022SE_IL26.xlsx,0,,WSC2022SE/IL/26/und/WSC2022SE_IL26.xlsx,https://api.worldskills.org/il/reports/requested/lists/594/922?s=xlsx,queued,wsc-2022-special-edition,
WSC2022SE,IL,27,Jewellery,,und,WSC2022SE_IL27.xlsx,0,,WSC2022SE/IL/27/und/WSC2022SE_IL27.xlsx,https://api.worldskills.org/il/reports/requested/lists/594/970?s=xlsx,queued,wsc-2022-special-edition,
WSC2022SE,IL,28,Floristry,,und,WSC2022SE_IL28.xlsx,0,,WSC2022SE/IL/28/und/WSC2022SE_IL28.xlsx,https://api.worldskills.org/il/reports/requested/lists/594/937?s=xlsx,queued,wsc-2022-special-edition,
WSC2022SE,IL,29,Hairdressing,,und,WSC2022SE_IL29.xlsx,0,,WSC2022SE/IL/29/und/WSC2022SE_IL29.xlsx,https://api.worldskills.org/il/reports/requested/lists/594/959?s=xlsx,queued,wsc-2022-special-edition,
WSC2022SE,IL,30,Beauty Therapy,,und,WSC2022SE_IL30.xlsx,0,,WSC2022SE/IL/30/und/WSC2022SE_IL30.xlsx,https://api.worldskills.org/il/reports/requested/lists/594/958?s=xlsx,queued,wsc-2022-special-edition,
WSC2022SE,IL,31,Fashion Technology,,und,WSC2022SE_IL31.xlsx,0,,WSC2022SE/IL/31/und/WSC2022SE_IL31.xlsx,https://api.worldskills.org/il/reports/requested/lists/594/938?s=xlsx,queued,wsc-2022-special-edition,
WSC2022SE,IL,32,Pâtisserie and Confectionery,,und,WSC2022SE_IL32.xlsx,0,,WSC2022SE/IL/32/und/WSC2022SE_IL32.xlsx,https://api.worldskills.org/il/reports/requested/lists/594/933?s=xlsx,queued,wsc-2022-special-edition,
WSC2022SE,IL,33,Automobile Technology,,und,WSC2022SE_IL33.xlsx,0,,WSC2022SE/IL/33/und/WSC2022SE_IL33.xlsx,https://api.worldskills.org/il/reports/requested/lists/594/930?s=xlsx,queued,wsc-2022-special-edition,
WSC2022SE,IL,34,Cooking,,und,WSC2022SE_IL34.xlsx,0,,WSC2022SE/IL/34/und/WSC2022SE_IL34.xlsx,https://api.worldskills.org/il/reports/requested/lists/594/967?s=xlsx,queued,wsc-2022-special-edition,
WSC2022SE,IL,35,Restaurant Service,,und,WSC2022SE_IL35.xlsx,0,,WSC2022SE/IL/35/und/WSC2022SE_IL35.xlsx,https://api.worldskills.org/il/reports/requested/lists/594/948?s=xlsx,queued,wsc-2022-special-edition,
WSC2022SE,IL,36,Car Painting,,und,WSC2022SE_IL36.xlsx,0,,WSC2022SE/IL/36/und/WSC2022SE_IL36.xlsx,https://api.worldskills.org/il/reports/requested/lists/594/935?s=xlsx,queued,wsc-2022-special-edition,
WSC2022SE,IL,37,Landscape Gardening,,und,WSC2022SE_IL37.xlsx,0,,WSC2022SE/IL/37/und/WSC2022SE_IL37.xlsx,https://api.worldskills.org/il/reports/requested/lists/594/961?s=xlsx,queued,wsc-2022-special-edition,
WSC2022SE,IL,38,Refrigeration and Air Conditioning,,und,WSC2022SE_IL38.xlsx,0,,WSC2022SE/IL/38/und/WSC2022SE_IL38.xlsx,https://api.worldskills.org/il/reports/requested/lists/594/952?s=xlsx,queued,wsc-2022-special-edition,
WSC2022SE,IL,39,IT Network Systems Administration,,und,WSC2022SE_IL39.xlsx,0,,WSC2022SE/IL/39/und/WSC2022SE_IL39.xlsx,https://api.worldskills.org/il/reports/requested/lists/594/974?s=xlsx,queued,wsc-2022-special-edition,
WSC2022SE,IL,40,Graphic Design Technology,,und,WSC2022SE_IL40.xlsx,0,,WSC2022SE/IL/40/und/WSC2022SE_IL40.xlsx,https://api.worldskills.org/il/reports/requested/lists/594/954?s=xlsx,queued,wsc-2022-special-edition,
WSC2022SE,IL,41,Health and Social Care,,und,WSC2022SE_IL41.xlsx,0,,WSC2022SE/IL/41/und/WSC2022SE_IL41.xlsx,https://api.worldskills.org/il/reports/requested/lists/594/969?s=xlsx,queued,wsc-2022-special-edition,
WSC2022SE,IL,42,Construction Metal Work,,und,WSC2022SE_IL42.xlsx,0,,WSC2022SE/IL/42/und/WSC2022SE_IL42.xlsx,https://api.worldskills.org/il/reports/requested/lists/594/943?s=xlsx,queued,wsc-2022-special-edition,
WSC2022SE,IL,43,Plastic Die Engineering,,und,WSC2022SE_IL43.xlsx,0,,WSC2022SE/IL/43/und/WSC2022SE_IL43.xlsx,https://api.worldskills.org/il/reports/requested/lists/594/957?s=xlsx,queued,wsc-2022-special-edition,
WSC2022SE,IL,44,Visual Merchandising,,und,WSC2022SE_IL44.xlsx,0,,WSC2022SE/IL/44/und/WSC2022SE_IL44.xlsx,https://api.worldskills.org/il/reports/requested/lists/594/934?s=xlsx,queued,wsc-2022-special-edition,
WSC2022SE,IL,45,Prototype Modelling,,und,WSC2022SE_IL45.xlsx,0,,WSC2022SE/IL/45/und/WSC2022SE_IL45.xlsx,https://api.worldskills.org/il/reports/requested/lists/594/962?s=xlsx,queued,wsc-2022-special-edition,
WSC2022SE,IL,46,Concrete Construction Work,,und,WSC2022SE_IL46.xlsx,0,,WSC2022SE/IL/46/und/WSC2022SE_IL46.xlsx,https://api.worldskills.org/il/reports/requested/lists/594/960?s=xlsx,queued,wsc-2022-special-edition,
WSC2022SE,IL,47,Bakery,,und,WSC2022SE_IL47.xlsx,0,,WSC2022SE/IL/47/und/WSC2022SE_IL47.xlsx,https://api.worldskills.org/il/reports/requested/lists/594/932?s=xlsx,queued,wsc-2022-special-edition,
WSC2022SE,IL,48,Industry 4.0,,und,WSC2022SE_IL48.xlsx,0,,WSC2022SE/IL/48/und/WSC2022SE_IL48.xlsx,https://api.worldskills.org/il/reports/requested/lists/594/921?s=xlsx,queued,wsc-2022-special-edition,
WSC2022SE,IL,49,Heavy Vehicle Technology,,und,WSC2022SE_IL49.xlsx,0,,WSC2022SE/IL/49/und/WSC2022SE_IL49.xlsx,https://api.worldskills.org/il/reports/requested/lists/594/944?s=xlsx,queued,wsc-2022-special-edition,
WSC2022SE,IL,50,3D Digital Game Art,,und,WSC2022SE_IL50.xlsx,0,,WSC2022SE/IL/50/und/WSC2022SE_IL50.xlsx,https://api.worldskills.org/il/reports/requested/lists/594/971?s=xlsx,queued,wsc-2022-special-edition,
WSC2022SE,IL,51,Freight Forwarding,,und,WSC2022SE_IL51.xlsx,0,,WSC2022SE/IL/51/und/WSC2022SE_IL51.xlsx,https://api.worldskills.org/il/reports/requested/lists/594/951?s=xlsx,queued,wsc-2022-special-edition,
WSC2022SE,IL,52,Chemical Laboratory Technology,,und,WSC2022SE_IL52.xlsx,0,,WSC2022SE/IL/52/und/WSC2022SE_IL52.xlsx,https://api.worldskills.org/il/reports/requested/lists/594/956?s=xlsx,queued,wsc-2022-special-edition,
WSC2022SE,IL,53,Cloud Computing,,und,WSC2022SE_IL53.xlsx,0,,WSC2022SE/IL/53/und/WSC2022SE_IL53.xlsx,https://api.worldskills.org/il/reports/requested/lists/594/965?s=xlsx,queued,wsc-2022-special-edition,
WSC2022SE,IL,54,Cyber Security,,und,WSC2022SE_IL54.xlsx,0,,WSC2022SE/IL/54/und/WSC2022SE_IL54.xlsx,https://api.worldskills.org/il/reports/requested/lists/594/923?s=xlsx,queued,wsc-2022-special-edition,
WSC2022SE,IL,55,Water Technology,,und,WSC2022SE_IL55.xlsx,0,,WSC2022SE/IL/55/und/WSC2022SE_IL55.xlsx,https://api.worldskills.org/il/reports/requested/lists/594/945?s=xlsx,queued,wsc-2022-special-edition,
WSC2022SE,IL,56,Hotel Reception,,und,WSC2022SE_IL56.xlsx,0,,WSC2022SE/IL/56/und/WSC2022SE_IL56.xlsx,https://api.worldskills.org/il/reports/requested/lists/594/939?s=xlsx,queued,wsc-2022-special-edition,
WSC2022SE,IL,57,Additive Manufacturing,,und,WSC2022SE_IL57.xlsx,0,,WSC2022SE/IL/57/und/WSC2022SE_IL57.xlsx,https://api.worldskills.org/il/reports/requested/lists/594/968?s=xlsx,queued,wsc-2022-special-edition,
WSC2022SE,IL,58,Digital Construction,,und,WSC2022SE_IL58.xlsx,0,,WSC2022SE/IL/58/und/WSC2022SE_IL58.xlsx,https://api.worldskills.org/il/reports/requested/lists/594/919?s=xlsx,queued,wsc-2022-special-edition,
WSC2022SE,IL,59,Industrial Design Technology,,und,WSC2022SE_IL59.xlsx,0,,WSC2022SE/IL/59/und/WSC2022SE_IL59.xlsx,https://api.worldskills.org/il/reports/requested/lists/594/964?s=xlsx,queued,wsc-2022-special-edition,
WSC2022SE,IL,60,Optoelectronic Technology,,und,WSC2022SE_IL60.xlsx,0,,WSC2022SE/IL/60/und/WSC2022SE_IL60.xlsx,https://api.worldskills.org/il/reports/requested/lists/594/929?s=xlsx,queued,wsc-2022-special-edition,
WSC2022SE,IL,61,Rail Vehicle Technology,,und,WSC2022SE_IL61.xlsx,0,,WSC2022SE/IL/61/und/WSC2022SE_IL61.xlsx,https://api.worldskills.org/il/reports/requested/lists/594/963?s=xlsx,queued,wsc-2022-special-edition,
WSC2022SE,IL,62,Renewable Energy,,und,WSC2022SE_IL62.xlsx,0,,WSC2022SE/IL/62/und/WSC2022SE_IL62.xlsx,https://api.worldskills.org/il/reports/requested/lists/594/972?s=xlsx,queued,wsc-2022-special-edition,
WSC2022SE,IL,63,Robot Systems Integration,,und,WSC2022SE_IL63.xlsx,0,,WSC2022SE/IL/63/und/WSC2022SE_IL63.xlsx,https://api.worldskills.org/il/reports/requested/lists/594/917?s=xlsx,queued,wsc-2022-special-edition,
WSC2022SE,RES,xx,,,und,WSC2022SE_AT1_Salzburg_event_handbook,0,,WSC2022SE/RES/xx/und/WSC2022SE_AT1_Salzburg_event_handbook,https://api.worldskills.org/resources/download/17941,queued,wsc-2022-special-edition,
WSC2022SE,RES,xx,,,und,WSC2022SE_CA1_Brampton_event_handbook,0,,WSC2022SE/RES/xx/und/WSC2022SE_CA1_Brampton_event_handbook,https://api.worldskills.org/resources/download/17501,queued,wsc-2022-special-edition,
WSC2022SE,RES,xx,,,und,WSC2022SE_CH1_Bern_event_handbook,0,,WSC2022SE/RES/xx/und/WSC2022SE_CH1_Bern_event_handbook,https://api.worldskills.org/resources/download/17206,queued,wsc-2022-special-edition,
WSC2022SE,RES,xx,,,und,WSC2022SE_CH2_Montreux_event_handbook,0,,WSC2022SE/RES/xx/und/WSC2022SE_CH2_Montreux_event_handbook,https://api.worldskills.org/resources/download/17207,queued,wsc-2022-special-edition,
WSC2022SE,RES,xx,,,und,WSC2022SE_CH3_Lucerne_event_handbook,0,,WSC2022SE/RES/xx/und/WSC2022SE_CH3_Lucerne_event_handbook,https://api.worldskills.org/resources/download/17208,queued,wsc-2022-special-edition,
WSC2022SE,RES,xx,,,und,WSC2022SE_CH4_Basel_event_handbook,0,,WSC2022SE/RES/xx/und/WSC2022SE_CH4_Basel_event_handbook,https://api.worldskills.org/resources/download/17378,queued,wsc-2022-special-edition,
WSC2022SE,RES,xx,,,und,WSC2022SE_CH5_Aarau_event_handbook,0,,WSC2022SE/RES/xx/und/WSC2022SE_CH5_Aarau_event_handbook,https://api.worldskills.org/resources/download/17397,queued,wsc-2022-special-edition,
WSC2022SE,RES,xx,,,und,WSC2022SE_CH6_Geneva_event_handbook,0,,WSC2022SE/RES/xx/und/WSC2022SE_CH6_Geneva_event_handbook,https://api.worldskills.org/resources/download/17934,queued,wsc-2022-special-edition,
WSC2022SE,RES,xx,,,und,WSC2022SE_CH7_Bern_event_handbook,0,,WSC2022SE/RES/xx/und/WSC2022SE_CH7_Bern_event_handbook,https://api.worldskills.org/resources/download/17535,queued,wsc-2022-special-edition,
WSC2022SE,RES,xx,,,und,WSC2022SE_CH8_Lucerne_event_handbook,0,,WSC2022SE/RES/xx/und/WSC2022SE_CH8_Lucerne_event_handbook,https://api.worldskills.org/resources/download/17578,queued,wsc-2022-special-edition,
WSC2022SE,RES,xx,,,und,WSC2022SE_CH9_Bern_event_handbook,0,,WSC2022SE/RES/xx/und/WSC2022SE_CH9_Bern_event_handbook,https://api.worldskills.org/resources/download/17573,queued,wsc-2022-special-edition,
WSC2022SE,RES,xx,,,und,WSC2022SE_DE1_Dresden_event_handbook,0,,WSC2022SE/RES/xx/und/WSC2022SE_DE1_Dresden_event_handbook,https://api.worldskills.org/resources/download/17742,queued,wsc-2022-special-edition,
WSC2022SE,RES,xx,,,und,WSC2022SE_DE2_Stuttgart_event_handbook,0,,WSC2022SE/RES/xx/und/WSC2022SE_DE2_Stuttgart_event_handbook,https://api.worldskills.org/resources/download/17209,queued,wsc-2022-special-edition,
WSC2022SE,RES,xx,,,und,WSC2022SE_DE3_Leonberg_event_handbook,0,,WSC2022SE/RES/xx/und/WSC2022SE_DE3_Leonberg_event_handbook,https://api.worldskills.org/resources/download/17315,queued,wsc-2022-special-edition,
WSC2022SE,RES,xx,,,und,WSC2022SE_DE4_Nuremberg_event_handbook,0,,WSC2022SE/RES/xx/und/WSC2022SE_DE4_Nuremberg_event_handbook,https://api.worldskills.org/resources/download/17316,queued,wsc-2022-special-edition,
WSC2022SE,RES,xx,,,und,WSC2022SE_DE5_Soest_event_handbook,0,,WSC2022SE/RES/xx/und/WSC2022SE_DE5_Soest_event_handbook,https://api.worldskills.org/resources/download/17435,queued,wsc-2022-special-edition,
WSC2022SE,RES,xx,,,und,WSC2022SE_DE6_Lahr_event_handbook,0,,WSC2022SE/RES/xx/und/WSC2022SE_DE6_Lahr_event_handbook,https://api.worldskills.org/resources/download/17743,queued,wsc-2022-special-edition,
WSC2022SE,RES,xx,,,und,WSC2022SE_DK1_Silkeborg_event_handbook,0,,WSC2022SE/RES/xx/und/WSC2022SE_DK1_Silkeborg_event_handbook,https://api.worldskills.org/resources/download/17383,queued,wsc-2022-special-edition,
WSC2022SE,RES,xx,,,und,WSC2022SE_EE1_Tallinn_event_handbook,0,,WSC2022SE/RES/xx/und/WSC2022SE_EE1_Tallinn_event_handbook,https://api.worldskills.org/resources/download/17402,queued,wsc-2022-special-edition,
WSC2022SE,RES,xx,,,und,WSC2022SE_FI1_Helsinki_event_handbook,0,,WSC2022SE/RES/xx/und/WSC2022SE_FI1_Helsinki_event_handbook,https://api.worldskills.org/resources/download/17384,queued,wsc-2022-special-edition,
WSC2022SE,RES,xx,,,und,WSC2022SE_FR1_Bordeaux_event_handbook,0,,WSC2022SE/RES/xx/und/WSC2022SE_FR1_Bordeaux_event_handbook,https://api.worldskills.org/resources/download/17543,queued,wsc-2022-special-edition,
WSC2022SE,RES,xx,,,en,WSC2022SE_HSE_en,0,,WSC2022SE/RES/xx/en/WSC2022SE_HSE_en,https://api.worldskills.org/resources/download/16686,queued,wsc-2022-special-edition,
WSC2022SE,RES,xx,,,und,WSC2022SE_IT1_Bolzano_event_handbook,0,,WSC2022SE/RES/xx/und/WSC2022SE_IT1_Bolzano_event_handbook,https://api.worldskills.org/resources/download/17803,queued,wsc-2022-special-edition,
WSC2022SE,RES,xx,,,und,WSC2022SE_Impact_Report,0,,WSC2022SE/RES/xx/und/WSC2022SE_Impact_Report,https://api.worldskills.org/resources/download/19109,queued,wsc-2022-special-edition,
WSC2022SE,RES,xx,,,und,WSC2022SE_JP1_Kyoto_event_handbook,0,,WSC2022SE/RES/xx/und/WSC2022SE_JP1_Kyoto_event_handbook,https://api.worldskills.org/resources/download/17381,queued,wsc-2022-special-edition,
WSC2022SE,RES,xx,,,und,WSC2022SE_KR1_Goyang_event_handbook,0,,WSC2022SE/RES/xx/und/WSC2022SE_KR1_Goyang_event_handbook,https://api.worldskills.org/resources/download/17380,queued,wsc-2022-special-edition,
WSC2022SE,RES,xx,,,und,WSC2022SE_LU1_Esch-sur-Alzette_event_handbook,0,,WSC2022SE/RES/xx/und/WSC2022SE_LU1_Esch-sur-Alzette_event_handbook,https://api.worldskills.org/resources/download/17461,queued,wsc-2022-special-edition,
WSC2022SE,RES,xx,,,und,WSC2022SE_SE1_Stockholm_event_handbook,0,,WSC2022SE/RES/xx/und/WSC2022SE_SE1_Stockholm_event_handbook,https://api.worldskills.org/resources/download/17382,queued,wsc-2022-special-edition,
WSC2022SE,RES,xx,,,und,WSC2022SE_UK1_Wrexham_event_handbook,0,,WSC2022SE/RES/xx/und/WSC2022SE_UK1_Wrexham_event_handbook,https://api.worldskills.org/resources/download/17711,queued,wsc-2022-special-edition,
WSC2022SE,RES,xx,,,und,WSC2022SE_UK2_Cardiff_event_handbook,0,,WSC2022SE/RES/xx/und/WSC2022SE_UK2_Cardiff_event_handbook,https://api.worldskills.org/resources/download/17712,queued,wsc-2022-special-edition,
WSC2022SE,RES,xx,,,und,WSC2022SE_US1_Cleveland_event_handbook,0,,WSC2022SE/RES/xx/und/WSC2022SE_US1_Cleveland_event_handbook,https://api.worldskills.org/resources/download/17399,queued,wsc-2022-special-edition,
WSC2022SE,TD,01,Industrial Mechanics,,en,WSC2022SE_TD01_en,0,,WSC2022SE/TD/01/en/WSC2022SE_TD01_en,https://api.worldskills.org/resources/download/16485,queued,wsc-2022-special-edition,
WSC2022SE,TD,02,Information Network Cabling,,en,WSC2022SE_TD02_en,0,,WSC2022SE/TD/02/en/WSC2022SE_TD02_en,https://api.worldskills.org/resources/download/16506,queued,wsc-2022-special-edition,
WSC2022SE,TD,03,Manufacturing Team Challenge,,en,WSC2022SE_TD03_en,0,,WSC2022SE/TD/03/en/WSC2022SE_TD03_en,https://api.worldskills.org/resources/download/16519,queued,wsc-2022-special-edition,
WSC2022SE,TD,04,Mechatronics,,en,WSC2022SE_TD04_en,0,,WSC2022SE/TD/04/en/WSC2022SE_TD04_en,https://api.worldskills.org/resources/download/16466,queued,wsc-2022-special-edition,
WSC2022SE,TD,05,Mechanical Engineering CAD,,en,WSC2022SE_TD05_en,0,,WSC2022SE/TD/05/en/WSC2022SE_TD05_en,https://api.worldskills.org/resources/download/16530,queued,wsc-2022-special-edition,
WSC2022SE,TD,06,CNC Turning,,en,WSC2022SE_TD06_en,0,,WSC2022SE/TD/06/en/WSC2022SE_TD06_en,https://api.worldskills.org/resources/download/16545,queued,wsc-2022-special-edition,
WSC2022SE,TD,07,CNC Milling,,en,WSC2022SE_TD07_en,0,,WSC2022SE/TD/07/en/WSC2022SE_TD07_en,https://api.worldskills.org/resources/download/16467,queued,wsc-2022-special-edition,
WSC2022SE,TD,08,Mobile Applications Development,,en,WSC2022SE_TD08_en,0,,WSC2022SE/TD/08/en/WSC2022SE_TD08_en,https://api.worldskills.org/resources/download/16520,queued,wsc-2022-special-edition,
WSC2022SE,TD,09,IT Software Solutions for Business,,en,WSC2022SE_TD09_en,0,,WSC2022SE/TD/09/en/WSC2022SE_TD09_en,https://api.worldskills.org/resources/download/16645,queued,wsc-2022-special-edition,
WSC2022SE,TD,10,Welding,,en,WSC2022SE_TD10_en,0,,WSC2022SE/TD/10/en/WSC2022SE_TD10_en,https://api.worldskills.org/resources/download/16736,queued,wsc-2022-special-edition,
WSC2022SE,TD,11,Print Media Technology,,en,WSC2022SE_TD11_en,0,,WSC2022SE/TD/11/en/WSC2022SE_TD11_en,https://api.worldskills.org/resources/download/16502,queued,wsc-2022-special-edition,
WSC2022SE,TD,11,Print Media Technology,,en,WSC2022SE_TD11_en,0,,WSC2022SE/TD/11/en/WSC2022SE_TD11_en,https://api.worldskills.org/resources/download/16603,queued,wsc-2022-special-edition,
WSC2022SE,TD,12,Wall and Floor Tiling,,en,WSC2022SE_TD12_en,0,,WSC2022SE/TD/12/en/WSC2022SE_TD12_en,https://api.worldskills.org/resources/download/16551,queued,wsc-2022-special-edition,
WSC2022SE,TD,13,Autobody Repair,,en,WSC2022SE_TD13_en,0,,WSC2022SE/TD/13/en/WSC2022SE_TD13_en,https://api.worldskills.org/resources/download/17653,queued,wsc-2022-special-edition,
WSC2022SE,TD,14,Aircraft Maintenance,,en,WSC2022SE_TD14_en,0,,WSC2022SE/TD/14/en/WSC2022SE_TD14_en,https://api.worldskills.org/resources/download/16905,queued,wsc-2022-special-edition,
WSC2022SE,TD,15,Plumbing and Heating,,en,WSC2022SE_TD15_en,0,,WSC2022SE/TD/15/en/WSC2022SE_TD15_en,https://api.worldskills.org/resources/download/16716,queued,wsc-2022-special-edition,
WSC2022SE,TD,16,Electronics,,en,WSC2022SE_TD16_en,0,,WSC2022SE/TD/16/en/WSC2022SE_TD16_en,https://api.worldskills.org/resources/download/16468,queued,wsc-2022-special-edition,
WSC2022SE,TD,17,Web Technologies,,en,WSC2022SE_TD17_en,0,,WSC2022SE/TD/17/en/WSC2022SE_TD17_en,https://api.worldskills.org/resources/download/16471,queued,wsc-2022-special-edition,
WSC2022SE,TD,18,Electrical Installations,,en,WSC2022SE_TD18_en,0,,WSC2022SE/TD/18/en/WSC2022SE_TD18_en,https://api.worldskills.org/resources/download/16806,queued,wsc-2022-special-edition,
WSC2022SE,TD,19,Industrial Control,,en,WSC2022SE_TD19_en,0,,WSC2022SE/TD/19/en/WSC2022SE_TD19_en,https://api.worldskills.org/resources/download/16537,queued,wsc-2022-special-edition,
WSC2022SE,TD,19,Industrial Control,,en,WSC2022SE_TD19_en,0,,WSC2022SE/TD/19/en/WSC2022SE_TD19_en,https://api.worldskills.org/resources/download/17120,queued,wsc-2022-special-edition,
WSC2022SE,TD,20,Bricklaying,,en,WSC2022SE_TD20_en,0,,WSC2022SE/TD/20/en/WSC2022SE_TD20_en,https://api.worldskills.org/resources/download/16521,queued,wsc-2022-special-edition,
WSC2022SE,TD,21,Plastering and Drywall Systems,,en,WSC2022SE_TD21_en,0,,WSC2022SE/TD/21/en/WSC2022SE_TD21_en,https://api.worldskills.org/resources/download/16472,queued,wsc-2022-special-edition,
WSC2022SE,TD,22,Painting and Decorating,,en,WSC2022SE_TD22_en,0,,WSC2022SE/TD/22/en/WSC2022SE_TD22_en,https://api.worldskills.org/resources/download/16469,queued,wsc-2022-special-edition,
WSC2022SE,TD,23,Mobile Robotics,,en,WSC2022SE_TD23_en,0,,WSC2022SE/TD/23/en/WSC2022SE_TD23_en,https://api.worldskills.org/resources/download/16470,queued,wsc-2022-special-edition,
WSC2022SE,TD,24,Cabinetmaking,,en,WSC2022SE_TD24_en,0,,WSC2022SE/TD/24/en/WSC2022SE_TD24_en,https://api.worldskills.org/resources/download/16554,queued,wsc-2022-special-edition,
WSC2022SE,TD,25,Joinery,,en,WSC2022SE_TD25_en,0,,WSC2022SE/TD/25/en/WSC2022SE_TD25_en,https://api.worldskills.org/resources/download/16644,queued,wsc-2022-special-edition,
WSC2022SE,TD,26,Carpentry,,en,WSc2022SE_TD26_en,0,,WSC2022SE/TD/26/en/WSc2022SE_TD26_en,https://api.worldskills.org/resources/download/16473,queued,wsc-2022-special-edition,
WSC2022SE,TD,27,Jewellery,,en,WSC2022SE_TD27_en,0,,WSC2022SE/TD/27/en/WSC2022SE_TD27_en,https://api.worldskills.org/resources/download/16505,queued,wsc-2022-special-edition,
WSC2022SE,TD,28,Floristry,,en,WSC2022SE_TD28_en,0,,WSC2022SE/TD/28/en/WSC2022SE_TD28_en,https://api.worldskills.org/resources/download/16518,queued,wsc-2022-special-edition,
WSC2022SE,TD,29,Hairdressing,,en,WSC2022SE_TD29_en,0,,WSC2022SE/TD/29/en/WSC2022SE_TD29_en,https://api.worldskills.org/resources/download/16474,queued,wsc-2022-special-edition,
WSC2022SE,TD,30,Beauty Therapy,,en,WSC2022SE_TD30_en,0,,WSC2022SE/TD/30/en/WSC2022SE_TD30_en,https://api.worldskills.org/resources/download/16484,queued,wsc-2022-special-edition,
WSC2022SE,TD,31,Fashion Technology,,en,WSC2022SE_TD31_en,0,,WSC2022SE/TD/31/en/WSC2022SE_TD31_en,https://api.worldskills.org/resources/download/16475,queued,wsc-2022-special-edition,
WSC2022SE,TD,32,Pâtisserie and Confectionery,,en,WSC2022SE_TD32_en,0,,WSC2022SE/TD/32/en/WSC2022SE_TD32_en,https://api.worldskills.org/resources/download/16476,queued,wsc-2022-special-edition,
WSC2022SE,TD,33,Automobile Technology,,en,WSC2022SE_TD33_en,0,,WSC2022SE/TD/33/en/WSC2022SE_TD33_en,https://api.worldskills.org/resources/download/16561,queued,wsc-2022-special-edition,
WSC2022SE,TD,34,Cooking,,en,WSC2022SE_TD34_en,0,,WSC2022SE/TD/34/en/WSC2022SE_TD34_en,https://api.worldskills.org/resources/download/16849,queued,wsc-2022-special-edition,
WSC2022SE,TD,35,Restaurant Service,,und,WSC2022SE_TD35,0,,WSC2022SE/TD/35/und/WSC2022SE_TD35,https://api.worldskills.org/resources/download/16562,queued,wsc-2022-special-edition,
WSC2022SE,TD,36,Car Painting,,en,WSC2022SE_TD36_en,0,,WSC2022SE/TD/36/en/WSC2022SE_TD36_en,https://api.worldskills.org/resources/download/16532,queued,wsc-2022-special-edition,
WSC2022SE,TD,37,Landscape Gardening,,en,WSC2022SE_TD37_en,0,,WSC2022SE/TD/37/en/WSC2022SE_TD37_en,https://api.worldskills.org/resources/download/16581,queued,wsc-2022-special-edition,
WSC2022SE,TD,38,Refrigeration and Air Conditioning,,en,WSC2022SE_TD38_en,0,,WSC2022SE/TD/38/en/WSC2022SE_TD38_en,https://api.worldskills.org/resources/download/16477,queued,wsc-2022-special-edition,
WSC2022SE,TD,39,IT Network Systems Administration,,en,WSC2022SE_TD39_en,0,,WSC2022SE/TD/39/en/WSC2022SE_TD39_en,https://api.worldskills.org/resources/download/16478,queued,wsc-2022-special-edition,
WSC2022SE,TD,40,Graphic Design Technology,,en,WSC2022SE_TD40_en,0,,WSC2022SE/TD/40/en/WSC2022SE_TD40_en,https://api.worldskills.org/resources/download/16479,queued,wsc-2022-special-edition,
WSC2022SE,TD,41,Health and Social Care,,en,WSC2022SE_TD41_en,0,,WSC2022SE/TD/41/en/WSC2022SE_TD41_en,https://api.worldskills.org/resources/download/16501,queued,wsc-2022-special-edition,
WSC2022SE,TD,42,Construction Metal Work,,en,WSC2022SE_TD42_en,0,,WSC2022SE/TD/42/en/WSC2022SE_TD42_en,https://api.worldskills.org/resources/download/16735,queued,wsc-2022-special-edition,
WSC2022SE,TD,43,Plastic Die Engineering,,en,WSC2022SE_TD43_en,0,,WSC2022SE/TD/43/en/WSC2022SE_TD43_en,https://api.worldskills.org/resources/download/16480,queued,wsc-2022-special-edition,
WSC2022SE,TD,44,Visual Merchandising,,en,WSC2022SE_TD44_en,0,,WSC2022SE/TD/44/en/WSC2022SE_TD44_en,https://api.worldskills.org/resources/download/16696,queued,wsc-2022-special-edition,
WSC2022SE,TD,45,Prototype Modelling,,en,WSC2022SE_TD45_en,0,,WSC2022SE/TD/45/en/WSC2022SE_TD45_en,https://api.worldskills.org/resources/download/16481,queued,wsc-2022-special-edition,
WSC2022SE,TD,46,Concrete Construction Work,,en,WSC2022SE_TD46_en,0,,WSC2022SE/TD/46/en/WSC2022SE_TD46_en,https://api.worldskills.org/resources/download/16482,queued,wsc-2022-special-edition,
WSC2022SE,TD,47,Bakery,,en,WSC2022SE_TD47_en,0,,WSC2022SE/TD/47/en/WSC2022SE_TD47_en,https://api.worldskills.org/resources/download/16483,queued,wsc-2022-special-edition,
WSC2022SE,TD,48,Industry 4.0,,en,WSC2022SE_TD48_en,0,,WSC2022SE/TD/48/en/WSC2022SE_TD48_en,https://api.worldskills.org/resources/download/16695,queued,wsc-2022-special-edition,
WSC2022SE,TD,49,Heavy Vehicle Technology,,en,WSC2022SE_TD49_en,0,,WSC2022SE/TD/49/en/WSC2022SE_TD49_en,https://api.worldskills.org/resources/download/16564,queued,wsc-2022-special-edition,
WSC2022SE,TD,50,3D Digital Game Art,,en,WSC2022SE_TD50_en,0,,WSC2022SE/TD/50/en/WSC2022SE_TD50_en,https://api.worldskills.org/resources/download/16538,queued,wsc-2022-special-edition,
WSC2022SE,TD,51,Freight Forwarding,,en,WSC2022SE_TD51_en,0,,WSC2022SE/TD/51/en/WSC2022SE_TD51_en,https://api.worldskills.org/resources/download/17392,queued,wsc-2022-special-edition,
WSC2022SE,TD,52,Chemical Laboratory Technology,,en,WSC2022SE_TD52_en,0,,WSC2022SE/TD/52/en/WSC2022SE_TD52_en,https://api.worldskills.org/resources/download/16789,queued,wsc-2022-special-edition,
WSC2022SE,TD,53,Cloud Computing,,en,WSC2022SE_TD53_en,0,,WSC2022SE/TD/53/en/WSC2022SE_TD53_en,https://api.worldskills.org/resources/download/16580,queued,wsc-2022-special-edition,
WSC2022SE,TD,54,Cyber Security,,en,WSC2022SE_TD54_en,0,,WSC2022SE/TD/54/en/WSC2022SE_TD54_en,https://api.worldskills.org/resources/download/16504,queued,wsc-2022-special-edition,
WSC2022SE,TD,55,Water Technology,,en,WSC2022SE_TD55_en,0,,WSC2022SE/TD/55/en/WSC2022SE_TD55_en,https://api.worldskills.org/resources/download/16503,queued,wsc-2022-special-edition,
WSC2022SE,TD,56,Hotel Reception,,en,WSC2022SE_TD56_en,0,,WSC2022SE/TD/56/en/WSC2022SE_TD56_en,https://api.worldskills.org/resources/download/16486,queued,wsc-2022-special-edition,
WSC2022SE,TD,57,Additive Manufacturing,,en,WSC2022SE_TD57_en,0,,WSC2022SE/TD/57/en/WSC2022SE_TD57_en,https://api.worldskills.org/resources/download/16487,queued,wsc-2022-special-edition,
WSC2022SE,TD,58,Digital Construction,,en,WSC2022SE_TD58_en,0,,WSC2022SE/TD/58/en/WSC2022SE_TD58_en,https://api.worldskills.org/resources/download/16536,queued,wsc-2022-special-edition,
WSC2022SE,TD,60,Optoelectronic Technology,,en,WSC2022SE_TD60_en,0,,WSC2022SE/TD/60/en/WSC2022SE_TD60_en,https://api.worldskills.org/resources/download/16646,queued,wsc-2022-special-edition,
WSC2022SE,TD,62,Renewable Energy,,en,WSC2022SE_TD62_en,0,,WSC2022SE/TD/62/en/WSC2022SE_TD62_en,https://api.worldskills.org/resources/download/16642,queued,wsc-2022-special-edition,
WSC2022SE,TD,63,Robot Systems Integration,,en,WSC2022SE_TD63_en,0,,WSC2022SE/TD/63/en/WSC2022SE_TD63_en,https://api.worldskills.org/resources/download/16489,queued,wsc-2022-special-edition,
WSC2022SE,TD,xx,,,und,documents.json,0,,WSC2022SE/TD/xx/und/documents.json,https://api.worldskills.org/skillman/documents/events/594,forbidden,wsc-2022-special-edition,
WSC2022SE,TP,01,Industrial Mechanics,actual,en,WSC2022SE_TP01_actual_en,0,,WSC2022SE/TP/01/actual/en/WSC2022SE_TP01_actual_en,https://api.worldskills.org/resources/download/17805,queued,wsc-2022-special-edition,
WSC2022SE,TP,02,Information Network Cabling,actual,en,WSC2022SE_TP02_actual_en,0,,WSC2022SE/TP/02/actual/en/WSC2022SE_TP02_actual_en,https://api.worldskills.org/resources/download/17944,queued,wsc-2022-special-edition,
WSC2022SE,TP,03,Manufacturing Team Challenge,pre,en,WSC2022SE_TP03_pre_en,0,,WSC2022SE/TP/03/pre/en/WSC2022SE_TP03_pre_en,https://api.worldskills.org/resources/download/16321,queued,wsc-2022-special-edition,
WSC2022SE,TP,04,Mechatronics,actual,en,WSC2022SE_TP04_actual_en,0,,WSC2022SE/TP/04/actual/en/WSC2022SE_TP04_actual_en,https://api.worldskills.org/resources/download/17814,queued,wsc-2022-special-edition,
WSC2022SE,TP,05,Mechanical Engineering CAD,actual,en,WSC2022SE_TP05_actual_en,0,,WSC2022SE/TP/05/actual/en/WSC2022SE_TP05_actual_en,https://api.worldskills.org/resources/download/17937,queued,wsc-2022-special-edition,
WSC2022SE,TP,06,CNC Turning,actual,en,WSC2022SE_TP06_actual_en,0,,WSC2022SE/TP/06/actual/en/WSC2022SE_TP06_actual_en,https://api.worldskills.org/resources/download/17744,queued,wsc-2022-special-edition,
WSC2022SE,TP,07,CNC Milling,actual,en,WSC2022SE_TP07_actual_en,0,,WSC2022SE/TP/07/actual/en/WSC2022SE_TP07_actual_en,https://api.worldskills.org/resources/download/17720,queued,wsc-2022-special-edition,
WSC2022SE,TP,07,CNC Milling,actual,en,WSC2022SE_TP07_actual_en,0,,WSC2022SE/TP/07/actual/en/WSC2022SE_TP07_actual_en,https://api.worldskills.org/resources/download/17721,queued,wsc-2022-special-edition,
WSC2022SE,TP,08,Mobile Applications Development,actual,en,WSC2022SE_TP08_actual_en,0,,WSC2022SE/TP/08/actual/en/WSC2022SE_TP08_actual_en,https://api.worldskills.org/resources/download/17872,queued,wsc-2022-special-edition,
WSC2022SE,TP,09,IT Software Solutions for Business,actual,en,WSC2022SE_TP09_actual_en,0,,WSC2022SE/TP/09/actual/en/WSC2022SE_TP09_actual_en,https://api.worldskills.org/resources/download/17817,queued,wsc-2022-special-edition,
WSC2022SE,TP,09,IT Software Solutions for Business,pre,en,WSC2022SE_TP09_pre_en,0,,WSC2022SE/TP/09/pre/en/WSC2022SE_TP09_pre_en,https://api.worldskills.org/resources/download/17175,queued,wsc-2022-special-edition,
WSC2022SE,TP,10,Welding,actual,en,WSC2022SE_TP10_actual_en,0,,WSC2022SE/TP/10/actual/en/WSC2022SE_TP10_actual_en,https://api.worldskills.org/resources/download/17882,queued,wsc-2022-special-edition,
WSC2022SE,TP,10,Welding,pre,en,WSC2022S_TP10_pre_en,0,,WSC2022SE/TP/10/pre/en/WSC2022S_TP10_pre_en,https://api.worldskills.org/resources/download/16972,queued,wsc-2022-special-edition,
WSC2022SE,TP,11,Print Media Technology,actual,en,WSC2022SE_TP11_actual_en,0,,WSC2022SE/TP/11/actual/en/WSC2022SE_TP11_actual_en,https://api.worldskills.org/resources/download/17877,queued,wsc-2022-special-edition,
WSC2022SE,TP,11,Print Media Technology,pre,en,WSC2022SE_TP11_pre_en,0,,WSC2022SE/TP/11/pre/en/WSC2022SE_TP11_pre_en,https://api.worldskills.org/resources/download/17425,queued,wsc-2022-special-edition,
WSC2022SE,TP,12,Wall and Floor Tiling,actual,en,WSC2022SE_TP12_actual_en,0,,WSC2022SE/TP/12/actual/en/WSC2022SE_TP12_actual_en,https://api.worldskills.org/resources/download/17955,queued,wsc-2022-special-edition,
WSC2022SE,TP,12,Wall and Floor Tiling,pre,en,WSC2022SE_TP12_pre_en,0,,WSC2022SE/TP/12/pre/en/WSC2022SE_TP12_pre_en,https://api.worldskills.org/resources/download/16958,queued,wsc-2022-special-edition,
WSC2022SE,TP,13,Autobody Repair,actual,und,WSC2022SE_TP13_actual,0,,WSC2022SE/TP/13/actual/und/WSC2022SE_TP13_actual,https://api.worldskills.org/resources/download/17914,queued,wsc-2022-special-edition,
WSC2022SE,TP,14,Aircraft Maintenance,actual,en,WSC2022SE_TP14_actual_en,0,,WSC2022SE/TP/14/actual/en/WSC2022SE_TP14_actual_en,https://api.worldskills.org/resources/download/17949,queued,wsc-2022-special-edition,
WSC2022SE,TP,14,Aircraft Maintenance,pre,en,WSC2022SE_TP14_pre_en,0,,WSC2022SE/TP/14/pre/en/WSC2022SE_TP14_pre_en,https://api.worldskills.org/resources/download/17199,queued,wsc-2022-special-edition,
WSC2022SE,TP,15,Plumbing and Heating,actual,en,WSC2022SE_TP15_actual_en,0,,WSC2022SE/TP/15/actual/en/WSC2022SE_TP15_actual_en,https://api.worldskills.org/resources/download/17940,queued,wsc-2022-special-edition,
WSC2022SE,TP,16,Electronics,actual,en,WSC2022SE_TP16_actual_en,0,,WSC2022SE/TP/16/actual/en/WSC2022SE_TP16_actual_en,https://api.worldskills.org/resources/download/17935,queued,wsc-2022-special-edition,
WSC2022SE,TP,17,Web Technologies,actual,en,WSC2022SE_TP17_actual_en,0,,WSC2022SE/TP/17/actual/en/WSC2022SE_TP17_actual_en,https://api.worldskills.org/resources/download/17810,queued,wsc-2022-special-edition,
WSC2022SE,TP,18,Electrical Installations,actual,en,WSC2022SE_TP18_actual_en,0,,WSC2022SE/TP/18/actual/en/WSC2022SE_TP18_actual_en,https://api.worldskills.org/resources/download/18015,queued,wsc-2022-special-edition,
WSC2022SE,TP,19,Industrial Control,actual,en,WSC2022SE_TP19_actual_en,0,,WSC2022SE/TP/19/actual/en/WSC2022SE_TP19_actual_en,https://api.worldskills.org/resources/download/18014,queued,wsc-2022-special-edition,
WSC2022SE,TP,20,Bricklaying,actual,en,WSC2022SE_TP20_actual_en,0,,WSC2022SE/TP/20/actual/en/WSC2022SE_TP20_actual_en,https://api.worldskills.org/resources/download/18005,queued,wsc-2022-special-edition,
WSC2022SE,TP,21,Plastering and Drywall Systems,actual,en,WSC2022SE_TP21_actual_en,0,,WSC2022SE/TP/21/actual/en/WSC2022SE_TP21_actual_en,https://api.worldskills.org/resources/download/17918,queued,wsc-2022-special-edition,
WSC2022SE,TP,22,Painting and Decorating,actual,en,WSC2022SE_TP22_actual_en,0,,WSC2022SE/TP/22/actual/en/WSC2022SE_TP22_actual_en,https://api.worldskills.org/resources/download/17956,queued,wsc-2022-special-edition,
WSC2022SE,TP,22,Painting and Decorating,pre,en,WSC2022SE_TP22_pre_en,0,,WSC2022SE/TP/22/pre/en/WSC2022SE_TP22_pre_en,https://api.worldskills.org/resources/download/17198,queued,wsc-2022-special-edition,
WSC2022SE,TP,23,Mobile Robotics,actual,en,WSC2022SE_TP23_actual_en,0,,WSC2022SE/TP/23/actual/en/WSC2022SE_TP23_actual_en,https://api.worldskills.org/resources/download/17985,queued,wsc-2022-special-edition,
WSC2022SE,TP,23,Mobile Robotics,pre,en,WSC2022SE_TP23_pre_en,0,,WSC2022SE/TP/23/pre/en/WSC2022SE_TP23_pre_en,https://api.worldskills.org/resources/download/16214,queued,wsc-2022-special-edition,
WSC2022SE,TP,24,Cabinetmaking,actual,en,WSC2022SE_TP24_actual_en,0,,WSC2022SE/TP/24/actual/en/WSC2022SE_TP24_actual_en,https://api.worldskills.org/resources/download/17876,queued,wsc-2022-special-edition,
WSC2022SE,TP,24,Cabinetmaking,pre,en,WSC2022SE_TP24_pre_en,0,,WSC2022SE/TP/24/pre/en/WSC2022SE_TP24_pre_en,https://api.worldskills.org/resources/download/16565,queued,wsc-2022-special-edition,
WSC2022SE,TP,25,Joinery,actual,und,WSC2022SE_TP25_actual,0,,WSC2022SE/TP/25/actual/und/WSC2022SE_TP25_actual,https://api.worldskills.org/resources/download/17894,queued,wsc-2022-special-edition,
WSC2022SE,TP,25,Joinery,proposal,en,WSC2022SE_TP25_proposals_en,0,,WSC2022SE/TP/25/proposal/en/WSC2022SE_TP25_proposals_en,https://api.worldskills.org/resources/download/17144,queued,wsc-2022-special-edition,
WSC2022SE,TP,26,Carpentry,actual,en,WSC2022SE_TP26_actual_en,0,,WSC2022SE/TP/26/actual/en/WSC2022SE_TP26_actual_en,https://api.worldskills.org/resources/download/17903,queued,wsc-2022-special-edition,
WSC2022SE,TP,26,Carpentry,pre,en,WSC2022SE_TP26_pre_en,0,,WSC2022SE/TP/26/pre/en/WSC2022SE_TP26_pre_en,https://api.worldskills.org/resources/download/17100,queued,wsc-2022-special-edition,
WSC2022SE,TP,27,Jewellery,actual,en,WSC2022SE_TP27_actual_en,0,,WSC2022SE/TP/27/actual/en/WSC2022SE_TP27_actual_en,https://api.worldskills.org/resources/download/17881,queued,wsc-2022-special-edition,
WSC2022SE,TP,27,Jewellery,,und,WSC2022SE_TP27_design_brief,0,,WSC2022SE/TP/27/und/WSC2022SE_TP27_design_brief,https://api.worldskills.org/resources/download/17542,queued,wsc-2022-special-edition,
WSC2022SE,TP,27,Jewellery,pre,en,WSC2022SE_TP27_pre_en,0,,WSC2022SE/TP/27/pre/en/WSC2022SE_TP27_pre_en,https://api.worldskills.org/resources/download/17028,queued,wsc-2022-special-edition,
WSC2022SE,TP,28,Floristry,actual,en,WSC2022SE_TP28_actual_en,0,,WSC2022SE/TP/28/actual/en/WSC2022SE_TP28_actual_en,https://api.worldskills.org/resources/download/17886,queued,wsc-2022-special-edition,
WSC2022SE,TP,28,Floristry,pre,en,WSC2022SE_TP28_pre_en,0,,WSC2022SE/TP/28/pre/en/WSC2022SE_TP28_pre_en,https://api.worldskills.org/resources/download/17127,queued,wsc-2022-special-edition,
WSC2022SE,TP,29,Hairdressing,actual,en,WSC2022SE_TP29_actual_en,0,,WSC2022SE/TP/29/actual/en/WSC2022SE_TP29_actual_en,https://api.worldskills.org/resources/download/17973,queued,wsc-2022-special-edition,
WSC2022SE,TP,29,Hairdressing,pre,en,WSC2022SE_TP29_pre_en,0,,WSC2022SE/TP/29/pre/en/WSC2022SE_TP29_pre_en,https://api.worldskills.org/resources/download/16850,queued,wsc-2022-special-edition,
WSC2022SE,TP,30,Beauty Therapy,actual,und,WSC2022SE_TP30_actual,0,,WSC2022SE/TP/30/actual/und/WSC2022SE_TP30_actual,https://api.worldskills.org/resources/download/17891,queued,wsc-2022-special-edition,
WSC2022SE,TP,30,Beauty Therapy,pre,en,WSC2022SE_TP30_pre_en,0,,WSC2022SE/TP/30/pre/en/WSC2022SE_TP30_pre_en,https://api.worldskills.org/resources/download/17122,queued,wsc-2022-special-edition,
WSC2022SE,TP,31,Fashion Technology,actual,en,WSC2022SE_TP31_actual_en,0,,WSC2022SE/TP/31/actual/en/WSC2022SE_TP31_actual_en,https://api.worldskills.org/resources/download/17892,queued,wsc-2022-special-edition,
WSC2022SE,TP,31,Fashion Technology,pre,en,WSC2022SE_TP31_pre_en,0,,WSC2022SE/TP/31/pre/en/WSC2022SE_TP31_pre_en,https://api.worldskills.org/resources/download/16552,queued,wsc-2022-special-edition,
WSC2022SE,TP,32,Pâtisserie and Confectionery,actual,en,WSC2022SE_TP32_actual_en,0,,WSC2022SE/TP/32/actual/en/WSC2022SE_TP32_actual_en,https://api.worldskills.org/resources/download/17912,queued,wsc-2022-special-edition,
WSC2022SE,TP,32,Pâtisserie and Confectionery,pre,en,WSC2022_TP32_pre_en,0,,WSC2022SE/TP/32/pre/en/WSC2022_TP32_pre_en,https://api.worldskills.org/resources/download/16215,queued,wsc-2022-special-edition,
WSC2022SE,TP,33,Automobile Technology,actual,en,WSC2022SE_TP33_actual_en,0,,WSC2022SE/TP/33/actual/en/WSC2022SE_TP33_actual_en,https://api.worldskills.org/resources/download/17906,queued,wsc-2022-special-edition,
WSC2022SE,TP,34,Cooking,actual,en,WSC2022SE_TP34_actual_en,0,,WSC2022SE/TP/34/actual/en/WSC2022SE_TP34_actual_en,https://api.worldskills.org/resources/download/18215,queued,wsc-2022-special-edition,
WSC2022SE,TP,34,Cooking,pre,en,WSC2022SE_TP34_pre_en,0,,WSC2022SE/TP/34/pre/en/WSC2022SE_TP34_pre_en,https://api.worldskills.org/resources/download/17047,queued,wsc-2022-special-edition,
WSC2022SE,TP,35,Restaurant Service,actual,en,WSC2022SE_TP35_actual_en,0,,WSC2022SE/TP/35/actual/en/WSC2022SE_TP35_actual_en,https://api.worldskills.org/resources/download/17889,queued,wsc-2022-special-edition,
WSC2022SE,TP,35,Restaurant Service,pre,en,WSC2022_TP35_pre_en,0,,WSC2022SE/TP/35/pre/en/WSC2022_TP35_pre_en,https://api.worldskills.org/resources/download/17046,queued,wsc-2022-special-edition,
WSC2022SE,TP,36,Car Painting,actual,en,WSC2022SE_TP36_actual_en,0,,WSC2022SE/TP/36/actual/en/WSC2022SE_TP36_actual_en,https://api.worldskills.org/resources/download/17883,queued,wsc-2022-special-edition,
WSC2022SE,TP,37,Landscape Gardening,actual,en,WSC2022SE_TP37_actual_en,0,,WSC2022SE/TP/37/actual/en/WSC2022SE_TP37_actual_en,https://api.worldskills.org/resources/download/17979,queued,wsc-2022-special-edition,
WSC2022SE,TP,37,Landscape Gardening,pre,en,WSC2022SE_TP37_pre_en,0,,WSC2022SE/TP/37/pre/en/WSC2022SE_TP37_pre_en,https://api.worldskills.org/resources/download/17187,queued,wsc-2022-special-edition,
WSC2022SE,TP,38,Refrigeration and Air Conditioning,actual,en,WSC2022SE_TP38_actual_en,0,,WSC2022SE/TP/38/actual/en/WSC2022SE_TP38_actual_en,https://api.worldskills.org/resources/download/17748,queued,wsc-2022-special-edition,
WSC2022SE,TP,38,Refrigeration and Air Conditioning,pre,en,WSC2022SE_TP38_pre_en,0,,WSC2022SE/TP/38/pre/en/WSC2022SE_TP38_pre_en,https://api.worldskills.org/resources/download/17391,queued,wsc-2022-special-edition,
WSC2022SE,TP,39,IT Network Systems Administration,actual,en,WSC2022SE_TP39_actual_en,0,,WSC2022SE/TP/39/actual/en/WSC2022SE_TP39_actual_en,https://api.worldskills.org/resources/download/17808,queued,wsc-2022-special-edition,
WSC2022SE,TP,39,IT Network Systems Administration,pre,en,WSC2022SE_TP39_pre_en,0,,WSC2022SE/TP/39/pre/en/WSC2022SE_TP39_pre_en,https://api.worldskills.org/resources/download/16633,queued,wsc-2022-special-edition,
WSC2022SE,TP,40,Graphic Design Technology,actual,en,WSC2022SE_TP40_actual_en,0,,WSC2022SE/TP/40/actual/en/WSC2022SE_TP40_actual_en,https://api.worldskills.org/resources/download/18004,queued,wsc-2022-special-edition,
WSC2022SE,TP,41,Health and Social Care,actual,en,WSC2022SE_TP41_actual_en,0,,WSC2022SE/TP/41/actual/en/WSC2022SE_TP41_actual_en,https://api.worldskills.org/resources/download/17885,queued,wsc-2022-special-edition,
WSC2022SE,TP,41,Health and Social Care,pre,en,WSC2022SE_TP41_pre_en,0,,WSC2022SE/TP/41/pre/en/WSC2022SE_TP41_pre_en,https://api.worldskills.org/resources/download/17142,queued,wsc-2022-special-edition,
WSC2022SE,TP,42,Construction Metal Work,actual,en,WSC2022SE_TP42_actual_en,0,,WSC2022SE/TP/42/actual/en/WSC2022SE_TP42_actual_en,https://api.worldskills.org/resources/download/17913,queued,wsc-2022-special-edition,
WSC2022SE,TP,43,Plastic Die Engineering,actual,en,WSC2022SE_TP43_actual_en,0,,WSC2022SE/TP/43/actual/en/WSC2022SE_TP43_actual_en,https://api.worldskills.org/resources/download/17875,queued,wsc-2022-special-edition,
WSC2022SE,TP,43,Plastic Die Engineering,pre,en,WSC2022SE_TP43_pre_en,0,,WSC2022SE/TP/43/pre/en/WSC2022SE_TP43_pre_en,https://api.worldskills.org/resources/download/17099,queued,wsc-2022-special-edition,
WSC2022SE,TP,44,Visual Merchandising,actual,en,WSC2022SE_TP44_actual_en,0,,WSC2022SE/TP/44/actual/en/WSC2022SE_TP44_actual_en,https://api.worldskills.org/resources/download/18218,queued,wsc-2022-special-edition,
WSC2022SE,TP,44,Visual Merchandising,pre,en,WSC2022SE_TP_pre_en,0,,WSC2022SE/TP/44/pre/en/WSC2022SE_TP_pre_en,https://api.worldskills.org/resources/download/16697,queued,wsc-2022-special-edition,
WSC2022SE,TP,45,Prototype Modelling,actual,und,WSC2022SE_TP45_actual,0,,WSC2022SE/TP/45/actual/und/WSC2022SE_TP45_actual,https://api.worldskills.org/resources/download/17519,queued,wsc-2022-special-edition,
WSC2022SE,TP,46,Concrete Construction Work,actual,en,WSC2022SE_TP46_actual_en,0,,WSC2022SE/TP/46/actual/en/WSC2022SE_TP46_actual_en,https://api.worldskills.org/resources/download/18006,queued,wsc-2022-special-edition,
WSC2022SE,TP,46,Concrete Construction Work,pre,en,WSC2022SE_TP46_pre_en,0,,WSC2022SE/TP/46/pre/en/WSC2022SE_TP46_pre_en,https://api.worldskills.org/resources/download/16880,queued,wsc-2022-special-edition,
WSC2022SE,TP,47,Bakery,actual,en,WSC2022SE_TP47_actual_en,0,,WSC2022SE/TP/47/actual/en/WSC2022SE_TP47_actual_en,https://api.worldskills.org/resources/download/17809,queued,wsc-2022-special-edition,
WSC2022SE,TP,47,Bakery,pre,en,WSC2022SE_TP47_pre_en,0,,WSC2022SE/TP/47/pre/en/WSC2022SE_TP47_pre_en,https://api.worldskills.org/resources/download/16266,queued,wsc-2022-special-edition,
WSC2022SE,TP,48,Industry 4.0,actual,en,WSC2022SE_TP48_actual_en,0,,WSC2022SE/TP/48/actual/en/WSC2022SE_TP48_actual_en,https://api.worldskills.org/resources/download/17909,queued,wsc-2022-special-edition,
WSC2022SE,TP,49,Heavy Vehicle Technology,actual,und,WSC2022SE_TP49_actual,0,,WSC2022SE/TP/49/actual/und/WSC2022SE_TP49_actual,https://api.worldskills.org/resources/download/18008,queued,wsc-2022-special-edition,
WSC2022SE,TP,49,Heavy Vehicle Technology,pre,en,WSC2022SE_TP49_pre_en,0,,WSC2022SE/TP/49/pre/en/WSC2022SE_TP49_pre_en,https://api.worldskills.org/resources/download/17975,queued,wsc-2022-special-edition,
WSC2022SE,TP,50,3D Digital Game Art,actual,en,WSC2022SE_TP50_actual_en,0,,WSC2022SE/TP/50/actual/en/WSC2022SE_TP50_actual_en,https://api.worldskills.org/resources/download/17910,queued,wsc-2022-special-edition,
WSC2022SE,TP,51,Freight Forwarding,actual,en,WSC2022SE_TP51_actual_en,0,,WSC2022SE/TP/51/actual/en/WSC2022SE_TP51_actual_en,https://api.worldskills.org/resources/download/18009,queued,wsc-2022-special-edition,
WSC2022SE,TP,52,Chemical Laboratory Technology,actual,und,WSC2022SE_TP52_actual,0,,WSC2022SE/TP/52/actual/und/WSC2022SE_TP52_actual,https://api.worldskills.org/resources/download/18007,queued,wsc-2022-special-edition,
WSC2022SE,TP,53,Cloud Computing,actual,en,WSC2022SE_TP53_actual_en,0,,WSC2022SE/TP/53/actual/en/WSC2022SE_TP53_actual_en,https://api.worldskills.org/resources/download/17902,queued,wsc-2022-special-edition,
WSC2022SE,TP,54,Cyber Security,actual,en,WSC2022SE_TP54_actual_en,0,,WSC2022SE/TP/54/actual/en/WSC2022SE_TP54_actual_en,https://api.worldskills.org/resources/download/17878,queued,wsc-2022-special-edition,
WSC2022SE,TP,55,Water Technology,pre,en,WSC2022SE_TP55_A5_B1_B2_B3_pre_en,0,,WSC2022SE/TP/55/pre/en/WSC2022SE_TP55_A5_B1_B2_B3_pre_en,https://api.worldskills.org/resources/download/16975,queued,wsc-2022-special-edition,
WSC2022SE,TP,55,Water Technology,actual,en,WSC2022SE_TP55_actual_en,0,,WSC2022SE/TP/55/actual/en/WSC2022SE_TP55_actual_en,https://api.worldskills.org/resources/download/17806,queued,wsc-2022-special-edition,
WSC2022SE,TP,56,Hotel Reception,actual,en,WSC2022SE_TP56_actual_en,0,,WSC2022SE/TP/56/actual/en/WSC2022SE_TP56_actual_en,https://api.worldskills.org/resources/download/17952,queued,wsc-2022-special-edition,
WSC2022SE,TP,56,Hotel Reception,pre,en,WSC2022SE_TP56_pre_en,0,,WSC2022SE/TP/56/pre/en/WSC2022SE_TP56_pre_en,https://api.worldskills.org/resources/download/17143,queued,wsc-2022-special-edition,
WSC2022SE,TP,57,Additive Manufacturing,actual,en,WSC2022SE_TP57_actual_en,0,,WSC2022SE/TP/57/actual/en/WSC2022SE_TP57_actual_en,https://api.worldskills.org/resources/download/17880,queued,wsc-2022-special-edition,
WSC2022SE,TP,58,Digital Construction,actual,en,WSC2022SE_TP58_actual_en,0,,WSC2022SE/TP/58/actual/en/WSC2022SE_TP58_actual_en,https://api.worldskills.org/resources/download/17984,queued,wsc-2022-special-edition,
WSC2022SE,TP,60,Optoelectronic Technology,actual,en,WSC2022SE_TP60_actual_en,0,,WSC2022SE/TP/60/actual/en/WSC2022SE_TP60_actual_en,https://api.worldskills.org/resources/download/17948,queued,wsc-2022-special-edition,
WSC2022SE,TP,60,Optoelectronic Technology,pre,en,WSC2022SE_TP60_pre_en,0,,WSC2022SE/TP/60/pre/en/WSC2022SE_TP60_pre_en,https://api.worldskills.org/resources/download/17141,queued,wsc-2022-special-edition,
WSC2022SE,TP,62,Renewable Energy,actual,en,WSC2022SE_TP62_actual_en,0,,WSC2022SE/TP/62/actual/en/WSC2022SE_TP62_actual_en,https://api.worldskills.org/resources/download/17879,queued,wsc-2022-special-edition,
WSC2022SE,TP,63,Robot Systems Integration,actual,und,WSC2022SE_TP63_actual,0,,WSC2022SE/TP/63/actual/und/WSC2022SE_TP63_actual,https://api.worldskills.org/resources/download/17811,queued,wsc-2022-special-edition,
WSC2024,DOC,xx,,,und,WSC2024_OR_Best_of_Nation_selections,0,,WSC2024/DOC/xx/und/WSC2024_OR_Best_of_Nation_selections,https://api.worldskills.org/resources/download/23582,queued,wsc-2024-lyon,
WSC2024,DOC,xx,,,und,WSC2024_OR_Member_Comparison_by_Average_Medal_Points,0,,WSC2024/DOC/xx/und/WSC2024_OR_Member_Comparison_by_Average_Medal_Points,https://api.worldskills.org/resources/download/23577,queued,wsc-2024-lyon,
WSC2024,DOC,xx,,,und,WSC2024_OR_Member_Comparison_by_Average_Point_Score,0,,WSC2024/DOC/xx/und/WSC2024_OR_Member_Comparison_by_Average_Point_Score,https://api.worldskills.org/resources/download/23578,queued,wsc-2024-lyon,
WSC2024,DOC,xx,,,und,WSC2024_OR_Member_Comparison_by_Member,0,,WSC2024/DOC/xx/und/WSC2024_OR_Member_Comparison_by_Member,https://api.worldskills.org/resources/download/23579,queued,wsc-2024-lyon,
WSC2024,DOC,xx,,,und,WSC2024_OR_Member_Comparison_by_Total_Medal_Points,0,,WSC2024/DOC/xx/und/WSC2024_OR_Member_Comparison_by_Total_Medal_Points,https://api.worldskills.org/resources/download/23580,queued,wsc-2024-lyon,
WSC2024,DOC,xx,,,und,WSC2024_OR_Member_Comparison_by_Total_Point_Score,0,,WSC2024/DOC/xx/und/WSC2024_OR_Member_Comparison_by_Total_Point_Score,https://api.worldskills.org/resources/download/23581,queued,wsc-2024-lyon,
WSC2024,DOC,xx,,,und,WSC2024_OR_all_skills,0,,WSC2024/DOC/xx/und/WSC2024_OR_all_skills,https://api.worldskills.org/resources/download/23576,queued,wsc-2024-lyon,
WSC2024,IL,01,Industrial Mechanics,,und,WSC2024_IL01.xlsx,0,,WSC2024/IL/01/und/WSC2024_IL01.xlsx,https://api.worldskills.org/il/reports/requested/lists/579/1114?s=xlsx,queued,wsc-2024-lyon,
WSC2024,IL,02,Information Network Cabling,,und,WSC2024_IL02.xlsx,0,,WSC2024/IL/02/und/WSC2024_IL02.xlsx,https://api.worldskills.org/il/reports/requested/lists/579/1119?s=xlsx,queued,wsc-2024-lyon,
WSC2024,IL,03,Manufacturing Team Challenge,,und,WSC2024_IL03.xlsx,0,,WSC2024/IL/03/und/WSC2024_IL03.xlsx,https://api.worldskills.org/il/reports/requested/lists/579/1117?s=xlsx,queued,wsc-2024-lyon,
WSC2024,IL,04,Mechatronics,,und,WSC2024_IL04.xlsx,0,,WSC2024/IL/04/und/WSC2024_IL04.xlsx,https://api.worldskills.org/il/reports/requested/lists/579/1122?s=xlsx,queued,wsc-2024-lyon,
WSC2024,IL,05,Mechanical Engineering CAD,,und,WSC2024_IL05.xlsx,0,,WSC2024/IL/05/und/WSC2024_IL05.xlsx,https://api.worldskills.org/il/reports/requested/lists/579/1118?s=xlsx,queued,wsc-2024-lyon,
WSC2024,IL,06,CNC Turning,,und,WSC2024_IL06.xlsx,0,,WSC2024/IL/06/und/WSC2024_IL06.xlsx,https://api.worldskills.org/il/reports/requested/lists/579/1115?s=xlsx,queued,wsc-2024-lyon,
WSC2024,IL,07,CNC Milling,,und,WSC2024_IL07.xlsx,0,,WSC2024/IL/07/und/WSC2024_IL07.xlsx,https://api.worldskills.org/il/reports/requested/lists/579/1116?s=xlsx,queued,wsc-2024-lyon,
WSC2024,IL,08,Mobile Applications Development,,und,WSC2024_IL08.xlsx,0,,WSC2024/IL/08/und/WSC2024_IL08.xlsx,https://api.worldskills.org/il/reports/requested/lists/579/1121?s=xlsx,queued,wsc-2024-lyon,
WSC2024,IL,09,IT Software Solutions for Business,,und,WSC2024_IL09.xlsx,0,,WSC2024/IL/09/und/WSC2024_IL09.xlsx,https://api.worldskills.org/il/reports/requested/lists/579/1147?s=xlsx,queued,wsc-2024-lyon,
WSC2024,IL,10,Welding,,und,WSC2024_IL10.xlsx,0,,WSC2024/IL/10/und/WSC2024_IL10.xlsx,https://api.worldskills.org/il/reports/requested/lists/579/1127?s=xlsx,queued,wsc-2024-lyon,
WSC2024,IL,11,Print Media Technology,,und,WSC2024_IL11.xlsx,0,,WSC2024/IL/11/und/WSC2024_IL11.xlsx,https://api.worldskills.org/il/reports/requested/lists/579/1132?s=xlsx,queued,wsc-2024-lyon,
WSC2024,IL,117,E03 Rail Vehicle Technology,,und,WSC2024_IL1170.xlsx,0,,WSC2024/IL/117/und/WSC2024_IL1170.xlsx,https://api.worldskills.org/il/reports/requested/lists/579/1170?s=xlsx,queued,wsc-2024-lyon,
WSC2024,IL,117,E01 Stonemasonry,,und,WSC2024_IL1175.xlsx,0,,WSC2024/IL/117/und/WSC2024_IL1175.xlsx,https://api.worldskills.org/il/reports/requested/lists/579/1175?s=xlsx,queued,wsc-2024-lyon,
WSC2024,IL,12,Wall and Floor Tiling,,und,WSC2024_IL12.xlsx,0,,WSC2024/IL/12/und/WSC2024_IL12.xlsx,https://api.worldskills.org/il/reports/requested/lists/579/1140?s=xlsx,queued,wsc-2024-lyon,
WSC2024,IL,129,E02 Heavy Truck Maintenance,,und,WSC2024_IL1291.xlsx,0,,WSC2024/IL/129/und/WSC2024_IL1291.xlsx,https://api.worldskills.org/il/reports/requested/lists/579/1291?s=xlsx,queued,wsc-2024-lyon,
WSC2024,IL,13,Autobody Repair,,und,WSC2024_IL13.xlsx,0,,WSC2024/IL/13/und/WSC2024_IL13.xlsx,https://api.worldskills.org/il/reports/requested/lists/579/1138?s=xlsx,queued,wsc-2024-lyon,
WSC2024,IL,14,Aircraft Maintenance,,und,WSC2024_IL14.xlsx,0,,WSC2024/IL/14/und/WSC2024_IL14.xlsx,https://api.worldskills.org/il/reports/requested/lists/579/1126?s=xlsx,queued,wsc-2024-lyon,
WSC2024,IL,15,Plumbing and Heating,,und,WSC2024_IL15.xlsx,0,,WSC2024/IL/15/und/WSC2024_IL15.xlsx,https://api.worldskills.org/il/reports/requested/lists/579/1150?s=xlsx,queued,wsc-2024-lyon,
WSC2024,IL,16,Electronics,,und,WSC2024_IL16.xlsx,0,,WSC2024/IL/16/und/WSC2024_IL16.xlsx,https://api.worldskills.org/il/reports/requested/lists/579/1151?s=xlsx,queued,wsc-2024-lyon,
WSC2024,IL,17,Web Technologies,,und,WSC2024_IL17.xlsx,0,,WSC2024/IL/17/und/WSC2024_IL17.xlsx,https://api.worldskills.org/il/reports/requested/lists/579/1156?s=xlsx,queued,wsc-2024-lyon,
WSC2024,IL,18,Electrical Installations,,und,WSC2024_IL18.xlsx,0,,WSC2024/IL/18/und/WSC2024_IL18.xlsx,https://api.worldskills.org/il/reports/requested/lists/579/1146?s=xlsx,queued,wsc-2024-lyon,
WSC2024,IL,19,Industrial Control,,und,WSC2024_IL19.xlsx,0,,WSC2024/IL/19/und/WSC2024_IL19.xlsx,https://api.worldskills.org/il/reports/requested/lists/579/1133?s=xlsx,queued,wsc-2024-lyon,
WSC2024,IL,20,Bricklaying,,und,WSC2024_IL20.xlsx,0,,WSC2024/IL/20/und/WSC2024_IL20.xlsx,https://api.worldskills.org/il/reports/requested/lists/579/1158?s=xlsx,queued,wsc-2024-lyon,
WSC2024,IL,21,Plastering and Drywall Systems,,und,WSC2024_IL21.xlsx,0,,WSC2024/IL/21/und/WSC2024_IL21.xlsx,https://api.worldskills.org/il/reports/requested/lists/579/1149?s=xlsx,queued,wsc-2024-lyon,
WSC2024,IL,22,Painting and Decorating,,und,WSC2024_IL22.xlsx,0,,WSC2024/IL/22/und/WSC2024_IL22.xlsx,https://api.worldskills.org/il/reports/requested/lists/579/1154?s=xlsx,queued,wsc-2024-lyon,
WSC2024,IL,23,Autonomous Mobile Robotics,,und,WSC2024_IL23.xlsx,0,,WSC2024/IL/23/und/WSC2024_IL23.xlsx,https://api.worldskills.org/il/reports/requested/lists/579/1159?s=xlsx,queued,wsc-2024-lyon,
WSC2024,IL,24,Cabinetmaking,,und,WSC2024_IL24.xlsx,0,,WSC2024/IL/24/und/WSC2024_IL24.xlsx,https://api.worldskills.org/il/reports/requested/lists/579/1141?s=xlsx,queued,wsc-2024-lyon,
WSC2024,IL,25,Joinery,,und,WSC2024_IL25.xlsx,0,,WSC2024/IL/25/und/WSC2024_IL25.xlsx,https://api.worldskills.org/il/reports/requested/lists/579/1173?s=xlsx,queued,wsc-2024-lyon,
WSC2024,IL,26,Carpentry,,und,WSC2024_IL26.xlsx,0,,WSC2024/IL/26/und/WSC2024_IL26.xlsx,https://api.worldskills.org/il/reports/requested/lists/579/1137?s=xlsx,queued,wsc-2024-lyon,
WSC2024,IL,27,Jewellery,,und,WSC2024_IL27.xlsx,0,,WSC2024/IL/27/und/WSC2024_IL27.xlsx,https://api.worldskills.org/il/reports/requested/lists/579/1148?s=xlsx,queued,wsc-2024-lyon,
WSC2024,IL,28,Floristry,,und,WSC2024_IL28.xlsx,0,,WSC2024/IL/28/und/WSC2024_IL28.xlsx,https://api.worldskills.org/il/reports/requested/lists/579/1153?s=xlsx,queued,wsc-2024-lyon,
WSC2024,IL,29,Hairdressing,,und,WSC2024_IL29.xlsx,0,,WSC2024/IL/29/und/WSC2024_IL29.xlsx,https://api.worldskills.org/il/reports/requested/lists/579/1135?s=xlsx,queued,wsc-2024-lyon,
WSC2024,IL,30,Beauty Therapy,,und,WSC2024_IL30.xlsx,0,,WSC2024/IL/30/und/WSC2024_IL30.xlsx,https://api.worldskills.org/il/reports/requested/lists/579/1172?s=xlsx,queued,wsc-2024-lyon,
WSC2024,IL,31,Fashion Technology,,und,WSC2024_IL31.xlsx,0,,WSC2024/IL/31/und/WSC2024_IL31.xlsx,https://api.worldskills.org/il/reports/requested/lists/579/1160?s=xlsx,queued,wsc-2024-lyon,
WSC2024,IL,32,Pâtisserie and Confectionery,,und,WSC2024_IL32.xlsx,0,,WSC2024/IL/32/und/WSC2024_IL32.xlsx,https://api.worldskills.org/il/reports/requested/lists/579/1142?s=xlsx,queued,wsc-2024-lyon,
WSC2024,IL,33,Automobile Technology,,und,WSC2024_IL33.xlsx,0,,WSC2024/IL/33/und/WSC2024_IL33.xlsx,https://api.worldskills.org/il/reports/requested/lists/579/1124?s=xlsx,queued,wsc-2024-lyon,
WSC2024,IL,34,Cooking,,und,WSC2024_IL34.xlsx,0,,WSC2024/IL/34/und/WSC2024_IL34.xlsx,https://api.worldskills.org/il/reports/requested/lists/579/1128?s=xlsx,queued,wsc-2024-lyon,
WSC2024,IL,35,Restaurant Service,,und,WSC2024_IL35.xlsx,0,,WSC2024/IL/35/und/WSC2024_IL35.xlsx,https://api.worldskills.org/il/reports/requested/lists/579/1136?s=xlsx,queued,wsc-2024-lyon,
WSC2024,IL,36,Car Painting,,und,WSC2024_IL36.xlsx,0,,WSC2024/IL/36/und/WSC2024_IL36.xlsx,https://api.worldskills.org/il/reports/requested/lists/579/1174?s=xlsx,queued,wsc-2024-lyon,
WSC2024,IL,37,Landscape Gardening,,und,WSC2024_IL37.xlsx,0,,WSC2024/IL/37/und/WSC2024_IL37.xlsx,https://api.worldskills.org/il/reports/requested/lists/579/1171?s=xlsx,queued,wsc-2024-lyon,
WSC2024,IL,38,Refrigeration and Air Conditioning,,und,WSC2024_IL38.xlsx,0,,WSC2024/IL/38/und/WSC2024_IL38.xlsx,https://api.worldskills.org/il/reports/requested/lists/579/1130?s=xlsx,queued,wsc-2024-lyon,
WSC2024,IL,39,IT Network Systems Administration,,und,WSC2024_IL39.xlsx,0,,WSC2024/IL/39/und/WSC2024_IL39.xlsx,https://api.worldskills.org/il/reports/requested/lists/579/1157?s=xlsx,queued,wsc-2024-lyon,
WSC2024,IL,40,Graphic Design Technology,,und,WSC2024_IL40.xlsx,0,,WSC2024/IL/40/und/WSC2024_IL40.xlsx,https://api.worldskills.org/il/reports/requested/lists/579/1139?s=xlsx,queued,wsc-2024-lyon,
WSC2024,IL,41,Health and Social Care,,und,WSC2024_IL41.xlsx,0,,WSC2024/IL/41/und/WSC2024_IL41.xlsx,https://api.worldskills.org/il/reports/requested/lists/579/1145?s=xlsx,queued,wsc-2024-lyon,
WSC2024,IL,42,Construction Metal Work,,und,WSC2024_IL42.xlsx,0,,WSC2024/IL/42/und/WSC2024_IL42.xlsx,https://api.worldskills.org/il/reports/requested/lists/579/1143?s=xlsx,queued,wsc-2024-lyon,
WSC2024,IL,44,Visual Merchandising,,und,WSC2024_IL44.xlsx,0,,WSC2024/IL/44/und/WSC2024_IL44.xlsx,https://api.worldskills.org/il/reports/requested/lists/579/1134?s=xlsx,queued,wsc-2024-lyon,
WSC2024,IL,45,Prototype Modelling,,und,WSC2024_IL45.xlsx,0,,WSC2024/IL/45/und/WSC2024_IL45.xlsx,https://api.worldskills.org/il/reports/requested/lists/579/1125?s=xlsx,queued,wsc-2024-lyon,
WSC2024,IL,46,Concrete Construction Work,,und,WSC2024_IL46.xlsx,0,,WSC2024/IL/46/und/WSC2024_IL46.xlsx,https://api.worldskills.org/il/reports/requested/lists/579/1155?s=xlsx,queued,wsc-2024-lyon,
WSC2024,IL,47,Bakery,,und,WSC2024_IL47.xlsx,0,,WSC2024/IL/47/und/WSC2024_IL47.xlsx,https://api.worldskills.org/il/reports/requested/lists/579/1123?s=xlsx,queued,wsc-2024-lyon,
WSC2024,IL,48,Industry 4.0,,und,WSC2024_IL48.xlsx,0,,WSC2024/IL/48/und/WSC2024_IL48.xlsx,https://api.worldskills.org/il/reports/requested/lists/579/1161?s=xlsx,queued,wsc-2024-lyon,
WSC2024,IL,49,Heavy Vehicle Technology,,und,WSC2024_IL49.xlsx,0,,WSC2024/IL/49/und/WSC2024_IL49.xlsx,https://api.worldskills.org/il/reports/requested/lists/579/1131?s=xlsx,queued,wsc-2024-lyon,
WSC2024,IL,50,3D Digital Game Art,,und,WSC2024_IL50.xlsx,0,,WSC2024/IL/50/und/WSC2024_IL50.xlsx,https://api.worldskills.org/il/reports/requested/lists/579/1167?s=xlsx,queued,wsc-2024-lyon,
WSC2024,IL,51,Logistics and Freight Forwarding,,und,WSC2024_IL51.xlsx,0,,WSC2024/IL/51/und/WSC2024_IL51.xlsx,https://api.worldskills.org/il/reports/requested/lists/579/1152?s=xlsx,queued,wsc-2024-lyon,
WSC2024,IL,52,Chemical Laboratory Technology,,und,WSC2024_IL52.xlsx,0,,WSC2024/IL/52/und/WSC2024_IL52.xlsx,https://api.worldskills.org/il/reports/requested/lists/579/1129?s=xlsx,queued,wsc-2024-lyon,
WSC2024,IL,53,Cloud Computing,,und,WSC2024_IL53.xlsx,0,,WSC2024/IL/53/und/WSC2024_IL53.xlsx,https://api.worldskills.org/il/reports/requested/lists/579/1165?s=xlsx,queued,wsc-2024-lyon,
WSC2024,IL,54,Cyber Security,,und,WSC2024_IL54.xlsx,0,,WSC2024/IL/54/und/WSC2024_IL54.xlsx,https://api.worldskills.org/il/reports/requested/lists/579/1144?s=xlsx,queued,wsc-2024-lyon,
WSC2024,IL,55,Water Technology,,und,WSC2024_IL55.xlsx,0,,WSC2024/IL/55/und/WSC2024_IL55.xlsx,https://api.worldskills.org/il/reports/requested/lists/579/1166?s=xlsx,queued,wsc-2024-lyon,
WSC2024,IL,56,Hotel Reception,,und,WSC2024_IL56.xlsx,0,,WSC2024/IL/56/und/WSC2024_IL56.xlsx,https://api.worldskills.org/il/reports/requested/lists/579/1120?s=xlsx,queued,wsc-2024-lyon,
WSC2024,IL,57,Additive Manufacturing,,und,WSC2024_IL57.xlsx,0,,WSC2024/IL/57/und/WSC2024_IL57.xlsx,https://api.worldskills.org/il/reports/requested/lists/579/1162?s=xlsx,queued,wsc-2024-lyon,
WSC2024,IL,58,Digital Construction,,und,WSC2024_IL58.xlsx,0,,WSC2024/IL/58/und/WSC2024_IL58.xlsx,https://api.worldskills.org/il/reports/requested/lists/579/1168?s=xlsx,queued,wsc-2024-lyon,
WSC2024,IL,59,Industrial Design Technology,,und,WSC2024_IL59.xlsx,0,,WSC2024/IL/59/und/WSC2024_IL59.xlsx,https://api.worldskills.org/il/reports/requested/lists/579/1164?s=xlsx,queued,wsc-2024-lyon,
WSC2024,IL,60,Optoelectronic Technology,,und,WSC2024_IL60.xlsx,0,,WSC2024/IL/60/und/WSC2024_IL60.xlsx,https://api.worldskills.org/il/reports/requested/lists/579/1163?s=xlsx,queued,wsc-2024-lyon,
WSC2024,IL,62,Renewable Energy,,und,WSC2024_IL62.xlsx,0,,WSC2024/IL/62/und/WSC2024_IL62.xlsx,https://api.worldskills.org/il/reports/requested/lists/579/1169?s=xlsx,queued,wsc-2024-lyon,
WSC2024,IL,63,Robot Systems Integration,,und,WSC2024_IL63.xlsx,0,,WSC2024/IL/63/und/WSC2024_IL63.xlsx,https://api.worldskills.org/il/reports/requested/lists/579/1113?s=xlsx,queued,wsc-2024-lyon,
WSC2024,RES,xx,,,und,WSC2024_guidance_assessment_completion,0,,WSC2024/RES/xx/und/WSC2024_guidance_assessment_completion,https://api.worldskills.org/resources/download/23275,queued,wsc-2024-lyon,
WSC2024,RES,xx,,,und,WSC2024_guidance_assessment_completion_tablet,0,,WSC2024/RES/xx/und/WSC2024_guidance_assessment_completion_tablet,https://api.worldskills.org/resources/download/23276,queued,wsc-2024-lyon,
WSC2024,RES,xx,,,und,WSL2024_Impact_Report,0,,WSC2024/RES/xx/und/WSL2024_Impact_Report,https://api.worldskills.org/resources/download/26473,queued,wsc-2024-lyon,
WSC2024,SKL,xx,,,und,WSC2024_Test_Project_ballot_paper,0,,WSC2024/SKL/xx/und/WSC2024_Test_Project_ballot_paper,https://api.worldskills.org/resources/download/23277,queued,wsc-2024-lyon,
WSC2024,TD,01,Industrial Mechanics,,ar,WSC2024_TD01_ar.pdf,0,,WSC2024/TD/01/ar/WSC2024_TD01_ar.pdf,https://api.worldskills.org/skillman/documents/1/skills/1660/pdf?l=ar,queued,wsc-2024-lyon,
WSC2024,TD,01,Industrial Mechanics,,de,WSC2024_TD01_de.pdf,0,,WSC2024/TD/01/de/WSC2024_TD01_de.pdf,https://api.worldskills.org/skillman/documents/1/skills/1660/pdf?l=de,queued,wsc-2024-lyon,
WSC2024,TD,01,Industrial Mechanics,,en,WSC2024_TD01_en.pdf,0,,WSC2024/TD/01/en/WSC2024_TD01_en.pdf,https://api.worldskills.org/skillman/documents/1/skills/1660/pdf?l=en,queued,wsc-2024-lyon,
WSC2024,TD,01,Industrial Mechanics,,es,WSC2024_TD01_es.pdf,0,,WSC2024/TD/01/es/WSC2024_TD01_es.pdf,https://api.worldskills.org/skillman/documents/1/skills/1660/pdf?l=es,queued,wsc-2024-lyon,
WSC2024,TD,01,Industrial Mechanics,,fi,WSC2024_TD01_fi.pdf,0,,WSC2024/TD/01/fi/WSC2024_TD01_fi.pdf,https://api.worldskills.org/skillman/documents/1/skills/1660/pdf?l=fi,queued,wsc-2024-lyon,
WSC2024,TD,01,Industrial Mechanics,,fr,WSC2024_TD01_fr.pdf,0,,WSC2024/TD/01/fr/WSC2024_TD01_fr.pdf,https://api.worldskills.org/skillman/documents/1/skills/1660/pdf?l=fr,queued,wsc-2024-lyon,
WSC2024,TD,01,Industrial Mechanics,,ja,WSC2024_TD01_ja.pdf,0,,WSC2024/TD/01/ja/WSC2024_TD01_ja.pdf,https://api.worldskills.org/skillman/documents/1/skills/1660/pdf?l=ja,queued,wsc-2024-lyon,
WSC2024,TD,01,Industrial Mechanics,,ko,WSC2024_TD01_ko.pdf,0,,WSC2024/TD/01/ko/WSC2024_TD01_ko.pdf,https://api.worldskills.org/skillman/documents/1/skills/1660/pdf?l=ko,queued,wsc-2024-lyon,
WSC2024,TD,01,Industrial Mechanics,,pt,WSC2024_TD01_pt.pdf,0,,WSC2024/TD/01/pt/WSC2024_TD01_pt.pdf,https://api.worldskills.org/skillman/documents/1/skills/1660/pdf?l=pt,queued,wsc-2024-lyon,
WSC2024,TD,01,Industrial Mechanics,,ru,WSC2024_TD01_ru.pdf,0,,WSC2024/TD/01/ru/WSC2024_TD01_ru.pdf,https://api.worldskills.org/skillman/documents/1/skills/1660/pdf?l=ru,queued,wsc-2024-lyon,
WSC2024,TD,01,Industrial Mechanics,,zh,WSC2024_TD01_zh.pdf,0,,WSC2024/TD/01/zh/WSC2024_TD01_zh.pdf,https://api.worldskills.org/skillman/documents/1/skills/1660/pdf?l=zh,queued,wsc-2024-lyon,
WSC2024,TD,02,Information Network Cabling,,ar,WSC2024_TD02_ar.pdf,0,,WSC2024/TD/02/ar/WSC2024_TD02_ar.pdf,https://api.worldskills.org/skillman/documents/1/skills/1662/pdf?l=ar,queued,wsc-2024-lyon,
WSC2024,TD,02,Information Network Cabling,,de,WSC2024_TD02_de.pdf,0,,WSC2024/TD/02/de/WSC2024_TD02_de.pdf,https://api.worldskills.org/skillman/documents/1/skills/1662/pdf?l=de,queued,wsc-2024-lyon,
WSC2024,TD,02,Information Network Cabling,,en,WSC2024_TD02_en.pdf,0,,WSC2024/TD/02/en/WSC2024_TD02_en.pdf,https://api.worldskills.org/skillman/documents/1/skills/1662/pdf?l=en,queued,wsc-2024-lyon,
WSC2024,TD,02,Information Network Cabling,,es,WSC2024_TD02_es.pdf,0,,WSC2024/TD/02/es/WSC2024_TD02_es.pdf,https://api.worldskills.org/skillman/documents/1/skills/1662/pdf?l=es,queued,wsc-2024-lyon,
WSC2024,TD,02,Information Network Cabling,,fi,WSC2024_TD02_fi.pdf,0,,WSC2024/TD/02/fi/WSC2024_TD02_fi.pdf,https://api.worldskills.org/skillman/documents/1/skills/1662/pdf?l=fi,queued,wsc-2024-lyon,
WSC2024,TD,02,Information Network Cabling,,fr,WSC2024_TD02_fr.pdf,0,,WSC2024/TD/02/fr/WSC2024_TD02_fr.pdf,https://api.worldskills.org/skillman/documents/1/skills/1662/pdf?l=fr,queued,wsc-2024-lyon,
WSC2024,TD,02,Information Network Cabling,,ja,WSC2024_TD02_ja.pdf,0,,WSC2024/TD/02/ja/WSC2024_TD02_ja.pdf,https://api.worldskills.org/skillman/documents/1/skills/1662/pdf?l=ja,queued,wsc-2024-lyon,
WSC2024,TD,02,Information Network Cabling,,ko,WSC2024_TD02_ko.pdf,0,,WSC2024/TD/02/ko/WSC2024_TD02_ko.pdf,https://api.worldskills.org/skillman/documents/1/skills/1662/pdf?l=ko,queued,wsc-2024-lyon,
WSC2024,TD,02,Information Network Cabling,,pt,WSC2024_TD02_pt.pdf,0,,WSC2024/TD/02/pt/WSC2024_TD02_pt.pdf,https://api.worldskills.org/skillman/documents/1/skills/1662/pdf?l=pt,queued,wsc-2024-lyon,
WSC2024,TD,02,Information Network Cabling,,ru,WSC2024_TD02_ru.pdf,0,,WSC2024/TD/02/ru/WSC2024_TD02_ru.pdf,https://api.worldskills.org/skillman/documents/1/skills/1662/pdf?l=ru,queued,wsc-2024-lyon,
WSC2024,TD,02,Information Network Cabling,,zh,WSC2024_TD02_zh.pdf,0,,WSC2024/TD/02/zh/WSC2024_TD02_zh.pdf,https://api.worldskills.org/skillman/documents/1/skills/1662/pdf?l=zh,queued,wsc-2024-lyon,
WSC2024,TD,03,Manufacturing Team Challenge,,ar,WSC2024_TD03_ar.pdf,0,,WSC2024/TD/03/ar/WSC2024_TD03_ar.pdf,https://api.worldskills.org/skillman/documents/1/skills/1663/pdf?l=ar,queued,wsc-2024-lyon,
WSC2024,TD,03,Manufacturing Team Challenge,,de,WSC2024_TD03_de.pdf,0,,WSC2024/TD/03/de/WSC2024_TD03_de.pdf,https://api.worldskills.org/skillman/documents/1/skills/1663/pdf?l=de,queued,wsc-2024-lyon,
WSC2024,TD,03,Manufacturing Team Challenge,,en,WSC2024_TD03_en.pdf,0,,WSC2024/TD/03/en/WSC2024_TD03_en.pdf,https://api.worldskills.org/skillman/documents/1/skills/1663/pdf?l=en,queued,wsc-2024-lyon,
WSC2024,TD,03,Manufacturing Team Challenge,,es,WSC2024_TD03_es.pdf,0,,WSC2024/TD/03/es/WSC2024_TD03_es.pdf,https://api.worldskills.org/skillman/documents/1/skills/1663/pdf?l=es,queued,wsc-2024-lyon,
WSC2024,TD,03,Manufacturing Team Challenge,,fi,WSC2024_TD03_fi.pdf,0,,WSC2024/TD/03/fi/WSC2024_TD03_fi.pdf,https://api.worldskills.org/skillman/documents/1/skills/1663/pdf?l=fi,queued,wsc-2024-lyon,
WSC2024,TD,03,Manufacturing Team Challenge,,fr,WSC2024_TD03_fr.pdf,0,,WSC2024/TD/03/fr/WSC2024_TD03_fr.pdf,https://api.worldskills.org/skillman/documents/1/skills/1663/pdf?l=fr,queued,wsc-2024-lyon,
WSC2024,TD,03,Manufacturing Team Challenge,,ja,WSC2024_TD03_ja.pdf,0,,WSC2024/TD/03/ja/WSC2024_TD03_ja.pdf,https://api.worldskills.org/skillman/documents/1/skills/1663/pdf?l=ja,queued,wsc-2024-lyon,
WSC2024,TD,03,Manufacturing Team Challenge,,ko,WSC2024_TD03_ko.pdf,0,,WSC2024/TD/03/ko/WSC2024_TD03_ko.pdf,https://api.worldskills.org/skillman/documents/1/skills/1663/pdf?l=ko,queued,wsc-2024-lyon,
WSC2024,TD,03,Manufacturing Team Challenge,,pt,WSC2024_TD03_pt.pdf,0,,WSC2024/TD/03/pt/WSC2024_TD03_pt.pdf,https://api.worldskills.org/skillman/documents/1/skills/1663/pdf?l=pt,queued,wsc-2024-lyon,
WSC2024,TD,03,Manufacturing Team Challenge,,ru,WSC2024_TD03_ru.pdf,0,,WSC2024/TD/03/ru/WSC2024_TD03_ru.pdf,https://api.worldskills.org/skillman/documents/1/skills/1663/pdf?l=ru,queued,wsc-2024-lyon,
WSC2024,TD,03,Manufacturing Team Challenge,,zh,WSC2024_TD03_zh.pdf,0,,WSC2024/TD/03/zh/WSC2024_TD03_zh.pdf,https://api.worldskills.org/skillman/documents/1/skills/1663/pdf?l=zh,queued,wsc-2024-lyon,
WSC2024,TD,04,Mechatronics,,ar,WSC2024_TD04_ar.pdf,0,,WSC2024/TD/04/ar/WSC2024_TD04_ar.pdf,https://api.worldskills.org/skillman/documents/1/skills/1665/pdf?l=ar,queued,wsc-2024-lyon,
WSC2024,TD,04,Mechatronics,,de,WSC2024_TD04_de.pdf,0,,WSC2024/TD/04/de/WSC2024_TD04_de.pdf,https://api.worldskills.org/skillman/documents/1/skills/1665/pdf?l=de,queued,wsc-2024-lyon,
WSC2024,TD,04,Mechatronics,,en,WSC2024_TD04_en.pdf,0,,WSC2024/TD/04/en/WSC2024_TD04_en.pdf,https://api.worldskills.org/skillman/documents/1/skills/1665/pdf?l=en,queued,wsc-2024-lyon,
WSC2024,TD,04,Mechatronics,,es,WSC2024_TD04_es.pdf,0,,WSC2024/TD/04/es/WSC2024_TD04_es.pdf,https://api.worldskills.org/skillman/documents/1/skills/1665/pdf?l=es,queued,wsc-2024-lyon,
WSC2024,TD,04,Mechatronics,,fi,WSC2024_TD04_fi.pdf,0,,WSC2024/TD/04/fi/WSC2024_TD04_fi.pdf,https://api.worldskills.org/skillman/documents/1/skills/1665/pdf?l=fi,queued,wsc-2024-lyon,
WSC2024,TD,04,Mechatronics,,fr,WSC2024_TD04_fr.pdf,0,,WSC2024/TD/04/fr/WSC2024_TD04_fr.pdf,https://api.worldskills.org/skillman/documents/1/skills/1665/pdf?l=fr,queued,wsc-2024-lyon,
WSC2024,TD,04,Mechatronics,,ja,WSC2024_TD04_ja.pdf,0,,WSC2024/TD/04/ja/WSC2024_TD04_ja.pdf,https://api.worldskills.org/skillman/documents/1/skills/1665/pdf?l=ja,queued,wsc-2024-lyon,
WSC2024,TD,04,Mechatronics,,ko,WSC2024_TD04_ko.pdf,0,,WSC2024/TD/04/ko/WSC2024_TD04_ko.pdf,https://api.worldskills.org/skillman/documents/1/skills/1665/pdf?l=ko,queued,wsc-2024-lyon,
WSC2024,TD,04,Mechatronics,,pt,WSC2024_TD04_pt.pdf,0,,WSC2024/TD/04/pt/WSC2024_TD04_pt.pdf,https://api.worldskills.org/skillman/documents/1/skills/1665/pdf?l=pt,queued,wsc-2024-lyon,
WSC2024,TD,04,Mechatronics,,ru,WSC2024_TD04_ru.pdf,0,,WSC2024/TD/04/ru/WSC2024_TD04_ru.pdf,https://api.worldskills.org/skillman/documents/1/skills/1665/pdf?l=ru,queued,wsc-2024-lyon,
WSC2024,TD,04,Mechatronics,,zh,WSC2024_TD04_zh.pdf,0,,WSC2024/TD/04/zh/WSC2024_TD04_zh.pdf,https://api.worldskills.org/skillman/documents/1/skills/1665/pdf?l=zh,queued,wsc-2024-lyon,
WSC2024,TD,05,Mechanical Engineering CAD,,ar,WSC2024_TD05_ar.pdf,0,,WSC2024/TD/05/ar/WSC2024_TD05_ar.pdf,https://api.worldskills.org/skillman/documents/1/skills/1664/pdf?l=ar,queued,wsc-2024-lyon,
WSC2024,TD,05,Mechanical Engineering CAD,,de,WSC2024_TD05_de.pdf,0,,WSC2024/TD/05/de/WSC2024_TD05_de.pdf,https://api.worldskills.org/skillman/documents/1/skills/1664/pdf?l=de,queued,wsc-2024-lyon,
WSC2024,TD,05,Mechanical Engineering CAD,,en,WSC2024_TD05_en.pdf,0,,WSC2024/TD/05/en/WSC2024_TD05_en.pdf,https://api.worldskills.org/skillman/documents/1/skills/1664/pdf?l=en,queued,wsc-2024-lyon,
WSC2024,TD,05,Mechanical Engineering CAD,,es,WSC2024_TD05_es.pdf,0,,WSC2024/TD/05/es/WSC2024_TD05_es.pdf,https://api.worldskills.org/skillman/documents/1/skills/1664/pdf?l=es,queued,wsc-2024-lyon,
WSC2024,TD,05,Mechanical Engineering CAD,,fi,WSC2024_TD05_fi.pdf,0,,WSC2024/TD/05/fi/WSC2024_TD05_fi.pdf,https://api.worldskills.org/skillman/documents/1/skills/1664/pdf?l=fi,queued,wsc-2024-lyon,
WSC2024,TD,05,Mechanical Engineering CAD,,fr,WSC2024_TD05_fr.pdf,0,,WSC2024/TD/05/fr/WSC2024_TD05_fr.pdf,https://api.worldskills.org/skillman/documents/1/skills/1664/pdf?l=fr,queued,wsc-2024-lyon,
WSC2024,TD,05,Mechanical Engineering CAD,,ja,WSC2024_TD05_ja.pdf,0,,WSC2024/TD/05/ja/WSC2024_TD05_ja.pdf,https://api.worldskills.org/skillman/documents/1/skills/1664/pdf?l=ja,queued,wsc-2024-lyon,
WSC2024,TD,05,Mechanical Engineering CAD,,ko,WSC2024_TD05_ko.pdf,0,,WSC2024/TD/05/ko/WSC2024_TD05_ko.pdf,https://api.worldskills.org/skillman/documents/1/skills/1664/pdf?l=ko,queued,wsc-2024-lyon,
WSC2024,TD,05,Mechanical Engineering CAD,,pt,WSC2024_TD05_pt.pdf,0,,WSC2024/TD/05/pt/WSC2024_TD05_pt.pdf,https://api.worldskills.org/skillman/documents/1/skills/1664/pdf?l=pt,queued,wsc-2024-lyon,
WSC2024,TD,05,Mechanical Engineering CAD,,ru,WSC2024_TD05_ru.pdf,0,,WSC2024/TD/05/ru/WSC2024_TD05_ru.pdf,https://api.worldskills.org/skillman/documents/1/skills/1664/pdf?l=ru,queued,wsc-2024-lyon,
WSC2024,TD,05,Mechanical Engineering CAD,,zh,WSC2024_TD05_zh.pdf,0,,WSC2024/TD/05/zh/WSC2024_TD05_zh.pdf,https://api.worldskills.org/skillman/documents/1/skills/1664/pdf?l=zh,queued,wsc-2024-lyon,
WSC2024,TD,06,CNC Turning,,ar,WSC2024_TD06_ar.pdf,0,,WSC2024/TD/06/ar/WSC2024_TD06_ar.pdf,https://api.worldskills.org/skillman/documents/1/skills/1658/pdf?l=ar,queued,wsc-2024-lyon,
WSC2024,TD,06,CNC Turning,,de,WSC2024_TD06_de.pdf,0,,WSC2024/TD/06/de/WSC2024_TD06_de.pdf,https://api.worldskills.org/skillman/documents/1/skills/1658/pdf?l=de,queued,wsc-2024-lyon,
WSC2024,TD,06,CNC Turning,,en,WSC2024_TD06_en.pdf,0,,WSC2024/TD/06/en/WSC2024_TD06_en.pdf,https://api.worldskills.org/skillman/documents/1/skills/1658/pdf?l=en,queued,wsc-2024-lyon,
WSC2024,TD,06,CNC Turning,,es,WSC2024_TD06_es.pdf,0,,WSC2024/TD/06/es/WSC2024_TD06_es.pdf,https://api.worldskills.org/skillman/documents/1/skills/1658/pdf?l=es,queued,wsc-2024-lyon,
WSC2024,TD,06,CNC Turning,,fi,WSC2024_TD06_fi.pdf,0,,WSC2024/TD/06/fi/WSC2024_TD06_fi.pdf,https://api.worldskills.org/skillman/documents/1/skills/1658/pdf?l=fi,queued,wsc-2024-lyon,
WSC2024,TD,06,CNC Turning,,fr,WSC2024_TD06_fr.pdf,0,,WSC2024/TD/06/fr/WSC2024_TD06_fr.pdf,https://api.worldskills.org/skillman/documents/1/skills/1658/pdf?l=fr,queued,wsc-2024-lyon,
WSC2024,TD,06,CNC Turning,,ja,WSC2024_TD06_ja.pdf,0,,WSC2024/TD/06/ja/WSC2024_TD06_ja.pdf,https://api.worldskills.org/skillman/documents/1/skills/1658/pdf?l=ja,queued,wsc-2024-lyon,
WSC2024,TD,06,CNC Turning,,ko,WSC2024_TD06_ko.pdf,0,,WSC2024/TD/06/ko/WSC2024_TD06_ko.pdf,https://api.worldskills.org/skillman/documents/1/skills/1658/pdf?l=ko,queued,wsc-2024-lyon,
WSC2024,TD,06,CNC Turning,,pt,WSC2024_TD06_pt.pdf,0,,WSC2024/TD/06/pt/WSC2024_TD06_pt.pdf,https://api.worldskills.org/skillman/documents/1/skills/1658/pdf?l=pt,queued,wsc-2024-lyon,
WSC2024,TD,06,CNC Turning,,ru,WSC2024_TD06_ru.pdf,0,,WSC2024/TD/06/ru/WSC2024_TD06_ru.pdf,https://api.worldskills.org/skillman/documents/1/skills/1658/pdf?l=ru,queued,wsc-2024-lyon,
WSC2024,TD,06,CNC Turning,,zh,WSC2024_TD06_zh.pdf,0,,WSC2024/TD/06/zh/WSC2024_TD06_zh.pdf,https://api.worldskills.org/skillman/documents/1/skills/1658/pdf?l=zh,queued,wsc-2024-lyon,
WSC2024,TD,07,CNC Milling,,ar,WSC2024_TD07_ar.pdf,0,,WSC2024/TD/07/ar/WSC2024_TD07_ar.pdf,https://api.worldskills.org/skillman/documents/1/skills/1661/pdf?l=ar,queued,wsc-2024-lyon,
WSC2024,TD,07,CNC Milling,,de,WSC2024_TD07_de.pdf,0,,WSC2024/TD/07/de/WSC2024_TD07_de.pdf,https://api.worldskills.org/skillman/documents/1/skills/1661/pdf?l=de,queued,wsc-2024-lyon,
WSC2024,TD,07,CNC Milling,,en,WSC2024_TD07_en.pdf,0,,WSC2024/TD/07/en/WSC2024_TD07_en.pdf,https://api.worldskills.org/skillman/documents/1/skills/1661/pdf?l=en,queued,wsc-2024-lyon,
WSC2024,TD,07,CNC Milling,,es,WSC2024_TD07_es.pdf,0,,WSC2024/TD/07/es/WSC2024_TD07_es.pdf,https://api.worldskills.org/skillman/documents/1/skills/1661/pdf?l=es,queued,wsc-2024-lyon,
WSC2024,TD,07,CNC Milling,,fi,WSC2024_TD07_fi.pdf,0,,WSC2024/TD/07/fi/WSC2024_TD07_fi.pdf,https://api.worldskills.org/skillman/documents/1/skills/1661/pdf?l=fi,queued,wsc-2024-lyon,
WSC2024,TD,07,CNC Milling,,fr,WSC2024_TD07_fr.pdf,0,,WSC2024/TD/07/fr/WSC2024_TD07_fr.pdf,https://api.worldskills.org/skillman/documents/1/skills/1661/pdf?l=fr,queued,wsc-2024-lyon,
WSC2024,TD,07,CNC Milling,,ja,WSC2024_TD07_ja.pdf,0,,WSC2024/TD/07/ja/WSC2024_TD07_ja.pdf,https://api.worldskills.org/skillman/documents/1/skills/1661/pdf?l=ja,queued,wsc-2024-lyon,
WSC2024,TD,07,CNC Milling,,ko,WSC2024_TD07_ko.pdf,0,,WSC2024/TD/07/ko/WSC2024_TD07_ko.pdf,https://api.worldskills.org/skillman/documents/1/skills/1661/pdf?l=ko,queued,wsc-2024-lyon,
WSC2024,TD,07,CNC Milling,,pt,WSC2024_TD07_pt.pdf,0,,WSC2024/TD/07/pt/WSC2024_TD07_pt.pdf,https://api.worldskills.org/skillman/documents/1/skills/1661/pdf?l=pt,queued,wsc-2024-lyon,
WSC2024,TD,07,CNC Milling,,ru,WSC2024_TD07_ru.pdf,0,,WSC2024/TD/07/ru/WSC2024_TD07_ru.pdf,https://api.worldskills.org/skillman/documents/1/skills/1661/pdf?l=ru,queued,wsc-2024-lyon,
WSC2024,TD,07,CNC Milling,,zh,WSC2024_TD07_zh.pdf,0,,WSC2024/TD/07/zh/WSC2024_TD07_zh.pdf,https://api.worldskills.org/skillman/documents/1/skills/1661/pdf?l=zh,queued,wsc-2024-lyon,
WSC2024,TD,08,Mobile Applications Development,,ar,WSC2024_TD08_ar.pdf,0,,WSC2024/TD/08/ar/WSC2024_TD08_ar.pdf,https://api.worldskills.org/skillman/documents/1/skills/1659/pdf?l=ar,queued,wsc-2024-lyon,
WSC2024,TD,08,Mobile Applications Development,,de,WSC2024_TD08_de.pdf,0,,WSC2024/TD/08/de/WSC2024_TD08_de.pdf,https://api.worldskills.org/skillman/documents/1/skills/1659/pdf?l=de,queued,wsc-2024-lyon,
WSC2024,TD,08,Mobile Applications Development,,en,WSC2024_TD08_en.pdf,0,,WSC2024/TD/08/en/WSC2024_TD08_en.pdf,https://api.worldskills.org/skillman/documents/1/skills/1659/pdf?l=en,queued,wsc-2024-lyon,
WSC2024,TD,08,Mobile Applications Development,,es,WSC2024_TD08_es.pdf,0,,WSC2024/TD/08/es/WSC2024_TD08_es.pdf,https://api.worldskills.org/skillman/documents/1/skills/1659/pdf?l=es,queued,wsc-2024-lyon,
WSC2024,TD,08,Mobile Applications Development,,fi,WSC2024_TD08_fi.pdf,0,,WSC2024/TD/08/fi/WSC2024_TD08_fi.pdf,https://api.worldskills.org/skillman/documents/1/skills/1659/pdf?l=fi,queued,wsc-2024-lyon,
WSC2024,TD,08,Mobile Applications Development,,fr,WSC2024_TD08_fr.pdf,0,,WSC2024/TD/08/fr/WSC2024_TD08_fr.pdf,https://api.worldskills.org/skillman/documents/1/skills/1659/pdf?l=fr,queued,wsc-2024-lyon,
WSC2024,TD,08,Mobile Applications Development,,ja,WSC2024_TD08_ja.pdf,0,,WSC2024/TD/08/ja/WSC2024_TD08_ja.pdf,https://api.worldskills.org/skillman/documents/1/skills/1659/pdf?l=ja,queued,wsc-2024-lyon,
WSC2024,TD,08,Mobile Applications Development,,ko,WSC2024_TD08_ko.pdf,0,,WSC2024/TD/08/ko/WSC2024_TD08_ko.pdf,https://api.worldskills.org/skillman/documents/1/skills/1659/pdf?l=ko,queued,wsc-2024-lyon,
WSC2024,TD,08,Mobile Applications Development,,pt,WSC2024_TD08_pt.pdf,0,,WSC2024/TD/08/pt/WSC2024_TD08_pt.pdf,https://api.worldskills.org/skillman/documents/1/skills/1659/pdf?l=pt,queued,wsc-2024-lyon,
WSC2024,TD,08,Mobile Applications Development,,ru,WSC2024_TD08_ru.pdf,0,,WSC2024/TD/08/ru/WSC2024_TD08_ru.pdf,https://api.worldskills.org/skillman/documents/1/skills/1659/pdf?l=ru,queued,wsc-2024-lyon,
WSC2024,TD,08,Mobile Applications Development,,zh,WSC2024_TD08_zh.pdf,0,,WSC2024/TD/08/zh/WSC2024_TD08_zh.pdf,https://api.worldskills.org/skillman/documents/1/skills/1659/pdf?l=zh,queued,wsc-2024-lyon,
WSC2024,TD,09,IT Software Solutions for Business,,ar,WSC2024_TD09_ar.pdf,0,,WSC2024/TD/09/ar/WSC2024_TD09_ar.pdf,https://api.worldskills.org/skillman/documents/1/skills/1680/pdf?l=ar,queued,wsc-2024-lyon,
WSC2024,TD,09,IT Software Solutions for Business,,de,WSC2024_TD09_de.pdf,0,,WSC2024/TD/09/de/WSC2024_TD09_de.pdf,https://api.worldskills.org/skillman/documents/1/skills/1680/pdf?l=de,queued,wsc-2024-lyon,
WSC2024,TD,09,IT Software Solutions for Business,,en,WSC2024_TD09_en.pdf,0,,WSC2024/TD/09/en/WSC2024_TD09_en.pdf,https://api.worldskills.org/skillman/documents/1/skills/1680/pdf?l=en,queued,wsc-2024-lyon,
WSC2024,TD,09,IT Software Solutions for Business,,es,WSC2024_TD09_es.pdf,0,,WSC2024/TD/09/es/WSC2024_TD09_es.pdf,https://api.worldskills.org/skillman/documents/1/skills/1680/pdf?l=es,queued,wsc-2024-lyon,
WSC2024,TD,09,IT Software Solutions for Business,,fi,WSC2024_TD09_fi.pdf,0,,WSC2024/TD/09/fi/WSC2024_TD09_fi.pdf,https://api.worldskills.org/skillman/documents/1/skills/1680/pdf?l=fi,queued,wsc-2024-lyon,
WSC2024,TD,09,IT Software Solutions for Business,,fr,WSC2024_TD09_fr.pdf,0,,WSC2024/TD/09/fr/WSC2024_TD09_fr.pdf,https://api.worldskills.org/skillman/documents/1/skills/1680/pdf?l=fr,queued,wsc-2024-lyon,
WSC2024,TD,09,IT Software Solutions for Business,,ja,WSC2024_TD09_ja.pdf,0,,WSC2024/TD/09/ja/WSC2024_TD09_ja.pdf,https://api.worldskills.org/skillman/documents/1/skills/1680/pdf?l=ja,queued,wsc-2024-lyon,
WSC2024,TD,09,IT Software Solutions for Business,,ko,WSC2024_TD09_ko.pdf,0,,WSC2024/TD/09/ko/WSC2024_TD09_ko.pdf,https://api.worldskills.org/skillman/documents/1/skills/1680/pdf?l=ko,queued,wsc-2024-lyon,
WSC2024,TD,09,IT Software Solutions for Business,,pt,WSC2024_TD09_pt.pdf,0,,WSC2024/TD/09/pt/WSC2024_TD09_pt.pdf,https://api.worldskills.org/skillman/documents/1/skills/1680/pdf?l=pt,queued,wsc-2024-lyon,
WSC2024,TD,09,IT Software Solutions for Business,,ru,WSC2024_TD09_ru.pdf,0,,WSC2024/TD/09/ru/WSC2024_TD09_ru.pdf,https://api.worldskills.org/skillman/documents/1/skills/1680/pdf?l=ru,queued,wsc-2024-lyon,
WSC2024,TD,09,IT Software Solutions for Business,,zh,WSC2024_TD09_zh.pdf,0,,WSC2024/TD/09/zh/WSC2024_TD09_zh.pdf,https://api.worldskills.org/skillman/documents/1/skills/1680/pdf?l=zh,queued,wsc-2024-lyon,
WSC2024,TD,10,Welding,,ar,WSC2024_TD10_ar.pdf,0,,WSC2024/TD/10/ar/WSC2024_TD10_ar.pdf,https://api.worldskills.org/skillman/documents/1/skills/1672/pdf?l=ar,queued,wsc-2024-lyon,
WSC2024,TD,10,Welding,,de,WSC2024_TD10_de.pdf,0,,WSC2024/TD/10/de/WSC2024_TD10_de.pdf,https://api.worldskills.org/skillman/documents/1/skills/1672/pdf?l=de,queued,wsc-2024-lyon,
WSC2024,TD,10,Welding,,en,WSC2024_TD10_en.pdf,0,,WSC2024/TD/10/en/WSC2024_TD10_en.pdf,https://api.worldskills.org/skillman/documents/1/skills/1672/pdf?l=en,queued,wsc-2024-lyon,
WSC2024,TD,10,Welding,,es,WSC2024_TD10_es.pdf,0,,WSC2024/TD/10/es/WSC2024_TD10_es.pdf,https://api.worldskills.org/skillman/documents/1/skills/1672/pdf?l=es,queued,wsc-2024-lyon,
WSC2024,TD,10,Welding,,fi,WSC2024_TD10_fi.pdf,0,,WSC2024/TD/10/fi/WSC2024_TD10_fi.pdf,https://api.worldskills.org/skillman/documents/1/skills/1672/pdf?l=fi,queued,wsc-2024-lyon,
WSC2024,TD,10,Welding,,fr,WSC2024_TD10_fr.pdf,0,,WSC2024/TD/10/fr/WSC2024_TD10_fr.pdf,https://api.worldskills.org/skillman/documents/1/skills/1672/pdf?l=fr,queued,wsc-2024-lyon,
WSC2024,TD,10,Welding,,ja,WSC2024_TD10_ja.pdf,0,,WSC2024/TD/10/ja/WSC2024_TD10_ja.pdf,https://api.worldskills.org/skillman/documents/1/skills/1672/pdf?l=ja,queued,wsc-2024-lyon,
WSC2024,TD,10,Welding,,ko,WSC2024_TD10_ko.pdf,0,,WSC2024/TD/10/ko/WSC2024_TD10_ko.pdf,https://api.worldskills.org/skillman/documents/1/skills/1672/pdf?l=ko,queued,wsc-2024-lyon,
WSC2024,TD,10,Welding,,pt,WSC2024_TD10_pt.pdf,0,,WSC2024/TD/10/pt/WSC2024_TD10_pt.pdf,https://api.worldskills.org/skillman/documents/1/skills/1672/pdf?l=pt,queued,wsc-2024-lyon,
WSC2024,TD,10,Welding,,ru,WSC2024_TD10_ru.pdf,0,,WSC2024/TD/10/ru/WSC2024_TD10_ru.pdf,https://api.worldskills.org/skillman/documents/1/skills/1672/pdf?l=ru,queued,wsc-2024-lyon,
WSC2024,TD,10,Welding,,zh,WSC2024_TD10_zh.pdf,0,,WSC2024/TD/10/zh/WSC2024_TD10_zh.pdf,https://api.worldskills.org/skillman/documents/1/skills/1672/pdf?l=zh,queued,wsc-2024-lyon,
WSC2024,TD,12,Wall and Floor Tiling,,ar,WSC2024_TD12_ar.pdf,0,,WSC2024/TD/12/ar/WSC2024_TD12_ar.pdf,https://api.worldskills.org/skillman/documents/1/skills/1686/pdf?l=ar,queued,wsc-2024-lyon,
WSC2024,TD,12,Wall and Floor Tiling,,de,WSC2024_TD12_de.pdf,0,,WSC2024/TD/12/de/WSC2024_TD12_de.pdf,https://api.worldskills.org/skillman/documents/1/skills/1686/pdf?l=de,queued,wsc-2024-lyon,
WSC2024,TD,12,Wall and Floor Tiling,,en,WSC2024_TD12_en.pdf,0,,WSC2024/TD/12/en/WSC2024_TD12_en.pdf,https://api.worldskills.org/skillman/documents/1/skills/1686/pdf?l=en,queued,wsc-2024-lyon,
WSC2024,TD,12,Wall and Floor Tiling,,es,WSC2024_TD12_es.pdf,0,,WSC2024/TD/12/es/WSC2024_TD12_es.pdf,https://api.worldskills.org/skillman/documents/1/skills/1686/pdf?l=es,queued,wsc-2024-lyon,
WSC2024,TD,12,Wall and Floor Tiling,,fi,WSC2024_TD12_fi.pdf,0,,WSC2024/TD/12/fi/WSC2024_TD12_fi.pdf,https://api.worldskills.org/skillman/documents/1/skills/1686/pdf?l=fi,queued,wsc-2024-lyon,
WSC2024,TD,12,Wall and Floor Tiling,,fr,WSC2024_TD12_fr.pdf,0,,WSC2024/TD/12/fr/WSC2024_TD12_fr.pdf,https://api.worldskills.org/skillman/documents/1/skills/1686/pdf?l=fr,queued,wsc-2024-lyon,
WSC2024,TD,12,Wall and Floor Tiling,,ja,WSC2024_TD12_ja.pdf,0,,WSC2024/TD/12/ja/WSC2024_TD12_ja.pdf,https://api.worldskills.org/skillman/documents/1/skills/1686/pdf?l=ja,queued,wsc-2024-lyon,
WSC2024,TD,12,Wall and Floor Tiling,,ko,WSC2024_TD12_ko.pdf,0,,WSC2024/TD/12/ko/WSC2024_TD12_ko.pdf,https://api.worldskills.org/skillman/documents/1/skills/1686/pdf?l=ko,queued,wsc-2024-lyon,
WSC2024,TD,12,Wall and Floor Tiling,,pt,WSC2024_TD12_pt.pdf,0,,WSC2024/TD/12/pt/WSC2024_TD12_pt.pdf,https://api.worldskills.org/skillman/documents/1/skills/1686/pdf?l=pt,queued,wsc-2024-lyon,
WSC2024,TD,12,Wall and Floor Tiling,,ru,WSC2024_TD12_ru.pdf,0,,WSC2024/TD/12/ru/WSC2024_TD12_ru.pdf,https://api.worldskills.org/skillman/documents/1/skills/1686/pdf?l=ru,queued,wsc-2024-lyon,
WSC2024,TD,12,Wall and Floor Tiling,,zh,WSC2024_TD12_zh.pdf,0,,WSC2024/TD/12/zh/WSC2024_TD12_zh.pdf,https://api.worldskills.org/skillman/documents/1/skills/1686/pdf?l=zh,queued,wsc-2024-lyon,
WSC2024,TD,13,Autobody Repair,,ar,WSC2024_TD13_ar.pdf,0,,WSC2024/TD/13/ar/WSC2024_TD13_ar.pdf,https://api.worldskills.org/skillman/documents/1/skills/1671/pdf?l=ar,queued,wsc-2024-lyon,
WSC2024,TD,13,Autobody Repair,,de,WSC2024_TD13_de.pdf,0,,WSC2024/TD/13/de/WSC2024_TD13_de.pdf,https://api.worldskills.org/skillman/documents/1/skills/1671/pdf?l=de,queued,wsc-2024-lyon,
WSC2024,TD,13,Autobody Repair,,en,WSC2024_TD13_en.pdf,0,,WSC2024/TD/13/en/WSC2024_TD13_en.pdf,https://api.worldskills.org/skillman/documents/1/skills/1671/pdf?l=en,queued,wsc-2024-lyon,
WSC2024,TD,13,Autobody Repair,,es,WSC2024_TD13_es.pdf,0,,WSC2024/TD/13/es/WSC2024_TD13_es.pdf,https://api.worldskills.org/skillman/documents/1/skills/1671/pdf?l=es,queued,wsc-2024-lyon,
WSC2024,TD,13,Autobody Repair,,fi,WSC2024_TD13_fi.pdf,0,,WSC2024/TD/13/fi/WSC2024_TD13_fi.pdf,https://api.worldskills.org/skillman/documents/1/skills/1671/pdf?l=fi,queued,wsc-2024-lyon,
WSC2024,TD,13,Autobody Repair,,fr,WSC2024_TD13_fr.pdf,0,,WSC2024/TD/13/fr/WSC2024_TD13_fr.pdf,https://api.worldskills.org/skillman/documents/1/skills/1671/pdf?l=fr,queued,wsc-2024-lyon,
WSC2024,TD,13,Autobody Repair,,ja,WSC2024_TD13_ja.pdf,0,,WSC2024/TD/13/ja/WSC2024_TD13_ja.pdf,https://api.worldskills.org/skillman/documents/1/skills/1671/pdf?l=ja,queued,wsc-2024-lyon,
WSC2024,TD,13,Autobody Repair,,ko,WSC2024_TD13_ko.pdf,0,,WSC2024/TD/13/ko/WSC2024_TD13_ko.pdf,https://api.worldskills.org/skillman/documents/1/skills/1671/pdf?l=ko,queued,wsc-2024-lyon,
WSC2024,TD,13,Autobody Repair,,pt,WSC2024_TD13_pt.pdf,0,,WSC2024/TD/13/pt/WSC2024_TD13_pt.pdf,https://api.worldskills.org/skillman/documents/1/skills/1671/pdf?l=pt,queued,wsc-2024-lyon,
WSC2024,TD,13,Autobody Repair,,ru,WSC2024_TD13_ru.pdf,0,,WSC2024/TD/13/ru/WSC2024_TD13_ru.pdf,https://api.worldskills.org/skillman/documents/1/skills/1671/pdf?l=ru,queued,wsc-2024-lyon,
WSC2024,TD,13,Autobody Repair,,zh,WSC2024_TD13_zh.pdf,0,,WSC2024/TD/13/zh/WSC2024_TD13_zh.pdf,https://api.worldskills.org/skillman/documents/1/skills/1671/pdf?l=zh,queued,wsc-2024-lyon,
WSC2024,TD,14,Aircraft Maintenance,,ar,WSC2024_TD14_ar.pdf,0,,WSC2024/TD/14/ar/WSC2024_TD14_ar.pdf,https://api.worldskills.org/skillman/documents/1/skills/1673/pdf?l=ar,queued,wsc-2024-lyon,
WSC2024,TD,14,Aircraft Maintenance,,de,WSC2024_TD14_de.pdf,0,,WSC2024/TD/14/de/WSC2024_TD14_de.pdf,https://api.worldskills.org/skillman/documents/1/skills/1673/pdf?l=de,queued,wsc-2024-lyon,
WSC2024,TD,14,Aircraft Maintenance,,en,WSC2024_TD14_en.pdf,0,,WSC2024/TD/14/en/WSC2024_TD14_en.pdf,https://api.worldskills.org/skillman/documents/1/skills/1673/pdf?l=en,queued,wsc-2024-lyon,
WSC2024,TD,14,Aircraft Maintenance,,es,WSC2024_TD14_es.pdf,0,,WSC2024/TD/14/es/WSC2024_TD14_es.pdf,https://api.worldskills.org/skillman/documents/1/skills/1673/pdf?l=es,queued,wsc-2024-lyon,
WSC2024,TD,14,Aircraft Maintenance,,fi,WSC2024_TD14_fi.pdf,0,,WSC2024/TD/14/fi/WSC2024_TD14_fi.pdf,https://api.worldskills.org/skillman/documents/1/skills/1673/pdf?l=fi,queued,wsc-2024-lyon,
WSC2024,TD,14,Aircraft Maintenance,,fr,WSC2024_TD14_fr.pdf,0,,WSC2024/TD/14/fr/WSC2024_TD14_fr.pdf,https://api.worldskills.org/skillman/documents/1/skills/1673/pdf?l=fr,queued,wsc-2024-lyon,
WSC2024,TD,14,Aircraft Maintenance,,ja,WSC2024_TD14_ja.pdf,0,,WSC2024/TD/14/ja/WSC2024_TD14_ja.pdf,https://api.worldskills.org/skillman/documents/1/skills/1673/pdf?l=ja,queued,wsc-2024-lyon,
WSC2024,TD,14,Aircraft Maintenance,,ko,WSC2024_TD14_ko.pdf,0,,WSC2024/TD/14/ko/WSC2024_TD14_ko.pdf,https://api.worldskills.org/skillman/documents/1/skills/1673/pdf?l=ko,queued,wsc-2024-lyon,
WSC2024,TD,14,Aircraft Maintenance,,pt,WSC2024_TD14_pt.pdf,0,,WSC2024/TD/14/pt/WSC2024_TD14_pt.pdf,https://api.worldskills.org/skillman/documents/1/skills/1673/pdf?l=pt,queued,wsc-2024-lyon,
WSC2024,TD,14,Aircraft Maintenance,,ru,WSC2024_TD14_ru.pdf,0,,WSC2024/TD/14/ru/WSC2024_TD14_ru.pdf,https://api.worldskills.org/skillman/documents/1/skills/1673/pdf?l=ru,queued,wsc-2024-lyon,
WSC2024,TD,14,Aircraft Maintenance,,zh,WSC2024_TD14_zh.pdf,0,,WSC2024/TD/14/zh/WSC2024_TD14_zh.pdf,https://api.worldskills.org/skillman/documents/1/skills/1673/pdf?l=zh,queued,wsc-2024-lyon,
WSC2024,TD,15,Plumbing and Heating,,ar,WSC2024_TD15_ar.pdf,0,,WSC2024/TD/15/ar/WSC2024_TD15_ar.pdf,https://api.worldskills.org/skillman/documents/1/skills/1687/pdf?l=ar,queued,wsc-2024-lyon,
WSC2024,TD,15,Plumbing and Heating,,de,WSC2024_TD15_de.pdf,0,,WSC2024/TD/15/de/WSC2024_TD15_de.pdf,https://api.worldskills.org/skillman/documents/1/skills/1687/pdf?l=de,queued,wsc-2024-lyon,
WSC2024,TD,15,Plumbing and Heating,,en,WSC2024_TD15_en.pdf,0,,WSC2024/TD/15/en/WSC2024_TD15_en.pdf,https://api.worldskills.org/skillman/documents/1/skills/1687/pdf?l=en,queued,wsc-2024-lyon,
WSC2024,TD,15,Plumbing and Heating,,es,WSC2024_TD15_es.pdf,0,,WSC2024/TD/15/es/WSC2024_TD15_es.pdf,https://api.worldskills.org/skillman/documents/1/skills/1687/pdf?l=es,queued,wsc-2024-lyon,
WSC2024,TD,15,Plumbing and Heating,,fi,WSC2024_TD15_fi.pdf,0,,WSC2024/TD/15/fi/WSC2024_TD15_fi.pdf,https://api.worldskills.org/skillman/documents/1/skills/1687/pdf?l=fi,queued,wsc-2024-lyon,
WSC2024,TD,15,Plumbing and Heating,,fr,WSC2024_TD15_fr.pdf,0,,WSC2024/TD/15/fr/WSC2024_TD15_fr.pdf,https://api.worldskills.org/skillman/documents/1/skills/1687/pdf?l=fr,queued,wsc-2024-lyon,
WSC2024,TD,15,Plumbing and Heating,,ja,WSC2024_TD15_ja.pdf,0,,WSC2024/TD/15/ja/WSC2024_TD15_ja.pdf,https://api.worldskills.org/skillman/documents/1/skills/1687/pdf?l=ja,queued,wsc-2024-lyon,
WSC2024,TD,15,Plumbing and Heating,,ko,WSC2024_TD15_ko.pdf,0,,WSC2024/TD/15/ko/WSC2024_TD15_ko.pdf,https://api.worldskills.org/skillman/documents/1/skills/1687/pdf?l=ko,queued,wsc-2024-lyon,
WSC2024,TD,15,Plumbing and Heating,,pt,WSC2024_TD15_pt.pdf,0,,WSC2024/TD/15/pt/WSC2024_TD15_pt.pdf,https://api.worldskills.org/skillman/documents/1/skills/1687/pdf?l=pt,queued,wsc-2024-lyon,
WSC2024,TD,15,Plumbing and Heating,,ru,WSC2024_TD15_ru.pdf,0,,WSC2024/TD/15/ru/WSC2024_TD15_ru.pdf,https://api.worldskills.org/skillman/documents/1/skills/1687/pdf?l=ru,queued,wsc-2024-lyon,
WSC2024,TD,15,Plumbing and Heating,,zh,WSC2024_TD15_zh.pdf,0,,WSC2024/TD/15/zh/WSC2024_TD15_zh.pdf,https://api.worldskills.org/skillman/documents/1/skills/1687/pdf?l=zh,queued,wsc-2024-lyon,
WSC2024,TD,16,Electronics,,ar,WSC2024_TD16_ar.pdf,0,,WSC2024/TD/16/ar/WSC2024_TD16_ar.pdf,https://api.worldskills.org/skillman/documents/1/skills/1688/pdf?l=ar,queued,wsc-2024-lyon,
WSC2024,TD,16,Electronics,,de,WSC2024_TD16_de.pdf,0,,WSC2024/TD/16/de/WSC2024_TD16_de.pdf,https://api.worldskills.org/skillman/documents/1/skills/1688/pdf?l=de,queued,wsc-2024-lyon,
WSC2024,TD,16,Electronics,,en,WSC2024_TD16_en.pdf,0,,WSC2024/TD/16/en/WSC2024_TD16_en.pdf,https://api.worldskills.org/skillman/documents/1/skills/1688/pdf?l=en,queued,wsc-2024-lyon,
WSC2024,TD,16,Electronics,,es,WSC2024_TD16_es.pdf,0,,WSC2024/TD/16/es/WSC2024_TD16_es.pdf,https://api.worldskills.org/skillman/documents/1/skills/1688/pdf?l=es,queued,wsc-2024-lyon,
WSC2024,TD,16,Electronics,,fi,WSC2024_TD16_fi.pdf,0,,WSC2024/TD/16/fi/WSC2024_TD16_fi.pdf,https://api.worldskills.org/skillman/documents/1/skills/1688/pdf?l=fi,queued,wsc-2024-lyon,
WSC2024,TD,16,Electronics,,fr,WSC2024_TD16_fr.pdf,0,,WSC2024/TD/16/fr/WSC2024_TD16_fr.pdf,https://api.worldskills.org/skillman/documents/1/skills/1688/pdf?l=fr,queued,wsc-2024-lyon,
WSC2024,TD,16,Electronics,,ja,WSC2024_TD16_ja.pdf,0,,WSC2024/TD/16/ja/WSC2024_TD16_ja.pdf,https://api.worldskills.org/skillman/documents/1/skills/1688/pdf?l=ja,queued,wsc-2024-lyon,
WSC2024,TD,16,Electronics,,ko,WSC2024_TD16_ko.pdf,0,,WSC2024/TD/16/ko/WSC2024_TD16_ko.pdf,https://api.worldskills.org/skillman/documents/1/skills/1688/pdf?l=ko,queued,wsc-2024-lyon,
WSC2024,TD,16,Electronics,,pt,WSC2024_TD16_pt.pdf,0,,WSC2024/TD/16/pt/WSC2024_TD16_pt.pdf,https://api.worldskills.org/skillman/documents/1/skills/1688/pdf?l=pt,queued,wsc-2024-lyon,
WSC2024,TD,16,Electronics,,ru,WSC2024_TD16_ru.pdf,0,,WSC2024/TD/16/ru/WSC2024_TD16_ru.pdf,https://api.worldskills.org/skillman/documents/1/skills/1688/pdf?l=ru,queued,wsc-2024-lyon,
WSC2024,TD,16,Electronics,,zh,WSC2024_TD16_zh.pdf,0,,WSC2024/TD/16/zh/WSC2024_TD16_zh.pdf,https://api.worldskills.org/skillman/documents/1/skills/1688/pdf?l=zh,queued,wsc-2024-lyon,
WSC2024,TD,17,Web Technologies,,ar,WSC2024_TD17_ar.pdf,0,,WSC2024/TD/17/ar/WSC2024_TD17_ar.pdf,https://api.worldskills.org/skillman/documents/1/skills/1693/pdf?l=ar,queued,wsc-2024-lyon,
WSC2024,TD,17,Web Technologies,,de,WSC2024_TD17_de.pdf,0,,WSC2024/TD/17/de/WSC2024_TD17_de.pdf,https://api.worldskills.org/skillman/documents/1/skills/1693/pdf?l=de,queued,wsc-2024-lyon,
WSC2024,TD,17,Web Technologies,,en,WSC2024_TD17_en.pdf,0,,WSC2024/TD/17/en/WSC2024_TD17_en.pdf,https://api.worldskills.org/skillman/documents/1/skills/1693/pdf?l=en,queued,wsc-2024-lyon,
WSC2024,TD,17,Web Technologies,,es,WSC2024_TD17_es.pdf,0,,WSC2024/TD/17/es/WSC2024_TD17_es.pdf,https://api.worldskills.org/skillman/documents/1/skills/1693/pdf?l=es,queued,wsc-2024-lyon,
WSC2024,TD,17,Web Technologies,,fi,WSC2024_TD17_fi.pdf,0,,WSC2024/TD/17/fi/WSC2024_TD17_fi.pdf,https://api.worldskills.org/skillman/documents/1/skills/1693/pdf?l=fi,queued,wsc-2024-lyon,
WSC2024,TD,17,Web Technologies,,fr,WSC2024_TD17_fr.pdf,0,,WSC2024/TD/17/fr/WSC2024_TD17_fr.pdf,https://api.worldskills.org/skillman/documents/1/skills/1693/pdf?l=fr,queued,wsc-2024-lyon,
WSC2024,TD,17,Web Technologies,,ja,WSC2024_TD17_ja.pdf,0,,WSC2024/TD/17/ja/WSC2024_TD17_ja.pdf,https://api.worldskills.org/skillman/documents/1/skills/1693/pdf?l=ja,queued,wsc-2024-lyon,
WSC2024,TD,17,Web Technologies,,ko,WSC2024_TD17_ko.pdf,0,,WSC2024/TD/17/ko/WSC2024_TD17_ko.pdf,https://api.worldskills.org/skillman/documents/1/skills/1693/pdf?l=ko,queued,wsc-2024-lyon,
WSC2024,TD,17,Web Technologies,,pt,WSC2024_TD17_pt.pdf,0,,WSC2024/TD/17/pt/WSC2024_TD17_pt.pdf,https://api.worldskills.org/skillman/documents/1/skills/1693/pdf?l=pt,queued,wsc-2024-lyon,
WSC2024,TD,17,Web Technologies,,ru,WSC2024_TD17_ru.pdf,0,,WSC2024/TD/17/ru/WSC2024_TD17_ru.pdf,https://api.worldskills.org/skillman/documents/1/skills/1693/pdf?l=ru,queued,wsc-2024-lyon,
WSC2024,TD,17,Web Technologies,,zh,WSC2024_TD17_zh.pdf,0,,WSC2024/TD/17/zh/WSC2024_TD17_zh.pdf,https://api.worldskills.org/skillman/documents/1/skills/1693/pdf?l=zh,queued,wsc-2024-lyon,
WSC2024,TD,18,Electrical Installations,,ar,WSC2024_TD18_ar.pdf,0,,WSC2024/TD/18/ar/WSC2024_TD18_ar.pdf,https://api.worldskills.org/skillman/documents/1/skills/1677/pdf?l=ar,queued,wsc-2024-lyon,
WSC2024,TD,18,Electrical Installations,,de,WSC2024_TD18_de.pdf,0,,WSC2024/TD/18/de/WSC2024_TD18_de.pdf,https://api.worldskills.org/skillman/documents/1/skills/1677/pdf?l=de,queued,wsc-2024-lyon,
WSC2024,TD,18,Electrical Installations,,en,WSC2024_TD18_en.pdf,0,,WSC2024/TD/18/en/WSC2024_TD18_en.pdf,https://api.worldskills.org/skillman/documents/1/skills/1677/pdf?l=en,queued,wsc-2024-lyon,
WSC2024,TD,18,Electrical Installations,,es,WSC2024_TD18_es.pdf,0,,WSC2024/TD/18/es/WSC2024_TD18_es.pdf,https://api.worldskills.org/skillman/documents/1/skills/1677/pdf?l=es,queued,wsc-2024-lyon,
WSC2024,TD,18,Electrical Installations,,fi,WSC2024_TD18_fi.pdf,0,,WSC2024/TD/18/fi/WSC2024_TD18_fi.pdf,https://api.worldskills.org/skillman/documents/1/skills/1677/pdf?l=fi,queued,wsc-2024-lyon,
WSC2024,TD,18,Electrical Installations,,fr,WSC2024_TD18_fr.pdf,0,,WSC2024/TD/18/fr/WSC2024_TD18_fr.pdf,https://api.worldskills.org/skillman/documents/1/skills/1677/pdf?l=fr,queued,wsc-2024-lyon,
WSC2024,TD,18,Electrical Installations,,ja,WSC2024_TD18_ja.pdf,0,,WSC2024/TD/18/ja/WSC2024_TD18_ja.pdf,https://api.worldskills.org/skillman/documents/1/skills/1677/pdf?l=ja,queued,wsc-2024-lyon,
WSC2024,TD,18,Electrical Installations,,ko,WSC2024_TD18_ko.pdf,0,,WSC2024/TD/18/ko/WSC2024_TD18_ko.pdf,https://api.worldskills.org/skillman/documents/1/skills/1677/pdf?l=ko,queued,wsc-2024-lyon,
WSC2024,TD,18,Electrical Installations,,pt,WSC2024_TD18_pt.pdf,0,,WSC2024/TD/18/pt/WSC2024_TD18_pt.pdf,https://api.worldskills.org/skillman/documents/1/skills/1677/pdf?l=pt,queued,wsc-2024-lyon,
WSC2024,TD,18,Electrical Installations,,ru,WSC2024_TD18_ru.pdf,0,,WSC2024/TD/18/ru/WSC2024_TD18_ru.pdf,https://api.worldskills.org/skillman/documents/1/skills/1677/pdf?l=ru,queued,wsc-2024-lyon,
WSC2024,TD,18,Electrical Installations,,zh,WSC2024_TD18_zh.pdf,0,,WSC2024/TD/18/zh/WSC2024_TD18_zh.pdf,https://api.worldskills.org/skillman/documents/1/skills/1677/pdf?l=zh,queued,wsc-2024-lyon,
WSC2024,TD,19,Industrial Control,,ar,WSC2024_TD19_ar.pdf,0,,WSC2024/TD/19/ar/WSC2024_TD19_ar.pdf,https://api.worldskills.org/skillman/documents/1/skills/1683/pdf?l=ar,queued,wsc-2024-lyon,
WSC2024,TD,19,Industrial Control,,de,WSC2024_TD19_de.pdf,0,,WSC2024/TD/19/de/WSC2024_TD19_de.pdf,https://api.worldskills.org/skillman/documents/1/skills/1683/pdf?l=de,queued,wsc-2024-lyon,
WSC2024,TD,19,Industrial Control,,en,WSC2024_TD19_en.pdf,0,,WSC2024/TD/19/en/WSC2024_TD19_en.pdf,https://api.worldskills.org/skillman/documents/1/skills/1683/pdf?l=en,queued,wsc-2024-lyon,
WSC2024,TD,19,Industrial Control,,es,WSC2024_TD19_es.pdf,0,,WSC2024/TD/19/es/WSC2024_TD19_es.pdf,https://api.worldskills.org/skillman/documents/1/skills/1683/pdf?l=es,queued,wsc-2024-lyon,
WSC2024,TD,19,Industrial Control,,fi,WSC2024_TD19_fi.pdf,0,,WSC2024/TD/19/fi/WSC2024_TD19_fi.pdf,https://api.worldskills.org/skillman/documents/1/skills/1683/pdf?l=fi,queued,wsc-2024-lyon,
WSC2024,TD,19,Industrial Control,,fr,WSC2024_TD19_fr.pdf,0,,WSC2024/TD/19/fr/WSC2024_TD19_fr.pdf,https://api.worldskills.org/skillman/documents/1/skills/1683/pdf?l=fr,queued,wsc-2024-lyon,
WSC2024,TD,19,Industrial Control,,ja,WSC2024_TD19_ja.pdf,0,,WSC2024/TD/19/ja/WSC2024_TD19_ja.pdf,https://api.worldskills.org/skillman/documents/1/skills/1683/pdf?l=ja,queued,wsc-2024-lyon,
WSC2024,TD,19,Industrial Control,,ko,WSC2024_TD19_ko.pdf,0,,WSC2024/TD/19/ko/WSC2024_TD19_ko.pdf,https://api.worldskills.org/skillman/documents/1/skills/1683/pdf?l=ko,queued,wsc-2024-lyon,
WSC2024,TD,19,Industrial Control,,pt,WSC2024_TD19_pt.pdf,0,,WSC2024/TD/19/pt/WSC2024_TD19_pt.pdf,https://api.worldskills.org/skillman/documents/1/skills/1683/pdf?l=pt,queued,wsc-2024-lyon,
WSC2024,TD,19,Industrial Control,,ru,WSC2024_TD19_ru.pdf,0,,WSC2024/TD/19/ru/WSC2024_TD19_ru.pdf,https://api.worldskills.org/skillman/documents/1/skills/1683/pdf?l=ru,queued,wsc-2024-lyon,
WSC2024,TD,19,Industrial Control,,zh,WSC2024_TD19_zh.pdf,0,,WSC2024/TD/19/zh/WSC2024_TD19_zh.pdf,https://api.worldskills.org/skillman/documents/1/skills/1683/pdf?l=zh,queued,wsc-2024-lyon,
WSC2024,TD,20,Bricklaying,,ar,WSC2024_TD20_ar.pdf,0,,WSC2024/TD/20/ar/WSC2024_TD20_ar.pdf,https://api.worldskills.org/skillman/documents/1/skills/1695/pdf?l=ar,queued,wsc-2024-lyon,
WSC2024,TD,20,Bricklaying,,de,WSC2024_TD20_de.pdf,0,,WSC2024/TD/20/de/WSC2024_TD20_de.pdf,https://api.worldskills.org/skillman/documents/1/skills/1695/pdf?l=de,queued,wsc-2024-lyon,
WSC2024,TD,20,Bricklaying,,en,WSC2024_TD20_en.pdf,0,,WSC2024/TD/20/en/WSC2024_TD20_en.pdf,https://api.worldskills.org/skillman/documents/1/skills/1695/pdf?l=en,queued,wsc-2024-lyon,
WSC2024,TD,20,Bricklaying,,es,WSC2024_TD20_es.pdf,0,,WSC2024/TD/20/es/WSC2024_TD20_es.pdf,https://api.worldskills.org/skillman/documents/1/skills/1695/pdf?l=es,queued,wsc-2024-lyon,
WSC2024,TD,20,Bricklaying,,fi,WSC2024_TD20_fi.pdf,0,,WSC2024/TD/20/fi/WSC2024_TD20_fi.pdf,https://api.worldskills.org/skillman/documents/1/skills/1695/pdf?l=fi,queued,wsc-2024-lyon,
WSC2024,TD,20,Bricklaying,,fr,WSC2024_TD20_fr.pdf,0,,WSC2024/TD/20/fr/WSC2024_TD20_fr.pdf,https://api.worldskills.org/skillman/documents/1/skills/1695/pdf?l=fr,queued,wsc-2024-lyon,
WSC2024,TD,20,Bricklaying,,ja,WSC2024_TD20_ja.pdf,0,,WSC2024/TD/20/ja/WSC2024_TD20_ja.pdf,https://api.worldskills.org/skillman/documents/1/skills/1695/pdf?l=ja,queued,wsc-2024-lyon,
WSC2024,TD,20,Bricklaying,,ko,WSC2024_TD20_ko.pdf,0,,WSC2024/TD/20/ko/WSC2024_TD20_ko.pdf,https://api.worldskills.org/skillman/documents/1/skills/1695/pdf?l=ko,queued,wsc-2024-lyon,
WSC2024,TD,20,Bricklaying,,pt,WSC2024_TD20_pt.pdf,0,,WSC2024/TD/20/pt/WSC2024_TD20_pt.pdf,https://api.worldskills.org/skillman/documents/1/skills/1695/pdf?l=pt,queued,wsc-2024-lyon,
WSC2024,TD,20,Bricklaying,,ru,WSC2024_TD20_ru.pdf,0,,WSC2024/TD/20/ru/WSC2024_TD20_ru.pdf,https://api.worldskills.org/skillman/documents/1/skills/1695/pdf?l=ru,queued,wsc-2024-lyon,
WSC2024,TD,20,Bricklaying,,zh,WSC2024_TD20_zh.pdf,0,,WSC2024/TD/20/zh/WSC2024_TD20_zh.pdf,https://api.worldskills.org/skillman/documents/1/skills/1695/pdf?l=zh,queued,wsc-2024-lyon,
WSC2024,TD,21,Plastering and Drywall Systems,,ar,WSC2024_TD21_ar.pdf,0,,WSC2024/TD/21/ar/WSC2024_TD21_ar.pdf,https://api.worldskills.org/skillman/documents/1/skills/1685/pdf?l=ar,queued,wsc-2024-lyon,
WSC2024,TD,21,Plastering and Drywall Systems,,de,WSC2024_TD21_de.pdf,0,,WSC2024/TD/21/de/WSC2024_TD21_de.pdf,https://api.worldskills.org/skillman/documents/1/skills/1685/pdf?l=de,queued,wsc-2024-lyon,
WSC2024,TD,21,Plastering and Drywall Systems,,en,WSC2024_TD21_en.pdf,0,,WSC2024/TD/21/en/WSC2024_TD21_en.pdf,https://api.worldskills.org/skillman/documents/1/skills/1685/pdf?l=en,queued,wsc-2024-lyon,
WSC2024,TD,21,Plastering and Drywall Systems,,es,WSC2024_TD21_es.pdf,0,,WSC2024/TD/21/es/WSC2024_TD21_es.pdf,https://api.worldskills.org/skillman/documents/1/skills/1685/pdf?l=es,queued,wsc-2024-lyon,
WSC2024,TD,21,Plastering and Drywall Systems,,fi,WSC2024_TD21_fi.pdf,0,,WSC2024/TD/21/fi/WSC2024_TD21_fi.pdf,https://api.worldskills.org/skillman/documents/1/skills/1685/pdf?l=fi,queued,wsc-2024-lyon,
WSC2024,TD,21,Plastering and Drywall Systems,,fr,WSC2024_TD21_fr.pdf,0,,WSC2024/TD/21/fr/WSC2024_TD21_fr.pdf,https://api.worldskills.org/skillman/documents/1/skills/1685/pdf?l=fr,queued,wsc-2024-lyon,
WSC2024,TD,21,Plastering and Drywall Systems,,ja,WSC2024_TD21_ja.pdf,0,,WSC2024/TD/21/ja/WSC2024_TD21_ja.pdf,https://api.worldskills.org/skillman/documents/1/skills/1685/pdf?l=ja,queued,wsc-2024-lyon,
WSC2024,TD,21,Plastering and Drywall Systems,,ko,WSC2024_TD21_ko.pdf,0,,WSC2024/TD/21/ko/WSC2024_TD21_ko.pdf,https://api.worldskills.org/skillman/documents/1/skills/1685/pdf?l=ko,queued,wsc-2024-lyon,
WSC2024,TD,21,Plastering and Drywall Systems,,pt,WSC2024_TD21_pt.pdf,0,,WSC2024/TD/21/pt/WSC2024_TD21_pt.pdf,https://api.worldskills.org/skillman/documents/1/skills/1685/pdf?l=pt,queued,wsc-2024-lyon,
WSC2024,TD,21,Plastering and Drywall Systems,,ru,WSC2024_TD21_ru.pdf,0,,WSC2024/TD/21/ru/WSC2024_TD21_ru.pdf,https://api.worldskills.org/skillman/documents/1/skills/1685/pdf?l=ru,queued,wsc-2024-lyon,
WSC2024,TD,21,Plastering and Drywall Systems,,zh,WSC2024_TD21_zh.pdf,0,,WSC2024/TD/21/zh/WSC2024_TD21_zh.pdf,https://api.worldskills.org/skillman/documents/1/skills/1685/pdf?l=zh,queued,wsc-2024-lyon,
WSC2024,TD,22,Painting and Decorating,,ar,WSC2024_TD22_ar.pdf,0,,WSC2024/TD/22/ar/WSC2024_TD22_ar.pdf,https://api.worldskills.org/skillman/documents/1/skills/1691/pdf?l=ar,queued,wsc-2024-lyon,
WSC2024,TD,22,Painting and Decorating,,de,WSC2024_TD22_de.pdf,0,,WSC2024/TD/22/de/WSC2024_TD22_de.pdf,https://api.worldskills.org/skillman/documents/1/skills/1691/pdf?l=de,queued,wsc-2024-lyon,
WSC2024,TD,22,Painting and Decorating,,en,WSC2024_TD22_en.pdf,0,,WSC2024/TD/22/en/WSC2024_TD22_en.pdf,https://api.worldskills.org/skillman/documents/1/skills/1691/pdf?l=en,queued,wsc-2024-lyon,
WSC2024,TD,22,Painting and Decorating,,es,WSC2024_TD22_es.pdf,0,,WSC2024/TD/22/es/WSC2024_TD22_es.pdf,https://api.worldskills.org/skillman/documents/1/skills/1691/pdf?l=es,queued,wsc-2024-lyon,
WSC2024,TD,22,Painting and Decorating,,fi,WSC2024_TD22_fi.pdf,0,,WSC2024/TD/22/fi/WSC2024_TD22_fi.pdf,https://api.worldskills.org/skillman/documents/1/skills/1691/pdf?l=fi,queued,wsc-2024-lyon,
WSC2024,TD,22,Painting and Decorating,,fr,WSC2024_TD22_fr.pdf,0,,WSC2024/TD/22/fr/WSC2024_TD22_fr.pdf,https://api.worldskills.org/skillman/documents/1/skills/1691/pdf?l=fr,queued,wsc-2024-lyon,
WSC2024,TD,22,Painting and Decorating,,ja,WSC2024_TD22_ja.pdf,0,,WSC2024/TD/22/ja/WSC2024_TD22_ja.pdf,https://api.worldskills.org/skillman/documents/1/skills/1691/pdf?l=ja,queued,wsc-2024-lyon,
WSC2024,TD,22,Painting and Decorating,,ko,WSC2024_TD22_ko.pdf,0,,WSC2024/TD/22/ko/WSC2024_TD22_ko.pdf,https://api.worldskills.org/skillman/documents/1/skills/1691/pdf?l=ko,queued,wsc-2024-lyon,
WSC2024,TD,22,Painting and Decorating,,pt,WSC2024_TD22_pt.pdf,0,,WSC2024/TD/22/pt/WSC2024_TD22_pt.pdf,https://api.worldskills.org/skillman/documents/1/skills/1691/pdf?l=pt,queued,wsc-2024-lyon,
WSC2024,TD,22,Painting and Decorating,,ru,WSC2024_TD22_ru.pdf,0,,WSC2024/TD/22/ru/WSC2024_TD22_ru.pdf,https://api.worldskills.org/skillman/documents/1/skills/1691/pdf?l=ru,queued,wsc-2024-lyon,
WSC2024,TD,22,Painting and Decorating,,zh,WSC2024_TD22_zh.pdf,0,,WSC2024/TD/22/zh/WSC2024_TD22_zh.pdf,https://api.worldskills.org/skillman/documents/1/skills/1691/pdf?l=zh,queued,wsc-2024-lyon,
WSC2024,TD,23,Autonomous Mobile Robotics,,ar,WSC2024_TD23_ar.pdf,0,,WSC2024/TD/23/ar/WSC2024_TD23_ar.pdf,https://api.worldskills.org/skillman/documents/1/skills/1696/pdf?l=ar,queued,wsc-2024-lyon,
WSC2024,TD,23,Autonomous Mobile Robotics,,de,WSC2024_TD23_de.pdf,0,,WSC2024/TD/23/de/WSC2024_TD23_de.pdf,https://api.worldskills.org/skillman/documents/1/skills/1696/pdf?l=de,queued,wsc-2024-lyon,
WSC2024,TD,23,Autonomous Mobile Robotics,,en,WSC2024_TD23_en.pdf,0,,WSC2024/TD/23/en/WSC2024_TD23_en.pdf,https://api.worldskills.org/skillman/documents/1/skills/1696/pdf?l=en,queued,wsc-2024-lyon,
WSC2024,TD,23,Autonomous Mobile Robotics,,es,WSC2024_TD23_es.pdf,0,,WSC2024/TD/23/es/WSC2024_TD23_es.pdf,https://api.worldskills.org/skillman/documents/1/skills/1696/pdf?l=es,queued,wsc-2024-lyon,
WSC2024,TD,23,Autonomous Mobile Robotics,,fi,WSC2024_TD23_fi.pdf,0,,WSC2024/TD/23/fi/WSC2024_TD23_fi.pdf,https://api.worldskills.org/skillman/documents/1/skills/1696/pdf?l=fi,queued,wsc-2024-lyon,
WSC2024,TD,23,Autonomous Mobile Robotics,,fr,WSC2024_TD23_fr.pdf,0,,WSC2024/TD/23/fr/WSC2024_TD23_fr.pdf,https://api.worldskills.org/skillman/documents/1/skills/1696/pdf?l=fr,queued,wsc-2024-lyon,
WSC2024,TD,23,Autonomous Mobile Robotics,,ja,WSC2024_TD23_ja.pdf,0,,WSC2024/TD/23/ja/WSC2024_TD23_ja.pdf,https://api.worldskills.org/skillman/documents/1/skills/1696/pdf?l=ja,queued,wsc-2024-lyon,
WSC2024,TD,23,Autonomous Mobile Robotics,,ko,WSC2024_TD23_ko.pdf,0,,WSC2024/TD/23/ko/WSC2024_TD23_ko.pdf,https://api.worldskills.org/skillman/documents/1/skills/1696/pdf?l=ko,queued,wsc-2024-lyon,
WSC2024,TD,23,Autonomous Mobile Robotics,,pt,WSC2024_TD23_pt.pdf,0,,WSC2024/TD/23/pt/WSC2024_TD23_pt.pdf,https://api.worldskills.org/skillman/documents/1/skills/1696/pdf?l=pt,queued,wsc-2024-lyon,
WSC2024,TD,23,Autonomous Mobile Robotics,,ru,WSC2024_TD23_ru.pdf,0,,WSC2024/TD/23/ru/WSC2024_TD23_ru.pdf,https://api.worldskills.org/skillman/documents/1/skills/1696/pdf?l=ru,queued,wsc-2024-lyon,
WSC2024,TD,23,Autonomous Mobile Robotics,,zh,WSC2024_TD23_zh.pdf,0,,WSC2024/TD/23/zh/WSC2024_TD23_zh.pdf,https://api.worldskills.org/skillman/documents/1/skills/1696/pdf?l=zh,queued,wsc-2024-lyon,
WSC2024,TD,24,Cabinetmaking,,ar,WSC2024_TD24_ar.pdf,0,,WSC2024/TD/24/ar/WSC2024_TD24_ar.pdf,https://api.worldskills.org/skillman/documents/1/skills/1704/pdf?l=ar,queued,wsc-2024-lyon,
WSC2024,TD,24,Cabinetmaking,,de,WSC2024_TD24_de.pdf,0,,WSC2024/TD/24/de/WSC2024_TD24_de.pdf,https://api.worldskills.org/skillman/documents/1/skills/1704/pdf?l=de,queued,wsc-2024-lyon,
WSC2024,TD,24,Cabinetmaking,,en,WSC2024_TD24_en.pdf,0,,WSC2024/TD/24/en/WSC2024_TD24_en.pdf,https://api.worldskills.org/skillman/documents/1/skills/1704/pdf?l=en,queued,wsc-2024-lyon,
WSC2024,TD,24,Cabinetmaking,,es,WSC2024_TD24_es.pdf,0,,WSC2024/TD/24/es/WSC2024_TD24_es.pdf,https://api.worldskills.org/skillman/documents/1/skills/1704/pdf?l=es,queued,wsc-2024-lyon,
WSC2024,TD,24,Cabinetmaking,,fi,WSC2024_TD24_fi.pdf,0,,WSC2024/TD/24/fi/WSC2024_TD24_fi.pdf,https://api.worldskills.org/skillman/documents/1/skills/1704/pdf?l=fi,queued,wsc-2024-lyon,
WSC2024,TD,24,Cabinetmaking,,fr,WSC2024_TD24_fr.pdf,0,,WSC2024/TD/24/fr/WSC2024_TD24_fr.pdf,https://api.worldskills.org/skillman/documents/1/skills/1704/pdf?l=fr,queued,wsc-2024-lyon,
WSC2024,TD,24,Cabinetmaking,,ja,WSC2024_TD24_ja.pdf,0,,WSC2024/TD/24/ja/WSC2024_TD24_ja.pdf,https://api.worldskills.org/skillman/documents/1/skills/1704/pdf?l=ja,queued,wsc-2024-lyon,
WSC2024,TD,24,Cabinetmaking,,ko,WSC2024_TD24_ko.pdf,0,,WSC2024/TD/24/ko/WSC2024_TD24_ko.pdf,https://api.worldskills.org/skillman/documents/1/skills/1704/pdf?l=ko,queued,wsc-2024-lyon,
WSC2024,TD,24,Cabinetmaking,,pt,WSC2024_TD24_pt.pdf,0,,WSC2024/TD/24/pt/WSC2024_TD24_pt.pdf,https://api.worldskills.org/skillman/documents/1/skills/1704/pdf?l=pt,queued,wsc-2024-lyon,
WSC2024,TD,24,Cabinetmaking,,ru,WSC2024_TD24_ru.pdf,0,,WSC2024/TD/24/ru/WSC2024_TD24_ru.pdf,https://api.worldskills.org/skillman/documents/1/skills/1704/pdf?l=ru,queued,wsc-2024-lyon,
WSC2024,TD,24,Cabinetmaking,,zh,WSC2024_TD24_zh.pdf,0,,WSC2024/TD/24/zh/WSC2024_TD24_zh.pdf,https://api.worldskills.org/skillman/documents/1/skills/1704/pdf?l=zh,queued,wsc-2024-lyon,
WSC2024,TD,25,Joinery,,ar,WSC2024_TD25_ar.pdf,0,,WSC2024/TD/25/ar/WSC2024_TD25_ar.pdf,https://api.worldskills.org/skillman/documents/1/skills/1717/pdf?l=ar,queued,wsc-2024-lyon,
WSC2024,TD,25,Joinery,,de,WSC2024_TD25_de.pdf,0,,WSC2024/TD/25/de/WSC2024_TD25_de.pdf,https://api.worldskills.org/skillman/documents/1/skills/1717/pdf?l=de,queued,wsc-2024-lyon,
WSC2024,TD,25,Joinery,,en,WSC2024_TD25_en.pdf,0,,WSC2024/TD/25/en/WSC2024_TD25_en.pdf,https://api.worldskills.org/skillman/documents/1/skills/1717/pdf?l=en,queued,wsc-2024-lyon,
WSC2024,TD,25,Joinery,,es,WSC2024_TD25_es.pdf,0,,WSC2024/TD/25/es/WSC2024_TD25_es.pdf,https://api.worldskills.org/skillman/documents/1/skills/1717/pdf?l=es,queued,wsc-2024-lyon,
WSC2024,TD,25,Joinery,,fi,WSC2024_TD25_fi.pdf,0,,WSC2024/TD/25/fi/WSC2024_TD25_fi.pdf,https://api.worldskills.org/skillman/documents/1/skills/1717/pdf?l=fi,queued,wsc-2024-lyon,
WSC2024,TD,25,Joinery,,fr,WSC2024_TD25_fr.pdf,0,,WSC2024/TD/25/fr/WSC2024_TD25_fr.pdf,https://api.worldskills.org/skillman/documents/1/skills/1717/pdf?l=fr,queued,wsc-2024-lyon,
WSC2024,TD,25,Joinery,,ja,WSC2024_TD25_ja.pdf,0,,WSC2024/TD/25/ja/WSC2024_TD25_ja.pdf,https://api.worldskills.org/skillman/documents/1/skills/1717/pdf?l=ja,queued,wsc-2024-lyon,
WSC2024,TD,25,Joinery,,ko,WSC2024_TD25_ko.pdf,0,,WSC2024/TD/25/ko/WSC2024_TD25_ko.pdf,https://api.worldskills.org/skillman/documents/1/skills/1717/pdf?l=ko,queued,wsc-2024-lyon,
WSC2024,TD,25,Joinery,,pt,WSC2024_TD25_pt.pdf,0,,WSC2024/TD/25/pt/WSC2024_TD25_pt.pdf,https://api.worldskills.org/skillman/documents/1/skills/1717/pdf?l=pt,queued,wsc-2024-lyon,
WSC2024,TD,25,Joinery,,ru,WSC2024_TD25_ru.pdf,0,,WSC2024/TD/25/ru/WSC2024_TD25_ru.pdf,https://api.worldskills.org/skillman/documents/1/skills/1717/pdf?l=ru,queued,wsc-2024-lyon,
WSC2024,TD,25,Joinery,,zh,WSC2024_TD25_zh.pdf,0,,WSC2024/TD/25/zh/WSC2024_TD25_zh.pdf,https://api.worldskills.org/skillman/documents/1/skills/1717/pdf?l=zh,queued,wsc-2024-lyon,
WSC2024,TD,26,Carpentry,,ar,WSC2024_TD26_ar.pdf,0,,WSC2024/TD/26/ar/WSC2024_TD26_ar.pdf,https://api.worldskills.org/skillman/documents/1/skills/1698/pdf?l=ar,queued,wsc-2024-lyon,
WSC2024,TD,26,Carpentry,,de,WSC2024_TD26_de.pdf,0,,WSC2024/TD/26/de/WSC2024_TD26_de.pdf,https://api.worldskills.org/skillman/documents/1/skills/1698/pdf?l=de,queued,wsc-2024-lyon,
WSC2024,TD,26,Carpentry,,en,WSC2024_TD26_en.pdf,0,,WSC2024/TD/26/en/WSC2024_TD26_en.pdf,https://api.worldskills.org/skillman/documents/1/skills/1698/pdf?l=en,queued,wsc-2024-lyon,
WSC2024,TD,26,Carpentry,,es,WSC2024_TD26_es.pdf,0,,WSC2024/TD/26/es/WSC2024_TD26_es.pdf,https://api.worldskills.org/skillman/documents/1/skills/1698/pdf?l=es,queued,wsc-2024-lyon,
WSC2024,TD,26,Carpentry,,fi,WSC2024_TD26_fi.pdf,0,,WSC2024/TD/26/fi/WSC2024_TD26_fi.pdf,https://api.worldskills.org/skillman/documents/1/skills/1698/pdf?l=fi,queued,wsc-2024-lyon,
WSC2024,TD,26,Carpentry,,fr,WSC2024_TD26_fr.pdf,0,,WSC2024/TD/26/fr/WSC2024_TD26_fr.pdf,https://api.worldskills.org/skillman/documents/1/skills/1698/pdf?l=fr,queued,wsc-2024-lyon,
WSC2024,TD,26,Carpentry,,ja,WSC2024_TD26_ja.pdf,0,,WSC2024/TD/26/ja/WSC2024_TD26_ja.pdf,https://api.worldskills.org/skillman/documents/1/skills/1698/pdf?l=ja,queued,wsc-2024-lyon,
WSC2024,TD,26,Carpentry,,ko,WSC2024_TD26_ko.pdf,0,,WSC2024/TD/26/ko/WSC2024_TD26_ko.pdf,https://api.worldskills.org/skillman/documents/1/skills/1698/pdf?l=ko,queued,wsc-2024-lyon,
WSC2024,TD,26,Carpentry,,pt,WSC2024_TD26_pt.pdf,0,,WSC2024/TD/26/pt/WSC2024_TD26_pt.pdf,https://api.worldskills.org/skillman/documents/1/skills/1698/pdf?l=pt,queued,wsc-2024-lyon,
WSC2024,TD,26,Carpentry,,ru,WSC2024_TD26_ru.pdf,0,,WSC2024/TD/26/ru/WSC2024_TD26_ru.pdf,https://api.worldskills.org/skillman/documents/1/skills/1698/pdf?l=ru,queued,wsc-2024-lyon,
WSC2024,TD,26,Carpentry,,zh,WSC2024_TD26_zh.pdf,0,,WSC2024/TD/26/zh/WSC2024_TD26_zh.pdf,https://api.worldskills.org/skillman/documents/1/skills/1698/pdf?l=zh,queued,wsc-2024-lyon,
WSC2024,TD,27,Jewellery,,ar,WSC2024_TD27_ar.pdf,0,,WSC2024/TD/27/ar/WSC2024_TD27_ar.pdf,https://api.worldskills.org/skillman/documents/1/skills/1681/pdf?l=ar,queued,wsc-2024-lyon,
WSC2024,TD,27,Jewellery,,de,WSC2024_TD27_de.pdf,0,,WSC2024/TD/27/de/WSC2024_TD27_de.pdf,https://api.worldskills.org/skillman/documents/1/skills/1681/pdf?l=de,queued,wsc-2024-lyon,
WSC2024,TD,27,Jewellery,,en,WSC2024_TD27_en.pdf,0,,WSC2024/TD/27/en/WSC2024_TD27_en.pdf,https://api.worldskills.org/skillman/documents/1/skills/1681/pdf?l=en,queued,wsc-2024-lyon,
WSC2024,TD,27,Jewellery,,es,WSC2024_TD27_es.pdf,0,,WSC2024/TD/27/es/WSC2024_TD27_es.pdf,https://api.worldskills.org/skillman/documents/1/skills/1681/pdf?l=es,queued,wsc-2024-lyon,
WSC2024,TD,27,Jewellery,,fi,WSC2024_TD27_fi.pdf,0,,WSC2024/TD/27/fi/WSC2024_TD27_fi.pdf,https://api.worldskills.org/skillman/documents/1/skills/1681/pdf?l=fi,queued,wsc-2024-lyon,
WSC2024,TD,27,Jewellery,,fr,WSC2024_TD27_fr.pdf,0,,WSC2024/TD/27/fr/WSC2024_TD27_fr.pdf,https://api.worldskills.org/skillman/documents/1/skills/1681/pdf?l=fr,queued,wsc-2024-lyon,
WSC2024,TD,27,Jewellery,,ja,WSC2024_TD27_ja.pdf,0,,WSC2024/TD/27/ja/WSC2024_TD27_ja.pdf,https://api.worldskills.org/skillman/documents/1/skills/1681/pdf?l=ja,queued,wsc-2024-lyon,
WSC2024,TD,27,Jewellery,,ko,WSC2024_TD27_ko.pdf,0,,WSC2024/TD/27/ko/WSC2024_TD27_ko.pdf,https://api.worldskills.org/skillman/documents/1/skills/1681/pdf?l=ko,queued,wsc-2024-lyon,
WSC2024,TD,27,Jewellery,,pt,WSC2024_TD27_pt.pdf,0,,WSC2024/TD/27/pt/WSC2024_TD27_pt.pdf,https://api.worldskills.org/skillman/documents/1/skills/1681/pdf?l=pt,queued,wsc-2024-lyon,
WSC2024,TD,27,Jewellery,,ru,WSC2024_TD27_ru.pdf,0,,WSC2024/TD/27/ru/WSC2024_TD27_ru.pdf,https://api.worldskills.org/skillman/documents/1/skills/1681/pdf?l=ru,queued,wsc-2024-lyon,
WSC2024,TD,27,Jewellery,,zh,WSC2024_TD27_zh.pdf,0,,WSC2024/TD/27/zh/WSC2024_TD27_zh.pdf,https://api.worldskills.org/skillman/documents/1/skills/1681/pdf?l=zh,queued,wsc-2024-lyon,
WSC2024,TD,28,Floristry,,ar,WSC2024_TD28_ar.pdf,0,,WSC2024/TD/28/ar/WSC2024_TD28_ar.pdf,https://api.worldskills.org/skillman/documents/1/skills/1690/pdf?l=ar,queued,wsc-2024-lyon,
WSC2024,TD,28,Floristry,,de,WSC2024_TD28_de.pdf,0,,WSC2024/TD/28/de/WSC2024_TD28_de.pdf,https://api.worldskills.org/skillman/documents/1/skills/1690/pdf?l=de,queued,wsc-2024-lyon,
WSC2024,TD,28,Floristry,,en,WSC2024_TD28_en.pdf,0,,WSC2024/TD/28/en/WSC2024_TD28_en.pdf,https://api.worldskills.org/skillman/documents/1/skills/1690/pdf?l=en,queued,wsc-2024-lyon,
WSC2024,TD,28,Floristry,,es,WSC2024_TD28_es.pdf,0,,WSC2024/TD/28/es/WSC2024_TD28_es.pdf,https://api.worldskills.org/skillman/documents/1/skills/1690/pdf?l=es,queued,wsc-2024-lyon,
WSC2024,TD,28,Floristry,,fi,WSC2024_TD28_fi.pdf,0,,WSC2024/TD/28/fi/WSC2024_TD28_fi.pdf,https://api.worldskills.org/skillman/documents/1/skills/1690/pdf?l=fi,queued,wsc-2024-lyon,
WSC2024,TD,28,Floristry,,fr,WSC2024_TD28_fr.pdf,0,,WSC2024/TD/28/fr/WSC2024_TD28_fr.pdf,https://api.worldskills.org/skillman/documents/1/skills/1690/pdf?l=fr,queued,wsc-2024-lyon,
WSC2024,TD,28,Floristry,,ja,WSC2024_TD28_ja.pdf,0,,WSC2024/TD/28/ja/WSC2024_TD28_ja.pdf,https://api.worldskills.org/skillman/documents/1/skills/1690/pdf?l=ja,queued,wsc-2024-lyon,
WSC2024,TD,28,Floristry,,ko,WSC2024_TD28_ko.pdf,0,,WSC2024/TD/28/ko/WSC2024_TD28_ko.pdf,https://api.worldskills.org/skillman/documents/1/skills/1690/pdf?l=ko,queued,wsc-2024-lyon,
WSC2024,TD,28,Floristry,,pt,WSC2024_TD28_pt.pdf,0,,WSC2024/TD/28/pt/WSC2024_TD28_pt.pdf,https://api.worldskills.org/skillman/documents/1/skills/1690/pdf?l=pt,queued,wsc-2024-lyon,
WSC2024,TD,28,Floristry,,ru,WSC2024_TD28_ru.pdf,0,,WSC2024/TD/28/ru/WSC2024_TD28_ru.pdf,https://api.worldskills.org/skillman/documents/1/skills/1690/pdf?l=ru,queued,wsc-2024-lyon,
WSC2024,TD,28,Floristry,,zh,WSC2024_TD28_zh.pdf,0,,WSC2024/TD/28/zh/WSC2024_TD28_zh.pdf,https://api.worldskills.org/skillman/documents/1/skills/1690/pdf?l=zh,queued,wsc-2024-lyon,
WSC2024,TD,29,Hairdressing,,ar,WSC2024_TD29_ar.pdf,0,,WSC2024/TD/29/ar/WSC2024_TD29_ar.pdf,https://api.worldskills.org/skillman/documents/1/skills/1675/pdf?l=ar,queued,wsc-2024-lyon,
WSC2024,TD,29,Hairdressing,,de,WSC2024_TD29_de.pdf,0,,WSC2024/TD/29/de/WSC2024_TD29_de.pdf,https://api.worldskills.org/skillman/documents/1/skills/1675/pdf?l=de,queued,wsc-2024-lyon,
WSC2024,TD,29,Hairdressing,,en,WSC2024_TD29_en.pdf,0,,WSC2024/TD/29/en/WSC2024_TD29_en.pdf,https://api.worldskills.org/skillman/documents/1/skills/1675/pdf?l=en,queued,wsc-2024-lyon,
WSC2024,TD,29,Hairdressing,,es,WSC2024_TD29_es.pdf,0,,WSC2024/TD/29/es/WSC2024_TD29_es.pdf,https://api.worldskills.org/skillman/documents/1/skills/1675/pdf?l=es,queued,wsc-2024-lyon,
WSC2024,TD,29,Hairdressing,,fi,WSC2024_TD29_fi.pdf,0,,WSC2024/TD/29/fi/WSC2024_TD29_fi.pdf,https://api.worldskills.org/skillman/documents/1/skills/1675/pdf?l=fi,queued,wsc-2024-lyon,
WSC2024,TD,29,Hairdressing,,fr,WSC2024_TD29_fr.pdf,0,,WSC2024/TD/29/fr/WSC2024_TD29_fr.pdf,https://api.worldskills.org/skillman/documents/1/skills/1675/pdf?l=fr,queued,wsc-2024-lyon,
WSC2024,TD,29,Hairdressing,,ja,WSC2024_TD29_ja.pdf,0,,WSC2024/TD/29/ja/WSC2024_TD29_ja.pdf,https://api.worldskills.org/skillman/documents/1/skills/1675/pdf?l=ja,queued,wsc-2024-lyon,
WSC2024,TD,29,Hairdressing,,ko,WSC2024_TD29_ko.pdf,0,,WSC2024/TD/29/ko/WSC2024_TD29_ko.pdf,https://api.worldskills.org/skillman/documents/1/skills/1675/pdf?l=ko,queued,wsc-2024-lyon,
WSC2024,TD,29,Hairdressing,,pt,WSC2024_TD29_pt.pdf,0,,WSC2024/TD/29/pt/WSC2024_TD29_pt.pdf,https://api.worldskills.org/skillman/documents/1/skills/1675/pdf?l=pt,queued,wsc-2024-lyon,
WSC2024,TD,29,Hairdressing,,ru,WSC2024_TD29_ru.pdf,0,,WSC2024/TD/29/ru/WSC2024_TD29_ru.pdf,https://api.worldskills.org/skillman/documents/1/skills/1675/pdf?l=ru,queued,wsc-2024-lyon,
WSC2024,TD,29,Hairdressing,,zh,WSC2024_TD29_zh.pdf,0,,WSC2024/TD/29/zh/WSC2024_TD29_zh.pdf,https://api.worldskills.org/skillman/documents/1/skills/1675/pdf?l=zh,queued,wsc-2024-lyon,
WSC2024,TD,30,Beauty Therapy,,ar,WSC2024_TD30_ar.pdf,0,,WSC2024/TD/30/ar/WSC2024_TD30_ar.pdf,https://api.worldskills.org/skillman/documents/1/skills/1712/pdf?l=ar,queued,wsc-2024-lyon,
WSC2024,TD,30,Beauty Therapy,,de,WSC2024_TD30_de.pdf,0,,WSC2024/TD/30/de/WSC2024_TD30_de.pdf,https://api.worldskills.org/skillman/documents/1/skills/1712/pdf?l=de,queued,wsc-2024-lyon,
WSC2024,TD,30,Beauty Therapy,,en,WSC2024_TD30_en.pdf,0,,WSC2024/TD/30/en/WSC2024_TD30_en.pdf,https://api.worldskills.org/skillman/documents/1/skills/1712/pdf?l=en,queued,wsc-2024-lyon,
WSC2024,TD,30,Beauty Therapy,,es,WSC2024_TD30_es.pdf,0,,WSC2024/TD/30/es/WSC2024_TD30_es.pdf,https://api.worldskills.org/skillman/documents/1/skills/1712/pdf?l=es,queued,wsc-2024-lyon,
WSC2024,TD,30,Beauty Therapy,,fi,WSC2024_TD30_fi.pdf,0,,WSC2024/TD/30/fi/WSC2024_TD30_fi.pdf,https://api.worldskills.org/skillman/documents/1/skills/1712/pdf?l=fi,queued,wsc-2024-lyon,
WSC2024,TD,30,Beauty Therapy,,fr,WSC2024_TD30_fr.pdf,0,,WSC2024/TD/30/fr/WSC2024_TD30_fr.pdf,https://api.worldskills.org/skillman/documents/1/skills/1712/pdf?l=fr,queued,wsc-2024-lyon,
WSC2024,TD,30,Beauty Therapy,,ja,WSC2024_TD30_ja.pdf,0,,WSC2024/TD/30/ja/WSC2024_TD30_ja.pdf,https://api.worldskills.org/skillman/documents/1/skills/1712/pdf?l=ja,queued,wsc-2024-lyon,
WSC2024,TD,30,Beauty Therapy,,ko,WSC2024_TD30_ko.pdf,0,,WSC2024/TD/30/ko/WSC2024_TD30_ko.pdf,https://api.worldskills.org/skillman/documents/1/skills/1712/pdf?l=ko,queued,wsc-2024-lyon,
WSC2024,TD,30,Beauty Therapy,,pt,WSC2024_TD30_pt.pdf,0,,WSC2024/TD/30/pt/WSC2024_TD30_pt.pdf,https://api.worldskills.org/skillman/documents/1/skills/1712/pdf?l=pt,queued,wsc-2024-lyon,
WSC2024,TD,30,Beauty Therapy,,ru,WSC2024_TD30_ru.pdf,0,,WSC2024/TD/30/ru/WSC2024_TD30_ru.pdf,https://api.worldskills.org/skillman/documents/1/skills/1712/pdf?l=ru,queued,wsc-2024-lyon,
WSC2024,TD,30,Beauty Therapy,,zh,WSC2024_TD30_zh.pdf,0,,WSC2024/TD/30/zh/WSC2024_TD30_zh.pdf,https://api.worldskills.org/skillman/documents/1/skills/1712/pdf?l=zh,queued,wsc-2024-lyon,
WSC2024,TD,31,Fashion Technology,,ar,WSC2024_TD31_ar.pdf,0,,WSC2024/TD/31/ar/WSC2024_TD31_ar.pdf,https://api.worldskills.org/skillman/documents/1/skills/1697/pdf?l=ar,queued,wsc-2024-lyon,
WSC2024,TD,31,Fashion Technology,,de,WSC2024_TD31_de.pdf,0,,WSC2024/TD/31/de/WSC2024_TD31_de.pdf,https://api.worldskills.org/skillman/documents/1/skills/1697/pdf?l=de,queued,wsc-2024-lyon,
WSC2024,TD,31,Fashion Technology,,en,WSC2024_TD31_en.pdf,0,,WSC2024/TD/31/en/WSC2024_TD31_en.pdf,https://api.worldskills.org/skillman/documents/1/skills/1697/pdf?l=en,queued,wsc-2024-lyon,
WSC2024,TD,31,Fashion Technology,,es,WSC2024_TD31_es.pdf,0,,WSC2024/TD/31/es/WSC2024_TD31_es.pdf,https://api.worldskills.org/skillman/documents/1/skills/1697/pdf?l=es,queued,wsc-2024-lyon,
WSC2024,TD,31,Fashion Technology,,fi,WSC2024_TD31_fi.pdf,0,,WSC2024/TD/31/fi/WSC2024_TD31_fi.pdf,https://api.worldskills.org/skillman/documents/1/skills/1697/pdf?l=fi,queued,wsc-2024-lyon,
WSC2024,TD,31,Fashion Technology,,fr,WSC2024_TD31_fr.pdf,0,,WSC2024/TD/31/fr/WSC2024_TD31_fr.pdf,https://api.worldskills.org/skillman/documents/1/skills/1697/pdf?l=fr,queued,wsc-2024-lyon,
WSC2024,TD,31,Fashion Technology,,ja,WSC2024_TD31_ja.pdf,0,,WSC2024/TD/31/ja/WSC2024_TD31_ja.pdf,https://api.worldskills.org/skillman/documents/1/skills/1697/pdf?l=ja,queued,wsc-2024-lyon,
WSC2024,TD,31,Fashion Technology,,ko,WSC2024_TD31_ko.pdf,0,,WSC2024/TD/31/ko/WSC2024_TD31_ko.pdf,https://api.worldskills.org/skillman/documents/1/skills/1697/pdf?l=ko,queued,wsc-2024-lyon,
WSC2024,TD,31,Fashion Technology,,pt,WSC2024_TD31_pt.pdf,0,,WSC2024/TD/31/pt/WSC2024_TD31_pt.pdf,https://api.worldskills.org/skillman/documents/1/skills/1697/pdf?l=pt,queued,wsc-2024-lyon,
WSC2024,TD,31,Fashion Technology,,ru,WSC2024_TD31_ru.pdf,0,,WSC2024/TD/31/ru/WSC2024_TD31_ru.pdf,https://api.worldskills.org/skillman/documents/1/skills/1697/pdf?l=ru,queued,wsc-2024-lyon,
WSC2024,TD,31,Fashion Technology,,zh,WSC2024_TD31_zh.pdf,0,,WSC2024/TD/31/zh/WSC2024_TD31_zh.pdf,https://api.worldskills.org/skillman/documents/1/skills/1697/pdf?l=zh,queued,wsc-2024-lyon,
WSC2024,TD,32,Pâtisserie and Confectionery,,ar,WSC2024_TD32_ar.pdf,0,,WSC2024/TD/32/ar/WSC2024_TD32_ar.pdf,https://api.worldskills.org/skillman/documents/1/skills/1711/pdf?l=ar,queued,wsc-2024-lyon,
WSC2024,TD,32,Pâtisserie and Confectionery,,de,WSC2024_TD32_de.pdf,0,,WSC2024/TD/32/de/WSC2024_TD32_de.pdf,https://api.worldskills.org/skillman/documents/1/skills/1711/pdf?l=de,queued,wsc-2024-lyon,
WSC2024,TD,32,Pâtisserie and Confectionery,,en,WSC2024_TD32_en.pdf,0,,WSC2024/TD/32/en/WSC2024_TD32_en.pdf,https://api.worldskills.org/skillman/documents/1/skills/1711/pdf?l=en,queued,wsc-2024-lyon,
WSC2024,TD,32,Pâtisserie and Confectionery,,es,WSC2024_TD32_es.pdf,0,,WSC2024/TD/32/es/WSC2024_TD32_es.pdf,https://api.worldskills.org/skillman/documents/1/skills/1711/pdf?l=es,queued,wsc-2024-lyon,
WSC2024,TD,32,Pâtisserie and Confectionery,,fi,WSC2024_TD32_fi.pdf,0,,WSC2024/TD/32/fi/WSC2024_TD32_fi.pdf,https://api.worldskills.org/skillman/documents/1/skills/1711/pdf?l=fi,queued,wsc-2024-lyon,
WSC2024,TD,32,Pâtisserie and Confectionery,,fr,WSC2024_TD32_fr.pdf,0,,WSC2024/TD/32/fr/WSC2024_TD32_fr.pdf,https://api.worldskills.org/skillman/documents/1/skills/1711/pdf?l=fr,queued,wsc-2024-lyon,
WSC2024,TD,32,Pâtisserie and Confectionery,,ja,WSC2024_TD32_ja.pdf,0,,WSC2024/TD/32/ja/WSC2024_TD32_ja.pdf,https://api.worldskills.org/skillman/documents/1/skills/1711/pdf?l=ja,queued,wsc-2024-lyon,
WSC2024,TD,32,Pâtisserie and Confectionery,,ko,WSC2024_TD32_ko.pdf,0,,WSC2024/TD/32/ko/WSC2024_TD32_ko.pdf,https://api.worldskills.org/skillman/documents/1/skills/1711/pdf?l=ko,queued,wsc-2024-lyon,
WSC2024,TD,32,Pâtisserie and Confectionery,,pt,WSC2024_TD32_pt.pdf,0,,WSC2024/TD/32/pt/WSC2024_TD32_pt.pdf,https://api.worldskills.org/skillman/documents/1/skills/1711/pdf?l=pt,queued,wsc-2024-lyon,
WSC2024,TD,32,Pâtisserie and Confectionery,,ru,WSC2024_TD32_ru.pdf,0,,WSC2024/TD/32/ru/WSC2024_TD32_ru.pdf,https://api.worldskills.org/skillman/documents/1/skills/1711/pdf?l=ru,queued,wsc-2024-lyon,
WSC2024,TD,32,Pâtisserie and Confectionery,,zh,WSC2024_TD32_zh.pdf,0,,WSC2024/TD/32/zh/WSC2024_TD32_zh.pdf,https://api.worldskills.org/skillman/documents/1/skills/1711/pdf?l=zh,queued,wsc-2024-lyon,
WSC2024,TD,33,Automobile Technology,,ar,WSC2024_TD33_ar.pdf,0,,WSC2024/TD/33/ar/WSC2024_TD33_ar.pdf,https://api.worldskills.org/skillman/documents/1/skills/1669/pdf?l=ar,queued,wsc-2024-lyon,
WSC2024,TD,33,Automobile Technology,,de,WSC2024_TD33_de.pdf,0,,WSC2024/TD/33/de/WSC2024_TD33_de.pdf,https://api.worldskills.org/skillman/documents/1/skills/1669/pdf?l=de,queued,wsc-2024-lyon,
WSC2024,TD,33,Automobile Technology,,en,WSC2024_TD33_en.pdf,0,,WSC2024/TD/33/en/WSC2024_TD33_en.pdf,https://api.worldskills.org/skillman/documents/1/skills/1669/pdf?l=en,queued,wsc-2024-lyon,
WSC2024,TD,33,Automobile Technology,,es,WSC2024_TD33_es.pdf,0,,WSC2024/TD/33/es/WSC2024_TD33_es.pdf,https://api.worldskills.org/skillman/documents/1/skills/1669/pdf?l=es,queued,wsc-2024-lyon,
WSC2024,TD,33,Automobile Technology,,fi,WSC2024_TD33_fi.pdf,0,,WSC2024/TD/33/fi/WSC2024_TD33_fi.pdf,https://api.worldskills.org/skillman/documents/1/skills/1669/pdf?l=fi,queued,wsc-2024-lyon,
WSC2024,TD,33,Automobile Technology,,fr,WSC2024_TD33_fr.pdf,0,,WSC2024/TD/33/fr/WSC2024_TD33_fr.pdf,https://api.worldskills.org/skillman/documents/1/skills/1669/pdf?l=fr,queued,wsc-2024-lyon,
WSC2024,TD,33,Automobile Technology,,ja,WSC2024_TD33_ja.pdf,0,,WSC2024/TD/33/ja/WSC2024_TD33_ja.pdf,https://api.worldskills.org/skillman/documents/1/skills/1669/pdf?l=ja,queued,wsc-2024-lyon,
WSC2024,TD,33,Automobile Technology,,ko,WSC2024_TD33_ko.pdf,0,,WSC2024/TD/33/ko/WSC2024_TD33_ko.pdf,https://api.worldskills.org/skillman/documents/1/skills/1669/pdf?l=ko,queued,wsc-2024-lyon,
WSC2024,TD,33,Automobile Technology,,pt,WSC2024_TD33_pt.pdf,0,,WSC2024/TD/33/pt/WSC2024_TD33_pt.pdf,https://api.worldskills.org/skillman/documents/1/skills/1669/pdf?l=pt,queued,wsc-2024-lyon,
WSC2024,TD,33,Automobile Technology,,ru,WSC2024_TD33_ru.pdf,0,,WSC2024/TD/33/ru/WSC2024_TD33_ru.pdf,https://api.worldskills.org/skillman/documents/1/skills/1669/pdf?l=ru,queued,wsc-2024-lyon,
WSC2024,TD,33,Automobile Technology,,zh,WSC2024_TD33_zh.pdf,0,,WSC2024/TD/33/zh/WSC2024_TD33_zh.pdf,https://api.worldskills.org/skillman/documents/1/skills/1669/pdf?l=zh,queued,wsc-2024-lyon,
WSC2024,TD,34,Cooking,,ar,WSC2024_TD34_ar.pdf,0,,WSC2024/TD/34/ar/WSC2024_TD34_ar.pdf,https://api.worldskills.org/skillman/documents/1/skills/1670/pdf?l=ar,queued,wsc-2024-lyon,
WSC2024,TD,34,Cooking,,de,WSC2024_TD34_de.pdf,0,,WSC2024/TD/34/de/WSC2024_TD34_de.pdf,https://api.worldskills.org/skillman/documents/1/skills/1670/pdf?l=de,queued,wsc-2024-lyon,
WSC2024,TD,34,Cooking,,en,WSC2024_TD34_en.pdf,0,,WSC2024/TD/34/en/WSC2024_TD34_en.pdf,https://api.worldskills.org/skillman/documents/1/skills/1670/pdf?l=en,queued,wsc-2024-lyon,
WSC2024,TD,34,Cooking,,es,WSC2024_TD34_es.pdf,0,,WSC2024/TD/34/es/WSC2024_TD34_es.pdf,https://api.worldskills.org/skillman/documents/1/skills/1670/pdf?l=es,queued,wsc-2024-lyon,
WSC2024,TD,34,Cooking,,fi,WSC2024_TD34_fi.pdf,0,,WSC2024/TD/34/fi/WSC2024_TD34_fi.pdf,https://api.worldskills.org/skillman/documents/1/skills/1670/pdf?l=fi,queued,wsc-2024-lyon,
WSC2024,TD,34,Cooking,,fr,WSC2024_TD34_fr.pdf,0,,WSC2024/TD/34/fr/WSC2024_TD34_fr.pdf,https://api.worldskills.org/skillman/documents/1/skills/1670/pdf?l=fr,queued,wsc-2024-lyon,
WSC2024,TD,34,Cooking,,ja,WSC2024_TD34_ja.pdf,0,,WSC2024/TD/34/ja/WSC2024_TD34_ja.pdf,https://api.worldskills.org/skillman/documents/1/skills/1670/pdf?l=ja,queued,wsc-2024-lyon,
WSC2024,TD,34,Cooking,,ko,WSC2024_TD34_ko.pdf,0,,WSC2024/TD/34/ko/WSC2024_TD34_ko.pdf,https://api.worldskills.org/skillman/documents/1/skills/1670/pdf?l=ko,queued,wsc-2024-lyon,
WSC2024,TD,34,Cooking,,pt,WSC2024_TD34_pt.pdf,0,,WSC2024/TD/34/pt/WSC2024_TD34_pt.pdf,https://api.worldskills.org/skillman/documents/1/skills/1670/pdf?l=pt,queued,wsc-2024-lyon,
WSC2024,TD,34,Cooking,,ru,WSC2024_TD34_ru.pdf,0,,WSC2024/TD/34/ru/WSC2024_TD34_ru.pdf,https://api.worldskills.org/skillman/documents/1/skills/1670/pdf?l=ru,queued,wsc-2024-lyon,
WSC2024,TD,34,Cooking,,zh,WSC2024_TD34_zh.pdf,0,,WSC2024/TD/34/zh/WSC2024_TD34_zh.pdf,https://api.worldskills.org/skillman/documents/1/skills/1670/pdf?l=zh,queued,wsc-2024-lyon,
WSC2024,TD,35,Restaurant Service,,ar,WSC2024_TD35_ar.pdf,0,,WSC2024/TD/35/ar/WSC2024_TD35_ar.pdf,https://api.worldskills.org/skillman/documents/1/skills/1699/pdf?l=ar,queued,wsc-2024-lyon,
WSC2024,TD,35,Restaurant Service,,de,WSC2024_TD35_de.pdf,0,,WSC2024/TD/35/de/WSC2024_TD35_de.pdf,https://api.worldskills.org/skillman/documents/1/skills/1699/pdf?l=de,queued,wsc-2024-lyon,
WSC2024,TD,35,Restaurant Service,,en,WSC2024_TD35_en.pdf,0,,WSC2024/TD/35/en/WSC2024_TD35_en.pdf,https://api.worldskills.org/skillman/documents/1/skills/1699/pdf?l=en,queued,wsc-2024-lyon,
WSC2024,TD,35,Restaurant Service,,es,WSC2024_TD35_es.pdf,0,,WSC2024/TD/35/es/WSC2024_TD35_es.pdf,https://api.worldskills.org/skillman/documents/1/skills/1699/pdf?l=es,queued,wsc-2024-lyon,
WSC2024,TD,35,Restaurant Service,,fi,WSC2024_TD35_fi.pdf,0,,WSC2024/TD/35/fi/WSC2024_TD35_fi.pdf,https://api.worldskills.org/skillman/documents/1/skills/1699/pdf?l=fi,queued,wsc-2024-lyon,
WSC2024,TD,35,Restaurant Service,,fr,WSC2024_TD35_fr.pdf,0,,WSC2024/TD/35/fr/WSC2024_TD35_fr.pdf,https://api.worldskills.org/skillman/documents/1/skills/1699/pdf?l=fr,queued,wsc-2024-lyon,
WSC2024,TD,35,Restaurant Service,,ja,WSC2024_TD35_ja.pdf,0,,WSC2024/TD/35/ja/WSC2024_TD35_ja.pdf,https://api.worldskills.org/skillman/documents/1/skills/1699/pdf?l=ja,queued,wsc-2024-lyon,
WSC2024,TD,35,Restaurant Service,,ko,WSC2024_TD35_ko.pdf,0,,WSC2024/TD/35/ko/WSC2024_TD35_ko.pdf,https://api.worldskills.org/skillman/documents/1/skills/1699/pdf?l=ko,queued,wsc-2024-lyon,
WSC2024,TD,35,Restaurant Service,,pt,WSC2024_TD35_pt.pdf,0,,WSC2024/TD/35/pt/WSC2024_TD35_pt.pdf,https://api.worldskills.org/skillman/documents/1/skills/1699/pdf?l=pt,queued,wsc-2024-lyon,
WSC2024,TD,35,Restaurant Service,,ru,WSC2024_TD35_ru.pdf,0,,WSC2024/TD/35/ru/WSC2024_TD35_ru.pdf,https://api.worldskills.org/skillman/documents/1/skills/1699/pdf?l=ru,queued,wsc-2024-lyon,
WSC2024,TD,35,Restaurant Service,,zh,WSC2024_TD35_zh.pdf,0,,WSC2024/TD/35/zh/WSC2024_TD35_zh.pdf,https://api.worldskills.org/skillman/documents/1/skills/1699/pdf?l=zh,queued,wsc-2024-lyon,
WSC2024,TD,36,Car Painting,,ar,WSC2024_TD36_ar.pdf,0,,WSC2024/TD/36/ar/WSC2024_TD36_ar.pdf,https://api.worldskills.org/skillman/documents/1/skills/1718/pdf?l=ar,queued,wsc-2024-lyon,
WSC2024,TD,36,Car Painting,,de,WSC2024_TD36_de.pdf,0,,WSC2024/TD/36/de/WSC2024_TD36_de.pdf,https://api.worldskills.org/skillman/documents/1/skills/1718/pdf?l=de,queued,wsc-2024-lyon,
WSC2024,TD,36,Car Painting,,en,WSC2024_TD36_en.pdf,0,,WSC2024/TD/36/en/WSC2024_TD36_en.pdf,https://api.worldskills.org/skillman/documents/1/skills/1718/pdf?l=en,queued,wsc-2024-lyon,
WSC2024,TD,36,Car Painting,,es,WSC2024_TD36_es.pdf,0,,WSC2024/TD/36/es/WSC2024_TD36_es.pdf,https://api.worldskills.org/skillman/documents/1/skills/1718/pdf?l=es,queued,wsc-2024-lyon,
WSC2024,TD,36,Car Painting,,fi,WSC2024_TD36_fi.pdf,0,,WSC2024/TD/36/fi/WSC2024_TD36_fi.pdf,https://api.worldskills.org/skillman/documents/1/skills/1718/pdf?l=fi,queued,wsc-2024-lyon,
WSC2024,TD,36,Car Painting,,fr,WSC2024_TD36_fr.pdf,0,,WSC2024/TD/36/fr/WSC2024_TD36_fr.pdf,https://api.worldskills.org/skillman/documents/1/skills/1718/pdf?l=fr,queued,wsc-2024-lyon,
WSC2024,TD,36,Car Painting,,ja,WSC2024_TD36_ja.pdf,0,,WSC2024/TD/36/ja/WSC2024_TD36_ja.pdf,https://api.worldskills.org/skillman/documents/1/skills/1718/pdf?l=ja,queued,wsc-2024-lyon,
WSC2024,TD,36,Car Painting,,ko,WSC2024_TD36_ko.pdf,0,,WSC2024/TD/36/ko/WSC2024_TD36_ko.pdf,https://api.worldskills.org/skillman/documents/1/skills/1718/pdf?l=ko,queued,wsc-2024-lyon,
WSC2024,TD,36,Car Painting,,pt,WSC2024_TD36_pt.pdf,0,,WSC2024/TD/36/pt/WSC2024_TD36_pt.pdf,https://api.worldskills.org/skillman/documents/1/skills/1718/pdf?l=pt,queued,wsc-2024-lyon,
WSC2024,TD,36,Car Painting,,ru,WSC2024_TD36_ru.pdf,0,,WSC2024/TD/36/ru/WSC2024_TD36_ru.pdf,https://api.worldskills.org/skillman/documents/1/skills/1718/pdf?l=ru,queued,wsc-2024-lyon,
WSC2024,TD,36,Car Painting,,zh,WSC2024_TD36_zh.pdf,0,,WSC2024/TD/36/zh/WSC2024_TD36_zh.pdf,https://api.worldskills.org/skillman/documents/1/skills/1718/pdf?l=zh,queued,wsc-2024-lyon,
WSC2024,TD,37,Landscape Gardening,,ar,WSC2024_TD37_ar.pdf,0,,WSC2024/TD/37/ar/WSC2024_TD37_ar.pdf,https://api.worldskills.org/skillman/documents/1/skills/1713/pdf?l=ar,queued,wsc-2024-lyon,
WSC2024,TD,37,Landscape Gardening,,de,WSC2024_TD37_de.pdf,0,,WSC2024/TD/37/de/WSC2024_TD37_de.pdf,https://api.worldskills.org/skillman/documents/1/skills/1713/pdf?l=de,queued,wsc-2024-lyon,
WSC2024,TD,37,Landscape Gardening,,en,WSC2024_TD37_en.pdf,0,,WSC2024/TD/37/en/WSC2024_TD37_en.pdf,https://api.worldskills.org/skillman/documents/1/skills/1713/pdf?l=en,queued,wsc-2024-lyon,
WSC2024,TD,37,Landscape Gardening,,es,WSC2024_TD37_es.pdf,0,,WSC2024/TD/37/es/WSC2024_TD37_es.pdf,https://api.worldskills.org/skillman/documents/1/skills/1713/pdf?l=es,queued,wsc-2024-lyon,
WSC2024,TD,37,Landscape Gardening,,fi,WSC2024_TD37_fi.pdf,0,,WSC2024/TD/37/fi/WSC2024_TD37_fi.pdf,https://api.worldskills.org/skillman/documents/1/skills/1713/pdf?l=fi,queued,wsc-2024-lyon,
WSC2024,TD,37,Landscape Gardening,,fr,WSC2024_TD37_fr.pdf,0,,WSC2024/TD/37/fr/WSC2024_TD37_fr.pdf,https://api.worldskills.org/skillman/documents/1/skills/1713/pdf?l=fr,queued,wsc-2024-lyon,
WSC2024,TD,37,Landscape Gardening,,ja,WSC2024_TD37_ja.pdf,0,,WSC2024/TD/37/ja/WSC2024_TD37_ja.pdf,https://api.worldskills.org/skillman/documents/1/skills/1713/pdf?l=ja,queued,wsc-2024-lyon,
WSC2024,TD,37,Landscape Gardening,,ko,WSC2024_TD37_ko.pdf,0,,WSC2024/TD/37/ko/WSC2024_TD37_ko.pdf,https://api.worldskills.org/skillman/documents/1/skills/1713/pdf?l=ko,queued,wsc-2024-lyon,
WSC2024,TD,37,Landscape Gardening,,pt,WSC2024_TD37_pt.pdf,0,,WSC2024/TD/37/pt/WSC2024_TD37_pt.pdf,https://api.worldskills.org/skillman/documents/1/skills/1713/pdf?l=pt,queued,wsc-2024-lyon,
WSC2024,TD,37,Landscape Gardening,,ru,WSC2024_TD37_ru.pdf,0,,WSC2024/TD/37/ru/WSC2024_TD37_ru.pdf,https://api.worldskills.org/skillman/documents/1/skills/1713/pdf?l=ru,queued,wsc-2024-lyon,
WSC2024,TD,37,Landscape Gardening,,zh,WSC2024_TD37_zh.pdf,0,,WSC2024/TD/37/zh/WSC2024_TD37_zh.pdf,https://api.worldskills.org/skillman/documents/1/skills/1713/pdf?l=zh,queued,wsc-2024-lyon,
WSC2024,TD,38,Refrigeration and Air Conditioning,,ar,WSC2024_TD38_ar.pdf,0,,WSC2024/TD/38/ar/WSC2024_TD38_ar.pdf,https://api.worldskills.org/skillman/documents/1/skills/1674/pdf?l=ar,queued,wsc-2024-lyon,
WSC2024,TD,38,Refrigeration and Air Conditioning,,de,WSC2024_TD38_de.pdf,0,,WSC2024/TD/38/de/WSC2024_TD38_de.pdf,https://api.worldskills.org/skillman/documents/1/skills/1674/pdf?l=de,queued,wsc-2024-lyon,
WSC2024,TD,38,Refrigeration and Air Conditioning,,en,WSC2024_TD38_en.pdf,0,,WSC2024/TD/38/en/WSC2024_TD38_en.pdf,https://api.worldskills.org/skillman/documents/1/skills/1674/pdf?l=en,queued,wsc-2024-lyon,
WSC2024,TD,38,Refrigeration and Air Conditioning,,es,WSC2024_TD38_es.pdf,0,,WSC2024/TD/38/es/WSC2024_TD38_es.pdf,https://api.worldskills.org/skillman/documents/1/skills/1674/pdf?l=es,queued,wsc-2024-lyon,
WSC2024,TD,38,Refrigeration and Air Conditioning,,fi,WSC2024_TD38_fi.pdf,0,,WSC2024/TD/38/fi/WSC2024_TD38_fi.pdf,https://api.worldskills.org/skillman/documents/1/skills/1674/pdf?l=fi,queued,wsc-2024-lyon,
WSC2024,TD,38,Refrigeration and Air Conditioning,,fr,WSC2024_TD38_fr.pdf,0,,WSC2024/TD/38/fr/WSC2024_TD38_fr.pdf,https://api.worldskills.org/skillman/documents/1/skills/1674/pdf?l=fr,queued,wsc-2024-lyon,
WSC2024,TD,38,Refrigeration and Air Conditioning,,ja,WSC2024_TD38_ja.pdf,0,,WSC2024/TD/38/ja/WSC2024_TD38_ja.pdf,https://api.worldskills.org/skillman/documents/1/skills/1674/pdf?l=ja,queued,wsc-2024-lyon,
WSC2024,TD,38,Refrigeration and Air Conditioning,,ko,WSC2024_TD38_ko.pdf,0,,WSC2024/TD/38/ko/WSC2024_TD38_ko.pdf,https://api.worldskills.org/skillman/documents/1/skills/1674/pdf?l=ko,queued,wsc-2024-lyon,
WSC2024,TD,38,Refrigeration and Air Conditioning,,pt,WSC2024_TD38_pt.pdf,0,,WSC2024/TD/38/pt/WSC2024_TD38_pt.pdf,https://api.worldskills.org/skillman/documents/1/skills/1674/pdf?l=pt,queued,wsc-2024-lyon,
WSC2024,TD,38,Refrigeration and Air Conditioning,,ru,WSC2024_TD38_ru.pdf,0,,WSC2024/TD/38/ru/WSC2024_TD38_ru.pdf,https://api.worldskills.org/skillman/documents/1/skills/1674/pdf?l=ru,queued,wsc-2024-lyon,
WSC2024,TD,38,Refrigeration and Air Conditioning,,zh,WSC2024_TD38_zh.pdf,0,,WSC2024/TD/38/zh/WSC2024_TD38_zh.pdf,https://api.worldskills.org/skillman/documents/1/skills/1674/pdf?l=zh,queued,wsc-2024-lyon,
WSC2024,TD,39,IT Network Systems Administration,,ar,WSC2024_TD39_ar.pdf,0,,WSC2024/TD/39/ar/WSC2024_TD39_ar.pdf,https://api.worldskills.org/skillman/documents/1/skills/1694/pdf?l=ar,queued,wsc-2024-lyon,
WSC2024,TD,39,IT Network Systems Administration,,de,WSC2024_TD39_de.pdf,0,,WSC2024/TD/39/de/WSC2024_TD39_de.pdf,https://api.worldskills.org/skillman/documents/1/skills/1694/pdf?l=de,queued,wsc-2024-lyon,
WSC2024,TD,39,IT Network Systems Administration,,en,WSC2024_TD39_en.pdf,0,,WSC2024/TD/39/en/WSC2024_TD39_en.pdf,https://api.worldskills.org/skillman/documents/1/skills/1694/pdf?l=en,queued,wsc-2024-lyon,
WSC2024,TD,39,IT Network Systems Administration,,es,WSC2024_TD39_es.pdf,0,,WSC2024/TD/39/es/WSC2024_TD39_es.pdf,https://api.worldskills.org/skillman/documents/1/skills/1694/pdf?l=es,queued,wsc-2024-lyon,
WSC2024,TD,39,IT Network Systems Administration,,fi,WSC2024_TD39_fi.pdf,0,,WSC2024/TD/39/fi/WSC2024_TD39_fi.pdf,https://api.worldskills.org/skillman/documents/1/skills/1694/pdf?l=fi,queued,wsc-2024-lyon,
WSC2024,TD,39,IT Network Systems Administration,,fr,WSC2024_TD39_fr.pdf,0,,WSC2024/TD/39/fr/WSC2024_TD39_fr.pdf,https://api.worldskills.org/skillman/documents/1/skills/1694/pdf?l=fr,queued,wsc-2024-lyon,
WSC2024,TD,39,IT Network Systems Administration,,ja,WSC2024_TD39_ja.pdf,0,,WSC2024/TD/39/ja/WSC2024_TD39_ja.pdf,https://api.worldskills.org/skillman/documents/1/skills/1694/pdf?l=ja,queued,wsc-2024-lyon,
WSC2024,TD,39,IT Network Systems Administration,,ko,WSC2024_TD39_ko.pdf,0,,WSC2024/TD/39/ko/WSC2024_TD39_ko.pdf,https://api.worldskills.org/skillman/documents/1/skills/1694/pdf?l=ko,queued,wsc-2024-lyon,
WSC2024,TD,39,IT Network Systems Administration,,pt,WSC2024_TD39_pt.pdf,0,,WSC2024/TD/39/pt/WSC2024_TD39_pt.pdf,https://api.worldskills.org/skillman/documents/1/skills/1694/pdf?l=pt,queued,wsc-2024-lyon,
WSC2024,TD,39,IT Network Systems Administration,,ru,WSC2024_TD39_ru.pdf,0,,WSC2024/TD/39/ru/WSC2024_TD39_ru.pdf,https://api.worldskills.org/skillman/documents/1/skills/1694/pdf?l=ru,queued,wsc-2024-lyon,
WSC2024,TD,39,IT Network Systems Administration,,zh,WSC2024_TD39_zh.pdf,0,,WSC2024/TD/39/zh/WSC2024_TD39_zh.pdf,https://api.worldskills.org/skillman/documents/1/skills/1694/pdf?l=zh,queued,wsc-2024-lyon,
WSC2024,TD,40,Graphic Design Technology,,ar,WSC2024_TD40_ar.pdf,0,,WSC2024/TD/40/ar/WSC2024_TD40_ar.pdf,https://api.worldskills.org/skillman/documents/1/skills/1701/pdf?l=ar,queued,wsc-2024-lyon,
WSC2024,TD,40,Graphic Design Technology,,de,WSC2024_TD40_de.pdf,0,,WSC2024/TD/40/de/WSC2024_TD40_de.pdf,https://api.worldskills.org/skillman/documents/1/skills/1701/pdf?l=de,queued,wsc-2024-lyon,
WSC2024,TD,40,Graphic Design Technology,,en,WSC2024_TD40_en.pdf,0,,WSC2024/TD/40/en/WSC2024_TD40_en.pdf,https://api.worldskills.org/skillman/documents/1/skills/1701/pdf?l=en,queued,wsc-2024-lyon,
WSC2024,TD,40,Graphic Design Technology,,es,WSC2024_TD40_es.pdf,0,,WSC2024/TD/40/es/WSC2024_TD40_es.pdf,https://api.worldskills.org/skillman/documents/1/skills/1701/pdf?l=es,queued,wsc-2024-lyon,
WSC2024,TD,40,Graphic Design Technology,,fi,WSC2024_TD40_fi.pdf,0,,WSC2024/TD/40/fi/WSC2024_TD40_fi.pdf,https://api.worldskills.org/skillman/documents/1/skills/1701/pdf?l=fi,queued,wsc-2024-lyon,
WSC2024,TD,40,Graphic Design Technology,,fr,WSC2024_TD40_fr.pdf,0,,WSC2024/TD/40/fr/WSC2024_TD40_fr.pdf,https://api.worldskills.org/skillman/documents/1/skills/1701/pdf?l=fr,queued,wsc-2024-lyon,
WSC2024,TD,40,Graphic Design Technology,,ja,WSC2024_TD40_ja.pdf,0,,WSC2024/TD/40/ja/WSC2024_TD40_ja.pdf,https://api.worldskills.org/skillman/documents/1/skills/1701/pdf?l=ja,queued,wsc-2024-lyon,
WSC2024,TD,40,Graphic Design Technology,,ko,WSC2024_TD40_ko.pdf,0,,WSC2024/TD/40/ko/WSC2024_TD40_ko.pdf,https://api.worldskills.org/skillman/documents/1/skills/1701/pdf?l=ko,queued,wsc-2024-lyon,
WSC2024,TD,40,Graphic Design Technology,,pt,WSC2024_TD40_pt.pdf,0,,WSC2024/TD/40/pt/WSC2024_TD40_pt.pdf,https://api.worldskills.org/skillman/documents/1/skills/1701/pdf?l=pt,queued,wsc-2024-lyon,
WSC2024,TD,40,Graphic Design Technology,,ru,WSC2024_TD40_ru.pdf,0,,WSC2024/TD/40/ru/WSC2024_TD40_ru.pdf,https://api.worldskills.org/skillman/documents/1/skills/1701/pdf?l=ru,queued,wsc-2024-lyon,
WSC2024,TD,40,Graphic Design Technology,,zh,WSC2024_TD40_zh.pdf,0,,WSC2024/TD/40/zh/WSC2024_TD40_zh.pdf,https://api.worldskills.org/skillman/documents/1/skills/1701/pdf?l=zh,queued,wsc-2024-lyon,
WSC2024,TD,41,Health and Social Care,,ar,WSC2024_TD41_ar.pdf,0,,WSC2024/TD/41/ar/WSC2024_TD41_ar.pdf,https://api.worldskills.org/skillman/documents/1/skills/1716/pdf?l=ar,queued,wsc-2024-lyon,
WSC2024,TD,41,Health and Social Care,,de,WSC2024_TD41_de.pdf,0,,WSC2024/TD/41/de/WSC2024_TD41_de.pdf,https://api.worldskills.org/skillman/documents/1/skills/1716/pdf?l=de,queued,wsc-2024-lyon,
WSC2024,TD,41,Health and Social Care,,en,WSC2024_TD41_en.pdf,0,,WSC2024/TD/41/en/WSC2024_TD41_en.pdf,https://api.worldskills.org/skillman/documents/1/skills/1716/pdf?l=en,queued,wsc-2024-lyon,
WSC2024,TD,41,Health and Social Care,,es,WSC2024_TD41_es.pdf,0,,WSC2024/TD/41/es/WSC2024_TD41_es.pdf,https://api.worldskills.org/skillman/documents/1/skills/1716/pdf?l=es,queued,wsc-2024-lyon,
WSC2024,TD,41,Health and Social Care,,fi,WSC2024_TD41_fi.pdf,0,,WSC2024/TD/41/fi/WSC2024_TD41_fi.pdf,https://api.worldskills.org/skillman/documents/1/skills/1716/pdf?l=fi,queued,wsc-2024-lyon,
WSC2024,TD,41,Health and Social Care,,fr,WSC2024_TD41_fr.pdf,0,,WSC2024/TD/41/fr/WSC2024_TD41_fr.pdf,https://api.worldskills.org/skillman/documents/1/skills/1716/pdf?l=fr,queued,wsc-2024-lyon,
WSC2024,TD,41,Health and Social Care,,ja,WSC2024_TD41_ja.pdf,0,,WSC2024/TD/41/ja/WSC2024_TD41_ja.pdf,https://api.worldskills.org/skillman/documents/1/skills/1716/pdf?l=ja,queued,wsc-2024-lyon,
WSC2024,TD,41,Health and Social Care,,ko,WSC2024_TD41_ko.pdf,0,,WSC2024/TD/41/ko/WSC2024_TD41_ko.pdf,https://api.worldskills.org/skillman/documents/1/skills/1716/pdf?l=ko,queued,wsc-2024-lyon,
WSC2024,TD,41,Health and Social Care,,pt,WSC2024_TD41_pt.pdf,0,,WSC2024/TD/41/pt/WSC2024_TD41_pt.pdf,https://api.worldskills.org/skillman/documents/1/skills/1716/pdf?l=pt,queued,wsc-2024-lyon,
WSC2024,TD,41,Health and Social Care,,ru,WSC2024_TD41_ru.pdf,0,,WSC2024/TD/41/ru/WSC2024_TD41_ru.pdf,https://api.worldskills.org/skillman/documents/1/skills/1716/pdf?l=ru,queued,wsc-2024-lyon,
WSC2024,TD,41,Health and Social Care,,zh,WSC2024_TD41_zh.pdf,0,,WSC2024/TD/41/zh/WSC2024_TD41_zh.pdf,https://api.worldskills.org/skillman/documents/1/skills/1716/pdf?l=zh,queued,wsc-2024-lyon,
WSC2024,TD,42,Construction Metal Work,,ar,WSC2024_TD42_ar.pdf,0,,WSC2024/TD/42/ar/WSC2024_TD42_ar.pdf,https://api.worldskills.org/skillman/documents/1/skills/1710/pdf?l=ar,queued,wsc-2024-lyon,
WSC2024,TD,42,Construction Metal Work,,de,WSC2024_TD42_de.pdf,0,,WSC2024/TD/42/de/WSC2024_TD42_de.pdf,https://api.worldskills.org/skillman/documents/1/skills/1710/pdf?l=de,queued,wsc-2024-lyon,
WSC2024,TD,42,Construction Metal Work,,en,WSC2024_TD42_en.pdf,0,,WSC2024/TD/42/en/WSC2024_TD42_en.pdf,https://api.worldskills.org/skillman/documents/1/skills/1710/pdf?l=en,queued,wsc-2024-lyon,
WSC2024,TD,42,Construction Metal Work,,es,WSC2024_TD42_es.pdf,0,,WSC2024/TD/42/es/WSC2024_TD42_es.pdf,https://api.worldskills.org/skillman/documents/1/skills/1710/pdf?l=es,queued,wsc-2024-lyon,
WSC2024,TD,42,Construction Metal Work,,fi,WSC2024_TD42_fi.pdf,0,,WSC2024/TD/42/fi/WSC2024_TD42_fi.pdf,https://api.worldskills.org/skillman/documents/1/skills/1710/pdf?l=fi,queued,wsc-2024-lyon,
WSC2024,TD,42,Construction Metal Work,,fr,WSC2024_TD42_fr.pdf,0,,WSC2024/TD/42/fr/WSC2024_TD42_fr.pdf,https://api.worldskills.org/skillman/documents/1/skills/1710/pdf?l=fr,queued,wsc-2024-lyon,
WSC2024,TD,42,Construction Metal Work,,ja,WSC2024_TD42_ja.pdf,0,,WSC2024/TD/42/ja/WSC2024_TD42_ja.pdf,https://api.worldskills.org/skillman/documents/1/skills/1710/pdf?l=ja,queued,wsc-2024-lyon,
WSC2024,TD,42,Construction Metal Work,,ko,WSC2024_TD42_ko.pdf,0,,WSC2024/TD/42/ko/WSC2024_TD42_ko.pdf,https://api.worldskills.org/skillman/documents/1/skills/1710/pdf?l=ko,queued,wsc-2024-lyon,
WSC2024,TD,42,Construction Metal Work,,pt,WSC2024_TD42_pt.pdf,0,,WSC2024/TD/42/pt/WSC2024_TD42_pt.pdf,https://api.worldskills.org/skillman/documents/1/skills/1710/pdf?l=pt,queued,wsc-2024-lyon,
WSC2024,TD,42,Construction Metal Work,,ru,WSC2024_TD42_ru.pdf,0,,WSC2024/TD/42/ru/WSC2024_TD42_ru.pdf,https://api.worldskills.org/skillman/documents/1/skills/1710/pdf?l=ru,queued,wsc-2024-lyon,
WSC2024,TD,42,Construction Metal Work,,zh,WSC2024_TD42_zh.pdf,0,,WSC2024/TD/42/zh/WSC2024_TD42_zh.pdf,https://api.worldskills.org/skillman/documents/1/skills/1710/pdf?l=zh,queued,wsc-2024-lyon,
WSC2024,TD,44,Visual Merchandising,,ar,WSC2024_TD44_ar.pdf,0,,WSC2024/TD/44/ar/WSC2024_TD44_ar.pdf,https://api.worldskills.org/skillman/documents/1/skills/1684/pdf?l=ar,queued,wsc-2024-lyon,
WSC2024,TD,44,Visual Merchandising,,de,WSC2024_TD44_de.pdf,0,,WSC2024/TD/44/de/WSC2024_TD44_de.pdf,https://api.worldskills.org/skillman/documents/1/skills/1684/pdf?l=de,queued,wsc-2024-lyon,
WSC2024,TD,44,Visual Merchandising,,en,WSC2024_TD44_en.pdf,0,,WSC2024/TD/44/en/WSC2024_TD44_en.pdf,https://api.worldskills.org/skillman/documents/1/skills/1684/pdf?l=en,queued,wsc-2024-lyon,
WSC2024,TD,44,Visual Merchandising,,es,WSC2024_TD44_es.pdf,0,,WSC2024/TD/44/es/WSC2024_TD44_es.pdf,https://api.worldskills.org/skillman/documents/1/skills/1684/pdf?l=es,queued,wsc-2024-lyon,
WSC2024,TD,44,Visual Merchandising,,fi,WSC2024_TD44_fi.pdf,0,,WSC2024/TD/44/fi/WSC2024_TD44_fi.pdf,https://api.worldskills.org/skillman/documents/1/skills/1684/pdf?l=fi,queued,wsc-2024-lyon,
WSC2024,TD,44,Visual Merchandising,,fr,WSC2024_TD44_fr.pdf,0,,WSC2024/TD/44/fr/WSC2024_TD44_fr.pdf,https://api.worldskills.org/skillman/documents/1/skills/1684/pdf?l=fr,queued,wsc-2024-lyon,
WSC2024,TD,44,Visual Merchandising,,ja,WSC2024_TD44_ja.pdf,0,,WSC2024/TD/44/ja/WSC2024_TD44_ja.pdf,https://api.worldskills.org/skillman/documents/1/skills/1684/pdf?l=ja,queued,wsc-2024-lyon,
WSC2024,TD,44,Visual Merchandising,,ko,WSC2024_TD44_ko.pdf,0,,WSC2024/TD/44/ko/WSC2024_TD44_ko.pdf,https://api.worldskills.org/skillman/documents/1/skills/1684/pdf?l=ko,queued,wsc-2024-lyon,
WSC2024,TD,44,Visual Merchandising,,pt,WSC2024_TD44_pt.pdf,0,,WSC2024/TD/44/pt/WSC2024_TD44_pt.pdf,https://api.worldskills.org/skillman/documents/1/skills/1684/pdf?l=pt,queued,wsc-2024-lyon,
WSC2024,TD,44,Visual Merchandising,,ru,WSC2024_TD44_ru.pdf,0,,WSC2024/TD/44/ru/WSC2024_TD44_ru.pdf,https://api.worldskills.org/skillman/documents/1/skills/1684/pdf?l=ru,queued,wsc-2024-lyon,
WSC2024,TD,44,Visual Merchandising,,zh,WSC2024_TD44_zh.pdf,0,,WSC2024/TD/44/zh/WSC2024_TD44_zh.pdf,https://api.worldskills.org/skillman/documents/1/skills/1684/pdf?l=zh,queued,wsc-2024-lyon,
WSC2024,TD,46,Concrete Construction Work,,ar,WSC2024_TD46_ar.pdf,0,,WSC2024/TD/46/ar/WSC2024_TD46_ar.pdf,https://api.worldskills.org/skillman/documents/1/skills/1692/pdf?l=ar,queued,wsc-2024-lyon,
WSC2024,TD,46,Concrete Construction Work,,de,WSC2024_TD46_de.pdf,0,,WSC2024/TD/46/de/WSC2024_TD46_de.pdf,https://api.worldskills.org/skillman/documents/1/skills/1692/pdf?l=de,queued,wsc-2024-lyon,
WSC2024,TD,46,Concrete Construction Work,,en,WSC2024_TD46_en.pdf,0,,WSC2024/TD/46/en/WSC2024_TD46_en.pdf,https://api.worldskills.org/skillman/documents/1/skills/1692/pdf?l=en,queued,wsc-2024-lyon,
WSC2024,TD,46,Concrete Construction Work,,es,WSC2024_TD46_es.pdf,0,,WSC2024/TD/46/es/WSC2024_TD46_es.pdf,https://api.worldskills.org/skillman/documents/1/skills/1692/pdf?l=es,queued,wsc-2024-lyon,
WSC2024,TD,46,Concrete Construction Work,,fi,WSC2024_TD46_fi.pdf,0,,WSC2024/TD/46/fi/WSC2024_TD46_fi.pdf,https://api.worldskills.org/skillman/documents/1/skills/1692/pdf?l=fi,queued,wsc-2024-lyon,
WSC2024,TD,46,Concrete Construction Work,,fr,WSC2024_TD46_fr.pdf,0,,WSC2024/TD/46/fr/WSC2024_TD46_fr.pdf,https://api.worldskills.org/skillman/documents/1/skills/1692/pdf?l=fr,queued,wsc-2024-lyon,
WSC2024,TD,46,Concrete Construction Work,,ja,WSC2024_TD46_ja.pdf,0,,WSC2024/TD/46/ja/WSC2024_TD46_ja.pdf,https://api.worldskills.org/skillman/documents/1/skills/1692/pdf?l=ja,queued,wsc-2024-lyon,
WSC2024,TD,46,Concrete Construction Work,,ko,WSC2024_TD46_ko.pdf,0,,WSC2024/TD/46/ko/WSC2024_TD46_ko.pdf,https://api.worldskills.org/skillman/documents/1/skills/1692/pdf?l=ko,queued,wsc-2024-lyon,
WSC2024,TD,46,Concrete Construction Work,,pt,WSC2024_TD46_pt.pdf,0,,WSC2024/TD/46/pt/WSC2024_TD46_pt.pdf,https://api.worldskills.org/skillman/documents/1/skills/1692/pdf?l=pt,queued,wsc-2024-lyon,
WSC2024,TD,46,Concrete Construction Work,,ru,WSC2024_TD46_ru.pdf,0,,WSC2024/TD/46/ru/WSC2024_TD46_ru.pdf,https://api.worldskills.org/skillman/documents/1/skills/1692/pdf?l=ru,queued,wsc-2024-lyon,
WSC2024,TD,46,Concrete Construction Work,,zh,WSC2024_TD46_zh.pdf,0,,WSC2024/TD/46/zh/WSC2024_TD46_zh.pdf,https://api.worldskills.org/skillman/documents/1/skills/1692/pdf?l=zh,queued,wsc-2024-lyon,
WSC2024,TD,47,Bakery,,ar,WSC2024_TD47_ar.pdf,0,,WSC2024/TD/47/ar/WSC2024_TD47_ar.pdf,https://api.worldskills.org/skillman/documents/1/skills/1667/pdf?l=ar,queued,wsc-2024-lyon,
WSC2024,TD,47,Bakery,,de,WSC2024_TD47_de.pdf,0,,WSC2024/TD/47/de/WSC2024_TD47_de.pdf,https://api.worldskills.org/skillman/documents/1/skills/1667/pdf?l=de,queued,wsc-2024-lyon,
WSC2024,TD,47,Bakery,,en,WSC2024_TD47_en.pdf,0,,WSC2024/TD/47/en/WSC2024_TD47_en.pdf,https://api.worldskills.org/skillman/documents/1/skills/1667/pdf?l=en,queued,wsc-2024-lyon,
WSC2024,TD,47,Bakery,,es,WSC2024_TD47_es.pdf,0,,WSC2024/TD/47/es/WSC2024_TD47_es.pdf,https://api.worldskills.org/skillman/documents/1/skills/1667/pdf?l=es,queued,wsc-2024-lyon,
WSC2024,TD,47,Bakery,,fi,WSC2024_TD47_fi.pdf,0,,WSC2024/TD/47/fi/WSC2024_TD47_fi.pdf,https://api.worldskills.org/skillman/documents/1/skills/1667/pdf?l=fi,queued,wsc-2024-lyon,
WSC2024,TD,47,Bakery,,fr,WSC2024_TD47_fr.pdf,0,,WSC2024/TD/47/fr/WSC2024_TD47_fr.pdf,https://api.worldskills.org/skillman/documents/1/skills/1667/pdf?l=fr,queued,wsc-2024-lyon,
WSC2024,TD,47,Bakery,,ja,WSC2024_TD47_ja.pdf,0,,WSC2024/TD/47/ja/WSC2024_TD47_ja.pdf,https://api.worldskills.org/skillman/documents/1/skills/1667/pdf?l=ja,queued,wsc-2024-lyon,
WSC2024,TD,47,Bakery,,ko,WSC2024_TD47_ko.pdf,0,,WSC2024/TD/47/ko/WSC2024_TD47_ko.pdf,https://api.worldskills.org/skillman/documents/1/skills/1667/pdf?l=ko,queued,wsc-2024-lyon,
WSC2024,TD,47,Bakery,,pt,WSC2024_TD47_pt.pdf,0,,WSC2024/TD/47/pt/WSC2024_TD47_pt.pdf,https://api.worldskills.org/skillman/documents/1/skills/1667/pdf?l=pt,queued,wsc-2024-lyon,
WSC2024,TD,47,Bakery,,ru,WSC2024_TD47_ru.pdf,0,,WSC2024/TD/47/ru/WSC2024_TD47_ru.pdf,https://api.worldskills.org/skillman/documents/1/skills/1667/pdf?l=ru,queued,wsc-2024-lyon,
WSC2024,TD,47,Bakery,,zh,WSC2024_TD47_zh.pdf,0,,WSC2024/TD/47/zh/WSC2024_TD47_zh.pdf,https://api.worldskills.org/skillman/documents/1/skills/1667/pdf?l=zh,queued,wsc-2024-lyon,
WSC2024,TD,48,Industry 4.0,,ar,WSC2024_TD48_ar.pdf,0,,WSC2024/TD/48/ar/WSC2024_TD48_ar.pdf,https://api.worldskills.org/skillman/documents/1/skills/1703/pdf?l=ar,queued,wsc-2024-lyon,
WSC2024,TD,48,Industry 4.0,,de,WSC2024_TD48_de.pdf,0,,WSC2024/TD/48/de/WSC2024_TD48_de.pdf,https://api.worldskills.org/skillman/documents/1/skills/1703/pdf?l=de,queued,wsc-2024-lyon,
WSC2024,TD,48,Industry 4.0,,en,WSC2024_TD48_en.pdf,0,,WSC2024/TD/48/en/WSC2024_TD48_en.pdf,https://api.worldskills.org/skillman/documents/1/skills/1703/pdf?l=en,queued,wsc-2024-lyon,
WSC2024,TD,48,Industry 4.0,,es,WSC2024_TD48_es.pdf,0,,WSC2024/TD/48/es/WSC2024_TD48_es.pdf,https://api.worldskills.org/skillman/documents/1/skills/1703/pdf?l=es,queued,wsc-2024-lyon,
WSC2024,TD,48,Industry 4.0,,fi,WSC2024_TD48_fi.pdf,0,,WSC2024/TD/48/fi/WSC2024_TD48_fi.pdf,https://api.worldskills.org/skillman/documents/1/skills/1703/pdf?l=fi,queued,wsc-2024-lyon,
WSC2024,TD,48,Industry 4.0,,fr,WSC2024_TD48_fr.pdf,0,,WSC2024/TD/48/fr/WSC2024_TD48_fr.pdf,https://api.worldskills.org/skillman/documents/1/skills/1703/pdf?l=fr,queued,wsc-2024-lyon,
WSC2024,TD,48,Industry 4.0,,ja,WSC2024_TD48_ja.pdf,0,,WSC2024/TD/48/ja/WSC2024_TD48_ja.pdf,https://api.worldskills.org/skillman/documents/1/skills/1703/pdf?l=ja,queued,wsc-2024-lyon,
WSC2024,TD,48,Industry 4.0,,ko,WSC2024_TD48_ko.pdf,0,,WSC2024/TD/48/ko/WSC2024_TD48_ko.pdf,https://api.worldskills.org/skillman/documents/1/skills/1703/pdf?l=ko,queued,wsc-2024-lyon,
WSC2024,TD,48,Industry 4.0,,pt,WSC2024_TD48_pt.pdf,0,,WSC2024/TD/48/pt/WSC2024_TD48_pt.pdf,https://api.worldskills.org/skillman/documents/1/skills/1703/pdf?l=pt,queued,wsc-2024-lyon,
WSC2024,TD,48,Industry 4.0,,ru,WSC2024_TD48_ru.pdf,0,,WSC2024/TD/48/ru/WSC2024_TD48_ru.pdf,https://api.worldskills.org/skillman/documents/1/skills/1703/pdf?l=ru,queued,wsc-2024-lyon,
WSC2024,TD,48,Industry 4.0,,zh,WSC2024_TD48_zh.pdf,0,,WSC2024/TD/48/zh/WSC2024_TD48_zh.pdf,https://api.worldskills.org/skillman/documents/1/skills/1703/pdf?l=zh,queued,wsc-2024-lyon,
WSC2024,TD,49,Heavy Vehicle Technology,,ar,WSC2024_TD49_ar.pdf,0,,WSC2024/TD/49/ar/WSC2024_TD49_ar.pdf,https://api.worldskills.org/skillman/documents/1/skills/1679/pdf?l=ar,queued,wsc-2024-lyon,
WSC2024,TD,49,Heavy Vehicle Technology,,de,WSC2024_TD49_de.pdf,0,,WSC2024/TD/49/de/WSC2024_TD49_de.pdf,https://api.worldskills.org/skillman/documents/1/skills/1679/pdf?l=de,queued,wsc-2024-lyon,
WSC2024,TD,49,Heavy Vehicle Technology,,en,WSC2024_TD49_en.pdf,0,,WSC2024/TD/49/en/WSC2024_TD49_en.pdf,https://api.worldskills.org/skillman/documents/1/skills/1679/pdf?l=en,queued,wsc-2024-lyon,
WSC2024,TD,49,Heavy Vehicle Technology,,es,WSC2024_TD49_es.pdf,0,,WSC2024/TD/49/es/WSC2024_TD49_es.pdf,https://api.worldskills.org/skillman/documents/1/skills/1679/pdf?l=es,queued,wsc-2024-lyon,
WSC2024,TD,49,Heavy Vehicle Technology,,fi,WSC2024_TD49_fi.pdf,0,,WSC2024/TD/49/fi/WSC2024_TD49_fi.pdf,https://api.worldskills.org/skillman/documents/1/skills/1679/pdf?l=fi,queued,wsc-2024-lyon,
WSC2024,TD,49,Heavy Vehicle Technology,,fr,WSC2024_TD49_fr.pdf,0,,WSC2024/TD/49/fr/WSC2024_TD49_fr.pdf,https://api.worldskills.org/skillman/documents/1/skills/1679/pdf?l=fr,queued,wsc-2024-lyon,
WSC2024,TD,49,Heavy Vehicle Technology,,ja,WSC2024_TD49_ja.pdf,0,,WSC2024/TD/49/ja/WSC2024_TD49_ja.pdf,https://api.worldskills.org/skillman/documents/1/skills/1679/pdf?l=ja,queued,wsc-2024-lyon,
WSC2024,TD,49,Heavy Vehicle Technology,,ko,WSC2024_TD49_ko.pdf,0,,WSC2024/TD/49/ko/WSC2024_TD49_ko.pdf,https://api.worldskills.org/skillman/documents/1/skills/1679/pdf?l=ko,queued,wsc-2024-lyon,
WSC2024,TD,49,Heavy Vehicle Technology,,pt,WSC2024_TD49_pt.pdf,0,,WSC2024/TD/49/pt/WSC2024_TD49_pt.pdf,https://api.worldskills.org/skillman/documents/1/skills/1679/pdf?l=pt,queued,wsc-2024-lyon,
WSC2024,TD,49,Heavy Vehicle Technology,,ru,WSC2024_TD49_ru.pdf,0,,WSC2024/TD/49/ru/WSC2024_TD49_ru.pdf,https://api.worldskills.org/skillman/documents/1/skills/1679/pdf?l=ru,queued,wsc-2024-lyon,
WSC2024,TD,49,Heavy Vehicle Technology,,zh,WSC2024_TD49_zh.pdf,0,,WSC2024/TD/49/zh/WSC2024_TD49_zh.pdf,https://api.worldskills.org/skillman/documents/1/skills/1679/pdf?l=zh,queued,wsc-2024-lyon,
WSC2024,TD,50,3D Digital Game Art,,ar,WSC2024_TD50_ar.pdf,0,,WSC2024/TD/50/ar/WSC2024_TD50_ar.pdf,https://api.worldskills.org/skillman/documents/1/skills/1708/pdf?l=ar,queued,wsc-2024-lyon,
WSC2024,TD,50,3D Digital Game Art,,de,WSC2024_TD50_de.pdf,0,,WSC2024/TD/50/de/WSC2024_TD50_de.pdf,https://api.worldskills.org/skillman/documents/1/skills/1708/pdf?l=de,queued,wsc-2024-lyon,
WSC2024,TD,50,3D Digital Game Art,,en,WSC2024_TD50_en.pdf,0,,WSC2024/TD/50/en/WSC2024_TD50_en.pdf,https://api.worldskills.org/skillman/documents/1/skills/1708/pdf?l=en,queued,wsc-2024-lyon,
WSC2024,TD,50,3D Digital Game Art,,es,WSC2024_TD50_es.pdf,0,,WSC2024/TD/50/es/WSC2024_TD50_es.pdf,https://api.worldskills.org/skillman/documents/1/skills/1708/pdf?l=es,queued,wsc-2024-lyon,
WSC2024,TD,50,3D Digital Game Art,,fi,WSC2024_TD50_fi.pdf,0,,WSC2024/TD/50/fi/WSC2024_TD50_fi.pdf,https://api.worldskills.org/skillman/documents/1/skills/1708/pdf?l=fi,queued,wsc-2024-lyon,
WSC2024,TD,50,3D Digital Game Art,,fr,WSC2024_TD50_fr.pdf,0,,WSC2024/TD/50/fr/WSC2024_TD50_fr.pdf,https://api.worldskills.org/skillman/documents/1/skills/1708/pdf?l=fr,queued,wsc-2024-lyon,
WSC2024,TD,50,3D Digital Game Art,,ja,WSC2024_TD50_ja.pdf,0,,WSC2024/TD/50/ja/WSC2024_TD50_ja.pdf,https://api.worldskills.org/skillman/documents/1/skills/1708/pdf?l=ja,queued,wsc-2024-lyon,
WSC2024,TD,50,3D Digital Game Art,,ko,WSC2024_TD50_ko.pdf,0,,WSC2024/TD/50/ko/WSC2024_TD50_ko.pdf,https://api.worldskills.org/skillman/documents/1/skills/1708/pdf?l=ko,queued,wsc-2024-lyon,
WSC2024,TD,50,3D Digital Game Art,,pt,WSC2024_TD50_pt.pdf,0,,WSC2024/TD/50/pt/WSC2024_TD50_pt.pdf,https://api.worldskills.org/skillman/documents/1/skills/1708/pdf?l=pt,queued,wsc-2024-lyon,
WSC2024,TD,50,3D Digital Game Art,,ru,WSC2024_TD50_ru.pdf,0,,WSC2024/TD/50/ru/WSC2024_TD50_ru.pdf,https://api.worldskills.org/skillman/documents/1/skills/1708/pdf?l=ru,queued,wsc-2024-lyon,
WSC2024,TD,50,3D Digital Game Art,,zh,WSC2024_TD50_zh.pdf,0,,WSC2024/TD/50/zh/WSC2024_TD50_zh.pdf,https://api.worldskills.org/skillman/documents/1/skills/1708/pdf?l=zh,queued,wsc-2024-lyon,
WSC2024,TD,51,Logistics and Freight Forwarding,,ar,WSC2024_TD51_ar.pdf,0,,WSC2024/TD/51/ar/WSC2024_TD51_ar.pdf,https://api.worldskills.org/skillman/documents/1/skills/1689/pdf?l=ar,queued,wsc-2024-lyon,
WSC2024,TD,51,Logistics and Freight Forwarding,,de,WSC2024_TD51_de.pdf,0,,WSC2024/TD/51/de/WSC2024_TD51_de.pdf,https://api.worldskills.org/skillman/documents/1/skills/1689/pdf?l=de,queued,wsc-2024-lyon,
WSC2024,TD,51,Logistics and Freight Forwarding,,en,WSC2024_TD51_en.pdf,0,,WSC2024/TD/51/en/WSC2024_TD51_en.pdf,https://api.worldskills.org/skillman/documents/1/skills/1689/pdf?l=en,queued,wsc-2024-lyon,
WSC2024,TD,51,Logistics and Freight Forwarding,,es,WSC2024_TD51_es.pdf,0,,WSC2024/TD/51/es/WSC2024_TD51_es.pdf,https://api.worldskills.org/skillman/documents/1/skills/1689/pdf?l=es,queued,wsc-2024-lyon,
WSC2024,TD,51,Logistics and Freight Forwarding,,fi,WSC2024_TD51_fi.pdf,0,,WSC2024/TD/51/fi/WSC2024_TD51_fi.pdf,https://api.worldskills.org/skillman/documents/1/skills/1689/pdf?l=fi,queued,wsc-2024-lyon,
WSC2024,TD,51,Logistics and Freight Forwarding,,fr,WSC2024_TD51_fr.pdf,0,,WSC2024/TD/51/fr/WSC2024_TD51_fr.pdf,https://api.worldskills.org/skillman/documents/1/skills/1689/pdf?l=fr,queued,wsc-2024-lyon,
WSC2024,TD,51,Logistics and Freight Forwarding,,ja,WSC2024_TD51_ja.pdf,0,,WSC2024/TD/51/ja/WSC2024_TD51_ja.pdf,https://api.worldskills.org/skillman/documents/1/skills/1689/pdf?l=ja,queued,wsc-2024-lyon,
WSC2024,TD,51,Logistics and Freight Forwarding,,ko,WSC2024_TD51_ko.pdf,0,,WSC2024/TD/51/ko/WSC2024_TD51_ko.pdf,https://api.worldskills.org/skillman/documents/1/skills/1689/pdf?l=ko,queued,wsc-2024-lyon,
WSC2024,TD,51,Logistics and Freight Forwarding,,pt,WSC2024_TD51_pt.pdf,0,,WSC2024/TD/51/pt/WSC2024_TD51_pt.pdf,https://api.worldskills.org/skillman/documents/1/skills/1689/pdf?l=pt,queued,wsc-2024-lyon,
WSC2024,TD,51,Logistics and Freight Forwarding,,ru,WSC2024_TD51_ru.pdf,0,,WSC2024/TD/51/ru/WSC2024_TD51_ru.pdf,https://api.worldskills.org/skillman/documents/1/skills/1689/pdf?l=ru,queued,wsc-2024-lyon,
WSC2024,TD,51,Logistics and Freight Forwarding,,zh,WSC2024_TD51_zh.pdf,0,,WSC2024/TD/51/zh/WSC2024_TD51_zh.pdf,https://api.worldskills.org/skillman/documents/1/skills/1689/pdf?l=zh,queued,wsc-2024-lyon,
WSC2024,TD,52,Chemical Laboratory Technology,,ar,WSC2024_TD52_ar.pdf,0,,WSC2024/TD/52/ar/WSC2024_TD52_ar.pdf,https://api.worldskills.org/skillman/documents/1/skills/1676/pdf?l=ar,queued,wsc-2024-lyon,
WSC2024,TD,52,Chemical Laboratory Technology,,de,WSC2024_TD52_de.pdf,0,,WSC2024/TD/52/de/WSC2024_TD52_de.pdf,https://api.worldskills.org/skillman/documents/1/skills/1676/pdf?l=de,queued,wsc-2024-lyon,
WSC2024,TD,52,Chemical Laboratory Technology,,en,WSC2024_TD52_en.pdf,0,,WSC2024/TD/52/en/WSC2024_TD52_en.pdf,https://api.worldskills.org/skillman/documents/1/skills/1676/pdf?l=en,queued,wsc-2024-lyon,
WSC2024,TD,52,Chemical Laboratory Technology,,es,WSC2024_TD52_es.pdf,0,,WSC2024/TD/52/es/WSC2024_TD52_es.pdf,https://api.worldskills.org/skillman/documents/1/skills/1676/pdf?l=es,queued,wsc-2024-lyon,
WSC2024,TD,52,Chemical Laboratory Technology,,fi,WSC2024_TD52_fi.pdf,0,,WSC2024/TD/52/fi/WSC2024_TD52_fi.pdf,https://api.worldskills.org/skillman/documents/1/skills/1676/pdf?l=fi,queued,wsc-2024-lyon,
WSC2024,TD,52,Chemical Laboratory Technology,,fr,WSC2024_TD52_fr.pdf,0,,WSC2024/TD/52/fr/WSC2024_TD52_fr.pdf,https://api.worldskills.org/skillman/documents/1/skills/1676/pdf?l=fr,queued,wsc-2024-lyon,
WSC2024,TD,52,Chemical Laboratory Technology,,ja,WSC2024_TD52_ja.pdf,0,,WSC2024/TD/52/ja/WSC2024_TD52_ja.pdf,https://api.worldskills.org/skillman/documents/1/skills/1676/pdf?l=ja,queued,wsc-2024-lyon,
WSC2024,TD,52,Chemical Laboratory Technology,,ko,WSC2024_TD52_ko.pdf,0,,WSC2024/TD/52/ko/WSC2024_TD52_ko.pdf,https://api.worldskills.org/skillman/documents/1/skills/1676/pdf?l=ko,queued,wsc-2024-lyon,
WSC2024,TD,52,Chemical Laboratory Technology,,pt,WSC2024_TD52_pt.pdf,0,,WSC2024/TD/52/pt/WSC2024_TD52_pt.pdf,https://api.worldskills.org/skillman/documents/1/skills/1676/pdf?l=pt,queued,wsc-2024-lyon,
WSC2024,TD,52,Chemical Laboratory Technology,,ru,WSC2024_TD52_ru.pdf,0,,WSC2024/TD/52/ru/WSC2024_TD52_ru.pdf,https://api.worldskills.org/skillman/documents/1/skills/1676/pdf?l=ru,queued,wsc-2024-lyon,
WSC2024,TD,52,Chemical Laboratory Technology,,zh,WSC2024_TD52_zh.pdf,0,,WSC2024/TD/52/zh/WSC2024_TD52_zh.pdf,https://api.worldskills.org/skillman/documents/1/skills/1676/pdf?l=zh,queued,wsc-2024-lyon,
WSC2024,TD,53,Cloud Computing,,ar,WSC2024_TD53_ar.pdf,0,,WSC2024/TD/53/ar/WSC2024_TD53_ar.pdf,https://api.worldskills.org/skillman/documents/1/skills/1706/pdf?l=ar,queued,wsc-2024-lyon,
WSC2024,TD,53,Cloud Computing,,de,WSC2024_TD53_de.pdf,0,,WSC2024/TD/53/de/WSC2024_TD53_de.pdf,https://api.worldskills.org/skillman/documents/1/skills/1706/pdf?l=de,queued,wsc-2024-lyon,
WSC2024,TD,53,Cloud Computing,,en,WSC2024_TD53_en.pdf,0,,WSC2024/TD/53/en/WSC2024_TD53_en.pdf,https://api.worldskills.org/skillman/documents/1/skills/1706/pdf?l=en,queued,wsc-2024-lyon,
WSC2024,TD,53,Cloud Computing,,es,WSC2024_TD53_es.pdf,0,,WSC2024/TD/53/es/WSC2024_TD53_es.pdf,https://api.worldskills.org/skillman/documents/1/skills/1706/pdf?l=es,queued,wsc-2024-lyon,
WSC2024,TD,53,Cloud Computing,,fi,WSC2024_TD53_fi.pdf,0,,WSC2024/TD/53/fi/WSC2024_TD53_fi.pdf,https://api.worldskills.org/skillman/documents/1/skills/1706/pdf?l=fi,queued,wsc-2024-lyon,
WSC2024,TD,53,Cloud Computing,,fr,WSC2024_TD53_fr.pdf,0,,WSC2024/TD/53/fr/WSC2024_TD53_fr.pdf,https://api.worldskills.org/skillman/documents/1/skills/1706/pdf?l=fr,queued,wsc-2024-lyon,
WSC2024,TD,53,Cloud Computing,,ja,WSC2024_TD53_ja.pdf,0,,WSC2024/TD/53/ja/WSC2024_TD53_ja.pdf,https://api.worldskills.org/skillman/documents/1/skills/1706/pdf?l=ja,queued,wsc-2024-lyon,
WSC2024,TD,53,Cloud Computing,,ko,WSC2024_TD53_ko.pdf,0,,WSC2024/TD/53/ko/WSC2024_TD53_ko.pdf,https://api.worldskills.org/skillman/documents/1/skills/1706/pdf?l=ko,queued,wsc-2024-lyon,
WSC2024,TD,53,Cloud Computing,,pt,WSC2024_TD53_pt.pdf,0,,WSC2024/TD/53/pt/WSC2024_TD53_pt.pdf,https://api.worldskills.org/skillman/documents/1/skills/1706/pdf?l=pt,queued,wsc-2024-lyon,
WSC2024,TD,53,Cloud Computing,,ru,WSC2024_TD53_ru.pdf,0,,WSC2024/TD/53/ru/WSC2024_TD53_ru.pdf,https://api.worldskills.org/skillman/documents/1/skills/1706/pdf?l=ru,queued,wsc-2024-lyon,
WSC2024,TD,53,Cloud Computing,,zh,WSC2024_TD53_zh.pdf,0,,WSC2024/TD/53/zh/WSC2024_TD53_zh.pdf,https://api.worldskills.org/skillman/documents/1/skills/1706/pdf?l=zh,queued,wsc-2024-lyon,
WSC2024,TD,54,Cyber Security,,ar,WSC2024_TD54_ar.pdf,0,,WSC2024/TD/54/ar/WSC2024_TD54_ar.pdf,https://api.worldskills.org/skillman/documents/1/skills/1678/pdf?l=ar,queued,wsc-2024-lyon,
WSC2024,TD,54,Cyber Security,,de,WSC2024_TD54_de.pdf,0,,WSC2024/TD/54/de/WSC2024_TD54_de.pdf,https://api.worldskills.org/skillman/documents/1/skills/1678/pdf?l=de,queued,wsc-2024-lyon,
WSC2024,TD,54,Cyber Security,,en,WSC2024_TD54_en.pdf,0,,WSC2024/TD/54/en/WSC2024_TD54_en.pdf,https://api.worldskills.org/skillman/documents/1/skills/1678/pdf?l=en,queued,wsc-2024-lyon,
WSC2024,TD,54,Cyber Security,,es,WSC2024_TD54_es.pdf,0,,WSC2024/TD/54/es/WSC2024_TD54_es.pdf,https://api.worldskills.org/skillman/documents/1/skills/1678/pdf?l=es,queued,wsc-2024-lyon,
WSC2024,TD,54,Cyber Security,,fi,WSC2024_TD54_fi.pdf,0,,WSC2024/TD/54/fi/WSC2024_TD54_fi.pdf,https://api.worldskills.org/skillman/documents/1/skills/1678/pdf?l=fi,queued,wsc-2024-lyon,
WSC2024,TD,54,Cyber Security,,fr,WSC2024_TD54_fr.pdf,0,,WSC2024/TD/54/fr/WSC2024_TD54_fr.pdf,https://api.worldskills.org/skillman/documents/1/skills/1678/pdf?l=fr,queued,wsc-2024-lyon,
WSC2024,TD,54,Cyber Security,,ja,WSC2024_TD54_ja.pdf,0,,WSC2024/TD/54/ja/WSC2024_TD54_ja.pdf,https://api.worldskills.org/skillman/documents/1/skills/1678/pdf?l=ja,queued,wsc-2024-lyon,
WSC2024,TD,54,Cyber Security,,ko,WSC2024_TD54_ko.pdf,0,,WSC2024/TD/54/ko/WSC2024_TD54_ko.pdf,https://api.worldskills.org/skillman/documents/1/skills/1678/pdf?l=ko,queued,wsc-2024-lyon,
WSC2024,TD,54,Cyber Security,,pt,WSC2024_TD54_pt.pdf,0,,WSC2024/TD/54/pt/WSC2024_TD54_pt.pdf,https://api.worldskills.org/skillman/documents/1/skills/1678/pdf?l=pt,queued,wsc-2024-lyon,
WSC2024,TD,54,Cyber Security,,ru,WSC2024_TD54_ru.pdf,0,,WSC2024/TD/54/ru/WSC2024_TD54_ru.pdf,https://api.worldskills.org/skillman/documents/1/skills/1678/pdf?l=ru,queued,wsc-2024-lyon,
WSC2024,TD,54,Cyber Security,,zh,WSC2024_TD54_zh.pdf,0,,WSC2024/TD/54/zh/WSC2024_TD54_zh.pdf,https://api.worldskills.org/skillman/documents/1/skills/1678/pdf?l=zh,queued,wsc-2024-lyon,
WSC2024,TD,55,Water Technology,,ar,WSC2024_TD55_ar.pdf,0,,WSC2024/TD/55/ar/WSC2024_TD55_ar.pdf,https://api.worldskills.org/skillman/documents/1/skills/1707/pdf?l=ar,queued,wsc-2024-lyon,
WSC2024,TD,55,Water Technology,,de,WSC2024_TD55_de.pdf,0,,WSC2024/TD/55/de/WSC2024_TD55_de.pdf,https://api.worldskills.org/skillman/documents/1/skills/1707/pdf?l=de,queued,wsc-2024-lyon,
WSC2024,TD,55,Water Technology,,en,WSC2024_TD55_en.pdf,0,,WSC2024/TD/55/en/WSC2024_TD55_en.pdf,https://api.worldskills.org/skillman/documents/1/skills/1707/pdf?l=en,queued,wsc-2024-lyon,
WSC2024,TD,55,Water Technology,,es,WSC2024_TD55_es.pdf,0,,WSC2024/TD/55/es/WSC2024_TD55_es.pdf,https://api.worldskills.org/skillman/documents/1/skills/1707/pdf?l=es,queued,wsc-2024-lyon,
WSC2024,TD,55,Water Technology,,fi,WSC2024_TD55_fi.pdf,0,,WSC2024/TD/55/fi/WSC2024_TD55_fi.pdf,https://api.worldskills.org/skillman/documents/1/skills/1707/pdf?l=fi,queued,wsc-2024-lyon,
WSC2024,TD,55,Water Technology,,fr,WSC2024_TD55_fr.pdf,0,,WSC2024/TD/55/fr/WSC2024_TD55_fr.pdf,https://api.worldskills.org/skillman/documents/1/skills/1707/pdf?l=fr,queued,wsc-2024-lyon,
WSC2024,TD,55,Water Technology,,ja,WSC2024_TD55_ja.pdf,0,,WSC2024/TD/55/ja/WSC2024_TD55_ja.pdf,https://api.worldskills.org/skillman/documents/1/skills/1707/pdf?l=ja,queued,wsc-2024-lyon,
WSC2024,TD,55,Water Technology,,ko,WSC2024_TD55_ko.pdf,0,,WSC2024/TD/55/ko/WSC2024_TD55_ko.pdf,https://api.worldskills.org/skillman/documents/1/skills/1707/pdf?l=ko,queued,wsc-2024-lyon,
WSC2024,TD,55,Water Technology,,pt,WSC2024_TD55_pt.pdf,0,,WSC2024/TD/55/pt/WSC2024_TD55_pt.pdf,https://api.worldskills.org/skillman/documents/1/skills/1707/pdf?l=pt,queued,wsc-2024-lyon,
WSC2024,TD,55,Water Technology,,ru,WSC2024_TD55_ru.pdf,0,,WSC2024/TD/55/ru/WSC2024_TD55_ru.pdf,https://api.worldskills.org/skillman/documents/1/skills/1707/pdf?l=ru,queued,wsc-2024-lyon,
WSC2024,TD,55,Water Technology,,zh,WSC2024_TD55_zh.pdf,0,,WSC2024/TD/55/zh/WSC2024_TD55_zh.pdf,https://api.worldskills.org/skillman/documents/1/skills/1707/pdf?l=zh,queued,wsc-2024-lyon,
WSC2024,TD,56,Hotel Reception,,ar,WSC2024_TD56_ar.pdf,0,,WSC2024/TD/56/ar/WSC2024_TD56_ar.pdf,https://api.worldskills.org/skillman/documents/1/skills/1666/pdf?l=ar,queued,wsc-2024-lyon,
WSC2024,TD,56,Hotel Reception,,de,WSC2024_TD56_de.pdf,0,,WSC2024/TD/56/de/WSC2024_TD56_de.pdf,https://api.worldskills.org/skillman/documents/1/skills/1666/pdf?l=de,queued,wsc-2024-lyon,
WSC2024,TD,56,Hotel Reception,,en,WSC2024_TD56_en.pdf,0,,WSC2024/TD/56/en/WSC2024_TD56_en.pdf,https://api.worldskills.org/skillman/documents/1/skills/1666/pdf?l=en,queued,wsc-2024-lyon,
WSC2024,TD,56,Hotel Reception,,es,WSC2024_TD56_es.pdf,0,,WSC2024/TD/56/es/WSC2024_TD56_es.pdf,https://api.worldskills.org/skillman/documents/1/skills/1666/pdf?l=es,queued,wsc-2024-lyon,
WSC2024,TD,56,Hotel Reception,,fi,WSC2024_TD56_fi.pdf,0,,WSC2024/TD/56/fi/WSC2024_TD56_fi.pdf,https://api.worldskills.org/skillman/documents/1/skills/1666/pdf?l=fi,queued,wsc-2024-lyon,
WSC2024,TD,56,Hotel Reception,,fr,WSC2024_TD56_fr.pdf,0,,WSC2024/TD/56/fr/WSC2024_TD56_fr.pdf,https://api.worldskills.org/skillman/documents/1/skills/1666/pdf?l=fr,queued,wsc-2024-lyon,
WSC2024,TD,56,Hotel Reception,,ja,WSC2024_TD56_ja.pdf,0,,WSC2024/TD/56/ja/WSC2024_TD56_ja.pdf,https://api.worldskills.org/skillman/documents/1/skills/1666/pdf?l=ja,queued,wsc-2024-lyon,
WSC2024,TD,56,Hotel Reception,,ko,WSC2024_TD56_ko.pdf,0,,WSC2024/TD/56/ko/WSC2024_TD56_ko.pdf,https://api.worldskills.org/skillman/documents/1/skills/1666/pdf?l=ko,queued,wsc-2024-lyon,
WSC2024,TD,56,Hotel Reception,,pt,WSC2024_TD56_pt.pdf,0,,WSC2024/TD/56/pt/WSC2024_TD56_pt.pdf,https://api.worldskills.org/skillman/documents/1/skills/1666/pdf?l=pt,queued,wsc-2024-lyon,
WSC2024,TD,56,Hotel Reception,,ru,WSC2024_TD56_ru.pdf,0,,WSC2024/TD/56/ru/WSC2024_TD56_ru.pdf,https://api.worldskills.org/skillman/documents/1/skills/1666/pdf?l=ru,queued,wsc-2024-lyon,
WSC2024,TD,56,Hotel Reception,,zh,WSC2024_TD56_zh.pdf,0,,WSC2024/TD/56/zh/WSC2024_TD56_zh.pdf,https://api.worldskills.org/skillman/documents/1/skills/1666/pdf?l=zh,queued,wsc-2024-lyon,
WSC2024,TD,57,Additive Manufacturing,,ar,WSC2024_TD57_ar.pdf,0,,WSC2024/TD/57/ar/WSC2024_TD57_ar.pdf,https://api.worldskills.org/skillman/documents/1/skills/1700/pdf?l=ar,queued,wsc-2024-lyon,
WSC2024,TD,57,Additive Manufacturing,,de,WSC2024_TD57_de.pdf,0,,WSC2024/TD/57/de/WSC2024_TD57_de.pdf,https://api.worldskills.org/skillman/documents/1/skills/1700/pdf?l=de,queued,wsc-2024-lyon,
WSC2024,TD,57,Additive Manufacturing,,en,WSC2024_TD57_en.pdf,0,,WSC2024/TD/57/en/WSC2024_TD57_en.pdf,https://api.worldskills.org/skillman/documents/1/skills/1700/pdf?l=en,queued,wsc-2024-lyon,
WSC2024,TD,57,Additive Manufacturing,,es,WSC2024_TD57_es.pdf,0,,WSC2024/TD/57/es/WSC2024_TD57_es.pdf,https://api.worldskills.org/skillman/documents/1/skills/1700/pdf?l=es,queued,wsc-2024-lyon,
WSC2024,TD,57,Additive Manufacturing,,fi,WSC2024_TD57_fi.pdf,0,,WSC2024/TD/57/fi/WSC2024_TD57_fi.pdf,https://api.worldskills.org/skillman/documents/1/skills/1700/pdf?l=fi,queued,wsc-2024-lyon,
WSC2024,TD,57,Additive Manufacturing,,fr,WSC2024_TD57_fr.pdf,0,,WSC2024/TD/57/fr/WSC2024_TD57_fr.pdf,https://api.worldskills.org/skillman/documents/1/skills/1700/pdf?l=fr,queued,wsc-2024-lyon,
WSC2024,TD,57,Additive Manufacturing,,ja,WSC2024_TD57_ja.pdf,0,,WSC2024/TD/57/ja/WSC2024_TD57_ja.pdf,https://api.worldskills.org/skillman/documents/1/skills/1700/pdf?l=ja,queued,wsc-2024-lyon,
WSC2024,TD,57,Additive Manufacturing,,ko,WSC2024_TD57_ko.pdf,0,,WSC2024/TD/57/ko/WSC2024_TD57_ko.pdf,https://api.worldskills.org/skillman/documents/1/skills/1700/pdf?l=ko,queued,wsc-2024-lyon,
WSC2024,TD,57,Additive Manufacturing,,pt,WSC2024_TD57_pt.pdf,0,,WSC2024/TD/57/pt/WSC2024_TD57_pt.pdf,https://api.worldskills.org/skillman/documents/1/skills/1700/pdf?l=pt,queued,wsc-2024-lyon,
WSC2024,TD,57,Additive Manufacturing,,ru,WSC2024_TD57_ru.pdf,0,,WSC2024/TD/57/ru/WSC2024_TD57_ru.pdf,https://api.worldskills.org/skillman/documents/1/skills/1700/pdf?l=ru,queued,wsc-2024-lyon,
WSC2024,TD,57,Additive Manufacturing,,zh,WSC2024_TD57_zh.pdf,0,,WSC2024/TD/57/zh/WSC2024_TD57_zh.pdf,https://api.worldskills.org/skillman/documents/1/skills/1700/pdf?l=zh,queued,wsc-2024-lyon,
WSC2024,TD,58,Digital Construction,,ar,WSC2024_TD58_ar.pdf,0,,WSC2024/TD/58/ar/WSC2024_TD58_ar.pdf,https://api.worldskills.org/skillman/documents/1/skills/1714/pdf?l=ar,queued,wsc-2024-lyon,
WSC2024,TD,58,Digital Construction,,de,WSC2024_TD58_de.pdf,0,,WSC2024/TD/58/de/WSC2024_TD58_de.pdf,https://api.worldskills.org/skillman/documents/1/skills/1714/pdf?l=de,queued,wsc-2024-lyon,
WSC2024,TD,58,Digital Construction,,en,WSC2024_TD58_en.pdf,0,,WSC2024/TD/58/en/WSC2024_TD58_en.pdf,https://api.worldskills.org/skillman/documents/1/skills/1714/pdf?l=en,queued,wsc-2024-lyon,
WSC2024,TD,58,Digital Construction,,es,WSC2024_TD58_es.pdf,0,,WSC2024/TD/58/es/WSC2024_TD58_es.pdf,https://api.worldskills.org/skillman/documents/1/skills/1714/pdf?l=es,queued,wsc-2024-lyon,
WSC2024,TD,58,Digital Construction,,fi,WSC2024_TD58_fi.pdf,0,,WSC2024/TD/58/fi/WSC2024_TD58_fi.pdf,https://api.worldskills.org/skillman/documents/1/skills/1714/pdf?l=fi,queued,wsc-2024-lyon,
WSC2024,TD,58,Digital Construction,,fr,WSC2024_TD58_fr.pdf,0,,WSC2024/TD/58/fr/WSC2024_TD58_fr.pdf,https://api.worldskills.org/skillman/documents/1/skills/1714/pdf?l=fr,queued,wsc-2024-lyon,
WSC2024,TD,58,Digital Construction,,ja,WSC2024_TD58_ja.pdf,0,,WSC2024/TD/58/ja/WSC2024_TD58_ja.pdf,https://api.worldskills.org/skillman/documents/1/skills/1714/pdf?l=ja,queued,wsc-2024-lyon,
WSC2024,TD,58,Digital Construction,,ko,WSC2024_TD58_ko.pdf,0,,WSC2024/TD/58/ko/WSC2024_TD58_ko.pdf,https://api.worldskills.org/skillman/documents/1/skills/1714/pdf?l=ko,queued,wsc-2024-lyon,
WSC2024,TD,58,Digital Construction,,pt,WSC2024_TD58_pt.pdf,0,,WSC2024/TD/58/pt/WSC2024_TD58_pt.pdf,https://api.worldskills.org/skillman/documents/1/skills/1714/pdf?l=pt,queued,wsc-2024-lyon,
WSC2024,TD,58,Digital Construction,,ru,WSC2024_TD58_ru.pdf,0,,WSC2024/TD/58/ru/WSC2024_TD58_ru.pdf,https://api.worldskills.org/skillman/documents/1/skills/1714/pdf?l=ru,queued,wsc-2024-lyon,
WSC2024,TD,58,Digital Construction,,zh,WSC2024_TD58_zh.pdf,0,,WSC2024/TD/58/zh/WSC2024_TD58_zh.pdf,https://api.worldskills.org/skillman/documents/1/skills/1714/pdf?l=zh,queued,wsc-2024-lyon,
WSC2024,TD,59,Industrial Design Technology,,ar,WSC2024_TD59_ar.pdf,0,,WSC2024/TD/59/ar/WSC2024_TD59_ar.pdf,https://api.worldskills.org/skillman/documents/1/skills/1705/pdf?l=ar,queued,wsc-2024-lyon,
WSC2024,TD,59,Industrial Design Technology,,de,WSC2024_TD59_de.pdf,0,,WSC2024/TD/59/de/WSC2024_TD59_de.pdf,https://api.worldskills.org/skillman/documents/1/skills/1705/pdf?l=de,queued,wsc-2024-lyon,
WSC2024,TD,59,Industrial Design Technology,,en,WSC2024_TD59_en.pdf,0,,WSC2024/TD/59/en/WSC2024_TD59_en.pdf,https://api.worldskills.org/skillman/documents/1/skills/1705/pdf?l=en,queued,wsc-2024-lyon,
WSC2024,TD,59,Industrial Design Technology,,es,WSC2024_TD59_es.pdf,0,,WSC2024/TD/59/es/WSC2024_TD59_es.pdf,https://api.worldskills.org/skillman/documents/1/skills/1705/pdf?l=es,queued,wsc-2024-lyon,
WSC2024,TD,59,Industrial Design Technology,,fi,WSC2024_TD59_fi.pdf,0,,WSC2024/TD/59/fi/WSC2024_TD59_fi.pdf,https://api.worldskills.org/skillman/documents/1/skills/1705/pdf?l=fi,queued,wsc-2024-lyon,
WSC2024,TD,59,Industrial Design Technology,,fr,WSC2024_TD59_fr.pdf,0,,WSC2024/TD/59/fr/WSC2024_TD59_fr.pdf,https://api.worldskills.org/skillman/documents/1/skills/1705/pdf?l=fr,queued,wsc-2024-lyon,
WSC2024,TD,59,Industrial Design Technology,,ja,WSC2024_TD59_ja.pdf,0,,WSC2024/TD/59/ja/WSC2024_TD59_ja.pdf,https://api.worldskills.org/skillman/documents/1/skills/1705/pdf?l=ja,queued,wsc-2024-lyon,
WSC2024,TD,59,Industrial Design Technology,,ko,WSC2024_TD59_ko.pdf,0,,WSC2024/TD/59/ko/WSC2024_TD59_ko.pdf,https://api.worldskills.org/skillman/documents/1/skills/1705/pdf?l=ko,queued,wsc-2024-lyon,
WSC2024,TD,59,Industrial Design Technology,,pt,WSC2024_TD59_pt.pdf,0,,WSC2024/TD/59/pt/WSC2024_TD59_pt.pdf,https://api.worldskills.org/skillman/documents/1/skills/1705/pdf?l=pt,queued,wsc-2024-lyon,
WSC2024,TD,59,Industrial Design Technology,,ru,WSC2024_TD59_ru.pdf,0,,WSC2024/TD/59/ru/WSC2024_TD59_ru.pdf,https://api.worldskills.org/skillman/documents/1/skills/1705/pdf?l=ru,queued,wsc-2024-lyon,
WSC2024,TD,59,Industrial Design Technology,,zh,WSC2024_TD59_zh.pdf,0,,WSC2024/TD/59/zh/WSC2024_TD59_zh.pdf,https://api.worldskills.org/skillman/documents/1/skills/1705/pdf?l=zh,queued,wsc-2024-lyon,
WSC2024,TD,60,Optoelectronic Technology,,ar,WSC2024_TD60_ar.pdf,0,,WSC2024/TD/60/ar/WSC2024_TD60_ar.pdf,https://api.worldskills.org/skillman/documents/1/skills/1702/pdf?l=ar,queued,wsc-2024-lyon,
WSC2024,TD,60,Optoelectronic Technology,,de,WSC2024_TD60_de.pdf,0,,WSC2024/TD/60/de/WSC2024_TD60_de.pdf,https://api.worldskills.org/skillman/documents/1/skills/1702/pdf?l=de,queued,wsc-2024-lyon,
WSC2024,TD,60,Optoelectronic Technology,,en,WSC2024_TD60_en.pdf,0,,WSC2024/TD/60/en/WSC2024_TD60_en.pdf,https://api.worldskills.org/skillman/documents/1/skills/1702/pdf?l=en,queued,wsc-2024-lyon,
WSC2024,TD,60,Optoelectronic Technology,,es,WSC2024_TD60_es.pdf,0,,WSC2024/TD/60/es/WSC2024_TD60_es.pdf,https://api.worldskills.org/skillman/documents/1/skills/1702/pdf?l=es,queued,wsc-2024-lyon,
WSC2024,TD,60,Optoelectronic Technology,,fi,WSC2024_TD60_fi.pdf,0,,WSC2024/TD/60/fi/WSC2024_TD60_fi.pdf,https://api.worldskills.org/skillman/documents/1/skills/1702/pdf?l=fi,queued,wsc-2024-lyon,
WSC2024,TD,60,Optoelectronic Technology,,fr,WSC2024_TD60_fr.pdf,0,,WSC2024/TD/60/fr/WSC2024_TD60_fr.pdf,https://api.worldskills.org/skillman/documents/1/skills/1702/pdf?l=fr,queued,wsc-2024-lyon,
WSC2024,TD,60,Optoelectronic Technology,,ja,WSC2024_TD60_ja.pdf,0,,WSC2024/TD/60/ja/WSC2024_TD60_ja.pdf,https://api.worldskills.org/skillman/documents/1/skills/1702/pdf?l=ja,queued,wsc-2024-lyon,
WSC2024,TD,60,Optoelectronic Technology,,ko,WSC2024_TD60_ko.pdf,0,,WSC2024/TD/60/ko/WSC2024_TD60_ko.pdf,https://api.worldskills.org/skillman/documents/1/skills/1702/pdf?l=ko,queued,wsc-2024-lyon,
WSC2024,TD,60,Optoelectronic Technology,,pt,WSC2024_TD60_pt.pdf,0,,WSC2024/TD/60/pt/WSC2024_TD60_pt.pdf,https://api.worldskills.org/skillman/documents/1/skills/1702/pdf?l=pt,queued,wsc-2024-lyon,
WSC2024,TD,60,Optoelectronic Technology,,ru,WSC2024_TD60_ru.pdf,0,,WSC2024/TD/60/ru/WSC2024_TD60_ru.pdf,https://api.worldskills.org/skillman/documents/1/skills/1702/pdf?l=ru,queued,wsc-2024-lyon,
WSC2024,TD,60,Optoelectronic Technology,,zh,WSC2024_TD60_zh.pdf,0,,WSC2024/TD/60/zh/WSC2024_TD60_zh.pdf,https://api.worldskills.org/skillman/documents/1/skills/1702/pdf?l=zh,queued,wsc-2024-lyon,
WSC2024,TD,62,Renewable Energy,,ar,WSC2024_TD62_ar.pdf,0,,WSC2024/TD/62/ar/WSC2024_TD62_ar.pdf,https://api.worldskills.org/skillman/documents/1/skills/1709/pdf?l=ar,queued,wsc-2024-lyon,
WSC2024,TD,62,Renewable Energy,,de,WSC2024_TD62_de.pdf,0,,WSC2024/TD/62/de/WSC2024_TD62_de.pdf,https://api.worldskills.org/skillman/documents/1/skills/1709/pdf?l=de,queued,wsc-2024-lyon,
WSC2024,TD,62,Renewable Energy,,en,WSC2024_TD62_en.pdf,0,,WSC2024/TD/62/en/WSC2024_TD62_en.pdf,https://api.worldskills.org/skillman/documents/1/skills/1709/pdf?l=en,queued,wsc-2024-lyon,
WSC2024,TD,62,Renewable Energy,,es,WSC2024_TD62_es.pdf,0,,WSC2024/TD/62/es/WSC2024_TD62_es.pdf,https://api.worldskills.org/skillman/documents/1/skills/1709/pdf?l=es,queued,wsc-2024-lyon,
WSC2024,TD,62,Renewable Energy,,fi,WSC2024_TD62_fi.pdf,0,,WSC2024/TD/62/fi/WSC2024_TD62_fi.pdf,https://api.worldskills.org/skillman/documents/1/skills/1709/pdf?l=fi,queued,wsc-2024-lyon,
WSC2024,TD,62,Renewable Energy,,fr,WSC2024_TD62_fr.pdf,0,,WSC2024/TD/62/fr/WSC2024_TD62_fr.pdf,https://api.worldskills.org/skillman/documents/1/skills/1709/pdf?l=fr,queued,wsc-2024-lyon,
WSC2024,TD,62,Renewable Energy,,ja,WSC2024_TD62_ja.pdf,0,,WSC2024/TD/62/ja/WSC2024_TD62_ja.pdf,https://api.worldskills.org/skillman/documents/1/skills/1709/pdf?l=ja,queued,wsc-2024-lyon,
WSC2024,TD,62,Renewable Energy,,ko,WSC2024_TD62_ko.pdf,0,,WSC2024/TD/62/ko/WSC2024_TD62_ko.pdf,https://api.worldskills.org/skillman/documents/1/skills/1709/pdf?l=ko,queued,wsc-2024-lyon,
WSC2024,TD,62,Renewable Energy,,pt,WSC2024_TD62_pt.pdf,0,,WSC2024/TD/62/pt/WSC2024_TD62_pt.pdf,https://api.worldskills.org/skillman/documents/1/skills/1709/pdf?l=pt,queued,wsc-2024-lyon,
WSC2024,TD,62,Renewable Energy,,ru,WSC2024_TD62_ru.pdf,0,,WSC2024/TD/62/ru/WSC2024_TD62_ru.pdf,https://api.worldskills.org/skillman/documents/1/skills/1709/pdf?l=ru,queued,wsc-2024-lyon,
WSC2024,TD,62,Renewable Energy,,zh,WSC2024_TD62_zh.pdf,0,,WSC2024/TD/62/zh/WSC2024_TD62_zh.pdf,https://api.worldskills.org/skillman/documents/1/skills/1709/pdf?l=zh,queued,wsc-2024-lyon,
WSC2024,TD,63,Robot Systems Integration,,ar,WSC2024_TD63_ar.pdf,0,,WSC2024/TD/63/ar/WSC2024_TD63_ar.pdf,https://api.worldskills.org/skillman/documents/1/skills/1657/pdf?l=ar,queued,wsc-2024-lyon,
WSC2024,TD,63,Robot Systems Integration,,de,WSC2024_TD63_de.pdf,0,,WSC2024/TD/63/de/WSC2024_TD63_de.pdf,https://api.worldskills.org/skillman/documents/1/skills/1657/pdf?l=de,queued,wsc-2024-lyon,
WSC2024,TD,63,Robot Systems Integration,,en,WSC2024_TD63_en.pdf,0,,WSC2024/TD/63/en/WSC2024_TD63_en.pdf,https://api.worldskills.org/skillman/documents/1/skills/1657/pdf?l=en,queued,wsc-2024-lyon,
WSC2024,TD,63,Robot Systems Integration,,es,WSC2024_TD63_es.pdf,0,,WSC2024/TD/63/es/WSC2024_TD63_es.pdf,https://api.worldskills.org/skillman/documents/1/skills/1657/pdf?l=es,queued,wsc-2024-lyon,
WSC2024,TD,63,Robot Systems Integration,,fi,WSC2024_TD63_fi.pdf,0,,WSC2024/TD/63/fi/WSC2024_TD63_fi.pdf,https://api.worldskills.org/skillman/documents/1/skills/1657/pdf?l=fi,queued,wsc-2024-lyon,
WSC2024,TD,63,Robot Systems Integration,,fr,WSC2024_TD63_fr.pdf,0,,WSC2024/TD/63/fr/WSC2024_TD63_fr.pdf,https://api.worldskills.org/skillman/documents/1/skills/1657/pdf?l=fr,queued,wsc-2024-lyon,
WSC2024,TD,63,Robot Systems Integration,,ja,WSC2024_TD63_ja.pdf,0,,WSC2024/TD/63/ja/WSC2024_TD63_ja.pdf,https://api.worldskills.org/skillman/documents/1/skills/1657/pdf?l=ja,queued,wsc-2024-lyon,
WSC2024,TD,63,Robot Systems Integration,,ko,WSC2024_TD63_ko.pdf,0,,WSC2024/TD/63/ko/WSC2024_TD63_ko.pdf,https://api.worldskills.org/skillman/documents/1/skills/1657/pdf?l=ko,queued,wsc-2024-lyon,
WSC2024,TD,63,Robot Systems Integration,,pt,WSC2024_TD63_pt.pdf,0,,WSC2024/TD/63/pt/WSC2024_TD63_pt.pdf,https://api.worldskills.org/skillman/documents/1/skills/1657/pdf?l=pt,queued,wsc-2024-lyon,
WSC2024,TD,63,Robot Systems Integration,,ru,WSC2024_TD63_ru.pdf,0,,WSC2024/TD/63/ru/WSC2024_TD63_ru.pdf,https://api.worldskills.org/skillman/documents/1/skills/1657/pdf?l=ru,queued,wsc-2024-lyon,
WSC2024,TD,63,Robot Systems Integration,,zh,WSC2024_TD63_zh.pdf,0,,WSC2024/TD/63/zh/WSC2024_TD63_zh.pdf,https://api.worldskills.org/skillman/documents/1/skills/1657/pdf?l=zh,queued,wsc-2024-lyon,
WSC2024,TD,E01,Stonemasonry,,ar,WSC2024_TDE01_ar.pdf,0,,WSC2024/TD/E01/ar/WSC2024_TDE01_ar.pdf,https://api.worldskills.org/skillman/documents/1/skills/1719/pdf?l=ar,queued,wsc-2024-lyon,
WSC2024,TD,E01,Stonemasonry,,de,WSC2024_TDE01_de.pdf,0,,WSC2024/TD/E01/de/WSC2024_TDE01_de.pdf,https://api.worldskills.org/skillman/documents/1/skills/1719/pdf?l=de,queued,wsc-2024-lyon,
WSC2024,TD,E01,Stonemasonry,,en,WSC2024_TDE01_en.pdf,0,,WSC2024/TD/E01/en/WSC2024_TDE01_en.pdf,https://api.worldskills.org/skillman/documents/1/skills/1719/pdf?l=en,queued,wsc-2024-lyon,
WSC2024,TD,E01,Stonemasonry,,es,WSC2024_TDE01_es.pdf,0,,WSC2024/TD/E01/es/WSC2024_TDE01_es.pdf,https://api.worldskills.org/skillman/documents/1/skills/1719/pdf?l=es,queued,wsc-2024-lyon,
WSC2024,TD,E01,Stonemasonry,,fi,WSC2024_TDE01_fi.pdf,0,,WSC2024/TD/E01/fi/WSC2024_TDE01_fi.pdf,https://api.worldskills.org/skillman/documents/1/skills/1719/pdf?l=fi,queued,wsc-2024-lyon,
WSC2024,TD,E01,Stonemasonry,,fr,WSC2024_TDE01_fr.pdf,0,,WSC2024/TD/E01/fr/WSC2024_TDE01_fr.pdf,https://api.worldskills.org/skillman/documents/1/skills/1719/pdf?l=fr,queued,wsc-2024-lyon,
WSC2024,TD,E01,Stonemasonry,,ja,WSC2024_TDE01_ja.pdf,0,,WSC2024/TD/E01/ja/WSC2024_TDE01_ja.pdf,https://api.worldskills.org/skillman/documents/1/skills/1719/pdf?l=ja,queued,wsc-2024-lyon,
WSC2024,TD,E01,Stonemasonry,,ko,WSC2024_TDE01_ko.pdf,0,,WSC2024/TD/E01/ko/WSC2024_TDE01_ko.pdf,https://api.worldskills.org/skillman/documents/1/skills/1719/pdf?l=ko,queued,wsc-2024-lyon,
WSC2024,TD,E01,Stonemasonry,,pt,WSC2024_TDE01_pt.pdf,0,,WSC2024/TD/E01/pt/WSC2024_TDE01_pt.pdf,https://api.worldskills.org/skillman/documents/1/skills/1719/pdf?l=pt,queued,wsc-2024-lyon,
WSC2024,TD,E01,Stonemasonry,,ru,WSC2024_TDE01_ru.pdf,0,,WSC2024/TD/E01/ru/WSC2024_TDE01_ru.pdf,https://api.worldskills.org/skillman/documents/1/skills/1719/pdf?l=ru,queued,wsc-2024-lyon,
WSC2024,TD,E01,Stonemasonry,,zh,WSC2024_TDE01_zh.pdf,0,,WSC2024/TD/E01/zh/WSC2024_TDE01_zh.pdf,https://api.worldskills.org/skillman/documents/1/skills/1719/pdf?l=zh,queued,wsc-2024-lyon,
WSC2024,TD,E02,Heavy Truck Maintenance,,ar,WSC2024_TDE02_ar.pdf,0,,WSC2024/TD/E02/ar/WSC2024_TDE02_ar.pdf,https://api.worldskills.org/skillman/documents/1/skills/1835/pdf?l=ar,queued,wsc-2024-lyon,
WSC2024,TD,E02,Heavy Truck Maintenance,,de,WSC2024_TDE02_de.pdf,0,,WSC2024/TD/E02/de/WSC2024_TDE02_de.pdf,https://api.worldskills.org/skillman/documents/1/skills/1835/pdf?l=de,queued,wsc-2024-lyon,
WSC2024,TD,E02,Heavy Truck Maintenance,,en,WSC2024_TDE02_en.pdf,0,,WSC2024/TD/E02/en/WSC2024_TDE02_en.pdf,https://api.worldskills.org/skillman/documents/1/skills/1835/pdf?l=en,queued,wsc-2024-lyon,
WSC2024,TD,E02,Heavy Truck Maintenance,,es,WSC2024_TDE02_es.pdf,0,,WSC2024/TD/E02/es/WSC2024_TDE02_es.pdf,https://api.worldskills.org/skillman/documents/1/skills/1835/pdf?l=es,queued,wsc-2024-lyon,
WSC2024,TD,E02,Heavy Truck Maintenance,,fi,WSC2024_TDE02_fi.pdf,0,,WSC2024/TD/E02/fi/WSC2024_TDE02_fi.pdf,https://api.worldskills.org/skillman/documents/1/skills/1835/pdf?l=fi,queued,wsc-2024-lyon,
WSC2024,TD,E02,Heavy Truck Maintenance,,fr,WSC2024_TDE02_fr.pdf,0,,WSC2024/TD/E02/fr/WSC2024_TDE02_fr.pdf,https://api.worldskills.org/skillman/documents/1/skills/1835/pdf?l=fr,queued,wsc-2024-lyon,
WSC2024,TD,E02,Heavy Truck Maintenance,,ja,WSC2024_TDE02_ja.pdf,0,,WSC2024/TD/E02/ja/WSC2024_TDE02_ja.pdf,https://api.worldskills.org/skillman/documents/1/skills/1835/pdf?l=ja,queued,wsc-2024-lyon,
WSC2024,TD,E02,Heavy Truck Maintenance,,ko,WSC2024_TDE02_ko.pdf,0,,WSC2024/TD/E02/ko/WSC2024_TDE02_ko.pdf,https://api.worldskills.org/skillman/documents/1/skills/1835/pdf?l=ko,queued,wsc-2024-lyon,
WSC2024,TD,E02,Heavy Truck Maintenance,,pt,WSC2024_TDE02_pt.pdf,0,,WSC2024/TD/E02/pt/WSC2024_TDE02_pt.pdf,https://api.worldskills.org/skillman/documents/1/skills/1835/pdf?l=pt,queued,wsc-2024-lyon,
WSC2024,TD,E02,Heavy Truck Maintenance,,ru,WSC2024_TDE02_ru.pdf,0,,WSC2024/TD/E02/ru/WSC2024_TDE02_ru.pdf,https://api.worldskills.org/skillman/documents/1/skills/1835/pdf?l=ru,queued,wsc-2024-lyon,
WSC2024,TD,E02,Heavy Truck Maintenance,,zh,WSC2024_TDE02_zh.pdf,0,,WSC2024/TD/E02/zh/WSC2024_TDE02_zh.pdf,https://api.worldskills.org/skillman/documents/1/skills/1835/pdf?l=zh,queued,wsc-2024-lyon,
WSC2024,TD,E03,Rail Vehicle Technology,,ar,WSC2024_TDE03_ar.pdf,0,,WSC2024/TD/E03/ar/WSC2024_TDE03_ar.pdf,https://api.worldskills.org/skillman/documents/1/skills/1715/pdf?l=ar,queued,wsc-2024-lyon,
WSC2024,TD,E03,Rail Vehicle Technology,,de,WSC2024_TDE03_de.pdf,0,,WSC2024/TD/E03/de/WSC2024_TDE03_de.pdf,https://api.worldskills.org/skillman/documents/1/skills/1715/pdf?l=de,queued,wsc-2024-lyon,
WSC2024,TD,E03,Rail Vehicle Technology,,en,WSC2024_TDE03_en.pdf,0,,WSC2024/TD/E03/en/WSC2024_TDE03_en.pdf,https://api.worldskills.org/skillman/documents/1/skills/1715/pdf?l=en,queued,wsc-2024-lyon,
WSC2024,TD,E03,Rail Vehicle Technology,,es,WSC2024_TDE03_es.pdf,0,,WSC2024/TD/E03/es/WSC2024_TDE03_es.pdf,https://api.worldskills.org/skillman/documents/1/skills/1715/pdf?l=es,queued,wsc-2024-lyon,
WSC2024,TD,E03,Rail Vehicle Technology,,fi,WSC2024_TDE03_fi.pdf,0,,WSC2024/TD/E03/fi/WSC2024_TDE03_fi.pdf,https://api.worldskills.org/skillman/documents/1/skills/1715/pdf?l=fi,queued,wsc-2024-lyon,
WSC2024,TD,E03,Rail Vehicle Technology,,fr,WSC2024_TDE03_fr.pdf,0,,WSC2024/TD/E03/fr/WSC2024_TDE03_fr.pdf,https://api.worldskills.org/skillman/documents/1/skills/1715/pdf?l=fr,queued,wsc-2024-lyon,
WSC2024,TD,E03,Rail Vehicle Technology,,ja,WSC2024_TDE03_ja.pdf,0,,WSC2024/TD/E03/ja/WSC2024_TDE03_ja.pdf,https://api.worldskills.org/skillman/documents/1/skills/1715/pdf?l=ja,queued,wsc-2024-lyon,
WSC2024,TD,E03,Rail Vehicle Technology,,ko,WSC2024_TDE03_ko.pdf,0,,WSC2024/TD/E03/ko/WSC2024_TDE03_ko.pdf,https://api.worldskills.org/skillman/documents/1/skills/1715/pdf?l=ko,queued,wsc-2024-lyon,
WSC2024,TD,E03,Rail Vehicle Technology,,pt,WSC2024_TDE03_pt.pdf,0,,WSC2024/TD/E03/pt/WSC2024_TDE03_pt.pdf,https://api.worldskills.org/skillman/documents/1/skills/1715/pdf?l=pt,queued,wsc-2024-lyon,
WSC2024,TD,E03,Rail Vehicle Technology,,ru,WSC2024_TDE03_ru.pdf,0,,WSC2024/TD/E03/ru/WSC2024_TDE03_ru.pdf,https://api.worldskills.org/skillman/documents/1/skills/1715/pdf?l=ru,queued,wsc-2024-lyon,
WSC2024,TD,E03,Rail Vehicle Technology,,zh,WSC2024_TDE03_zh.pdf,0,,WSC2024/TD/E03/zh/WSC2024_TDE03_zh.pdf,https://api.worldskills.org/skillman/documents/1/skills/1715/pdf?l=zh,queued,wsc-2024-lyon,
WSC2024,TP,01,Industrial Mechanics,actual,und,WSC2024_TP01_actual,0,,WSC2024/TP/01/actual/und/WSC2024_TP01_actual,https://api.worldskills.org/resources/download/23592,queued,wsc-2024-lyon,
WSC2024,TP,01,Industrial Mechanics,pre,en,WSC2024_TP01_skill_sets_pre_en,0,,WSC2024/TP/01/pre/en/WSC2024_TP01_skill_sets_pre_en,https://api.worldskills.org/resources/download/21797,queued,wsc-2024-lyon,
WSC2024,TP,02,Information Network Cabling,actual,und,WSC2024_TP02_actual,0,,WSC2024/TP/02/actual/und/WSC2024_TP02_actual,https://api.worldskills.org/resources/download/23929,queued,wsc-2024-lyon,
WSC2024,TP,02,Information Network Cabling,pre,en,WSC2024_TP02_pre_en,0,,WSC2024/TP/02/pre/en/WSC2024_TP02_pre_en,https://api.worldskills.org/resources/download/21583,queued,wsc-2024-lyon,
WSC2024,TP,03,Manufacturing Team Challenge,actual,und,WSC2024_TP03_actual,0,,WSC2024/TP/03/actual/und/WSC2024_TP03_actual,https://api.worldskills.org/resources/download/23593,queued,wsc-2024-lyon,
WSC2024,TP,03,Manufacturing Team Challenge,pre,en,WSC2024_TP03_pre_en,0,,WSC2024/TP/03/pre/en/WSC2024_TP03_pre_en,https://api.worldskills.org/resources/download/19993,queued,wsc-2024-lyon,
WSC2024,TP,04,Mechatronics,actual,und,WSC2024_TP04_actual,0,,WSC2024/TP/04/actual/und/WSC2024_TP04_actual,https://api.worldskills.org/resources/download/23743,queued,wsc-2024-lyon,
WSC2024,TP,05,Mechanical Engineering CAD,actual,und,WSC2024_TP05_actual,0,,WSC2024/TP/05/actual/und/WSC2024_TP05_actual,https://api.worldskills.org/resources/download/23874,queued,wsc-2024-lyon,
WSC2024,TP,06,CNC Turning,actual,en,WSC2024_TP06_actual_en,0,,WSC2024/TP/06/actual/en/WSC2024_TP06_actual_en,https://api.worldskills.org/resources/download/23685,queued,wsc-2024-lyon,
WSC2024,TP,07,CNC Milling,actual,und,WSC2024_TP07_actual,0,,WSC2024/TP/07/actual/und/WSC2024_TP07_actual,https://api.worldskills.org/resources/download/23594,queued,wsc-2024-lyon,
WSC2024,TP,08,Mobile Applications Development,actual,und,WSC2024_TP08_actual,0,,WSC2024/TP/08/actual/und/WSC2024_TP08_actual,https://api.worldskills.org/resources/download/23595,queued,wsc-2024-lyon,
WSC2024,TP,09,IT Software Solutions for Business,actual,und,WSC2024_TP09_actual,0,,WSC2024/TP/09/actual/und/WSC2024_TP09_actual,https://api.worldskills.org/resources/download/23596,queued,wsc-2024-lyon,
WSC2024,TP,09,IT Software Solutions for Business,pre,en,WSC2024_TP09_pre_en,0,,WSC2024/TP/09/pre/en/WSC2024_TP09_pre_en,https://api.worldskills.org/resources/download/22865,queued,wsc-2024-lyon,
WSC2024,TP,10,Welding,actual,und,WSC2024_TP10_actual,0,,WSC2024/TP/10/actual/und/WSC2024_TP10_actual,https://api.worldskills.org/resources/download/23597,queued,wsc-2024-lyon,
WSC2024,TP,10,Welding,pre,en,WSC2024_TP10_pre_en,0,,WSC2024/TP/10/pre/en/WSC2024_TP10_pre_en,https://api.worldskills.org/resources/download/19988,queued,wsc-2024-lyon,
WSC2024,TP,12,Wall and Floor Tiling,actual,und,WSC2024_TP12_actual,0,,WSC2024/TP/12/actual/und/WSC2024_TP12_actual,https://api.worldskills.org/resources/download/23732,queued,wsc-2024-lyon,
WSC2024,TP,13,Autobody Repair,actual,und,WSC2024_TP13_actual,0,,WSC2024/TP/13/actual/und/WSC2024_TP13_actual,https://api.worldskills.org/resources/download/23739,queued,wsc-2024-lyon,
WSC2024,TP,14,Aircraft Maintenance,actual,und,WSC2024_TP14_actual,0,,WSC2024/TP/14/actual/und/WSC2024_TP14_actual,https://api.worldskills.org/resources/download/23598,queued,wsc-2024-lyon,
WSC2024,TP,15,Plumbing and Heating,actual,und,WSC2024_TP15_actual,0,,WSC2024/TP/15/actual/und/WSC2024_TP15_actual,https://api.worldskills.org/resources/download/23599,queued,wsc-2024-lyon,
WSC2024,TP,16,Electronics,actual,und,WSC2024_TP16_actual,0,,WSC2024/TP/16/actual/und/WSC2024_TP16_actual,https://api.worldskills.org/resources/download/23738,queued,wsc-2024-lyon,
WSC2024,TP,17,Web Technologies,actual,und,WSC2024_TP17_actual,0,,WSC2024/TP/17/actual/und/WSC2024_TP17_actual,https://api.worldskills.org/resources/download/23600,queued,wsc-2024-lyon,
WSC2024,TP,18,Electrical Installations,actual,und,WSC2024_TP18_actual,0,,WSC2024/TP/18/actual/und/WSC2024_TP18_actual,https://api.worldskills.org/resources/download/23601,queued,wsc-2024-lyon,
WSC2024,TP,19,Industrial Control,actual,und,WSC2024_TP19_A4_actual,0,,WSC2024/TP/19/actual/und/WSC2024_TP19_A4_actual,https://api.worldskills.org/resources/download/23602,queued,wsc-2024-lyon,
WSC2024,TP,20,Bricklaying,actual,und,WSC2024_TP20_actual,0,,WSC2024/TP/20/actual/und/WSC2024_TP20_actual,https://api.worldskills.org/resources/download/23603,queued,wsc-2024-lyon,
WSC2024,TP,21,Plastering and Drywall Systems,actual,und,WSC2024_TP21_actual,0,,WSC2024/TP/21/actual/und/WSC2024_TP21_actual,https://api.worldskills.org/resources/download/23604,queued,wsc-2024-lyon,
WSC2024,TP,22,Painting and Decorating,actual,en,WSC2024_TP22_actual_en,0,,WSC2024/TP/22/actual/en/WSC2024_TP22_actual_en,https://api.worldskills.org/resources/download/23605,queued,wsc-2024-lyon,
WSC2024,TP,22,Painting and Decorating,pre,en,WSC2024_TP22_pre_en,0,,WSC2024/TP/22/pre/en/WSC2024_TP22_pre_en,https://api.worldskills.org/resources/download/22236,queued,wsc-2024-lyon,
WSC2024,TP,23,Autonomous Mobile Robotics,actual,und,WSC2024_TP23_actual,0,,WSC2024/TP/23/actual/und/WSC2024_TP23_actual,https://api.worldskills.org/resources/download/23606,queued,wsc-2024-lyon,
WSC2024,TP,23,Autonomous Mobile Robotics,pre,en,WSC2024_TP23_pre_en,0,,WSC2024/TP/23/pre/en/WSC2024_TP23_pre_en,https://api.worldskills.org/resources/download/20282,queued,wsc-2024-lyon,
WSC2024,TP,24,Cabinetmaking,actual,und,WSC2024_TP24_actual,0,,WSC2024/TP/24/actual/und/WSC2024_TP24_actual,https://api.worldskills.org/resources/download/23607,queued,wsc-2024-lyon,
WSC2024,TP,24,Cabinetmaking,pre,en,WSC2024_TP24_pre_en,0,,WSC2024/TP/24/pre/en/WSC2024_TP24_pre_en,https://api.worldskills.org/resources/download/20620,queued,wsc-2024-lyon,
WSC2024,TP,24,Cabinetmaking,proposal,und,WSC2024_TP24_proposals,0,,WSC2024/TP/24/proposal/und/WSC2024_TP24_proposals,https://api.worldskills.org/resources/download/20420,queued,wsc-2024-lyon,
WSC2024,TP,25,Joinery,actual,und,WSC2024_TP25_actual,0,,WSC2024/TP/25/actual/und/WSC2024_TP25_actual,https://api.worldskills.org/resources/download/23684,queued,wsc-2024-lyon,
WSC2024,TP,25,Joinery,proposal,und,WSC2024_TP25_proposals,0,,WSC2024/TP/25/proposal/und/WSC2024_TP25_proposals,https://api.worldskills.org/resources/download/20453,queued,wsc-2024-lyon,
WSC2024,TP,26,Carpentry,actual,und,WSC2024_TP26_actual,0,,WSC2024/TP/26/actual/und/WSC2024_TP26_actual,https://api.worldskills.org/resources/download/23742,queued,wsc-2024-lyon,
WSC2024,TP,26,Carpentry,pre,und,WSC2024_TP26_pre,0,,WSC2024/TP/26/pre/und/WSC2024_TP26_pre,https://api.worldskills.org/resources/download/21256,queued,wsc-2024-lyon,
WSC2024,TP,26,Carpentry,proposal,und,WSC2024_TP26_proposals,0,,WSC2024/TP/26/proposal/und/WSC2024_TP26_proposals,https://api.worldskills.org/resources/download/21254,queued,wsc-2024-lyon,
WSC2024,TP,27,Jewellery,actual,und,WSC2024_TP27_actual,0,,WSC2024/TP/27/actual/und/WSC2024_TP27_actual,https://api.worldskills.org/resources/download/23608,queued,wsc-2024-lyon,
WSC2024,TP,27,Jewellery,pre,en,WSC2024_TP27_pre_en,0,,WSC2024/TP/27/pre/en/WSC2024_TP27_pre_en,https://api.worldskills.org/resources/download/22477,queued,wsc-2024-lyon,
WSC2024,TP,28,Floristry,actual,und,WSC2024_TP28_actual,0,,WSC2024/TP/28/actual/und/WSC2024_TP28_actual,https://api.worldskills.org/resources/download/23690,queued,wsc-2024-lyon,
WSC2024,TP,29,Hairdressing,actual,und,WSC2024_TP29_actual,0,,WSC2024/TP/29/actual/und/WSC2024_TP29_actual,https://api.worldskills.org/resources/download/23854,queued,wsc-2024-lyon,
WSC2024,TP,29,Hairdressing,pre,en,WSC2024_TP29_pre_en,0,,WSC2024/TP/29/pre/en/WSC2024_TP29_pre_en,https://api.worldskills.org/resources/download/22852,queued,wsc-2024-lyon,
WSC2024,TP,30,Beauty Therapy,actual,und,WSC2024_TP30_actual,0,,WSC2024/TP/30/actual/und/WSC2024_TP30_actual,https://api.worldskills.org/resources/download/23609,queued,wsc-2024-lyon,
WSC2024,TP,30,Beauty Therapy,pre,en,WSC2024_TP30_pre_en,0,,WSC2024/TP/30/pre/en/WSC2024_TP30_pre_en,https://api.worldskills.org/resources/download/22326,queued,wsc-2024-lyon,
WSC2024,TP,31,Fashion Technology,actual,und,WSC2024_TP 31_actual,0,,WSC2024/TP/31/actual/und/WSC2024_TP 31_actual,https://api.worldskills.org/resources/download/23611,queued,wsc-2024-lyon,
WSC2024,TP,31,Fashion Technology,pre,und,WSC2024_TP_31_pre,0,,WSC2024/TP/31/pre/und/WSC2024_TP_31_pre,https://api.worldskills.org/resources/download/21727,queued,wsc-2024-lyon,
WSC2024,TP,32,Pâtisserie and Confectionery,actual,und,WSC2024_TP32_actual,0,,WSC2024/TP/32/actual/und/WSC2024_TP32_actual,https://api.worldskills.org/resources/download/23683,queued,wsc-2024-lyon,
WSC2024,TP,32,Pâtisserie and Confectionery,pre,en,WSC2024_TP32_pre_en,0,,WSC2024/TP/32/pre/en/WSC2024_TP32_pre_en,https://api.worldskills.org/resources/download/22195,queued,wsc-2024-lyon,
WSC2024,TP,33,Automobile Technology,actual,und,WSC2024_TP33_actual,0,,WSC2024/TP/33/actual/und/WSC2024_TP33_actual,https://api.worldskills.org/resources/download/23782,queued,wsc-2024-lyon,
WSC2024,TP,33,Automobile Technology,pre,en,WSC2024_TP33_pre_en,0,,WSC2024/TP/33/pre/en/WSC2024_TP33_pre_en,https://api.worldskills.org/resources/download/23012,queued,wsc-2024-lyon,
WSC2024,TP,34,Cooking,actual,und,WSC2024_TP34_actual,0,,WSC2024/TP/34/actual/und/WSC2024_TP34_actual,https://api.worldskills.org/resources/download/23786,queued,wsc-2024-lyon,
WSC2024,TP,34,Cooking,pre,en,WSC2024_TP34_pre_en,0,,WSC2024/TP/34/pre/en/WSC2024_TP34_pre_en,https://api.worldskills.org/resources/download/22678,queued,wsc-2024-lyon,
WSC2024,TP,35,Restaurant Service,actual,und,WSC2024_TP35_actual,0,,WSC2024/TP/35/actual/und/WSC2024_TP35_actual,https://api.worldskills.org/resources/download/23613,queued,wsc-2024-lyon,
WSC2024,TP,36,Car Painting,actual,und,WSC2024_TP36_actual,0,,WSC2024/TP/36/actual/und/WSC2024_TP36_actual,https://api.worldskills.org/resources/download/23614,queued,wsc-2024-lyon,
WSC2024,TP,37,Landscape Gardening,actual,und,WSC2024_TP37_actual,0,,WSC2024/TP/37/actual/und/WSC2024_TP37_actual,https://api.worldskills.org/resources/download/23691,queued,wsc-2024-lyon,
WSC2024,TP,37,Landscape Gardening,pre,en,WSC2024_TP37_pre_en,0,,WSC2024/TP/37/pre/en/WSC2024_TP37_pre_en,https://api.worldskills.org/resources/download/22196,queued,wsc-2024-lyon,
WSC2024,TP,38,Refrigeration and Air Conditioning,pre,en,WSC2024_TP38_A_pre_en,0,,WSC2024/TP/38/pre/en/WSC2024_TP38_A_pre_en,https://api.worldskills.org/resources/download/22858,queued,wsc-2024-lyon,
WSC2024,TP,38,Refrigeration and Air Conditioning,actual,und,WSC2024_TP38_B_actual,0,,WSC2024/TP/38/actual/und/WSC2024_TP38_B_actual,https://api.worldskills.org/resources/download/23615,queued,wsc-2024-lyon,
WSC2024,TP,39,IT Network Systems Administration,actual,und,WSC2024_TP39_actual,0,,WSC2024/TP/39/actual/und/WSC2024_TP39_actual,https://api.worldskills.org/resources/download/23776,queued,wsc-2024-lyon,
WSC2024,TP,39,IT Network Systems Administration,pre,en,WSC2024_TP39_topology_pre_en,0,,WSC2024/TP/39/pre/en/WSC2024_TP39_topology_pre_en,https://api.worldskills.org/resources/download/22306,queued,wsc-2024-lyon,
WSC2024,TP,40,Graphic Design Technology,actual,und,wsc2024_TP40_actual,0,,WSC2024/TP/40/actual/und/wsc2024_TP40_actual,https://api.worldskills.org/resources/download/23870,queued,wsc-2024-lyon,
WSC2024,TP,41,Health and Social Care,actual,en,WSC2024_TP41_actual_en,0,,WSC2024/TP/41/actual/en/WSC2024_TP41_actual_en,https://api.worldskills.org/resources/download/23666,queued,wsc-2024-lyon,
WSC2024,TP,42,Construction Metal Work,actual,und,WSC2024_TP42_actual,0,,WSC2024/TP/42/actual/und/WSC2024_TP42_actual,https://api.worldskills.org/resources/download/23667,queued,wsc-2024-lyon,
WSC2024,TP,44,Visual Merchandising,actual,und,WSC2024_TP44_actual,0,,WSC2024/TP/44/actual/und/WSC2024_TP44_actual,https://api.worldskills.org/resources/download/23668,queued,wsc-2024-lyon,
WSC2024,TP,44,Visual Merchandising,pre,en,WSC2024_TP44_pre_en,0,,WSC2024/TP/44/pre/en/WSC2024_TP44_pre_en,https://api.worldskills.org/resources/download/22112,queued,wsc-2024-lyon,
WSC2024,TP,46,Concrete Construction Work,actual,und,WSC2024_TP46_actual,0,,WSC2024/TP/46/actual/und/WSC2024_TP46_actual,https://api.worldskills.org/resources/download/23669,queued,wsc-2024-lyon,
WSC2024,TP,46,Concrete Construction Work,pre,und,WSC2024_TP46_pre,0,,WSC2024/TP/46/pre/und/WSC2024_TP46_pre,https://api.worldskills.org/resources/download/22479,queued,wsc-2024-lyon,
WSC2024,TP,47,Bakery,actual,und,WSC2024_TP47_actual,0,,WSC2024/TP/47/actual/und/WSC2024_TP47_actual,https://api.worldskills.org/resources/download/23706,queued,wsc-2024-lyon,
WSC2024,TP,47,Bakery,pre,en,WSC2024_TP47_pre_en,0,,WSC2024/TP/47/pre/en/WSC2024_TP47_pre_en,https://api.worldskills.org/resources/download/22296,queued,wsc-2024-lyon,
WSC2024,TP,48,Industry 4.0,actual,und,WSC2024_TP48_actual,0,,WSC2024/TP/48/actual/und/WSC2024_TP48_actual,https://api.worldskills.org/resources/download/23701,queued,wsc-2024-lyon,
WSC2024,TP,49,Heavy Vehicle Technology,actual,und,WSC2024_TP49_actual,0,,WSC2024/TP/49/actual/und/WSC2024_TP49_actual,https://api.worldskills.org/resources/download/23670,queued,wsc-2024-lyon,
WSC2024,TP,49,Heavy Vehicle Technology,pre,en,WSC2024_TP49_pre_en,0,,WSC2024/TP/49/pre/en/WSC2024_TP49_pre_en,https://api.worldskills.org/resources/download/23007,queued,wsc-2024-lyon,
WSC2024,TP,50,3D Digital Game Art,actual,und,WSC2024_TP50_actual,0,,WSC2024/TP/50/actual/und/WSC2024_TP50_actual,https://api.worldskills.org/resources/download/23671,queued,wsc-2024-lyon,
WSC2024,TP,51,Logistics and Freight Forwarding,actual,und,WSC2024_TP51_actual,0,,WSC2024/TP/51/actual/und/WSC2024_TP51_actual,https://api.worldskills.org/resources/download/23856,queued,wsc-2024-lyon,
WSC2024,TP,52,Chemical Laboratory Technology,actual,und,WSC2024_TP52_actual,0,,WSC2024/TP/52/actual/und/WSC2024_TP52_actual,https://api.worldskills.org/resources/download/23707,queued,wsc-2024-lyon,
WSC2024,TP,53,Cloud Computing,actual,und,WSC2024_TP53_actual,0,,WSC2024/TP/53/actual/und/WSC2024_TP53_actual,https://api.worldskills.org/resources/download/23708,queued,wsc-2024-lyon,
WSC2024,TP,54,Cyber Security,actual,und,WSC2024_TP54_actual,0,,WSC2024/TP/54/actual/und/WSC2024_TP54_actual,https://api.worldskills.org/resources/download/23709,queued,wsc-2024-lyon,
WSC2024,TP,55,Water Technology,actual,und,WSC2024_TP55_actual,0,,WSC2024/TP/55/actual/und/WSC2024_TP55_actual,https://api.worldskills.org/resources/download/23714,queued,wsc-2024-lyon,
WSC2024,TP,56,Hotel Reception,actual,und,WSC2024_TP56_actual,0,,WSC2024/TP/56/actual/und/WSC2024_TP56_actual,https://api.worldskills.org/resources/download/23715,queued,wsc-2024-lyon,
WSC2024,TP,56,Hotel Reception,pre,en,WSC2024_TP56_pre_en,0,,WSC2024/TP/56/pre/en/WSC2024_TP56_pre_en,https://api.worldskills.org/resources/download/21728,queued,wsc-2024-lyon,
WSC2024,TP,57,Additive Manufacturing,actual,und,WSC2024_TP57_actual,0,,WSC2024/TP/57/actual/und/WSC2024_TP57_actual,https://api.worldskills.org/resources/download/23716,queued,wsc-2024-lyon,
WSC2024,TP,58,Digital Construction,actual,und,WSC2024_TP58_actual,0,,WSC2024/TP/58/actual/und/WSC2024_TP58_actual,https://api.worldskills.org/resources/download/23723,queued,wsc-2024-lyon,
WSC2024,TP,59,Industrial Design Technology,actual,und,WSC2024_TP59_actual,0,,WSC2024/TP/59/actual/und/WSC2024_TP59_actual,https://api.worldskills.org/resources/download/23724,queued,wsc-2024-lyon,
WSC2024,TP,60,Optoelectronic Technology,actual,und,WSC2024_TP60_actual,0,,WSC2024/TP/60/actual/und/WSC2024_TP60_actual,https://api.worldskills.org/resources/download/23871,queued,wsc-2024-lyon,
WSC2024,TP,60,Optoelectronic Technology,pre,en,WSC2024_TP_60_pre_en,0,,WSC2024/TP/60/pre/en/WSC2024_TP_60_pre_en,https://api.worldskills.org/resources/download/22884,queued,wsc-2024-lyon,
WSC2024,TP,62,Renewable Energy,actual,und,WSC2024_TP62_actual,0,,WSC2024/TP/62/actual/und/WSC2024_TP62_actual,https://api.worldskills.org/resources/download/23927,queued,wsc-2024-lyon,
WSC2024,TP,63,Robot Systems Integration,actual,und,WSC2024_TP63_actual,0,,WSC2024/TP/63/actual/und/WSC2024_TP63_actual,https://api.worldskills.org/resources/download/23725,queued,wsc-2024-lyon,
WSC2024,TP,E0,,pre,und,WSC2024_TPE01,0,,WSC2024/TP/E0/pre/und/WSC2024_TPE01,https://api.worldskills.org/resources/download/22660,queued,wsc-2024-lyon,
WSC2024,TP,E0,,pre,en,WSC2024_TPE03__pre_en,0,,WSC2024/TP/E0/pre/en/WSC2024_TPE03__pre_en,https://api.worldskills.org/resources/download/22273,queued,wsc-2024-lyon,
WSC2026,IL,01,Industrial Mechanics,,und,WSC2026_IL01.xlsx,0,,WSC2026/IL/01/und/WSC2026_IL01.xlsx,https://api.worldskills.org/il/reports/requested/lists/611/1869?s=xlsx,queued,wsc-2026-shanghai,
WSC2026,IL,02,ICT Network Infrastructure,,und,WSC2026_IL02.xlsx,0,,WSC2026/IL/02/und/WSC2026_IL02.xlsx,https://api.worldskills.org/il/reports/requested/lists/611/1870?s=xlsx,queued,wsc-2026-shanghai,
WSC2026,IL,03,Intelligent Security Technology,,und,WSC2026_IL03.xlsx,0,,WSC2026/IL/03/und/WSC2026_IL03.xlsx,https://api.worldskills.org/il/reports/requested/lists/611/2157?s=xlsx,queued,wsc-2026-shanghai,
WSC2026,IL,03,Manufacturing Team Challenge,,und,WSC2026_IL03.xlsx,0,,WSC2026/IL/03/und/WSC2026_IL03.xlsx,https://api.worldskills.org/il/reports/requested/lists/611/1886?s=xlsx,queued,wsc-2026-shanghai,
WSC2026,IL,04,Mechatronics,,und,WSC2026_IL04.xlsx,0,,WSC2026/IL/04/und/WSC2026_IL04.xlsx,https://api.worldskills.org/il/reports/requested/lists/611/1865?s=xlsx,queued,wsc-2026-shanghai,
WSC2026,IL,05,Mechanical Engineering CAD,,und,WSC2026_IL05.xlsx,0,,WSC2026/IL/05/und/WSC2026_IL05.xlsx,https://api.worldskills.org/il/reports/requested/lists/611/1866?s=xlsx,queued,wsc-2026-shanghai,
WSC2026,IL,06,CNC Turning,,und,WSC2026_IL06.xlsx,0,,WSC2026/IL/06/und/WSC2026_IL06.xlsx,https://api.worldskills.org/il/reports/requested/lists/611/1892?s=xlsx,queued,wsc-2026-shanghai,
WSC2026,IL,07,CNC Milling,,und,WSC2026_IL07.xlsx,0,,WSC2026/IL/07/und/WSC2026_IL07.xlsx,https://api.worldskills.org/il/reports/requested/lists/611/1871?s=xlsx,queued,wsc-2026-shanghai,
WSC2026,IL,08,Mobile Applications Development,,und,WSC2026_IL08.xlsx,0,,WSC2026/IL/08/und/WSC2026_IL08.xlsx,https://api.worldskills.org/il/reports/requested/lists/611/1878?s=xlsx,queued,wsc-2026-shanghai,
WSC2026,IL,09,Software Applications Development,,und,WSC2026_IL09.xlsx,0,,WSC2026/IL/09/und/WSC2026_IL09.xlsx,https://api.worldskills.org/il/reports/requested/lists/611/1888?s=xlsx,queued,wsc-2026-shanghai,
WSC2026,IL,10,Welding,,und,WSC2026_IL10.xlsx,0,,WSC2026/IL/10/und/WSC2026_IL10.xlsx,https://api.worldskills.org/il/reports/requested/lists/611/1904?s=xlsx,queued,wsc-2026-shanghai,
WSC2026,IL,11,Software Testing,,und,WSC2026_IL11.xlsx,0,,WSC2026/IL/11/und/WSC2026_IL11.xlsx,https://api.worldskills.org/il/reports/requested/lists/611/2160?s=xlsx,queued,wsc-2026-shanghai,
WSC2026,IL,12,Wall and Floor Tiling,,und,WSC2026_IL12.xlsx,0,,WSC2026/IL/12/und/WSC2026_IL12.xlsx,https://api.worldskills.org/il/reports/requested/lists/611/1867?s=xlsx,queued,wsc-2026-shanghai,
WSC2026,IL,13,Autobody Repair,,und,WSC2026_IL13.xlsx,0,,WSC2026/IL/13/und/WSC2026_IL13.xlsx,https://api.worldskills.org/il/reports/requested/lists/611/1872?s=xlsx,queued,wsc-2026-shanghai,
WSC2026,IL,14,Aircraft Maintenance,,und,WSC2026_IL14.xlsx,0,,WSC2026/IL/14/und/WSC2026_IL14.xlsx,https://api.worldskills.org/il/reports/requested/lists/611/1896?s=xlsx,queued,wsc-2026-shanghai,
WSC2026,IL,15,Plumbing and Heating,,und,WSC2026_IL15.xlsx,0,,WSC2026/IL/15/und/WSC2026_IL15.xlsx,https://api.worldskills.org/il/reports/requested/lists/611/1876?s=xlsx,queued,wsc-2026-shanghai,
WSC2026,IL,16,Electronics,,und,WSC2026_IL16.xlsx,0,,WSC2026/IL/16/und/WSC2026_IL16.xlsx,https://api.worldskills.org/il/reports/requested/lists/611/1895?s=xlsx,queued,wsc-2026-shanghai,
WSC2026,IL,17,Web Technologies,,und,WSC2026_IL17.xlsx,0,,WSC2026/IL/17/und/WSC2026_IL17.xlsx,https://api.worldskills.org/il/reports/requested/lists/611/1899?s=xlsx,queued,wsc-2026-shanghai,
WSC2026,IL,18,Electrical Installations,,und,WSC2026_IL18.xlsx,0,,WSC2026/IL/18/und/WSC2026_IL18.xlsx,https://api.worldskills.org/il/reports/requested/lists/611/1901?s=xlsx,queued,wsc-2026-shanghai,
WSC2026,IL,19,Industrial Control,,und,WSC2026_IL19.xlsx,0,,WSC2026/IL/19/und/WSC2026_IL19.xlsx,https://api.worldskills.org/il/reports/requested/lists/611/1890?s=xlsx,queued,wsc-2026-shanghai,
WSC2026,IL,20,Bricklaying,,und,WSC2026_IL20.xlsx,0,,WSC2026/IL/20/und/WSC2026_IL20.xlsx,https://api.worldskills.org/il/reports/requested/lists/611/1894?s=xlsx,queued,wsc-2026-shanghai,
WSC2026,IL,21,Plastering and Drywall Systems,,und,WSC2026_IL21.xlsx,0,,WSC2026/IL/21/und/WSC2026_IL21.xlsx,https://api.worldskills.org/il/reports/requested/lists/611/1910?s=xlsx,queued,wsc-2026-shanghai,
WSC2026,IL,22,Painting and Decorating,,und,WSC2026_IL22.xlsx,0,,WSC2026/IL/22/und/WSC2026_IL22.xlsx,https://api.worldskills.org/il/reports/requested/lists/611/1874?s=xlsx,queued,wsc-2026-shanghai,
WSC2026,IL,23,Autonomous Mobile Robotics,,und,WSC2026_IL23.xlsx,0,,WSC2026/IL/23/und/WSC2026_IL23.xlsx,https://api.worldskills.org/il/reports/requested/lists/611/1868?s=xlsx,queued,wsc-2026-shanghai,
WSC2026,IL,24,Cabinetmaking,,und,WSC2026_IL24.xlsx,0,,WSC2026/IL/24/und/WSC2026_IL24.xlsx,https://api.worldskills.org/il/reports/requested/lists/611/1906?s=xlsx,queued,wsc-2026-shanghai,
WSC2026,IL,25,Joinery,,und,WSC2026_IL25.xlsx,0,,WSC2026/IL/25/und/WSC2026_IL25.xlsx,https://api.worldskills.org/il/reports/requested/lists/611/1881?s=xlsx,queued,wsc-2026-shanghai,
WSC2026,IL,26,Carpentry,,und,WSC2026_IL26.xlsx,0,,WSC2026/IL/26/und/WSC2026_IL26.xlsx,https://api.worldskills.org/il/reports/requested/lists/611/1898?s=xlsx,queued,wsc-2026-shanghai,
WSC2026,IL,27,Jewellery,,und,WSC2026_IL27.xlsx,0,,WSC2026/IL/27/und/WSC2026_IL27.xlsx,https://api.worldskills.org/il/reports/requested/lists/611/1902?s=xlsx,queued,wsc-2026-shanghai,
WSC2026,IL,28,Floristry,,und,WSC2026_IL28.xlsx,0,,WSC2026/IL/28/und/WSC2026_IL28.xlsx,https://api.worldskills.org/il/reports/requested/lists/611/1918?s=xlsx,queued,wsc-2026-shanghai,
WSC2026,IL,29,Hairdressing,,und,WSC2026_IL29.xlsx,0,,WSC2026/IL/29/und/WSC2026_IL29.xlsx,https://api.worldskills.org/il/reports/requested/lists/611/1920?s=xlsx,queued,wsc-2026-shanghai,
WSC2026,IL,30,Beauty Therapy,,und,WSC2026_IL30.xlsx,0,,WSC2026/IL/30/und/WSC2026_IL30.xlsx,https://api.worldskills.org/il/reports/requested/lists/611/1877?s=xlsx,queued,wsc-2026-shanghai,
WSC2026,IL,31,Fashion Technology,,und,WSC2026_IL31.xlsx,0,,WSC2026/IL/31/und/WSC2026_IL31.xlsx,https://api.worldskills.org/il/reports/requested/lists/611/1884?s=xlsx,queued,wsc-2026-shanghai,
WSC2026,IL,32,Pâtisserie and Confectionery,,und,WSC2026_IL32.xlsx,0,,WSC2026/IL/32/und/WSC2026_IL32.xlsx,https://api.worldskills.org/il/reports/requested/lists/611/1880?s=xlsx,queued,wsc-2026-shanghai,
WSC2026,IL,33,Automobile Technology,,und,report_requested_1916_2026-09-29_08-47-45.xlsx,0,,WSC2026/IL/33/und/report_requested_1916_2026-09-29_08-47-45.xlsx,https://api.worldskills.org/il/reports/requested/lists/611/1916?s=xlsx,queued,wsc-2026-shanghai,
WSC2026,IL,34,Cooking,,und,WSC2026_IL34.xlsx,0,,WSC2026/IL/34/und/WSC2026_IL34.xlsx,https://api.worldskills.org/il/reports/requested/lists/611/1903?s=xlsx,queued,wsc-2026-shanghai,
WSC2026,IL,35,Restaurant Service,,und,WSC2026_IL35.xlsx,0,,WSC2026/IL/35/und/WSC2026_IL35.xlsx,https://api.worldskills.org/il/reports/requested/lists/611/1891?s=xlsx,queued,wsc-2026-shanghai,
WSC2026,IL,36,Car Painting,,und,WSC2026_IL36.xlsx,0,,WSC2026/IL/36/und/WSC2026_IL36.xlsx,https://api.worldskills.org/il/reports/requested/lists/611/1897?s=xlsx,queued,wsc-2026-shanghai,
WSC2026,IL,37,Landscape Gardening,,und,WSC2026_IL37.xlsx,0,,WSC2026/IL/37/und/WSC2026_IL37.xlsx,https://api.worldskills.org/il/reports/requested/lists/611/1909?s=xlsx,queued,wsc-2026-shanghai,
WSC2026,IL,38,Refrigeration and Air Conditioning,,und,WSC2026_IL38.xlsx,0,,WSC2026/IL/38/und/WSC2026_IL38.xlsx,https://api.worldskills.org/il/reports/requested/lists/611/1875?s=xlsx,queued,wsc-2026-shanghai,
WSC2026,IL,39,IT Network Systems Administration,,und,WSC2026_IL39.xlsx,0,,WSC2026/IL/39/und/WSC2026_IL39.xlsx,https://api.worldskills.org/il/reports/requested/lists/611/1923?s=xlsx,queued,wsc-2026-shanghai,
WSC2026,IL,40,Graphic Design Technology,,und,WSC2026_IL40.xlsx,0,,WSC2026/IL/40/und/WSC2026_IL40.xlsx,https://api.worldskills.org/il/reports/requested/lists/611/1914?s=xlsx,queued,wsc-2026-shanghai,
WSC2026,IL,41,Health and Social Care,,und,WSC2026_IL41.xlsx,0,,WSC2026/IL/41/und/WSC2026_IL41.xlsx,https://api.worldskills.org/il/reports/requested/lists/611/1889?s=xlsx,queued,wsc-2026-shanghai,
WSC2026,IL,42,Construction Metal Work,,und,WSC2026_IL42.xlsx,0,,WSC2026/IL/42/und/WSC2026_IL42.xlsx,https://api.worldskills.org/il/reports/requested/lists/611/1882?s=xlsx,queued,wsc-2026-shanghai,
WSC2026,IL,42,Dental Prosthetics,,und,WSC2026_IL42.xlsx,0,,WSC2026/IL/42/und/WSC2026_IL42.xlsx,https://api.worldskills.org/il/reports/requested/lists/611/2155?s=xlsx,queued,wsc-2026-shanghai,
WSC2026,IL,43,Retail Sales,,und,WSC2026_IL43.xlsx,0,,WSC2026/IL/43/und/WSC2026_IL43.xlsx,https://api.worldskills.org/il/reports/requested/lists/611/2159?s=xlsx,queued,wsc-2026-shanghai,
WSC2026,IL,44,Visual Merchandising,,und,WSC2026_IL44.xlsx,0,,WSC2026/IL/44/und/WSC2026_IL44.xlsx,https://api.worldskills.org/il/reports/requested/lists/611/1887?s=xlsx,queued,wsc-2026-shanghai,
WSC2026,IL,45,Digital Interactive Media Design,,und,WSC2026_IL45.xlsx,0,,WSC2026/IL/45/und/WSC2026_IL45.xlsx,https://api.worldskills.org/il/reports/requested/lists/611/2156?s=xlsx,queued,wsc-2026-shanghai,
WSC2026,IL,46,Concrete Construction Work,,und,WSC2026_IL46.xlsx,0,,WSC2026/IL/46/und/WSC2026_IL46.xlsx,https://api.worldskills.org/il/reports/requested/lists/611/1915?s=xlsx,queued,wsc-2026-shanghai,
WSC2026,IL,47,Bakery,,und,WSC2026_IL47.xlsx,0,,WSC2026/IL/47/und/WSC2026_IL47.xlsx,https://api.worldskills.org/il/reports/requested/lists/611/1912?s=xlsx,queued,wsc-2026-shanghai,
WSC2026,IL,48,Industry 4.0,,und,WSC2026_IL48.xlsx,0,,WSC2026/IL/48/und/WSC2026_IL48.xlsx,https://api.worldskills.org/il/reports/requested/lists/611/1911?s=xlsx,queued,wsc-2026-shanghai,
WSC2026,IL,49,Heavy Vehicle Technology,,und,WSC2026_IL49.xlsx,0,,WSC2026/IL/49/und/WSC2026_IL49.xlsx,https://api.worldskills.org/il/reports/requested/lists/611/1885?s=xlsx,queued,wsc-2026-shanghai,
WSC2026,IL,50,3D Digital Game Art,,und,WSC2026_IL50.xlsx,0,,WSC2026/IL/50/und/WSC2026_IL50.xlsx,https://api.worldskills.org/il/reports/requested/lists/611/1913?s=xlsx,queued,wsc-2026-shanghai,
WSC2026,IL,51,Logistics and Freight Forwarding,,und,WSC2026_IL51.xlsx,0,,WSC2026/IL/51/und/WSC2026_IL51.xlsx,https://api.worldskills.org/il/reports/requested/lists/611/1883?s=xlsx,queued,wsc-2026-shanghai,
WSC2026,IL,52,Chemical Laboratory Technology,,und,WSC2026_IL52.xlsx,0,,WSC2026/IL/52/und/WSC2026_IL52.xlsx,https://api.worldskills.org/il/reports/requested/lists/611/1900?s=xlsx,queued,wsc-2026-shanghai,
WSC2026,IL,53,Cloud Computing,,und,WSC2026_IL53.xlsx,0,,WSC2026/IL/53/und/WSC2026_IL53.xlsx,https://api.worldskills.org/il/reports/requested/lists/611/1919?s=xlsx,queued,wsc-2026-shanghai,
WSC2026,IL,54,Cyber Security,,und,WSC2026_IL54.xlsx,0,,WSC2026/IL/54/und/WSC2026_IL54.xlsx,https://api.worldskills.org/il/reports/requested/lists/611/1917?s=xlsx,queued,wsc-2026-shanghai,
WSC2026,IL,55,Water Technology,,und,WSC2026_IL55.xlsx,0,,WSC2026/IL/55/und/WSC2026_IL55.xlsx,https://api.worldskills.org/il/reports/requested/lists/611/1893?s=xlsx,queued,wsc-2026-shanghai,
WSC2026,IL,56,Hotel Reception,,und,WSC2026_IL56.xlsx,0,,WSC2026/IL/56/und/WSC2026_IL56.xlsx,https://api.worldskills.org/il/reports/requested/lists/611/1922?s=xlsx,queued,wsc-2026-shanghai,
WSC2026,IL,57,Additive Manufacturing,,und,WSC2026_IL57.xlsx,0,,WSC2026/IL/57/und/WSC2026_IL57.xlsx,https://api.worldskills.org/il/reports/requested/lists/611/1905?s=xlsx,queued,wsc-2026-shanghai,
WSC2026,IL,58,Digital Construction,,und,WSC2026_IL58.xlsx,0,,WSC2026/IL/58/und/WSC2026_IL58.xlsx,https://api.worldskills.org/il/reports/requested/lists/611/1879?s=xlsx,queued,wsc-2026-shanghai,
WSC2026,IL,59,Industrial Design Technology,,und,WSC2026_IL59.xlsx,0,,WSC2026/IL/59/und/WSC2026_IL59.xlsx,https://api.worldskills.org/il/reports/requested/lists/611/1921?s=xlsx,queued,wsc-2026-shanghai,
WSC2026,IL,60,Optoelectronic Technology,,und,WSC2026_IL60.xlsx,0,,WSC2026/IL/60/und/WSC2026_IL60.xlsx,https://api.worldskills.org/il/reports/requested/lists/611/1907?s=xlsx,queued,wsc-2026-shanghai,
WSC2026,IL,61,Rail Vehicle Technology,,und,WSC2026_IL61.xlsx,0,,WSC2026/IL/61/und/WSC2026_IL61.xlsx,https://api.worldskills.org/il/reports/requested/lists/611/2158?s=xlsx,queued,wsc-2026-shanghai,
WSC2026,IL,62,Renewable Energy,,und,WSC2026_IL62.xlsx,0,,WSC2026/IL/62/und/WSC2026_IL62.xlsx,https://api.worldskills.org/il/reports/requested/lists/611/1908?s=xlsx,queued,wsc-2026-shanghai,
WSC2026,IL,63,Robot Systems Integration,,und,WSC2026_IL63.xlsx,0,,WSC2026/IL/63/und/WSC2026_IL63.xlsx,https://api.worldskills.org/il/reports/requested/lists/611/1873?s=xlsx,queued,wsc-2026-shanghai,
WSC2026,IL,64,Unmanned Aerial Systems,,und,WSC2026_IL64.xlsx,0,,WSC2026/IL/64/und/WSC2026_IL64.xlsx,https://api.worldskills.org/il/reports/requested/lists/611/2161?s=xlsx,queued,wsc-2026-shanghai,
WSC2026,SKL,xx,,,und,WSC2026_Test_Project_ballot_paper,0,,WSC2026/SKL/xx/und/WSC2026_Test_Project_ballot_paper,https://api.worldskills.org/resources/download/23278,queued,wsc-2026-shanghai,
WSC2026,TD,01,Industrial Mechanics,,ar,WSC2026_TD01_ar.pdf,0,,WSC2026/TD/01/ar/WSC2026_TD01_ar.pdf,https://api.worldskills.org/skillman/documents/3/skills/2410/pdf?l=ar,queued,wsc-2026-shanghai,
WSC2026,TD,01,Industrial Mechanics,,de,WSC2026_TD01_de.pdf,0,,WSC2026/TD/01/de/WSC2026_TD01_de.pdf,https://api.worldskills.org/skillman/documents/3/skills/2410/pdf?l=de,queued,wsc-2026-shanghai,
WSC2026,TD,01,Industrial Mechanics,,en,WSC2026_TD01_en.pdf,0,,WSC2026/TD/01/en/WSC2026_TD01_en.pdf,https://api.worldskills.org/skillman/documents/3/skills/2410/pdf?l=en,queued,wsc-2026-shanghai,
WSC2026,TD,01,Industrial Mechanics,,es,WSC2026_TD01_es.pdf,0,,WSC2026/TD/01/es/WSC2026_TD01_es.pdf,https://api.worldskills.org/skillman/documents/3/skills/2410/pdf?l=es,queued,wsc-2026-shanghai,
WSC2026,TD,01,Industrial Mechanics,,fi,WSC2026_TD01_fi.pdf,0,,WSC2026/TD/01/fi/WSC2026_TD01_fi.pdf,https://api.worldskills.org/skillman/documents/3/skills/2410/pdf?l=fi,queued,wsc-2026-shanghai,
WSC2026,TD,01,Industrial Mechanics,,fr,WSC2026_TD01_fr.pdf,0,,WSC2026/TD/01/fr/WSC2026_TD01_fr.pdf,https://api.worldskills.org/skillman/documents/3/skills/2410/pdf?l=fr,queued,wsc-2026-shanghai,
WSC2026,TD,01,Industrial Mechanics,,ja,WSC2026_TD01_ja.pdf,0,,WSC2026/TD/01/ja/WSC2026_TD01_ja.pdf,https://api.worldskills.org/skillman/documents/3/skills/2410/pdf?l=ja,queued,wsc-2026-shanghai,
WSC2026,TD,01,Industrial Mechanics,,ko,WSC2026_TD01_ko.pdf,0,,WSC2026/TD/01/ko/WSC2026_TD01_ko.pdf,https://api.worldskills.org/skillman/documents/3/skills/2410/pdf?l=ko,queued,wsc-2026-shanghai,
WSC2026,TD,01,Industrial Mechanics,,pt,WSC2026_TD01_pt.pdf,0,,WSC2026/TD/01/pt/WSC2026_TD01_pt.pdf,https://api.worldskills.org/skillman/documents/3/skills/2410/pdf?l=pt,queued,wsc-2026-shanghai,
WSC2026,TD,01,Industrial Mechanics,,ru,WSC2026_TD01_ru.pdf,0,,WSC2026/TD/01/ru/WSC2026_TD01_ru.pdf,https://api.worldskills.org/skillman/documents/3/skills/2410/pdf?l=ru,queued,wsc-2026-shanghai,
WSC2026,TD,01,Industrial Mechanics,,zh,WSC2026_TD01_zh.pdf,0,,WSC2026/TD/01/zh/WSC2026_TD01_zh.pdf,https://api.worldskills.org/skillman/documents/3/skills/2410/pdf?l=zh,queued,wsc-2026-shanghai,
WSC2026,TD,02,ICT Network Infrastructure,,ar,WSC2026_TD02_ar.pdf,0,,WSC2026/TD/02/ar/WSC2026_TD02_ar.pdf,https://api.worldskills.org/skillman/documents/3/skills/2412/pdf?l=ar,queued,wsc-2026-shanghai,
WSC2026,TD,02,ICT Network Infrastructure,,de,WSC2026_TD02_de.pdf,0,,WSC2026/TD/02/de/WSC2026_TD02_de.pdf,https://api.worldskills.org/skillman/documents/3/skills/2412/pdf?l=de,queued,wsc-2026-shanghai,
WSC2026,TD,02,ICT Network Infrastructure,,en,WSC2026_TD02_en.pdf,0,,WSC2026/TD/02/en/WSC2026_TD02_en.pdf,https://api.worldskills.org/skillman/documents/3/skills/2412/pdf?l=en,queued,wsc-2026-shanghai,
WSC2026,TD,02,ICT Network Infrastructure,,es,WSC2026_TD02_es.pdf,0,,WSC2026/TD/02/es/WSC2026_TD02_es.pdf,https://api.worldskills.org/skillman/documents/3/skills/2412/pdf?l=es,queued,wsc-2026-shanghai,
WSC2026,TD,02,ICT Network Infrastructure,,fi,WSC2026_TD02_fi.pdf,0,,WSC2026/TD/02/fi/WSC2026_TD02_fi.pdf,https://api.worldskills.org/skillman/documents/3/skills/2412/pdf?l=fi,queued,wsc-2026-shanghai,
WSC2026,TD,02,ICT Network Infrastructure,,fr,WSC2026_TD02_fr.pdf,0,,WSC2026/TD/02/fr/WSC2026_TD02_fr.pdf,https://api.worldskills.org/skillman/documents/3/skills/2412/pdf?l=fr,queued,wsc-2026-shanghai,
WSC2026,TD,02,ICT Network Infrastructure,,ja,WSC2026_TD02_ja.pdf,0,,WSC2026/TD/02/ja/WSC2026_TD02_ja.pdf,https://api.worldskills.org/skillman/documents/3/skills/2412/pdf?l=ja,queued,wsc-2026-shanghai,
WSC2026,TD,02,ICT Network Infrastructure,,ko,WSC2026_TD02_ko.pdf,0,,WSC2026/TD/02/ko/WSC2026_TD02_ko.pdf,https://api.worldskills.org/skillman/documents/3/skills/2412/pdf?l=ko,queued,wsc-2026-shanghai,
WSC2026,TD,02,ICT Network Infrastructure,,pt,WSC2026_TD02_pt.pdf,0,,WSC2026/TD/02/pt/WSC2026_TD02_pt.pdf,https://api.worldskills.org/skillman/documents/3/skills/2412/pdf?l=pt,queued,wsc-2026-shanghai,
WSC2026,TD,02,ICT Network Infrastructure,,ru,WSC2026_TD02_ru.pdf,0,,WSC2026/TD/02/ru/WSC2026_TD02_ru.pdf,https://api.worldskills.org/skillman/documents/3/skills/2412/pdf?l=ru,queued,wsc-2026-shanghai,
WSC2026,TD,02,ICT Network Infrastructure,,zh,WSC2026_TD02_zh.pdf,0,,WSC2026/TD/02/zh/WSC2026_TD02_zh.pdf,https://api.worldskills.org/skillman/documents/3/skills/2412/pdf?l=zh,queued,wsc-2026-shanghai,
WSC2026,TD,03,Intelligent Security Technology,,ar,WSC2026_TD03_ar.pdf,0,,WSC2026/TD/03/ar/WSC2026_TD03_ar.pdf,https://api.worldskills.org/skillman/documents/3/skills/2694/pdf?l=ar,queued,wsc-2026-shanghai,
WSC2026,TD,03,Intelligent Security Technology,,de,WSC2026_TD03_de.pdf,0,,WSC2026/TD/03/de/WSC2026_TD03_de.pdf,https://api.worldskills.org/skillman/documents/3/skills/2694/pdf?l=de,queued,wsc-2026-shanghai,
WSC2026,TD,03,Intelligent Security Technology,,en,WSC2026_TD03_en.pdf,0,,WSC2026/TD/03/en/WSC2026_TD03_en.pdf,https://api.worldskills.org/skillman/documents/3/skills/2694/pdf?l=en,queued,wsc-2026-shanghai,
WSC2026,TD,03,Intelligent Security Technology,,es,WSC2026_TD03_es.pdf,0,,WSC2026/TD/03/es/WSC2026_TD03_es.pdf,https://api.worldskills.org/skillman/documents/3/skills/2694/pdf?l=es,queued,wsc-2026-shanghai,
WSC2026,TD,03,Intelligent Security Technology,,fi,WSC2026_TD03_fi.pdf,0,,WSC2026/TD/03/fi/WSC2026_TD03_fi.pdf,https://api.worldskills.org/skillman/documents/3/skills/2694/pdf?l=fi,queued,wsc-2026-shanghai,
WSC2026,TD,03,Intelligent Security Technology,,fr,WSC2026_TD03_fr.pdf,0,,WSC2026/TD/03/fr/WSC2026_TD03_fr.pdf,https://api.worldskills.org/skillman/documents/3/skills/2694/pdf?l=fr,queued,wsc-2026-shanghai,
WSC2026,TD,03,Intelligent Security Technology,,ja,WSC2026_TD03_ja.pdf,0,,WSC2026/TD/03/ja/WSC2026_TD03_ja.pdf,https://api.worldskills.org/skillman/documents/3/skills/2694/pdf?l=ja,queued,wsc-2026-shanghai,
WSC2026,TD,03,Intelligent Security Technology,,ko,WSC2026_TD03_ko.pdf,0,,WSC2026/TD/03/ko/WSC2026_TD03_ko.pdf,https://api.worldskills.org/skillman/documents/3/skills/2694/pdf?l=ko,queued,wsc-2026-shanghai,
WSC2026,TD,03,Intelligent Security Technology,,pt,WSC2026_TD03_pt.pdf,0,,WSC2026/TD/03/pt/WSC2026_TD03_pt.pdf,https://api.worldskills.org/skillman/documents/3/skills/2694/pdf?l=pt,queued,wsc-2026-shanghai,
WSC2026,TD,03,Intelligent Security Technology,,ru,WSC2026_TD03_ru.pdf,0,,WSC2026/TD/03/ru/WSC2026_TD03_ru.pdf,https://api.worldskills.org/skillman/documents/3/skills/2694/pdf?l=ru,queued,wsc-2026-shanghai,
WSC2026,TD,03,Intelligent Security Technology,,zh,WSC2026_TD03_zh.pdf,0,,WSC2026/TD/03/zh/WSC2026_TD03_zh.pdf,https://api.worldskills.org/skillman/documents/3/skills/2694/pdf?l=zh,queued,wsc-2026-shanghai,
WSC2026,TD,04,Mechatronics,,ar,WSC2026_TD04_ar.pdf,0,,WSC2026/TD/04/ar/WSC2026_TD04_ar.pdf,https://api.worldskills.org/skillman/documents/3/skills/2411/pdf?l=ar,queued,wsc-2026-shanghai,
WSC2026,TD,04,Mechatronics,,de,WSC2026_TD04_de.pdf,0,,WSC2026/TD/04/de/WSC2026_TD04_de.pdf,https://api.worldskills.org/skillman/documents/3/skills/2411/pdf?l=de,queued,wsc-2026-shanghai,
WSC2026,TD,04,Mechatronics,,en,WSC2026_TD04_en.pdf,0,,WSC2026/TD/04/en/WSC2026_TD04_en.pdf,https://api.worldskills.org/skillman/documents/3/skills/2411/pdf?l=en,queued,wsc-2026-shanghai,
WSC2026,TD,04,Mechatronics,,es,WSC2026_TD04_es.pdf,0,,WSC2026/TD/04/es/WSC2026_TD04_es.pdf,https://api.worldskills.org/skillman/documents/3/skills/2411/pdf?l=es,queued,wsc-2026-shanghai,
WSC2026,TD,04,Mechatronics,,fi,WSC2026_TD04_fi.pdf,0,,WSC2026/TD/04/fi/WSC2026_TD04_fi.pdf,https://api.worldskills.org/skillman/documents/3/skills/2411/pdf?l=fi,queued,wsc-2026-shanghai,
WSC2026,TD,04,Mechatronics,,fr,WSC2026_TD04_fr.pdf,0,,WSC2026/TD/04/fr/WSC2026_TD04_fr.pdf,https://api.worldskills.org/skillman/documents/3/skills/2411/pdf?l=fr,queued,wsc-2026-shanghai,
WSC2026,TD,04,Mechatronics,,ja,WSC2026_TD04_ja.pdf,0,,WSC2026/TD/04/ja/WSC2026_TD04_ja.pdf,https://api.worldskills.org/skillman/documents/3/skills/2411/pdf?l=ja,queued,wsc-2026-shanghai,
WSC2026,TD,04,Mechatronics,,ko,WSC2026_TD04_ko.pdf,0,,WSC2026/TD/04/ko/WSC2026_TD04_ko.pdf,https://api.worldskills.org/skillman/documents/3/skills/2411/pdf?l=ko,queued,wsc-2026-shanghai,
WSC2026,TD,04,Mechatronics,,pt,WSC2026_TD04_pt.pdf,0,,WSC2026/TD/04/pt/WSC2026_TD04_pt.pdf,https://api.worldskills.org/skillman/documents/3/skills/2411/pdf?l=pt,queued,wsc-2026-shanghai,
WSC2026,TD,04,Mechatronics,,ru,WSC2026_TD04_ru.pdf,0,,WSC2026/TD/04/ru/WSC2026_TD04_ru.pdf,https://api.worldskills.org/skillman/documents/3/skills/2411/pdf?l=ru,queued,wsc-2026-shanghai,
WSC2026,TD,04,Mechatronics,,zh,WSC2026_TD04_zh.pdf,0,,WSC2026/TD/04/zh/WSC2026_TD04_zh.pdf,https://api.worldskills.org/skillman/documents/3/skills/2411/pdf?l=zh,queued,wsc-2026-shanghai,
WSC2026,TD,05,Mechanical Engineering CAD,,ar,WSC2026_TD05_ar.pdf,0,,WSC2026/TD/05/ar/WSC2026_TD05_ar.pdf,https://api.worldskills.org/skillman/documents/3/skills/2408/pdf?l=ar,queued,wsc-2026-shanghai,
WSC2026,TD,05,Mechanical Engineering CAD,,de,WSC2026_TD05_de.pdf,0,,WSC2026/TD/05/de/WSC2026_TD05_de.pdf,https://api.worldskills.org/skillman/documents/3/skills/2408/pdf?l=de,queued,wsc-2026-shanghai,
WSC2026,TD,05,Mechanical Engineering CAD,,en,WSC2026_TD05_en.pdf,0,,WSC2026/TD/05/en/WSC2026_TD05_en.pdf,https://api.worldskills.org/skillman/documents/3/skills/2408/pdf?l=en,queued,wsc-2026-shanghai,
WSC2026,TD,05,Mechanical Engineering CAD,,es,WSC2026_TD05_es.pdf,0,,WSC2026/TD/05/es/WSC2026_TD05_es.pdf,https://api.worldskills.org/skillman/documents/3/skills/2408/pdf?l=es,queued,wsc-2026-shanghai,
WSC2026,TD,05,Mechanical Engineering CAD,,fi,WSC2026_TD05_fi.pdf,0,,WSC2026/TD/05/fi/WSC2026_TD05_fi.pdf,https://api.worldskills.org/skillman/documents/3/skills/2408/pdf?l=fi,queued,wsc-2026-shanghai,
WSC2026,TD,05,Mechanical Engineering CAD,,fr,WSC2026_TD05_fr.pdf,0,,WSC2026/TD/05/fr/WSC2026_TD05_fr.pdf,https://api.worldskills.org/skillman/documents/3/skills/2408/pdf?l=fr,queued,wsc-2026-shanghai,
WSC2026,TD,05,Mechanical Engineering CAD,,ja,WSC2026_TD05_ja.pdf,0,,WSC2026/TD/05/ja/WSC2026_TD05_ja.pdf,https://api.worldskills.org/skillman/documents/3/skills/2408/pdf?l=ja,queued,wsc-2026-shanghai,
WSC2026,TD,05,Mechanical Engineering CAD,,ko,WSC2026_TD05_ko.pdf,0,,WSC2026/TD/05/ko/WSC2026_TD05_ko.pdf,https://api.worldskills.org/skillman/documents/3/skills/2408/pdf?l=ko,queued,wsc-2026-shanghai,
WSC2026,TD,05,Mechanical Engineering CAD,,pt,WSC2026_TD05_pt.pdf,0,,WSC2026/TD/05/pt/WSC2026_TD05_pt.pdf,https://api.worldskills.org/skillman/documents/3/skills/2408/pdf?l=pt,queued,wsc-2026-shanghai,
WSC2026,TD,05,Mechanical Engineering CAD,,ru,WSC2026_TD05_ru.pdf,0,,WSC2026/TD/05/ru/WSC2026_TD05_ru.pdf,https://api.worldskills.org/skillman/documents/3/skills/2408/pdf?l=ru,queued,wsc-2026-shanghai,
WSC2026,TD,05,Mechanical Engineering CAD,,zh,WSC2026_TD05_zh.pdf,0,,WSC2026/TD/05/zh/WSC2026_TD05_zh.pdf,https://api.worldskills.org/skillman/documents/3/skills/2408/pdf?l=zh,queued,wsc-2026-shanghai,
WSC2026,TD,06,CNC Turning,,ar,WSC2026_TD06_ar.pdf,0,,WSC2026/TD/06/ar/WSC2026_TD06_ar.pdf,https://api.worldskills.org/skillman/documents/3/skills/2433/pdf?l=ar,queued,wsc-2026-shanghai,
WSC2026,TD,06,CNC Turning,,de,WSC2026_TD06_de.pdf,0,,WSC2026/TD/06/de/WSC2026_TD06_de.pdf,https://api.worldskills.org/skillman/documents/3/skills/2433/pdf?l=de,queued,wsc-2026-shanghai,
WSC2026,TD,06,CNC Turning,,en,WSC2026_TD06_en.pdf,0,,WSC2026/TD/06/en/WSC2026_TD06_en.pdf,https://api.worldskills.org/skillman/documents/3/skills/2433/pdf?l=en,queued,wsc-2026-shanghai,
WSC2026,TD,06,CNC Turning,,es,WSC2026_TD06_es.pdf,0,,WSC2026/TD/06/es/WSC2026_TD06_es.pdf,https://api.worldskills.org/skillman/documents/3/skills/2433/pdf?l=es,queued,wsc-2026-shanghai,
WSC2026,TD,06,CNC Turning,,fi,WSC2026_TD06_fi.pdf,0,,WSC2026/TD/06/fi/WSC2026_TD06_fi.pdf,https://api.worldskills.org/skillman/documents/3/skills/2433/pdf?l=fi,queued,wsc-2026-shanghai,
WSC2026,TD,06,CNC Turning,,fr,WSC2026_TD06_fr.pdf,0,,WSC2026/TD/06/fr/WSC2026_TD06_fr.pdf,https://api.worldskills.org/skillman/documents/3/skills/2433/pdf?l=fr,queued,wsc-2026-shanghai,
WSC2026,TD,06,CNC Turning,,ja,WSC2026_TD06_ja.pdf,0,,WSC2026/TD/06/ja/WSC2026_TD06_ja.pdf,https://api.worldskills.org/skillman/documents/3/skills/2433/pdf?l=ja,queued,wsc-2026-shanghai,
WSC2026,TD,06,CNC Turning,,ko,WSC2026_TD06_ko.pdf,0,,WSC2026/TD/06/ko/WSC2026_TD06_ko.pdf,https://api.worldskills.org/skillman/documents/3/skills/2433/pdf?l=ko,queued,wsc-2026-shanghai,
WSC2026,TD,06,CNC Turning,,pt,WSC2026_TD06_pt.pdf,0,,WSC2026/TD/06/pt/WSC2026_TD06_pt.pdf,https://api.worldskills.org/skillman/documents/3/skills/2433/pdf?l=pt,queued,wsc-2026-shanghai,
WSC2026,TD,06,CNC Turning,,ru,WSC2026_TD06_ru.pdf,0,,WSC2026/TD/06/ru/WSC2026_TD06_ru.pdf,https://api.worldskills.org/skillman/documents/3/skills/2433/pdf?l=ru,queued,wsc-2026-shanghai,
WSC2026,TD,06,CNC Turning,,zh,WSC2026_TD06_zh.pdf,0,,WSC2026/TD/06/zh/WSC2026_TD06_zh.pdf,https://api.worldskills.org/skillman/documents/3/skills/2433/pdf?l=zh,queued,wsc-2026-shanghai,
WSC2026,TD,07,CNC Milling,,ar,WSC2026_TD07_ar.pdf,0,,WSC2026/TD/07/ar/WSC2026_TD07_ar.pdf,https://api.worldskills.org/skillman/documents/3/skills/2406/pdf?l=ar,queued,wsc-2026-shanghai,
WSC2026,TD,07,CNC Milling,,de,WSC2026_TD07_de.pdf,0,,WSC2026/TD/07/de/WSC2026_TD07_de.pdf,https://api.worldskills.org/skillman/documents/3/skills/2406/pdf?l=de,queued,wsc-2026-shanghai,
WSC2026,TD,07,CNC Milling,,en,WSC2026_TD07_en.pdf,0,,WSC2026/TD/07/en/WSC2026_TD07_en.pdf,https://api.worldskills.org/skillman/documents/3/skills/2406/pdf?l=en,queued,wsc-2026-shanghai,
WSC2026,TD,07,CNC Milling,,es,WSC2026_TD07_es.pdf,0,,WSC2026/TD/07/es/WSC2026_TD07_es.pdf,https://api.worldskills.org/skillman/documents/3/skills/2406/pdf?l=es,queued,wsc-2026-shanghai,
WSC2026,TD,07,CNC Milling,,fi,WSC2026_TD07_fi.pdf,0,,WSC2026/TD/07/fi/WSC2026_TD07_fi.pdf,https://api.worldskills.org/skillman/documents/3/skills/2406/pdf?l=fi,queued,wsc-2026-shanghai,
WSC2026,TD,07,CNC Milling,,fr,WSC2026_TD07_fr.pdf,0,,WSC2026/TD/07/fr/WSC2026_TD07_fr.pdf,https://api.worldskills.org/skillman/documents/3/skills/2406/pdf?l=fr,queued,wsc-2026-shanghai,
WSC2026,TD,07,CNC Milling,,ja,WSC2026_TD07_ja.pdf,0,,WSC2026/TD/07/ja/WSC2026_TD07_ja.pdf,https://api.worldskills.org/skillman/documents/3/skills/2406/pdf?l=ja,queued,wsc-2026-shanghai,
WSC2026,TD,07,CNC Milling,,ko,WSC2026_TD07_ko.pdf,0,,WSC2026/TD/07/ko/WSC2026_TD07_ko.pdf,https://api.worldskills.org/skillman/documents/3/skills/2406/pdf?l=ko,queued,wsc-2026-shanghai,
WSC2026,TD,07,CNC Milling,,pt,WSC2026_TD07_pt.pdf,0,,WSC2026/TD/07/pt/WSC2026_TD07_pt.pdf,https://api.worldskills.org/skillman/documents/3/skills/2406/pdf?l=pt,queued,wsc-2026-shanghai,
WSC2026,TD,07,CNC Milling,,ru,WSC2026_TD07_ru.pdf,0,,WSC2026/TD/07/ru/WSC2026_TD07_ru.pdf,https://api.worldskills.org/skillman/documents/3/skills/2406/pdf?l=ru,queued,wsc-2026-shanghai,
WSC2026,TD,07,CNC Milling,,zh,WSC2026_TD07_zh.pdf,0,,WSC2026/TD/07/zh/WSC2026_TD07_zh.pdf,https://api.worldskills.org/skillman/documents/3/skills/2406/pdf?l=zh,queued,wsc-2026-shanghai,
WSC2026,TD,08,Mobile Applications Development,,ar,WSC2026_TD08_ar.pdf,0,,WSC2026/TD/08/ar/WSC2026_TD08_ar.pdf,https://api.worldskills.org/skillman/documents/3/skills/2416/pdf?l=ar,queued,wsc-2026-shanghai,
WSC2026,TD,08,Mobile Applications Development,,de,WSC2026_TD08_de.pdf,0,,WSC2026/TD/08/de/WSC2026_TD08_de.pdf,https://api.worldskills.org/skillman/documents/3/skills/2416/pdf?l=de,queued,wsc-2026-shanghai,
WSC2026,TD,08,Mobile Applications Development,,en,WSC2026_TD08_en.pdf,0,,WSC2026/TD/08/en/WSC2026_TD08_en.pdf,https://api.worldskills.org/skillman/documents/3/skills/2416/pdf?l=en,queued,wsc-2026-shanghai,
WSC2026,TD,08,Mobile Applications Development,,es,WSC2026_TD08_es.pdf,0,,WSC2026/TD/08/es/WSC2026_TD08_es.pdf,https://api.worldskills.org/skillman/documents/3/skills/2416/pdf?l=es,queued,wsc-2026-shanghai,
WSC2026,TD,08,Mobile Applications Development,,fi,WSC2026_TD08_fi.pdf,0,,WSC2026/TD/08/fi/WSC2026_TD08_fi.pdf,https://api.worldskills.org/skillman/documents/3/skills/2416/pdf?l=fi,queued,wsc-2026-shanghai,
WSC2026,TD,08,Mobile Applications Development,,fr,WSC2026_TD08_fr.pdf,0,,WSC2026/TD/08/fr/WSC2026_TD08_fr.pdf,https://api.worldskills.org/skillman/documents/3/skills/2416/pdf?l=fr,queued,wsc-2026-shanghai,
WSC2026,TD,08,Mobile Applications Development,,ja,WSC2026_TD08_ja.pdf,0,,WSC2026/TD/08/ja/WSC2026_TD08_ja.pdf,https://api.worldskills.org/skillman/documents/3/skills/2416/pdf?l=ja,queued,wsc-2026-shanghai,
WSC2026,TD,08,Mobile Applications Development,,ko,WSC2026_TD08_ko.pdf,0,,WSC2026/TD/08/ko/WSC2026_TD08_ko.pdf,https://api.worldskills.org/skillman/documents/3/skills/2416/pdf?l=ko,queued,wsc-2026-shanghai,
WSC2026,TD,08,Mobile Applications Development,,pt,WSC2026_TD08_pt.pdf,0,,WSC2026/TD/08/pt/WSC2026_TD08_pt.pdf,https://api.worldskills.org/skillman/documents/3/skills/2416/pdf?l=pt,queued,wsc-2026-shanghai,
WSC2026,TD,08,Mobile Applications Development,,ru,WSC2026_TD08_ru.pdf,0,,WSC2026/TD/08/ru/WSC2026_TD08_ru.pdf,https://api.worldskills.org/skillman/documents/3/skills/2416/pdf?l=ru,queued,wsc-2026-shanghai,
WSC2026,TD,08,Mobile Applications Development,,zh,WSC2026_TD08_zh.pdf,0,,WSC2026/TD/08/zh/WSC2026_TD08_zh.pdf,https://api.worldskills.org/skillman/documents/3/skills/2416/pdf?l=zh,queued,wsc-2026-shanghai,
WSC2026,TD,09,Software Applications Development,,ar,WSC2026_TD09_ar.pdf,0,,WSC2026/TD/09/ar/WSC2026_TD09_ar.pdf,https://api.worldskills.org/skillman/documents/3/skills/2429/pdf?l=ar,queued,wsc-2026-shanghai,
WSC2026,TD,09,Software Applications Development,,de,WSC2026_TD09_de.pdf,0,,WSC2026/TD/09/de/WSC2026_TD09_de.pdf,https://api.worldskills.org/skillman/documents/3/skills/2429/pdf?l=de,queued,wsc-2026-shanghai,
WSC2026,TD,09,Software Applications Development,,en,WSC2026_TD09_en.pdf,0,,WSC2026/TD/09/en/WSC2026_TD09_en.pdf,https://api.worldskills.org/skillman/documents/3/skills/2429/pdf?l=en,queued,wsc-2026-shanghai,
WSC2026,TD,09,Software Applications Development,,es,WSC2026_TD09_es.pdf,0,,WSC2026/TD/09/es/WSC2026_TD09_es.pdf,https://api.worldskills.org/skillman/documents/3/skills/2429/pdf?l=es,queued,wsc-2026-shanghai,
WSC2026,TD,09,Software Applications Development,,fi,WSC2026_TD09_fi.pdf,0,,WSC2026/TD/09/fi/WSC2026_TD09_fi.pdf,https://api.worldskills.org/skillman/documents/3/skills/2429/pdf?l=fi,queued,wsc-2026-shanghai,
WSC2026,TD,09,Software Applications Development,,fr,WSC2026_TD09_fr.pdf,0,,WSC2026/TD/09/fr/WSC2026_TD09_fr.pdf,https://api.worldskills.org/skillman/documents/3/skills/2429/pdf?l=fr,queued,wsc-2026-shanghai,
WSC2026,TD,09,Software Applications Development,,ja,WSC2026_TD09_ja.pdf,0,,WSC2026/TD/09/ja/WSC2026_TD09_ja.pdf,https://api.worldskills.org/skillman/documents/3/skills/2429/pdf?l=ja,queued,wsc-2026-shanghai,
WSC2026,TD,09,Software Applications Development,,ko,WSC2026_TD09_ko.pdf,0,,WSC2026/TD/09/ko/WSC2026_TD09_ko.pdf,https://api.worldskills.org/skillman/documents/3/skills/2429/pdf?l=ko,queued,wsc-2026-shanghai,
WSC2026,TD,09,Software Applications Development,,pt,WSC2026_TD09_pt.pdf,0,,WSC2026/TD/09/pt/WSC2026_TD09_pt.pdf,https://api.worldskills.org/skillman/documents/3/skills/2429/pdf?l=pt,queued,wsc-2026-shanghai,
WSC2026,TD,09,Software Applications Development,,ru,WSC2026_TD09_ru.pdf,0,,WSC2026/TD/09/ru/WSC2026_TD09_ru.pdf,https://api.worldskills.org/skillman/documents/3/skills/2429/pdf?l=ru,queued,wsc-2026-shanghai,
WSC2026,TD,09,Software Applications Development,,zh,WSC2026_TD09_zh.pdf,0,,WSC2026/TD/09/zh/WSC2026_TD09_zh.pdf,https://api.worldskills.org/skillman/documents/3/skills/2429/pdf?l=zh,queued,wsc-2026-shanghai,
WSC2026,TD,10,Welding,,ar,WSC2026_TD10_ar.pdf,0,,WSC2026/TD/10/ar/WSC2026_TD10_ar.pdf,https://api.worldskills.org/skillman/documents/3/skills/2446/pdf?l=ar,queued,wsc-2026-shanghai,
WSC2026,TD,10,Welding,,de,WSC2026_TD10_de.pdf,0,,WSC2026/TD/10/de/WSC2026_TD10_de.pdf,https://api.worldskills.org/skillman/documents/3/skills/2446/pdf?l=de,queued,wsc-2026-shanghai,
WSC2026,TD,10,Welding,,en,WSC2026_TD10_en.pdf,0,,WSC2026/TD/10/en/WSC2026_TD10_en.pdf,https://api.worldskills.org/skillman/documents/3/skills/2446/pdf?l=en,queued,wsc-2026-shanghai,
WSC2026,TD,10,Welding,,es,WSC2026_TD10_es.pdf,0,,WSC2026/TD/10/es/WSC2026_TD10_es.pdf,https://api.worldskills.org/skillman/documents/3/skills/2446/pdf?l=es,queued,wsc-2026-shanghai,
WSC2026,TD,10,Welding,,fi,WSC2026_TD10_fi.pdf,0,,WSC2026/TD/10/fi/WSC2026_TD10_fi.pdf,https://api.worldskills.org/skillman/documents/3/skills/2446/pdf?l=fi,queued,wsc-2026-shanghai,
WSC2026,TD,10,Welding,,fr,WSC2026_TD10_fr.pdf,0,,WSC2026/TD/10/fr/WSC2026_TD10_fr.pdf,https://api.worldskills.org/skillman/documents/3/skills/2446/pdf?l=fr,queued,wsc-2026-shanghai,
WSC2026,TD,10,Welding,,ja,WSC2026_TD10_ja.pdf,0,,WSC2026/TD/10/ja/WSC2026_TD10_ja.pdf,https://api.worldskills.org/skillman/documents/3/skills/2446/pdf?l=ja,queued,wsc-2026-shanghai,
WSC2026,TD,10,Welding,,ko,WSC2026_TD10_ko.pdf,0,,WSC2026/TD/10/ko/WSC2026_TD10_ko.pdf,https://api.worldskills.org/skillman/documents/3/skills/2446/pdf?l=ko,queued,wsc-2026-shanghai,
WSC2026,TD,10,Welding,,pt,WSC2026_TD10_pt.pdf,0,,WSC2026/TD/10/pt/WSC2026_TD10_pt.pdf,https://api.worldskills.org/skillman/documents/3/skills/2446/pdf?l=pt,queued,wsc-2026-shanghai,
WSC2026,TD,10,Welding,,ru,WSC2026_TD10_ru.pdf,0,,WSC2026/TD/10/ru/WSC2026_TD10_ru.pdf,https://api.worldskills.org/skillman/documents/3/skills/2446/pdf?l=ru,queued,wsc-2026-shanghai,
WSC2026,TD,10,Welding,,zh,WSC2026_TD10_zh.pdf,0,,WSC2026/TD/10/zh/WSC2026_TD10_zh.pdf,https://api.worldskills.org/skillman/documents/3/skills/2446/pdf?l=zh,queued,wsc-2026-shanghai,
WSC2026,TD,11,Software Testing,,ar,WSC2026_TD11_ar.pdf,0,,WSC2026/TD/11/ar/WSC2026_TD11_ar.pdf,https://api.worldskills.org/skillman/documents/3/skills/2697/pdf?l=ar,queued,wsc-2026-shanghai,
WSC2026,TD,11,Software Testing,,de,WSC2026_TD11_de.pdf,0,,WSC2026/TD/11/de/WSC2026_TD11_de.pdf,https://api.worldskills.org/skillman/documents/3/skills/2697/pdf?l=de,queued,wsc-2026-shanghai,
WSC2026,TD,11,Software Testing,,en,WSC2026_TD11_en.pdf,0,,WSC2026/TD/11/en/WSC2026_TD11_en.pdf,https://api.worldskills.org/skillman/documents/3/skills/2697/pdf?l=en,queued,wsc-2026-shanghai,
WSC2026,TD,11,Software Testing,,es,WSC2026_TD11_es.pdf,0,,WSC2026/TD/11/es/WSC2026_TD11_es.pdf,https://api.worldskills.org/skillman/documents/3/skills/2697/pdf?l=es,queued,wsc-2026-shanghai,
WSC2026,TD,11,Software Testing,,fi,WSC2026_TD11_fi.pdf,0,,WSC2026/TD/11/fi/WSC2026_TD11_fi.pdf,https://api.worldskills.org/skillman/documents/3/skills/2697/pdf?l=fi,queued,wsc-2026-shanghai,
WSC2026,TD,11,Software Testing,,fr,WSC2026_TD11_fr.pdf,0,,WSC2026/TD/11/fr/WSC2026_TD11_fr.pdf,https://api.worldskills.org/skillman/documents/3/skills/2697/pdf?l=fr,queued,wsc-2026-shanghai,
WSC2026,TD,11,Software Testing,,ja,WSC2026_TD11_ja.pdf,0,,WSC2026/TD/11/ja/WSC2026_TD11_ja.pdf,https://api.worldskills.org/skillman/documents/3/skills/2697/pdf?l=ja,queued,wsc-2026-shanghai,
WSC2026,TD,11,Software Testing,,ko,WSC2026_TD11_ko.pdf,0,,WSC2026/TD/11/ko/WSC2026_TD11_ko.pdf,https://api.worldskills.org/skillman/documents/3/skills/2697/pdf?l=ko,queued,wsc-2026-shanghai,
WSC2026,TD,11,Software Testing,,pt,WSC2026_TD11_pt.pdf,0,,WSC2026/TD/11/pt/WSC2026_TD11_pt.pdf,https://api.worldskills.org/skillman/documents/3/skills/2697/pdf?l=pt,queued,wsc-2026-shanghai,
WSC2026,TD,11,Software Testing,,ru,WSC2026_TD11_ru.pdf,0,,WSC2026/TD/11/ru/WSC2026_TD11_ru.pdf,https://api.worldskills.org/skillman/documents/3/skills/2697/pdf?l=ru,queued,wsc-2026-shanghai,
WSC2026,TD,11,Software Testing,,zh,WSC2026_TD11_zh.pdf,0,,WSC2026/TD/11/zh/WSC2026_TD11_zh.pdf,https://api.worldskills.org/skillman/documents/3/skills/2697/pdf?l=zh,queued,wsc-2026-shanghai,
WSC2026,TD,12,Wall and Floor Tiling,,ar,WSC2026_TD12_ar.pdf,0,,WSC2026/TD/12/ar/WSC2026_TD12_ar.pdf,https://api.worldskills.org/skillman/documents/3/skills/2414/pdf?l=ar,queued,wsc-2026-shanghai,
WSC2026,TD,12,Wall and Floor Tiling,,de,WSC2026_TD12_de.pdf,0,,WSC2026/TD/12/de/WSC2026_TD12_de.pdf,https://api.worldskills.org/skillman/documents/3/skills/2414/pdf?l=de,queued,wsc-2026-shanghai,
WSC2026,TD,12,Wall and Floor Tiling,,en,WSC2026_TD12_en.pdf,0,,WSC2026/TD/12/en/WSC2026_TD12_en.pdf,https://api.worldskills.org/skillman/documents/3/skills/2414/pdf?l=en,queued,wsc-2026-shanghai,
WSC2026,TD,12,Wall and Floor Tiling,,es,WSC2026_TD12_es.pdf,0,,WSC2026/TD/12/es/WSC2026_TD12_es.pdf,https://api.worldskills.org/skillman/documents/3/skills/2414/pdf?l=es,queued,wsc-2026-shanghai,
WSC2026,TD,12,Wall and Floor Tiling,,fi,WSC2026_TD12_fi.pdf,0,,WSC2026/TD/12/fi/WSC2026_TD12_fi.pdf,https://api.worldskills.org/skillman/documents/3/skills/2414/pdf?l=fi,queued,wsc-2026-shanghai,
WSC2026,TD,12,Wall and Floor Tiling,,fr,WSC2026_TD12_fr.pdf,0,,WSC2026/TD/12/fr/WSC2026_TD12_fr.pdf,https://api.worldskills.org/skillman/documents/3/skills/2414/pdf?l=fr,queued,wsc-2026-shanghai,
WSC2026,TD,12,Wall and Floor Tiling,,ja,WSC2026_TD12_ja.pdf,0,,WSC2026/TD/12/ja/WSC2026_TD12_ja.pdf,https://api.worldskills.org/skillman/documents/3/skills/2414/pdf?l=ja,queued,wsc-2026-shanghai,
WSC2026,TD,12,Wall and Floor Tiling,,ko,WSC2026_TD12_ko.pdf,0,,WSC2026/TD/12/ko/WSC2026_TD12_ko.pdf,https://api.worldskills.org/skillman/documents/3/skills/2414/pdf?l=ko,queued,wsc-2026-shanghai,
WSC2026,TD,12,Wall and Floor Tiling,,pt,WSC2026_TD12_pt.pdf,0,,WSC2026/TD/12/pt/WSC2026_TD12_pt.pdf,https://api.worldskills.org/skillman/documents/3/skills/2414/pdf?l=pt,queued,wsc-2026-shanghai,
WSC2026,TD,12,Wall and Floor Tiling,,ru,WSC2026_TD12_ru.pdf,0,,WSC2026/TD/12/ru/WSC2026_TD12_ru.pdf,https://api.worldskills.org/skillman/documents/3/skills/2414/pdf?l=ru,queued,wsc-2026-shanghai,
WSC2026,TD,12,Wall and Floor Tiling,,zh,WSC2026_TD12_zh.pdf,0,,WSC2026/TD/12/zh/WSC2026_TD12_zh.pdf,https://api.worldskills.org/skillman/documents/3/skills/2414/pdf?l=zh,queued,wsc-2026-shanghai,
WSC2026,TD,13,Autobody Repair,,ar,WSC2026_TD13_ar.pdf,0,,WSC2026/TD/13/ar/WSC2026_TD13_ar.pdf,https://api.worldskills.org/skillman/documents/3/skills/2405/pdf?l=ar,queued,wsc-2026-shanghai,
WSC2026,TD,13,Autobody Repair,,de,WSC2026_TD13_de.pdf,0,,WSC2026/TD/13/de/WSC2026_TD13_de.pdf,https://api.worldskills.org/skillman/documents/3/skills/2405/pdf?l=de,queued,wsc-2026-shanghai,
WSC2026,TD,13,Autobody Repair,,en,WSC2026_TD13_en.pdf,0,,WSC2026/TD/13/en/WSC2026_TD13_en.pdf,https://api.worldskills.org/skillman/documents/3/skills/2405/pdf?l=en,queued,wsc-2026-shanghai,
WSC2026,TD,13,Autobody Repair,,es,WSC2026_TD13_es.pdf,0,,WSC2026/TD/13/es/WSC2026_TD13_es.pdf,https://api.worldskills.org/skillman/documents/3/skills/2405/pdf?l=es,queued,wsc-2026-shanghai,
WSC2026,TD,13,Autobody Repair,,fi,WSC2026_TD13_fi.pdf,0,,WSC2026/TD/13/fi/WSC2026_TD13_fi.pdf,https://api.worldskills.org/skillman/documents/3/skills/2405/pdf?l=fi,queued,wsc-2026-shanghai,
WSC2026,TD,13,Autobody Repair,,fr,WSC2026_TD13_fr.pdf,0,,WSC2026/TD/13/fr/WSC2026_TD13_fr.pdf,https://api.worldskills.org/skillman/documents/3/skills/2405/pdf?l=fr,queued,wsc-2026-shanghai,
WSC2026,TD,13,Autobody Repair,,ja,WSC2026_TD13_ja.pdf,0,,WSC2026/TD/13/ja/WSC2026_TD13_ja.pdf,https://api.worldskills.org/skillman/documents/3/skills/2405/pdf?l=ja,queued,wsc-2026-shanghai,
WSC2026,TD,13,Autobody Repair,,ko,WSC2026_TD13_ko.pdf,0,,WSC2026/TD/13/ko/WSC2026_TD13_ko.pdf,https://api.worldskills.org/skillman/documents/3/skills/2405/pdf?l=ko,queued,wsc-2026-shanghai,
WSC2026,TD,13,Autobody Repair,,pt,WSC2026_TD13_pt.pdf,0,,WSC2026/TD/13/pt/WSC2026_TD13_pt.pdf,https://api.worldskills.org/skillman/documents/3/skills/2405/pdf?l=pt,queued,wsc-2026-shanghai,
WSC2026,TD,13,Autobody Repair,,ru,WSC2026_TD13_ru.pdf,0,,WSC2026/TD/13/ru/WSC2026_TD13_ru.pdf,https://api.worldskills.org/skillman/documents/3/skills/2405/pdf?l=ru,queued,wsc-2026-shanghai,
WSC2026,TD,13,Autobody Repair,,zh,WSC2026_TD13_zh.pdf,0,,WSC2026/TD/13/zh/WSC2026_TD13_zh.pdf,https://api.worldskills.org/skillman/documents/3/skills/2405/pdf?l=zh,queued,wsc-2026-shanghai,
WSC2026,TD,14,Aircraft Maintenance,,ar,WSC2026_TD14_ar.pdf,0,,WSC2026/TD/14/ar/WSC2026_TD14_ar.pdf,https://api.worldskills.org/skillman/documents/3/skills/2435/pdf?l=ar,queued,wsc-2026-shanghai,
WSC2026,TD,14,Aircraft Maintenance,,de,WSC2026_TD14_de.pdf,0,,WSC2026/TD/14/de/WSC2026_TD14_de.pdf,https://api.worldskills.org/skillman/documents/3/skills/2435/pdf?l=de,queued,wsc-2026-shanghai,
WSC2026,TD,14,Aircraft Maintenance,,en,WSC2026_TD14_en.pdf,0,,WSC2026/TD/14/en/WSC2026_TD14_en.pdf,https://api.worldskills.org/skillman/documents/3/skills/2435/pdf?l=en,queued,wsc-2026-shanghai,
WSC2026,TD,14,Aircraft Maintenance,,es,WSC2026_TD14_es.pdf,0,,WSC2026/TD/14/es/WSC2026_TD14_es.pdf,https://api.worldskills.org/skillman/documents/3/skills/2435/pdf?l=es,queued,wsc-2026-shanghai,
WSC2026,TD,14,Aircraft Maintenance,,fi,WSC2026_TD14_fi.pdf,0,,WSC2026/TD/14/fi/WSC2026_TD14_fi.pdf,https://api.worldskills.org/skillman/documents/3/skills/2435/pdf?l=fi,queued,wsc-2026-shanghai,
WSC2026,TD,14,Aircraft Maintenance,,fr,WSC2026_TD14_fr.pdf,0,,WSC2026/TD/14/fr/WSC2026_TD14_fr.pdf,https://api.worldskills.org/skillman/documents/3/skills/2435/pdf?l=fr,queued,wsc-2026-shanghai,
WSC2026,TD,14,Aircraft Maintenance,,ja,WSC2026_TD14_ja.pdf,0,,WSC2026/TD/14/ja/WSC2026_TD14_ja.pdf,https://api.worldskills.org/skillman/documents/3/skills/2435/pdf?l=ja,queued,wsc-2026-shanghai,
WSC2026,TD,14,Aircraft Maintenance,,ko,WSC2026_TD14_ko.pdf,0,,WSC2026/TD/14/ko/WSC2026_TD14_ko.pdf,https://api.worldskills.org/skillman/documents/3/skills/2435/pdf?l=ko,queued,wsc-2026-shanghai,
WSC2026,TD,14,Aircraft Maintenance,,pt,WSC2026_TD14_pt.pdf,0,,WSC2026/TD/14/pt/WSC2026_TD14_pt.pdf,https://api.worldskills.org/skillman/documents/3/skills/2435/pdf?l=pt,queued,wsc-2026-shanghai,
WSC2026,TD,14,Aircraft Maintenance,,ru,WSC2026_TD14_ru.pdf,0,,WSC2026/TD/14/ru/WSC2026_TD14_ru.pdf,https://api.worldskills.org/skillman/documents/3/skills/2435/pdf?l=ru,queued,wsc-2026-shanghai,
WSC2026,TD,14,Aircraft Maintenance,,zh,WSC2026_TD14_zh.pdf,0,,WSC2026/TD/14/zh/WSC2026_TD14_zh.pdf,https://api.worldskills.org/skillman/documents/3/skills/2435/pdf?l=zh,queued,wsc-2026-shanghai,
WSC2026,TD,15,Plumbing and Heating,,ar,WSC2026_TD15_ar.pdf,0,,WSC2026/TD/15/ar/WSC2026_TD15_ar.pdf,https://api.worldskills.org/skillman/documents/3/skills/2417/pdf?l=ar,queued,wsc-2026-shanghai,
WSC2026,TD,15,Plumbing and Heating,,de,WSC2026_TD15_de.pdf,0,,WSC2026/TD/15/de/WSC2026_TD15_de.pdf,https://api.worldskills.org/skillman/documents/3/skills/2417/pdf?l=de,queued,wsc-2026-shanghai,
WSC2026,TD,15,Plumbing and Heating,,en,WSC2026_TD15_en.pdf,0,,WSC2026/TD/15/en/WSC2026_TD15_en.pdf,https://api.worldskills.org/skillman/documents/3/skills/2417/pdf?l=en,queued,wsc-2026-shanghai,
WSC2026,TD,15,Plumbing and Heating,,es,WSC2026_TD15_es.pdf,0,,WSC2026/TD/15/es/WSC2026_TD15_es.pdf,https://api.worldskills.org/skillman/documents/3/skills/2417/pdf?l=es,queued,wsc-2026-shanghai,
WSC2026,TD,15,Plumbing and Heating,,fi,WSC2026_TD15_fi.pdf,0,,WSC2026/TD/15/fi/WSC2026_TD15_fi.pdf,https://api.worldskills.org/skillman/documents/3/skills/2417/pdf?l=fi,queued,wsc-2026-shanghai,
WSC2026,TD,15,Plumbing and Heating,,fr,WSC2026_TD15_fr.pdf,0,,WSC2026/TD/15/fr/WSC2026_TD15_fr.pdf,https://api.worldskills.org/skillman/documents/3/skills/2417/pdf?l=fr,queued,wsc-2026-shanghai,
WSC2026,TD,15,Plumbing and Heating,,ja,WSC2026_TD15_ja.pdf,0,,WSC2026/TD/15/ja/WSC2026_TD15_ja.pdf,https://api.worldskills.org/skillman/documents/3/skills/2417/pdf?l=ja,queued,wsc-2026-shanghai,
WSC2026,TD,15,Plumbing and Heating,,ko,WSC2026_TD15_ko.pdf,0,,WSC2026/TD/15/ko/WSC2026_TD15_ko.pdf,https://api.worldskills.org/skillman/documents/3/skills/2417/pdf?l=ko,queued,wsc-2026-shanghai,
WSC2026,TD,15,Plumbing and Heating,,pt,WSC2026_TD15_pt.pdf,0,,WSC2026/TD/15/pt/WSC2026_TD15_pt.pdf,https://api.worldskills.org/skillman/documents/3/skills/2417/pdf?l=pt,queued,wsc-2026-shanghai,
WSC2026,TD,15,Plumbing and Heating,,ru,WSC2026_TD15_ru.pdf,0,,WSC2026/TD/15/ru/WSC2026_TD15_ru.pdf,https://api.worldskills.org/skillman/documents/3/skills/2417/pdf?l=ru,queued,wsc-2026-shanghai,
WSC2026,TD,15,Plumbing and Heating,,zh,WSC2026_TD15_zh.pdf,0,,WSC2026/TD/15/zh/WSC2026_TD15_zh.pdf,https://api.worldskills.org/skillman/documents/3/skills/2417/pdf?l=zh,queued,wsc-2026-shanghai,
WSC2026,TD,16,Electronics,,ar,WSC2026_TD16_ar.pdf,0,,WSC2026/TD/16/ar/WSC2026_TD16_ar.pdf,https://api.worldskills.org/skillman/documents/3/skills/2436/pdf?l=ar,queued,wsc-2026-shanghai,
WSC2026,TD,16,Electronics,,de,WSC2026_TD16_de.pdf,0,,WSC2026/TD/16/de/WSC2026_TD16_de.pdf,https://api.worldskills.org/skillman/documents/3/skills/2436/pdf?l=de,queued,wsc-2026-shanghai,
WSC2026,TD,16,Electronics,,en,WSC2026_TD16_en.pdf,0,,WSC2026/TD/16/en/WSC2026_TD16_en.pdf,https://api.worldskills.org/skillman/documents/3/skills/2436/pdf?l=en,queued,wsc-2026-shanghai,
WSC2026,TD,16,Electronics,,es,WSC2026_TD16_es.pdf,0,,WSC2026/TD/16/es/WSC2026_TD16_es.pdf,https://api.worldskills.org/skillman/documents/3/skills/2436/pdf?l=es,queued,wsc-2026-shanghai,
WSC2026,TD,16,Electronics,,fi,WSC2026_TD16_fi.pdf,0,,WSC2026/TD/16/fi/WSC2026_TD16_fi.pdf,https://api.worldskills.org/skillman/documents/3/skills/2436/pdf?l=fi,queued,wsc-2026-shanghai,
WSC2026,TD,16,Electronics,,fr,WSC2026_TD16_fr.pdf,0,,WSC2026/TD/16/fr/WSC2026_TD16_fr.pdf,https://api.worldskills.org/skillman/documents/3/skills/2436/pdf?l=fr,queued,wsc-2026-shanghai,
WSC2026,TD,16,Electronics,,ja,WSC2026_TD16_ja.pdf,0,,WSC2026/TD/16/ja/WSC2026_TD16_ja.pdf,https://api.worldskills.org/skillman/documents/3/skills/2436/pdf?l=ja,queued,wsc-2026-shanghai,
WSC2026,TD,16,Electronics,,ko,WSC2026_TD16_ko.pdf,0,,WSC2026/TD/16/ko/WSC2026_TD16_ko.pdf,https://api.worldskills.org/skillman/documents/3/skills/2436/pdf?l=ko,queued,wsc-2026-shanghai,
WSC2026,TD,16,Electronics,,pt,WSC2026_TD16_pt.pdf,0,,WSC2026/TD/16/pt/WSC2026_TD16_pt.pdf,https://api.worldskills.org/skillman/documents/3/skills/2436/pdf?l=pt,queued,wsc-2026-shanghai,
WSC2026,TD,16,Electronics,,ru,WSC2026_TD16_ru.pdf,0,,WSC2026/TD/16/ru/WSC2026_TD16_ru.pdf,https://api.worldskills.org/skillman/documents/3/skills/2436/pdf?l=ru,queued,wsc-2026-shanghai,
WSC2026,TD,16,Electronics,,zh,WSC2026_TD16_zh.pdf,0,,WSC2026/TD/16/zh/WSC2026_TD16_zh.pdf,https://api.worldskills.org/skillman/documents/3/skills/2436/pdf?l=zh,queued,wsc-2026-shanghai,
WSC2026,TD,17,Web Technologies,,ar,WSC2026_TD17_ar.pdf,0,,WSC2026/TD/17/ar/WSC2026_TD17_ar.pdf,https://api.worldskills.org/skillman/documents/3/skills/2439/pdf?l=ar,queued,wsc-2026-shanghai,
WSC2026,TD,17,Web Technologies,,de,WSC2026_TD17_de.pdf,0,,WSC2026/TD/17/de/WSC2026_TD17_de.pdf,https://api.worldskills.org/skillman/documents/3/skills/2439/pdf?l=de,queued,wsc-2026-shanghai,
WSC2026,TD,17,Web Technologies,,en,WSC2026_TD17_en.pdf,0,,WSC2026/TD/17/en/WSC2026_TD17_en.pdf,https://api.worldskills.org/skillman/documents/3/skills/2439/pdf?l=en,queued,wsc-2026-shanghai,
WSC2026,TD,17,Web Technologies,,es,WSC2026_TD17_es.pdf,0,,WSC2026/TD/17/es/WSC2026_TD17_es.pdf,https://api.worldskills.org/skillman/documents/3/skills/2439/pdf?l=es,queued,wsc-2026-shanghai,
WSC2026,TD,17,Web Technologies,,fi,WSC2026_TD17_fi.pdf,0,,WSC2026/TD/17/fi/WSC2026_TD17_fi.pdf,https://api.worldskills.org/skillman/documents/3/skills/2439/pdf?l=fi,queued,wsc-2026-shanghai,
WSC2026,TD,17,Web Technologies,,fr,WSC2026_TD17_fr.pdf,0,,WSC2026/TD/17/fr/WSC2026_TD17_fr.pdf,https://api.worldskills.org/skillman/documents/3/skills/2439/pdf?l=fr,queued,wsc-2026-shanghai,
WSC2026,TD,17,Web Technologies,,ja,WSC2026_TD17_ja.pdf,0,,WSC2026/TD/17/ja/WSC2026_TD17_ja.pdf,https://api.worldskills.org/skillman/documents/3/skills/2439/pdf?l=ja,queued,wsc-2026-shanghai,
WSC2026,TD,17,Web Technologies,,ko,WSC2026_TD17_ko.pdf,0,,WSC2026/TD/17/ko/WSC2026_TD17_ko.pdf,https://api.worldskills.org/skillman/documents/3/skills/2439/pdf?l=ko,queued,wsc-2026-shanghai,
WSC2026,TD,17,Web Technologies,,pt,WSC2026_TD17_pt.pdf,0,,WSC2026/TD/17/pt/WSC2026_TD17_pt.pdf,https://api.worldskills.org/skillman/documents/3/skills/2439/pdf?l=pt,queued,wsc-2026-shanghai,
WSC2026,TD,17,Web Technologies,,ru,WSC2026_TD17_ru.pdf,0,,WSC2026/TD/17/ru/WSC2026_TD17_ru.pdf,https://api.worldskills.org/skillman/documents/3/skills/2439/pdf?l=ru,queued,wsc-2026-shanghai,
WSC2026,TD,17,Web Technologies,,zh,WSC2026_TD17_zh.pdf,0,,WSC2026/TD/17/zh/WSC2026_TD17_zh.pdf,https://api.worldskills.org/skillman/documents/3/skills/2439/pdf?l=zh,queued,wsc-2026-shanghai,
WSC2026,TD,18,Electrical Installations,,ar,WSC2026_TD18_ar.pdf,0,,WSC2026/TD/18/ar/WSC2026_TD18_ar.pdf,https://api.worldskills.org/skillman/documents/3/skills/2442/pdf?l=ar,queued,wsc-2026-shanghai,
WSC2026,TD,18,Electrical Installations,,de,WSC2026_TD18_de.pdf,0,,WSC2026/TD/18/de/WSC2026_TD18_de.pdf,https://api.worldskills.org/skillman/documents/3/skills/2442/pdf?l=de,queued,wsc-2026-shanghai,
WSC2026,TD,18,Electrical Installations,,en,WSC2026_TD18_en.pdf,0,,WSC2026/TD/18/en/WSC2026_TD18_en.pdf,https://api.worldskills.org/skillman/documents/3/skills/2442/pdf?l=en,queued,wsc-2026-shanghai,
WSC2026,TD,18,Electrical Installations,,es,WSC2026_TD18_es.pdf,0,,WSC2026/TD/18/es/WSC2026_TD18_es.pdf,https://api.worldskills.org/skillman/documents/3/skills/2442/pdf?l=es,queued,wsc-2026-shanghai,
WSC2026,TD,18,Electrical Installations,,fi,WSC2026_TD18_fi.pdf,0,,WSC2026/TD/18/fi/WSC2026_TD18_fi.pdf,https://api.worldskills.org/skillman/documents/3/skills/2442/pdf?l=fi,queued,wsc-2026-shanghai,
WSC2026,TD,18,Electrical Installations,,fr,WSC2026_TD18_fr.pdf,0,,WSC2026/TD/18/fr/WSC2026_TD18_fr.pdf,https://api.worldskills.org/skillman/documents/3/skills/2442/pdf?l=fr,queued,wsc-2026-shanghai,
WSC2026,TD,18,Electrical Installations,,ja,WSC2026_TD18_ja.pdf,0,,WSC2026/TD/18/ja/WSC2026_TD18_ja.pdf,https://api.worldskills.org/skillman/documents/3/skills/2442/pdf?l=ja,queued,wsc-2026-shanghai,
WSC2026,TD,18,Electrical Installations,,ko,WSC2026_TD18_ko.pdf,0,,WSC2026/TD/18/ko/WSC2026_TD18_ko.pdf,https://api.worldskills.org/skillman/documents/3/skills/2442/pdf?l=ko,queued,wsc-2026-shanghai,
WSC2026,TD,18,Electrical Installations,,pt,WSC2026_TD18_pt.pdf,0,,WSC2026/TD/18/pt/WSC2026_TD18_pt.pdf,https://api.worldskills.org/skillman/documents/3/skills/2442/pdf?l=pt,queued,wsc-2026-shanghai,
WSC2026,TD,18,Electrical Installations,,ru,WSC2026_TD18_ru.pdf,0,,WSC2026/TD/18/ru/WSC2026_TD18_ru.pdf,https://api.worldskills.org/skillman/documents/3/skills/2442/pdf?l=ru,queued,wsc-2026-shanghai,
WSC2026,TD,18,Electrical Installations,,zh,WSC2026_TD18_zh.pdf,0,,WSC2026/TD/18/zh/WSC2026_TD18_zh.pdf,https://api.worldskills.org/skillman/documents/3/skills/2442/pdf?l=zh,queued,wsc-2026-shanghai,
WSC2026,TD,19,Industrial Control,,ar,WSC2026_TD19_ar.pdf,0,,WSC2026/TD/19/ar/WSC2026_TD19_ar.pdf,https://api.worldskills.org/skillman/documents/3/skills/2427/pdf?l=ar,queued,wsc-2026-shanghai,
WSC2026,TD,19,Industrial Control,,de,WSC2026_TD19_de.pdf,0,,WSC2026/TD/19/de/WSC2026_TD19_de.pdf,https://api.worldskills.org/skillman/documents/3/skills/2427/pdf?l=de,queued,wsc-2026-shanghai,
WSC2026,TD,19,Industrial Control,,en,WSC2026_TD19_en.pdf,0,,WSC2026/TD/19/en/WSC2026_TD19_en.pdf,https://api.worldskills.org/skillman/documents/3/skills/2427/pdf?l=en,queued,wsc-2026-shanghai,
WSC2026,TD,19,Industrial Control,,es,WSC2026_TD19_es.pdf,0,,WSC2026/TD/19/es/WSC2026_TD19_es.pdf,https://api.worldskills.org/skillman/documents/3/skills/2427/pdf?l=es,queued,wsc-2026-shanghai,
WSC2026,TD,19,Industrial Control,,fi,WSC2026_TD19_fi.pdf,0,,WSC2026/TD/19/fi/WSC2026_TD19_fi.pdf,https://api.worldskills.org/skillman/documents/3/skills/2427/pdf?l=fi,queued,wsc-2026-shanghai,
WSC2026,TD,19,Industrial Control,,fr,WSC2026_TD19_fr.pdf,0,,WSC2026/TD/19/fr/WSC2026_TD19_fr.pdf,https://api.worldskills.org/skillman/documents/3/skills/2427/pdf?l=fr,queued,wsc-2026-shanghai,
WSC2026,TD,19,Industrial Control,,ja,WSC2026_TD19_ja.pdf,0,,WSC2026/TD/19/ja/WSC2026_TD19_ja.pdf,https://api.worldskills.org/skillman/documents/3/skills/2427/pdf?l=ja,queued,wsc-2026-shanghai,
WSC2026,TD,19,Industrial Control,,ko,WSC2026_TD19_ko.pdf,0,,WSC2026/TD/19/ko/WSC2026_TD19_ko.pdf,https://api.worldskills.org/skillman/documents/3/skills/2427/pdf?l=ko,queued,wsc-2026-shanghai,
WSC2026,TD,19,Industrial Control,,pt,WSC2026_TD19_pt.pdf,0,,WSC2026/TD/19/pt/WSC2026_TD19_pt.pdf,https://api.worldskills.org/skillman/documents/3/skills/2427/pdf?l=pt,queued,wsc-2026-shanghai,
WSC2026,TD,19,Industrial Control,,ru,WSC2026_TD19_ru.pdf,0,,WSC2026/TD/19/ru/WSC2026_TD19_ru.pdf,https://api.worldskills.org/skillman/documents/3/skills/2427/pdf?l=ru,queued,wsc-2026-shanghai,
WSC2026,TD,19,Industrial Control,,zh,WSC2026_TD19_zh.pdf,0,,WSC2026/TD/19/zh/WSC2026_TD19_zh.pdf,https://api.worldskills.org/skillman/documents/3/skills/2427/pdf?l=zh,queued,wsc-2026-shanghai,
WSC2026,TD,20,Bricklaying,,ar,WSC2026_TD20_ar.pdf,0,,WSC2026/TD/20/ar/WSC2026_TD20_ar.pdf,https://api.worldskills.org/skillman/documents/3/skills/2434/pdf?l=ar,queued,wsc-2026-shanghai,
WSC2026,TD,20,Bricklaying,,de,WSC2026_TD20_de.pdf,0,,WSC2026/TD/20/de/WSC2026_TD20_de.pdf,https://api.worldskills.org/skillman/documents/3/skills/2434/pdf?l=de,queued,wsc-2026-shanghai,
WSC2026,TD,20,Bricklaying,,en,WSC2026_TD20_en.pdf,0,,WSC2026/TD/20/en/WSC2026_TD20_en.pdf,https://api.worldskills.org/skillman/documents/3/skills/2434/pdf?l=en,queued,wsc-2026-shanghai,
WSC2026,TD,20,Bricklaying,,es,WSC2026_TD20_es.pdf,0,,WSC2026/TD/20/es/WSC2026_TD20_es.pdf,https://api.worldskills.org/skillman/documents/3/skills/2434/pdf?l=es,queued,wsc-2026-shanghai,
WSC2026,TD,20,Bricklaying,,fi,WSC2026_TD20_fi.pdf,0,,WSC2026/TD/20/fi/WSC2026_TD20_fi.pdf,https://api.worldskills.org/skillman/documents/3/skills/2434/pdf?l=fi,queued,wsc-2026-shanghai,
WSC2026,TD,20,Bricklaying,,fr,WSC2026_TD20_fr.pdf,0,,WSC2026/TD/20/fr/WSC2026_TD20_fr.pdf,https://api.worldskills.org/skillman/documents/3/skills/2434/pdf?l=fr,queued,wsc-2026-shanghai,
WSC2026,TD,20,Bricklaying,,ja,WSC2026_TD20_ja.pdf,0,,WSC2026/TD/20/ja/WSC2026_TD20_ja.pdf,https://api.worldskills.org/skillman/documents/3/skills/2434/pdf?l=ja,queued,wsc-2026-shanghai,
WSC2026,TD,20,Bricklaying,,ko,WSC2026_TD20_ko.pdf,0,,WSC2026/TD/20/ko/WSC2026_TD20_ko.pdf,https://api.worldskills.org/skillman/documents/3/skills/2434/pdf?l=ko,queued,wsc-2026-shanghai,
WSC2026,TD,20,Bricklaying,,pt,WSC2026_TD20_pt.pdf,0,,WSC2026/TD/20/pt/WSC2026_TD20_pt.pdf,https://api.worldskills.org/skillman/documents/3/skills/2434/pdf?l=pt,queued,wsc-2026-shanghai,
WSC2026,TD,20,Bricklaying,,ru,WSC2026_TD20_ru.pdf,0,,WSC2026/TD/20/ru/WSC2026_TD20_ru.pdf,https://api.worldskills.org/skillman/documents/3/skills/2434/pdf?l=ru,queued,wsc-2026-shanghai,
WSC2026,TD,20,Bricklaying,,zh,WSC2026_TD20_zh.pdf,0,,WSC2026/TD/20/zh/WSC2026_TD20_zh.pdf,https://api.worldskills.org/skillman/documents/3/skills/2434/pdf?l=zh,queued,wsc-2026-shanghai,
WSC2026,TD,21,Plastering and Drywall Systems,,ar,WSC2026_TD21_ar.pdf,0,,WSC2026/TD/21/ar/WSC2026_TD21_ar.pdf,https://api.worldskills.org/skillman/documents/3/skills/2441/pdf?l=ar,queued,wsc-2026-shanghai,
WSC2026,TD,21,Plastering and Drywall Systems,,de,WSC2026_TD21_de.pdf,0,,WSC2026/TD/21/de/WSC2026_TD21_de.pdf,https://api.worldskills.org/skillman/documents/3/skills/2441/pdf?l=de,queued,wsc-2026-shanghai,
WSC2026,TD,21,Plastering and Drywall Systems,,en,WSC2026_TD21_en.pdf,0,,WSC2026/TD/21/en/WSC2026_TD21_en.pdf,https://api.worldskills.org/skillman/documents/3/skills/2441/pdf?l=en,queued,wsc-2026-shanghai,
WSC2026,TD,21,Plastering and Drywall Systems,,es,WSC2026_TD21_es.pdf,0,,WSC2026/TD/21/es/WSC2026_TD21_es.pdf,https://api.worldskills.org/skillman/documents/3/skills/2441/pdf?l=es,queued,wsc-2026-shanghai,
WSC2026,TD,21,Plastering and Drywall Systems,,fi,WSC2026_TD21_fi.pdf,0,,WSC2026/TD/21/fi/WSC2026_TD21_fi.pdf,https://api.worldskills.org/skillman/documents/3/skills/2441/pdf?l=fi,queued,wsc-2026-shanghai,
WSC2026,TD,21,Plastering and Drywall Systems,,fr,WSC2026_TD21_fr.pdf,0,,WSC2026/TD/21/fr/WSC2026_TD21_fr.pdf,https://api.worldskills.org/skillman/documents/3/skills/2441/pdf?l=fr,queued,wsc-2026-shanghai,
WSC2026,TD,21,Plastering and Drywall Systems,,ja,WSC2026_TD21_ja.pdf,0,,WSC2026/TD/21/ja/WSC2026_TD21_ja.pdf,https://api.worldskills.org/skillman/documents/3/skills/2441/pdf?l=ja,queued,wsc-2026-shanghai,
WSC2026,TD,21,Plastering and Drywall Systems,,ko,WSC2026_TD21_ko.pdf,0,,WSC2026/TD/21/ko/WSC2026_TD21_ko.pdf,https://api.worldskills.org/skillman/documents/3/skills/2441/pdf?l=ko,queued,wsc-2026-shanghai,
WSC2026,TD,21,Plastering and Drywall Systems,,pt,WSC2026_TD21_pt.pdf,0,,WSC2026/TD/21/pt/WSC2026_TD21_pt.pdf,https://api.worldskills.org/skillman/documents/3/skills/2441/pdf?l=pt,queued,wsc-2026-shanghai,
WSC2026,TD,21,Plastering and Drywall Systems,,ru,WSC2026_TD21_ru.pdf,0,,WSC2026/TD/21/ru/WSC2026_TD21_ru.pdf,https://api.worldskills.org/skillman/documents/3/skills/2441/pdf?l=ru,queued,wsc-2026-shanghai,
WSC2026,TD,21,Plastering and Drywall Systems,,zh,WSC2026_TD21_zh.pdf,0,,WSC2026/TD/21/zh/WSC2026_TD21_zh.pdf,https://api.worldskills.org/skillman/documents/3/skills/2441/pdf?l=zh,queued,wsc-2026-shanghai,
WSC2026,TD,22,Painting and Decorating,,ar,WSC2026_TD22_ar.pdf,0,,WSC2026/TD/22/ar/WSC2026_TD22_ar.pdf,https://api.worldskills.org/skillman/documents/3/skills/2409/pdf?l=ar,queued,wsc-2026-shanghai,
WSC2026,TD,22,Painting and Decorating,,de,WSC2026_TD22_de.pdf,0,,WSC2026/TD/22/de/WSC2026_TD22_de.pdf,https://api.worldskills.org/skillman/documents/3/skills/2409/pdf?l=de,queued,wsc-2026-shanghai,
WSC2026,TD,22,Painting and Decorating,,en,WSC2026_TD22_en.pdf,0,,WSC2026/TD/22/en/WSC2026_TD22_en.pdf,https://api.worldskills.org/skillman/documents/3/skills/2409/pdf?l=en,queued,wsc-2026-shanghai,
WSC2026,TD,22,Painting and Decorating,,es,WSC2026_TD22_es.pdf,0,,WSC2026/TD/22/es/WSC2026_TD22_es.pdf,https://api.worldskills.org/skillman/documents/3/skills/2409/pdf?l=es,queued,wsc-2026-shanghai,
WSC2026,TD,22,Painting and Decorating,,fi,WSC2026_TD22_fi.pdf,0,,WSC2026/TD/22/fi/WSC2026_TD22_fi.pdf,https://api.worldskills.org/skillman/documents/3/skills/2409/pdf?l=fi,queued,wsc-2026-shanghai,
WSC2026,TD,22,Painting and Decorating,,fr,WSC2026_TD22_fr.pdf,0,,WSC2026/TD/22/fr/WSC2026_TD22_fr.pdf,https://api.worldskills.org/skillman/documents/3/skills/2409/pdf?l=fr,queued,wsc-2026-shanghai,
WSC2026,TD,22,Painting and Decorating,,ja,WSC2026_TD22_ja.pdf,0,,WSC2026/TD/22/ja/WSC2026_TD22_ja.pdf,https://api.worldskills.org/skillman/documents/3/skills/2409/pdf?l=ja,queued,wsc-2026-shanghai,
WSC2026,TD,22,Painting and Decorating,,ko,WSC2026_TD22_ko.pdf,0,,WSC2026/TD/22/ko/WSC2026_TD22_ko.pdf,https://api.worldskills.org/skillman/documents/3/skills/2409/pdf?l=ko,queued,wsc-2026-shanghai,
WSC2026,TD,22,Painting and Decorating,,pt,WSC2026_TD22_pt.pdf,0,,WSC2026/TD/22/pt/WSC2026_TD22_pt.pdf,https://api.worldskills.org/skillman/documents/3/skills/2409/pdf?l=pt,queued,wsc-2026-shanghai,
WSC2026,TD,22,Painting and Decorating,,ru,WSC2026_TD22_ru.pdf,0,,WSC2026/TD/22/ru/WSC2026_TD22_ru.pdf,https://api.worldskills.org/skillman/documents/3/skills/2409/pdf?l=ru,queued,wsc-2026-shanghai,
WSC2026,TD,22,Painting and Decorating,,zh,WSC2026_TD22_zh.pdf,0,,WSC2026/TD/22/zh/WSC2026_TD22_zh.pdf,https://api.worldskills.org/skillman/documents/3/skills/2409/pdf?l=zh,queued,wsc-2026-shanghai,
WSC2026,TD,23,Autonomous Mobile Robotics,,ar,WSC2026_TD23_ar.pdf,0,,WSC2026/TD/23/ar/WSC2026_TD23_ar.pdf,https://api.worldskills.org/skillman/documents/3/skills/2413/pdf?l=ar,queued,wsc-2026-shanghai,
WSC2026,TD,23,Autonomous Mobile Robotics,,de,WSC2026_TD23_de.pdf,0,,WSC2026/TD/23/de/WSC2026_TD23_de.pdf,https://api.worldskills.org/skillman/documents/3/skills/2413/pdf?l=de,queued,wsc-2026-shanghai,
WSC2026,TD,23,Autonomous Mobile Robotics,,en,WSC2026_TD23_en.pdf,0,,WSC2026/TD/23/en/WSC2026_TD23_en.pdf,https://api.worldskills.org/skillman/documents/3/skills/2413/pdf?l=en,queued,wsc-2026-shanghai,
WSC2026,TD,23,Autonomous Mobile Robotics,,es,WSC2026_TD23_es.pdf,0,,WSC2026/TD/23/es/WSC2026_TD23_es.pdf,https://api.worldskills.org/skillman/documents/3/skills/2413/pdf?l=es,queued,wsc-2026-shanghai,
WSC2026,TD,23,Autonomous Mobile Robotics,,fi,WSC2026_TD23_fi.pdf,0,,WSC2026/TD/23/fi/WSC2026_TD23_fi.pdf,https://api.worldskills.org/skillman/documents/3/skills/2413/pdf?l=fi,queued,wsc-2026-shanghai,
WSC2026,TD,23,Autonomous Mobile Robotics,,fr,WSC2026_TD23_fr.pdf,0,,WSC2026/TD/23/fr/WSC2026_TD23_fr.pdf,https://api.worldskills.org/skillman/documents/3/skills/2413/pdf?l=fr,queued,wsc-2026-shanghai,
WSC2026,TD,23,Autonomous Mobile Robotics,,ja,WSC2026_TD23_ja.pdf,0,,WSC2026/TD/23/ja/WSC2026_TD23_ja.pdf,https://api.worldskills.org/skillman/documents/3/skills/2413/pdf?l=ja,queued,wsc-2026-shanghai,
WSC2026,TD,23,Autonomous Mobile Robotics,,ko,WSC2026_TD23_ko.pdf,0,,WSC2026/TD/23/ko/WSC2026_TD23_ko.pdf,https://api.worldskills.org/skillman/documents/3/skills/2413/pdf?l=ko,queued,wsc-2026-shanghai,
WSC2026,TD,23,Autonomous Mobile Robotics,,pt,WSC2026_TD23_pt.pdf,0,,WSC2026/TD/23/pt/WSC2026_TD23_pt.pdf,https://api.worldskills.org/skillman/documents/3/skills/2413/pdf?l=pt,queued,wsc-2026-shanghai,
WSC2026,TD,23,Autonomous Mobile Robotics,,ru,WSC2026_TD23_ru.pdf,0,,WSC2026/TD/23/ru/WSC2026_TD23_ru.pdf,https://api.worldskills.org/skillman/documents/3/skills/2413/pdf?l=ru,queued,wsc-2026-shanghai,
WSC2026,TD,23,Autonomous Mobile Robotics,,zh,WSC2026_TD23_zh.pdf,0,,WSC2026/TD/23/zh/WSC2026_TD23_zh.pdf,https://api.worldskills.org/skillman/documents/3/skills/2413/pdf?l=zh,queued,wsc-2026-shanghai,
WSC2026,TD,24,Cabinetmaking,,ar,WSC2026_TD24_ar.pdf,0,,WSC2026/TD/24/ar/WSC2026_TD24_ar.pdf,https://api.worldskills.org/skillman/documents/3/skills/2444/pdf?l=ar,queued,wsc-2026-shanghai,
WSC2026,TD,24,Cabinetmaking,,de,WSC2026_TD24_de.pdf,0,,WSC2026/TD/24/de/WSC2026_TD24_de.pdf,https://api.worldskills.org/skillman/documents/3/skills/2444/pdf?l=de,queued,wsc-2026-shanghai,
WSC2026,TD,24,Cabinetmaking,,en,WSC2026_TD24_en.pdf,0,,WSC2026/TD/24/en/WSC2026_TD24_en.pdf,https://api.worldskills.org/skillman/documents/3/skills/2444/pdf?l=en,queued,wsc-2026-shanghai,
WSC2026,TD,24,Cabinetmaking,,es,WSC2026_TD24_es.pdf,0,,WSC2026/TD/24/es/WSC2026_TD24_es.pdf,https://api.worldskills.org/skillman/documents/3/skills/2444/pdf?l=es,queued,wsc-2026-shanghai,
WSC2026,TD,24,Cabinetmaking,,fi,WSC2026_TD24_fi.pdf,0,,WSC2026/TD/24/fi/WSC2026_TD24_fi.pdf,https://api.worldskills.org/skillman/documents/3/skills/2444/pdf?l=fi,queued,wsc-2026-shanghai,
WSC2026,TD,24,Cabinetmaking,,fr,WSC2026_TD24_fr.pdf,0,,WSC2026/TD/24/fr/WSC2026_TD24_fr.pdf,https://api.worldskills.org/skillman/documents/3/skills/2444/pdf?l=fr,queued,wsc-2026-shanghai,
WSC2026,TD,24,Cabinetmaking,,ja,WSC2026_TD24_ja.pdf,0,,WSC2026/TD/24/ja/WSC2026_TD24_ja.pdf,https://api.worldskills.org/skillman/documents/3/skills/2444/pdf?l=ja,queued,wsc-2026-shanghai,
WSC2026,TD,24,Cabinetmaking,,ko,WSC2026_TD24_ko.pdf,0,,WSC2026/TD/24/ko/WSC2026_TD24_ko.pdf,https://api.worldskills.org/skillman/documents/3/skills/2444/pdf?l=ko,queued,wsc-2026-shanghai,
WSC2026,TD,24,Cabinetmaking,,pt,WSC2026_TD24_pt.pdf,0,,WSC2026/TD/24/pt/WSC2026_TD24_pt.pdf,https://api.worldskills.org/skillman/documents/3/skills/2444/pdf?l=pt,queued,wsc-2026-shanghai,
WSC2026,TD,24,Cabinetmaking,,ru,WSC2026_TD24_ru.pdf,0,,WSC2026/TD/24/ru/WSC2026_TD24_ru.pdf,https://api.worldskills.org/skillman/documents/3/skills/2444/pdf?l=ru,queued,wsc-2026-shanghai,
WSC2026,TD,24,Cabinetmaking,,zh,WSC2026_TD24_zh.pdf,0,,WSC2026/TD/24/zh/WSC2026_TD24_zh.pdf,https://api.worldskills.org/skillman/documents/3/skills/2444/pdf?l=zh,queued,wsc-2026-shanghai,
WSC2026,TD,25,Joinery,,ar,WSC2026_TD25_ar.pdf,0,,WSC2026/TD/25/ar/WSC2026_TD25_ar.pdf,https://api.worldskills.org/skillman/documents/3/skills/2420/pdf?l=ar,queued,wsc-2026-shanghai,
WSC2026,TD,25,Joinery,,de,WSC2026_TD25_de.pdf,0,,WSC2026/TD/25/de/WSC2026_TD25_de.pdf,https://api.worldskills.org/skillman/documents/3/skills/2420/pdf?l=de,queued,wsc-2026-shanghai,
WSC2026,TD,25,Joinery,,en,WSC2026_TD25_en.pdf,0,,WSC2026/TD/25/en/WSC2026_TD25_en.pdf,https://api.worldskills.org/skillman/documents/3/skills/2420/pdf?l=en,queued,wsc-2026-shanghai,
WSC2026,TD,25,Joinery,,es,WSC2026_TD25_es.pdf,0,,WSC2026/TD/25/es/WSC2026_TD25_es.pdf,https://api.worldskills.org/skillman/documents/3/skills/2420/pdf?l=es,queued,wsc-2026-shanghai,
WSC2026,TD,25,Joinery,,fi,WSC2026_TD25_fi.pdf,0,,WSC2026/TD/25/fi/WSC2026_TD25_fi.pdf,https://api.worldskills.org/skillman/documents/3/skills/2420/pdf?l=fi,queued,wsc-2026-shanghai,
WSC2026,TD,25,Joinery,,fr,WSC2026_TD25_fr.pdf,0,,WSC2026/TD/25/fr/WSC2026_TD25_fr.pdf,https://api.worldskills.org/skillman/documents/3/skills/2420/pdf?l=fr,queued,wsc-2026-shanghai,
WSC2026,TD,25,Joinery,,ja,WSC2026_TD25_ja.pdf,0,,WSC2026/TD/25/ja/WSC2026_TD25_ja.pdf,https://api.worldskills.org/skillman/documents/3/skills/2420/pdf?l=ja,queued,wsc-2026-shanghai,
WSC2026,TD,25,Joinery,,ko,WSC2026_TD25_ko.pdf,0,,WSC2026/TD/25/ko/WSC2026_TD25_ko.pdf,https://api.worldskills.org/skillman/documents/3/skills/2420/pdf?l=ko,queued,wsc-2026-shanghai,
WSC2026,TD,25,Joinery,,pt,WSC2026_TD25_pt.pdf,0,,WSC2026/TD/25/pt/WSC2026_TD25_pt.pdf,https://api.worldskills.org/skillman/documents/3/skills/2420/pdf?l=pt,queued,wsc-2026-shanghai,
WSC2026,TD,25,Joinery,,ru,WSC2026_TD25_ru.pdf,0,,WSC2026/TD/25/ru/WSC2026_TD25_ru.pdf,https://api.worldskills.org/skillman/documents/3/skills/2420/pdf?l=ru,queued,wsc-2026-shanghai,
WSC2026,TD,25,Joinery,,zh,WSC2026_TD25_zh.pdf,0,,WSC2026/TD/25/zh/WSC2026_TD25_zh.pdf,https://api.worldskills.org/skillman/documents/3/skills/2420/pdf?l=zh,queued,wsc-2026-shanghai,
WSC2026,TD,26,Carpentry,,ar,WSC2026_TD26_ar.pdf,0,,WSC2026/TD/26/ar/WSC2026_TD26_ar.pdf,https://api.worldskills.org/skillman/documents/3/skills/2437/pdf?l=ar,queued,wsc-2026-shanghai,
WSC2026,TD,26,Carpentry,,de,WSC2026_TD26_de.pdf,0,,WSC2026/TD/26/de/WSC2026_TD26_de.pdf,https://api.worldskills.org/skillman/documents/3/skills/2437/pdf?l=de,queued,wsc-2026-shanghai,
WSC2026,TD,26,Carpentry,,en,WSC2026_TD26_en.pdf,0,,WSC2026/TD/26/en/WSC2026_TD26_en.pdf,https://api.worldskills.org/skillman/documents/3/skills/2437/pdf?l=en,queued,wsc-2026-shanghai,
WSC2026,TD,26,Carpentry,,es,WSC2026_TD26_es.pdf,0,,WSC2026/TD/26/es/WSC2026_TD26_es.pdf,https://api.worldskills.org/skillman/documents/3/skills/2437/pdf?l=es,queued,wsc-2026-shanghai,
WSC2026,TD,26,Carpentry,,fi,WSC2026_TD26_fi.pdf,0,,WSC2026/TD/26/fi/WSC2026_TD26_fi.pdf,https://api.worldskills.org/skillman/documents/3/skills/2437/pdf?l=fi,queued,wsc-2026-shanghai,
WSC2026,TD,26,Carpentry,,fr,WSC2026_TD26_fr.pdf,0,,WSC2026/TD/26/fr/WSC2026_TD26_fr.pdf,https://api.worldskills.org/skillman/documents/3/skills/2437/pdf?l=fr,queued,wsc-2026-shanghai,
WSC2026,TD,26,Carpentry,,ja,WSC2026_TD26_ja.pdf,0,,WSC2026/TD/26/ja/WSC2026_TD26_ja.pdf,https://api.worldskills.org/skillman/documents/3/skills/2437/pdf?l=ja,queued,wsc-2026-shanghai,
WSC2026,TD,26,Carpentry,,ko,WSC2026_TD26_ko.pdf,0,,WSC2026/TD/26/ko/WSC2026_TD26_ko.pdf,https://api.worldskills.org/skillman/documents/3/skills/2437/pdf?l=ko,queued,wsc-2026-shanghai,
WSC2026,TD,26,Carpentry,,pt,WSC2026_TD26_pt.pdf,0,,WSC2026/TD/26/pt/WSC2026_TD26_pt.pdf,https://api.worldskills.org/skillman/documents/3/skills/2437/pdf?l=pt,queued,wsc-2026-shanghai,
WSC2026,TD,26,Carpentry,,ru,WSC2026_TD26_ru.pdf,0,,WSC2026/TD/26/ru/WSC2026_TD26_ru.pdf,https://api.worldskills.org/skillman/documents/3/skills/2437/pdf?l=ru,queued,wsc-2026-shanghai,
WSC2026,TD,26,Carpentry,,zh,WSC2026_TD26_zh.pdf,0,,WSC2026/TD/26/zh/WSC2026_TD26_zh.pdf,https://api.worldskills.org/skillman/documents/3/skills/2437/pdf?l=zh,queued,wsc-2026-shanghai,
WSC2026,TD,27,Jewellery,,ar,WSC2026_TD27_ar.pdf,0,,WSC2026/TD/27/ar/WSC2026_TD27_ar.pdf,https://api.worldskills.org/skillman/documents/3/skills/2443/pdf?l=ar,queued,wsc-2026-shanghai,
WSC2026,TD,27,Jewellery,,de,WSC2026_TD27_de.pdf,0,,WSC2026/TD/27/de/WSC2026_TD27_de.pdf,https://api.worldskills.org/skillman/documents/3/skills/2443/pdf?l=de,queued,wsc-2026-shanghai,
WSC2026,TD,27,Jewellery,,en,WSC2026_TD27_en.pdf,0,,WSC2026/TD/27/en/WSC2026_TD27_en.pdf,https://api.worldskills.org/skillman/documents/3/skills/2443/pdf?l=en,queued,wsc-2026-shanghai,
WSC2026,TD,27,Jewellery,,es,WSC2026_TD27_es.pdf,0,,WSC2026/TD/27/es/WSC2026_TD27_es.pdf,https://api.worldskills.org/skillman/documents/3/skills/2443/pdf?l=es,queued,wsc-2026-shanghai,
WSC2026,TD,27,Jewellery,,fi,WSC2026_TD27_fi.pdf,0,,WSC2026/TD/27/fi/WSC2026_TD27_fi.pdf,https://api.worldskills.org/skillman/documents/3/skills/2443/pdf?l=fi,queued,wsc-2026-shanghai,
WSC2026,TD,27,Jewellery,,fr,WSC2026_TD27_fr.pdf,0,,WSC2026/TD/27/fr/WSC2026_TD27_fr.pdf,https://api.worldskills.org/skillman/documents/3/skills/2443/pdf?l=fr,queued,wsc-2026-shanghai,
WSC2026,TD,27,Jewellery,,ja,WSC2026_TD27_ja.pdf,0,,WSC2026/TD/27/ja/WSC2026_TD27_ja.pdf,https://api.worldskills.org/skillman/documents/3/skills/2443/pdf?l=ja,queued,wsc-2026-shanghai,
WSC2026,TD,27,Jewellery,,ko,WSC2026_TD27_ko.pdf,0,,WSC2026/TD/27/ko/WSC2026_TD27_ko.pdf,https://api.worldskills.org/skillman/documents/3/skills/2443/pdf?l=ko,queued,wsc-2026-shanghai,
WSC2026,TD,27,Jewellery,,pt,WSC2026_TD27_pt.pdf,0,,WSC2026/TD/27/pt/WSC2026_TD27_pt.pdf,https://api.worldskills.org/skillman/documents/3/skills/2443/pdf?l=pt,queued,wsc-2026-shanghai,
WSC2026,TD,27,Jewellery,,ru,WSC2026_TD27_ru.pdf,0,,WSC2026/TD/27/ru/WSC2026_TD27_ru.pdf,https://api.worldskills.org/skillman/documents/3/skills/2443/pdf?l=ru,queued,wsc-2026-shanghai,
WSC2026,TD,27,Jewellery,,zh,WSC2026_TD27_zh.pdf,0,,WSC2026/TD/27/zh/WSC2026_TD27_zh.pdf,https://api.worldskills.org/skillman/documents/3/skills/2443/pdf?l=zh,queued,wsc-2026-shanghai,
WSC2026,TD,28,Floristry,,ar,WSC2026_TD28_ar.pdf,0,,WSC2026/TD/28/ar/WSC2026_TD28_ar.pdf,https://api.worldskills.org/skillman/documents/3/skills/2458/pdf?l=ar,queued,wsc-2026-shanghai,
WSC2026,TD,28,Floristry,,de,WSC2026_TD28_de.pdf,0,,WSC2026/TD/28/de/WSC2026_TD28_de.pdf,https://api.worldskills.org/skillman/documents/3/skills/2458/pdf?l=de,queued,wsc-2026-shanghai,
WSC2026,TD,28,Floristry,,en,WSC2026_TD28_en.pdf,0,,WSC2026/TD/28/en/WSC2026_TD28_en.pdf,https://api.worldskills.org/skillman/documents/3/skills/2458/pdf?l=en,queued,wsc-2026-shanghai,
WSC2026,TD,28,Floristry,,es,WSC2026_TD28_es.pdf,0,,WSC2026/TD/28/es/WSC2026_TD28_es.pdf,https://api.worldskills.org/skillman/documents/3/skills/2458/pdf?l=es,queued,wsc-2026-shanghai,
WSC2026,TD,28,Floristry,,fi,WSC2026_TD28_fi.pdf,0,,WSC2026/TD/28/fi/WSC2026_TD28_fi.pdf,https://api.worldskills.org/skillman/documents/3/skills/2458/pdf?l=fi,queued,wsc-2026-shanghai,
WSC2026,TD,28,Floristry,,fr,WSC2026_TD28_fr.pdf,0,,WSC2026/TD/28/fr/WSC2026_TD28_fr.pdf,https://api.worldskills.org/skillman/documents/3/skills/2458/pdf?l=fr,queued,wsc-2026-shanghai,
WSC2026,TD,28,Floristry,,ja,WSC2026_TD28_ja.pdf,0,,WSC2026/TD/28/ja/WSC2026_TD28_ja.pdf,https://api.worldskills.org/skillman/documents/3/skills/2458/pdf?l=ja,queued,wsc-2026-shanghai,
WSC2026,TD,28,Floristry,,ko,WSC2026_TD28_ko.pdf,0,,WSC2026/TD/28/ko/WSC2026_TD28_ko.pdf,https://api.worldskills.org/skillman/documents/3/skills/2458/pdf?l=ko,queued,wsc-2026-shanghai,
WSC2026,TD,28,Floristry,,pt,WSC2026_TD28_pt.pdf,0,,WSC2026/TD/28/pt/WSC2026_TD28_pt.pdf,https://api.worldskills.org/skillman/documents/3/skills/2458/pdf?l=pt,queued,wsc-2026-shanghai,
WSC2026,TD,28,Floristry,,ru,WSC2026_TD28_ru.pdf,0,,WSC2026/TD/28/ru/WSC2026_TD28_ru.pdf,https://api.worldskills.org/skillman/documents/3/skills/2458/pdf?l=ru,queued,wsc-2026-shanghai,
WSC2026,TD,28,Floristry,,zh,WSC2026_TD28_zh.pdf,0,,WSC2026/TD/28/zh/WSC2026_TD28_zh.pdf,https://api.worldskills.org/skillman/documents/3/skills/2458/pdf?l=zh,queued,wsc-2026-shanghai,
WSC2026,TD,29,Hairdressing,,ar,WSC2026_TD29_ar.pdf,0,,WSC2026/TD/29/ar/WSC2026_TD29_ar.pdf,https://api.worldskills.org/skillman/documents/3/skills/2445/pdf?l=ar,queued,wsc-2026-shanghai,
WSC2026,TD,29,Hairdressing,,de,WSC2026_TD29_de.pdf,0,,WSC2026/TD/29/de/WSC2026_TD29_de.pdf,https://api.worldskills.org/skillman/documents/3/skills/2445/pdf?l=de,queued,wsc-2026-shanghai,
WSC2026,TD,29,Hairdressing,,en,WSC2026_TD29_en.pdf,0,,WSC2026/TD/29/en/WSC2026_TD29_en.pdf,https://api.worldskills.org/skillman/documents/3/skills/2445/pdf?l=en,queued,wsc-2026-shanghai,
WSC2026,TD,29,Hairdressing,,es,WSC2026_TD29_es.pdf,0,,WSC2026/TD/29/es/WSC2026_TD29_es.pdf,https://api.worldskills.org/skillman/documents/3/skills/2445/pdf?l=es,queued,wsc-2026-shanghai,
WSC2026,TD,29,Hairdressing,,fi,WSC2026_TD29_fi.pdf,0,,WSC2026/TD/29/fi/WSC2026_TD29_fi.pdf,https://api.worldskills.org/skillman/documents/3/skills/2445/pdf?l=fi,queued,wsc-2026-shanghai,
WSC2026,TD,29,Hairdressing,,fr,WSC2026_TD29_fr.pdf,0,,WSC2026/TD/29/fr/WSC2026_TD29_fr.pdf,https://api.worldskills.org/skillman/documents/3/skills/2445/pdf?l=fr,queued,wsc-2026-shanghai,
WSC2026,TD,29,Hairdressing,,ja,WSC2026_TD29_ja.pdf,0,,WSC2026/TD/29/ja/WSC2026_TD29_ja.pdf,https://api.worldskills.org/skillman/documents/3/skills/2445/pdf?l=ja,queued,wsc-2026-shanghai,
WSC2026,TD,29,Hairdressing,,ko,WSC2026_TD29_ko.pdf,0,,WSC2026/TD/29/ko/WSC2026_TD29_ko.pdf,https://api.worldskills.org/skillman/documents/3/skills/2445/pdf?l=ko,queued,wsc-2026-shanghai,
WSC2026,TD,29,Hairdressing,,pt,WSC2026_TD29_pt.pdf,0,,WSC2026/TD/29/pt/WSC2026_TD29_pt.pdf,https://api.worldskills.org/skillman/documents/3/skills/2445/pdf?l=pt,queued,wsc-2026-shanghai,
WSC2026,TD,29,Hairdressing,,ru,WSC2026_TD29_ru.pdf,0,,WSC2026/TD/29/ru/WSC2026_TD29_ru.pdf,https://api.worldskills.org/skillman/documents/3/skills/2445/pdf?l=ru,queued,wsc-2026-shanghai,
WSC2026,TD,29,Hairdressing,,zh,WSC2026_TD29_zh.pdf,0,,WSC2026/TD/29/zh/WSC2026_TD29_zh.pdf,https://api.worldskills.org/skillman/documents/3/skills/2445/pdf?l=zh,queued,wsc-2026-shanghai,
WSC2026,TD,30,Beauty Therapy,,ar,WSC2026_TD30_ar.pdf,0,,WSC2026/TD/30/ar/WSC2026_TD30_ar.pdf,https://api.worldskills.org/skillman/documents/3/skills/2421/pdf?l=ar,queued,wsc-2026-shanghai,
WSC2026,TD,30,Beauty Therapy,,de,WSC2026_TD30_de.pdf,0,,WSC2026/TD/30/de/WSC2026_TD30_de.pdf,https://api.worldskills.org/skillman/documents/3/skills/2421/pdf?l=de,queued,wsc-2026-shanghai,
WSC2026,TD,30,Beauty Therapy,,en,WSC2026_TD30_en.pdf,0,,WSC2026/TD/30/en/WSC2026_TD30_en.pdf,https://api.worldskills.org/skillman/documents/3/skills/2421/pdf?l=en,queued,wsc-2026-shanghai,
WSC2026,TD,30,Beauty Therapy,,es,WSC2026_TD30_es.pdf,0,,WSC2026/TD/30/es/WSC2026_TD30_es.pdf,https://api.worldskills.org/skillman/documents/3/skills/2421/pdf?l=es,queued,wsc-2026-shanghai,
WSC2026,TD,30,Beauty Therapy,,fi,WSC2026_TD30_fi.pdf,0,,WSC2026/TD/30/fi/WSC2026_TD30_fi.pdf,https://api.worldskills.org/skillman/documents/3/skills/2421/pdf?l=fi,queued,wsc-2026-shanghai,
WSC2026,TD,30,Beauty Therapy,,fr,WSC2026_TD30_fr.pdf,0,,WSC2026/TD/30/fr/WSC2026_TD30_fr.pdf,https://api.worldskills.org/skillman/documents/3/skills/2421/pdf?l=fr,queued,wsc-2026-shanghai,
WSC2026,TD,30,Beauty Therapy,,ja,WSC2026_TD30_ja.pdf,0,,WSC2026/TD/30/ja/WSC2026_TD30_ja.pdf,https://api.worldskills.org/skillman/documents/3/skills/2421/pdf?l=ja,queued,wsc-2026-shanghai,
WSC2026,TD,30,Beauty Therapy,,ko,WSC2026_TD30_ko.pdf,0,,WSC2026/TD/30/ko/WSC2026_TD30_ko.pdf,https://api.worldskills.org/skillman/documents/3/skills/2421/pdf?l=ko,queued,wsc-2026-shanghai,
WSC2026,TD,30,Beauty Therapy,,pt,WSC2026_TD30_pt.pdf,0,,WSC2026/TD/30/pt/WSC2026_TD30_pt.pdf,https://api.worldskills.org/skillman/documents/3/skills/2421/pdf?l=pt,queued,wsc-2026-shanghai,
WSC2026,TD,30,Beauty Therapy,,ru,WSC2026_TD30_ru.pdf,0,,WSC2026/TD/30/ru/WSC2026_TD30_ru.pdf,https://api.worldskills.org/skillman/documents/3/skills/2421/pdf?l=ru,queued,wsc-2026-shanghai,
WSC2026,TD,30,Beauty Therapy,,zh,WSC2026_TD30_zh.pdf,0,,WSC2026/TD/30/zh/WSC2026_TD30_zh.pdf,https://api.worldskills.org/skillman/documents/3/skills/2421/pdf?l=zh,queued,wsc-2026-shanghai,
WSC2026,TD,31,Fashion Technology,,ar,WSC2026_TD31_ar.pdf,0,,WSC2026/TD/31/ar/WSC2026_TD31_ar.pdf,https://api.worldskills.org/skillman/documents/3/skills/2424/pdf?l=ar,queued,wsc-2026-shanghai,
WSC2026,TD,31,Fashion Technology,,de,WSC2026_TD31_de.pdf,0,,WSC2026/TD/31/de/WSC2026_TD31_de.pdf,https://api.worldskills.org/skillman/documents/3/skills/2424/pdf?l=de,queued,wsc-2026-shanghai,
WSC2026,TD,31,Fashion Technology,,en,WSC2026_TD31_en.pdf,0,,WSC2026/TD/31/en/WSC2026_TD31_en.pdf,https://api.worldskills.org/skillman/documents/3/skills/2424/pdf?l=en,queued,wsc-2026-shanghai,
WSC2026,TD,31,Fashion Technology,,es,WSC2026_TD31_es.pdf,0,,WSC2026/TD/31/es/WSC2026_TD31_es.pdf,https://api.worldskills.org/skillman/documents/3/skills/2424/pdf?l=es,queued,wsc-2026-shanghai,
WSC2026,TD,31,Fashion Technology,,fi,WSC2026_TD31_fi.pdf,0,,WSC2026/TD/31/fi/WSC2026_TD31_fi.pdf,https://api.worldskills.org/skillman/documents/3/skills/2424/pdf?l=fi,queued,wsc-2026-shanghai,
WSC2026,TD,31,Fashion Technology,,fr,WSC2026_TD31_fr.pdf,0,,WSC2026/TD/31/fr/WSC2026_TD31_fr.pdf,https://api.worldskills.org/skillman/documents/3/skills/2424/pdf?l=fr,queued,wsc-2026-shanghai,
WSC2026,TD,31,Fashion Technology,,ja,WSC2026_TD31_ja.pdf,0,,WSC2026/TD/31/ja/WSC2026_TD31_ja.pdf,https://api.worldskills.org/skillman/documents/3/skills/2424/pdf?l=ja,queued,wsc-2026-shanghai,
WSC2026,TD,31,Fashion Technology,,ko,WSC2026_TD31_ko.pdf,0,,WSC2026/TD/31/ko/WSC2026_TD31_ko.pdf,https://api.worldskills.org/skillman/documents/3/skills/2424/pdf?l=ko,queued,wsc-2026-shanghai,
WSC2026,TD,31,Fashion Technology,,pt,WSC2026_TD31_pt.pdf,0,,WSC2026/TD/31/pt/WSC2026_TD31_pt.pdf,https://api.worldskills.org/skillman/documents/3/skills/2424/pdf?l=pt,queued,wsc-2026-shanghai,
WSC2026,TD,31,Fashion Technology,,ru,WSC2026_TD31_ru.pdf,0,,WSC2026/TD/31/ru/WSC2026_TD31_ru.pdf,https://api.worldskills.org/skillman/documents/3/skills/2424/pdf?l=ru,queued,wsc-2026-shanghai,
WSC2026,TD,31,Fashion Technology,,zh,WSC2026_TD31_zh.pdf,0,,WSC2026/TD/31/zh/WSC2026_TD31_zh.pdf,https://api.worldskills.org/skillman/documents/3/skills/2424/pdf?l=zh,queued,wsc-2026-shanghai,
WSC2026,TD,32,Pâtisserie and Confectionery,,ar,WSC2026_TD32_ar.pdf,0,,WSC2026/TD/32/ar/WSC2026_TD32_ar.pdf,https://api.worldskills.org/skillman/documents/3/skills/2418/pdf?l=ar,queued,wsc-2026-shanghai,
WSC2026,TD,32,Pâtisserie and Confectionery,,de,WSC2026_TD32_de.pdf,0,,WSC2026/TD/32/de/WSC2026_TD32_de.pdf,https://api.worldskills.org/skillman/documents/3/skills/2418/pdf?l=de,queued,wsc-2026-shanghai,
WSC2026,TD,32,Pâtisserie and Confectionery,,en,WSC2026_TD32_en.pdf,0,,WSC2026/TD/32/en/WSC2026_TD32_en.pdf,https://api.worldskills.org/skillman/documents/3/skills/2418/pdf?l=en,queued,wsc-2026-shanghai,
WSC2026,TD,32,Pâtisserie and Confectionery,,es,WSC2026_TD32_es.pdf,0,,WSC2026/TD/32/es/WSC2026_TD32_es.pdf,https://api.worldskills.org/skillman/documents/3/skills/2418/pdf?l=es,queued,wsc-2026-shanghai,
WSC2026,TD,32,Pâtisserie and Confectionery,,fi,WSC2026_TD32_fi.pdf,0,,WSC2026/TD/32/fi/WSC2026_TD32_fi.pdf,https://api.worldskills.org/skillman/documents/3/skills/2418/pdf?l=fi,queued,wsc-2026-shanghai,
WSC2026,TD,32,Pâtisserie and Confectionery,,fr,WSC2026_TD32_fr.pdf,0,,WSC2026/TD/32/fr/WSC2026_TD32_fr.pdf,https://api.worldskills.org/skillman/documents/3/skills/2418/pdf?l=fr,queued,wsc-2026-shanghai,
WSC2026,TD,32,Pâtisserie and Confectionery,,ja,WSC2026_TD32_ja.pdf,0,,WSC2026/TD/32/ja/WSC2026_TD32_ja.pdf,https://api.worldskills.org/skillman/documents/3/skills/2418/pdf?l=ja,queued,wsc-2026-shanghai,
WSC2026,TD,32,Pâtisserie and Confectionery,,ko,WSC2026_TD32_ko.pdf,0,,WSC2026/TD/32/ko/WSC2026_TD32_ko.pdf,https://api.worldskills.org/skillman/documents/3/skills/2418/pdf?l=ko,queued,wsc-2026-shanghai,
WSC2026,TD,32,Pâtisserie and Confectionery,,pt,WSC2026_TD32_pt.pdf,0,,WSC2026/TD/32/pt/WSC2026_TD32_pt.pdf,https://api.worldskills.org/skillman/documents/3/skills/2418/pdf?l=pt,queued,wsc-2026-shanghai,
WSC2026,TD,32,Pâtisserie and Confectionery,,ru,WSC2026_TD32_ru.pdf,0,,WSC2026/TD/32/ru/WSC2026_TD32_ru.pdf,https://api.worldskills.org/skillman/documents/3/skills/2418/pdf?l=ru,queued,wsc-2026-shanghai,
WSC2026,TD,32,Pâtisserie and Confectionery,,zh,WSC2026_TD32_zh.pdf,0,,WSC2026/TD/32/zh/WSC2026_TD32_zh.pdf,https://api.worldskills.org/skillman/documents/3/skills/2418/pdf?l=zh,queued,wsc-2026-shanghai,
WSC2026,TD,33,Automobile Technology,,ar,WSC2026_TD33_ar.pdf,0,,WSC2026/TD/33/ar/WSC2026_TD33_ar.pdf,https://api.worldskills.org/skillman/documents/3/skills/2459/pdf?l=ar,queued,wsc-2026-shanghai,
WSC2026,TD,33,Automobile Technology,,de,WSC2026_TD33_de.pdf,0,,WSC2026/TD/33/de/WSC2026_TD33_de.pdf,https://api.worldskills.org/skillman/documents/3/skills/2459/pdf?l=de,queued,wsc-2026-shanghai,
WSC2026,TD,33,Automobile Technology,,en,WSC2026_TD33_en.pdf,0,,WSC2026/TD/33/en/WSC2026_TD33_en.pdf,https://api.worldskills.org/skillman/documents/3/skills/2459/pdf?l=en,queued,wsc-2026-shanghai,
WSC2026,TD,33,Automobile Technology,,es,WSC2026_TD33_es.pdf,0,,WSC2026/TD/33/es/WSC2026_TD33_es.pdf,https://api.worldskills.org/skillman/documents/3/skills/2459/pdf?l=es,queued,wsc-2026-shanghai,
WSC2026,TD,33,Automobile Technology,,fi,WSC2026_TD33_fi.pdf,0,,WSC2026/TD/33/fi/WSC2026_TD33_fi.pdf,https://api.worldskills.org/skillman/documents/3/skills/2459/pdf?l=fi,queued,wsc-2026-shanghai,
WSC2026,TD,33,Automobile Technology,,fr,WSC2026_TD33_fr.pdf,0,,WSC2026/TD/33/fr/WSC2026_TD33_fr.pdf,https://api.worldskills.org/skillman/documents/3/skills/2459/pdf?l=fr,queued,wsc-2026-shanghai,
WSC2026,TD,33,Automobile Technology,,ja,WSC2026_TD33_ja.pdf,0,,WSC2026/TD/33/ja/WSC2026_TD33_ja.pdf,https://api.worldskills.org/skillman/documents/3/skills/2459/pdf?l=ja,queued,wsc-2026-shanghai,
WSC2026,TD,33,Automobile Technology,,ko,WSC2026_TD33_ko.pdf,0,,WSC2026/TD/33/ko/WSC2026_TD33_ko.pdf,https://api.worldskills.org/skillman/documents/3/skills/2459/pdf?l=ko,queued,wsc-2026-shanghai,
WSC2026,TD,33,Automobile Technology,,pt,WSC2026_TD33_pt.pdf,0,,WSC2026/TD/33/pt/WSC2026_TD33_pt.pdf,https://api.worldskills.org/skillman/documents/3/skills/2459/pdf?l=pt,queued,wsc-2026-shanghai,
WSC2026,TD,33,Automobile Technology,,ru,WSC2026_TD33_ru.pdf,0,,WSC2026/TD/33/ru/WSC2026_TD33_ru.pdf,https://api.worldskills.org/skillman/documents/3/skills/2459/pdf?l=ru,queued,wsc-2026-shanghai,
WSC2026,TD,33,Automobile Technology,,zh,WSC2026_TD33_zh.pdf,0,,WSC2026/TD/33/zh/WSC2026_TD33_zh.pdf,https://api.worldskills.org/skillman/documents/3/skills/2459/pdf?l=zh,queued,wsc-2026-shanghai,
WSC2026,TD,34,Cooking,,ar,WSC2026_TD34_ar.pdf,0,,WSC2026/TD/34/ar/WSC2026_TD34_ar.pdf,https://api.worldskills.org/skillman/documents/3/skills/2457/pdf?l=ar,queued,wsc-2026-shanghai,
WSC2026,TD,34,Cooking,,de,WSC2026_TD34_de.pdf,0,,WSC2026/TD/34/de/WSC2026_TD34_de.pdf,https://api.worldskills.org/skillman/documents/3/skills/2457/pdf?l=de,queued,wsc-2026-shanghai,
WSC2026,TD,34,Cooking,,en,WSC2026_TD34_en.pdf,0,,WSC2026/TD/34/en/WSC2026_TD34_en.pdf,https://api.worldskills.org/skillman/documents/3/skills/2457/pdf?l=en,queued,wsc-2026-shanghai,
WSC2026,TD,34,Cooking,,es,WSC2026_TD34_es.pdf,0,,WSC2026/TD/34/es/WSC2026_TD34_es.pdf,https://api.worldskills.org/skillman/documents/3/skills/2457/pdf?l=es,queued,wsc-2026-shanghai,
WSC2026,TD,34,Cooking,,fi,WSC2026_TD34_fi.pdf,0,,WSC2026/TD/34/fi/WSC2026_TD34_fi.pdf,https://api.worldskills.org/skillman/documents/3/skills/2457/pdf?l=fi,queued,wsc-2026-shanghai,
WSC2026,TD,34,Cooking,,fr,WSC2026_TD34_fr.pdf,0,,WSC2026/TD/34/fr/WSC2026_TD34_fr.pdf,https://api.worldskills.org/skillman/documents/3/skills/2457/pdf?l=fr,queued,wsc-2026-shanghai,
WSC2026,TD,34,Cooking,,ja,WSC2026_TD34_ja.pdf,0,,WSC2026/TD/34/ja/WSC2026_TD34_ja.pdf,https://api.worldskills.org/skillman/documents/3/skills/2457/pdf?l=ja,queued,wsc-2026-shanghai,
WSC2026,TD,34,Cooking,,ko,WSC2026_TD34_ko.pdf,0,,WSC2026/TD/34/ko/WSC2026_TD34_ko.pdf,https://api.worldskills.org/skillman/documents/3/skills/2457/pdf?l=ko,queued,wsc-2026-shanghai,
WSC2026,TD,34,Cooking,,pt,WSC2026_TD34_pt.pdf,0,,WSC2026/TD/34/pt/WSC2026_TD34_pt.pdf,https://api.worldskills.org/skillman/documents/3/skills/2457/pdf?l=pt,queued,wsc-2026-shanghai,
WSC2026,TD,34,Cooking,,ru,WSC2026_TD34_ru.pdf,0,,WSC2026/TD/34/ru/WSC2026_TD34_ru.pdf,https://api.worldskills.org/skillman/documents/3/skills/2457/pdf?l=ru,queued,wsc-2026-shanghai,
WSC2026,TD,34,Cooking,,zh,WSC2026_TD34_zh.pdf,0,,WSC2026/TD/34/zh/WSC2026_TD34_zh.pdf,https://api.worldskills.org/skillman/documents/3/skills/2457/pdf?l=zh,queued,wsc-2026-shanghai,
WSC2026,TD,35,Restaurant Service,,ar,WSC2026_TD35_ar.pdf,0,,WSC2026/TD/35/ar/WSC2026_TD35_ar.pdf,https://api.worldskills.org/skillman/documents/3/skills/2432/pdf?l=ar,queued,wsc-2026-shanghai,
WSC2026,TD,35,Restaurant Service,,de,WSC2026_TD35_de.pdf,0,,WSC2026/TD/35/de/WSC2026_TD35_de.pdf,https://api.worldskills.org/skillman/documents/3/skills/2432/pdf?l=de,queued,wsc-2026-shanghai,
WSC2026,TD,35,Restaurant Service,,en,WSC2026_TD35_en.pdf,0,,WSC2026/TD/35/en/WSC2026_TD35_en.pdf,https://api.worldskills.org/skillman/documents/3/skills/2432/pdf?l=en,queued,wsc-2026-shanghai,
WSC2026,TD,35,Restaurant Service,,es,WSC2026_TD35_es.pdf,0,,WSC2026/TD/35/es/WSC2026_TD35_es.pdf,https://api.worldskills.org/skillman/documents/3/skills/2432/pdf?l=es,queued,wsc-2026-shanghai,
WSC2026,TD,35,Restaurant Service,,fi,WSC2026_TD35_fi.pdf,0,,WSC2026/TD/35/fi/WSC2026_TD35_fi.pdf,https://api.worldskills.org/skillman/documents/3/skills/2432/pdf?l=fi,queued,wsc-2026-shanghai,
WSC2026,TD,35,Restaurant Service,,fr,WSC2026_TD35_fr.pdf,0,,WSC2026/TD/35/fr/WSC2026_TD35_fr.pdf,https://api.worldskills.org/skillman/documents/3/skills/2432/pdf?l=fr,queued,wsc-2026-shanghai,
WSC2026,TD,35,Restaurant Service,,ja,WSC2026_TD35_ja.pdf,0,,WSC2026/TD/35/ja/WSC2026_TD35_ja.pdf,https://api.worldskills.org/skillman/documents/3/skills/2432/pdf?l=ja,queued,wsc-2026-shanghai,
WSC2026,TD,35,Restaurant Service,,ko,WSC2026_TD35_ko.pdf,0,,WSC2026/TD/35/ko/WSC2026_TD35_ko.pdf,https://api.worldskills.org/skillman/documents/3/skills/2432/pdf?l=ko,queued,wsc-2026-shanghai,
WSC2026,TD,35,Restaurant Service,,pt,WSC2026_TD35_pt.pdf,0,,WSC2026/TD/35/pt/WSC2026_TD35_pt.pdf,https://api.worldskills.org/skillman/documents/3/skills/2432/pdf?l=pt,queued,wsc-2026-shanghai,
WSC2026,TD,35,Restaurant Service,,ru,WSC2026_TD35_ru.pdf,0,,WSC2026/TD/35/ru/WSC2026_TD35_ru.pdf,https://api.worldskills.org/skillman/documents/3/skills/2432/pdf?l=ru,queued,wsc-2026-shanghai,
WSC2026,TD,35,Restaurant Service,,zh,WSC2026_TD35_zh.pdf,0,,WSC2026/TD/35/zh/WSC2026_TD35_zh.pdf,https://api.worldskills.org/skillman/documents/3/skills/2432/pdf?l=zh,queued,wsc-2026-shanghai,
WSC2026,TD,36,Car Painting,,ar,WSC2026_TD36_ar.pdf,0,,WSC2026/TD/36/ar/WSC2026_TD36_ar.pdf,https://api.worldskills.org/skillman/documents/3/skills/2438/pdf?l=ar,queued,wsc-2026-shanghai,
WSC2026,TD,36,Car Painting,,de,WSC2026_TD36_de.pdf,0,,WSC2026/TD/36/de/WSC2026_TD36_de.pdf,https://api.worldskills.org/skillman/documents/3/skills/2438/pdf?l=de,queued,wsc-2026-shanghai,
WSC2026,TD,36,Car Painting,,en,WSC2026_TD36_en.pdf,0,,WSC2026/TD/36/en/WSC2026_TD36_en.pdf,https://api.worldskills.org/skillman/documents/3/skills/2438/pdf?l=en,queued,wsc-2026-shanghai,
WSC2026,TD,36,Car Painting,,es,WSC2026_TD36_es.pdf,0,,WSC2026/TD/36/es/WSC2026_TD36_es.pdf,https://api.worldskills.org/skillman/documents/3/skills/2438/pdf?l=es,queued,wsc-2026-shanghai,
WSC2026,TD,36,Car Painting,,fi,WSC2026_TD36_fi.pdf,0,,WSC2026/TD/36/fi/WSC2026_TD36_fi.pdf,https://api.worldskills.org/skillman/documents/3/skills/2438/pdf?l=fi,queued,wsc-2026-shanghai,
WSC2026,TD,36,Car Painting,,fr,WSC2026_TD36_fr.pdf,0,,WSC2026/TD/36/fr/WSC2026_TD36_fr.pdf,https://api.worldskills.org/skillman/documents/3/skills/2438/pdf?l=fr,queued,wsc-2026-shanghai,
WSC2026,TD,36,Car Painting,,ja,WSC2026_TD36_ja.pdf,0,,WSC2026/TD/36/ja/WSC2026_TD36_ja.pdf,https://api.worldskills.org/skillman/documents/3/skills/2438/pdf?l=ja,queued,wsc-2026-shanghai,
WSC2026,TD,36,Car Painting,,ko,WSC2026_TD36_ko.pdf,0,,WSC2026/TD/36/ko/WSC2026_TD36_ko.pdf,https://api.worldskills.org/skillman/documents/3/skills/2438/pdf?l=ko,queued,wsc-2026-shanghai,
WSC2026,TD,36,Car Painting,,pt,WSC2026_TD36_pt.pdf,0,,WSC2026/TD/36/pt/WSC2026_TD36_pt.pdf,https://api.worldskills.org/skillman/documents/3/skills/2438/pdf?l=pt,queued,wsc-2026-shanghai,
WSC2026,TD,36,Car Painting,,ru,WSC2026_TD36_ru.pdf,0,,WSC2026/TD/36/ru/WSC2026_TD36_ru.pdf,https://api.worldskills.org/skillman/documents/3/skills/2438/pdf?l=ru,queued,wsc-2026-shanghai,
WSC2026,TD,36,Car Painting,,zh,WSC2026_TD36_zh.pdf,0,,WSC2026/TD/36/zh/WSC2026_TD36_zh.pdf,https://api.worldskills.org/skillman/documents/3/skills/2438/pdf?l=zh,queued,wsc-2026-shanghai,
WSC2026,TD,37,Landscape Gardening,,ar,WSC2026_TD37_ar.pdf,0,,WSC2026/TD/37/ar/WSC2026_TD37_ar.pdf,https://api.worldskills.org/skillman/documents/3/skills/2449/pdf?l=ar,queued,wsc-2026-shanghai,
WSC2026,TD,37,Landscape Gardening,,de,WSC2026_TD37_de.pdf,0,,WSC2026/TD/37/de/WSC2026_TD37_de.pdf,https://api.worldskills.org/skillman/documents/3/skills/2449/pdf?l=de,queued,wsc-2026-shanghai,
WSC2026,TD,37,Landscape Gardening,,en,WSC2026_TD37_en.pdf,0,,WSC2026/TD/37/en/WSC2026_TD37_en.pdf,https://api.worldskills.org/skillman/documents/3/skills/2449/pdf?l=en,queued,wsc-2026-shanghai,
WSC2026,TD,37,Landscape Gardening,,es,WSC2026_TD37_es.pdf,0,,WSC2026/TD/37/es/WSC2026_TD37_es.pdf,https://api.worldskills.org/skillman/documents/3/skills/2449/pdf?l=es,queued,wsc-2026-shanghai,
WSC2026,TD,37,Landscape Gardening,,fi,WSC2026_TD37_fi.pdf,0,,WSC2026/TD/37/fi/WSC2026_TD37_fi.pdf,https://api.worldskills.org/skillman/documents/3/skills/2449/pdf?l=fi,queued,wsc-2026-shanghai,
WSC2026,TD,37,Landscape Gardening,,fr,WSC2026_TD37_fr.pdf,0,,WSC2026/TD/37/fr/WSC2026_TD37_fr.pdf,https://api.worldskills.org/skillman/documents/3/skills/2449/pdf?l=fr,queued,wsc-2026-shanghai,
WSC2026,TD,37,Landscape Gardening,,ja,WSC2026_TD37_ja.pdf,0,,WSC2026/TD/37/ja/WSC2026_TD37_ja.pdf,https://api.worldskills.org/skillman/documents/3/skills/2449/pdf?l=ja,queued,wsc-2026-shanghai,
WSC2026,TD,37,Landscape Gardening,,ko,WSC2026_TD37_ko.pdf,0,,WSC2026/TD/37/ko/WSC2026_TD37_ko.pdf,https://api.worldskills.org/skillman/documents/3/skills/2449/pdf?l=ko,queued,wsc-2026-shanghai,
WSC2026,TD,37,Landscape Gardening,,pt,WSC2026_TD37_pt.pdf,0,,WSC2026/TD/37/pt/WSC2026_TD37_pt.pdf,https://api.worldskills.org/skillman/documents/3/skills/2449/pdf?l=pt,queued,wsc-2026-shanghai,
WSC2026,TD,37,Landscape Gardening,,ru,WSC2026_TD37_ru.pdf,0,,WSC2026/TD/37/ru/WSC2026_TD37_ru.pdf,https://api.worldskills.org/skillman/documents/3/skills/2449/pdf?l=ru,queued,wsc-2026-shanghai,
WSC2026,TD,37,Landscape Gardening,,zh,WSC2026_TD37_zh.pdf,0,,WSC2026/TD/37/zh/WSC2026_TD37_zh.pdf,https://api.worldskills.org/skillman/documents/3/skills/2449/pdf?l=zh,queued,wsc-2026-shanghai,
WSC2026,TD,38,Refrigeration and Air Conditioning,,ar,WSC2026_TD38_ar.pdf,0,,WSC2026/TD/38/ar/WSC2026_TD38_ar.pdf,https://api.worldskills.org/skillman/documents/3/skills/2415/pdf?l=ar,queued,wsc-2026-shanghai,
WSC2026,TD,38,Refrigeration and Air Conditioning,,de,WSC2026_TD38_de.pdf,0,,WSC2026/TD/38/de/WSC2026_TD38_de.pdf,https://api.worldskills.org/skillman/documents/3/skills/2415/pdf?l=de,queued,wsc-2026-shanghai,
WSC2026,TD,38,Refrigeration and Air Conditioning,,en,WSC2026_TD38_en.pdf,0,,WSC2026/TD/38/en/WSC2026_TD38_en.pdf,https://api.worldskills.org/skillman/documents/3/skills/2415/pdf?l=en,queued,wsc-2026-shanghai,
WSC2026,TD,38,Refrigeration and Air Conditioning,,es,WSC2026_TD38_es.pdf,0,,WSC2026/TD/38/es/WSC2026_TD38_es.pdf,https://api.worldskills.org/skillman/documents/3/skills/2415/pdf?l=es,queued,wsc-2026-shanghai,
WSC2026,TD,38,Refrigeration and Air Conditioning,,fi,WSC2026_TD38_fi.pdf,0,,WSC2026/TD/38/fi/WSC2026_TD38_fi.pdf,https://api.worldskills.org/skillman/documents/3/skills/2415/pdf?l=fi,queued,wsc-2026-shanghai,
WSC2026,TD,38,Refrigeration and Air Conditioning,,fr,WSC2026_TD38_fr.pdf,0,,WSC2026/TD/38/fr/WSC2026_TD38_fr.pdf,https://api.worldskills.org/skillman/documents/3/skills/2415/pdf?l=fr,queued,wsc-2026-shanghai,
WSC2026,TD,38,Refrigeration and Air Conditioning,,ja,WSC2026_TD38_ja.pdf,0,,WSC2026/TD/38/ja/WSC2026_TD38_ja.pdf,https://api.worldskills.org/skillman/documents/3/skills/2415/pdf?l=ja,queued,wsc-2026-shanghai,
WSC2026,TD,38,Refrigeration and Air Conditioning,,ko,WSC2026_TD38_ko.pdf,0,,WSC2026/TD/38/ko/WSC2026_TD38_ko.pdf,https://api.worldskills.org/skillman/documents/3/skills/2415/pdf?l=ko,queued,wsc-2026-shanghai,
WSC2026,TD,38,Refrigeration and Air Conditioning,,pt,WSC2026_TD38_pt.pdf,0,,WSC2026/TD/38/pt/WSC2026_TD38_pt.pdf,https://api.worldskills.org/skillman/documents/3/skills/2415/pdf?l=pt,queued,wsc-2026-shanghai,
WSC2026,TD,38,Refrigeration and Air Conditioning,,ru,WSC2026_TD38_ru.pdf,0,,WSC2026/TD/38/ru/WSC2026_TD38_ru.pdf,https://api.worldskills.org/skillman/documents/3/skills/2415/pdf?l=ru,queued,wsc-2026-shanghai,
WSC2026,TD,38,Refrigeration and Air Conditioning,,zh,WSC2026_TD38_zh.pdf,0,,WSC2026/TD/38/zh/WSC2026_TD38_zh.pdf,https://api.worldskills.org/skillman/documents/3/skills/2415/pdf?l=zh,queued,wsc-2026-shanghai,
WSC2026,TD,39,IT Network Systems Administration,,ar,WSC2026_TD39_ar.pdf,0,,WSC2026/TD/39/ar/WSC2026_TD39_ar.pdf,https://api.worldskills.org/skillman/documents/3/skills/2447/pdf?l=ar,queued,wsc-2026-shanghai,
WSC2026,TD,39,IT Network Systems Administration,,de,WSC2026_TD39_de.pdf,0,,WSC2026/TD/39/de/WSC2026_TD39_de.pdf,https://api.worldskills.org/skillman/documents/3/skills/2447/pdf?l=de,queued,wsc-2026-shanghai,
WSC2026,TD,39,IT Network Systems Administration,,en,WSC2026_TD39_en.pdf,0,,WSC2026/TD/39/en/WSC2026_TD39_en.pdf,https://api.worldskills.org/skillman/documents/3/skills/2447/pdf?l=en,queued,wsc-2026-shanghai,
WSC2026,TD,39,IT Network Systems Administration,,es,WSC2026_TD39_es.pdf,0,,WSC2026/TD/39/es/WSC2026_TD39_es.pdf,https://api.worldskills.org/skillman/documents/3/skills/2447/pdf?l=es,queued,wsc-2026-shanghai,
WSC2026,TD,39,IT Network Systems Administration,,fi,WSC2026_TD39_fi.pdf,0,,WSC2026/TD/39/fi/WSC2026_TD39_fi.pdf,https://api.worldskills.org/skillman/documents/3/skills/2447/pdf?l=fi,queued,wsc-2026-shanghai,
WSC2026,TD,39,IT Network Systems Administration,,fr,WSC2026_TD39_fr.pdf,0,,WSC2026/TD/39/fr/WSC2026_TD39_fr.pdf,https://api.worldskills.org/skillman/documents/3/skills/2447/pdf?l=fr,queued,wsc-2026-shanghai,
WSC2026,TD,39,IT Network Systems Administration,,ja,WSC2026_TD39_ja.pdf,0,,WSC2026/TD/39/ja/WSC2026_TD39_ja.pdf,https://api.worldskills.org/skillman/documents/3/skills/2447/pdf?l=ja,queued,wsc-2026-shanghai,
WSC2026,TD,39,IT Network Systems Administration,,ko,WSC2026_TD39_ko.pdf,0,,WSC2026/TD/39/ko/WSC2026_TD39_ko.pdf,https://api.worldskills.org/skillman/documents/3/skills/2447/pdf?l=ko,queued,wsc-2026-shanghai,
WSC2026,TD,39,IT Network Systems Administration,,pt,WSC2026_TD39_pt.pdf,0,,WSC2026/TD/39/pt/WSC2026_TD39_pt.pdf,https://api.worldskills.org/skillman/documents/3/skills/2447/pdf?l=pt,queued,wsc-2026-shanghai,
WSC2026,TD,39,IT Network Systems Administration,,ru,WSC2026_TD39_ru.pdf,0,,WSC2026/TD/39/ru/WSC2026_TD39_ru.pdf,https://api.worldskills.org/skillman/documents/3/skills/2447/pdf?l=ru,queued,wsc-2026-shanghai,
WSC2026,TD,39,IT Network Systems Administration,,zh,WSC2026_TD39_zh.pdf,0,,WSC2026/TD/39/zh/WSC2026_TD39_zh.pdf,https://api.worldskills.org/skillman/documents/3/skills/2447/pdf?l=zh,queued,wsc-2026-shanghai,
WSC2026,TD,40,Graphic Design Technology,,ar,WSC2026_TD40_ar.pdf,0,,WSC2026/TD/40/ar/WSC2026_TD40_ar.pdf,https://api.worldskills.org/skillman/documents/3/skills/2448/pdf?l=ar,queued,wsc-2026-shanghai,
WSC2026,TD,40,Graphic Design Technology,,de,WSC2026_TD40_de.pdf,0,,WSC2026/TD/40/de/WSC2026_TD40_de.pdf,https://api.worldskills.org/skillman/documents/3/skills/2448/pdf?l=de,queued,wsc-2026-shanghai,
WSC2026,TD,40,Graphic Design Technology,,en,WSC2026_TD40_en.pdf,0,,WSC2026/TD/40/en/WSC2026_TD40_en.pdf,https://api.worldskills.org/skillman/documents/3/skills/2448/pdf?l=en,queued,wsc-2026-shanghai,
WSC2026,TD,40,Graphic Design Technology,,es,WSC2026_TD40_es.pdf,0,,WSC2026/TD/40/es/WSC2026_TD40_es.pdf,https://api.worldskills.org/skillman/documents/3/skills/2448/pdf?l=es,queued,wsc-2026-shanghai,
WSC2026,TD,40,Graphic Design Technology,,fi,WSC2026_TD40_fi.pdf,0,,WSC2026/TD/40/fi/WSC2026_TD40_fi.pdf,https://api.worldskills.org/skillman/documents/3/skills/2448/pdf?l=fi,queued,wsc-2026-shanghai,
WSC2026,TD,40,Graphic Design Technology,,fr,WSC2026_TD40_fr.pdf,0,,WSC2026/TD/40/fr/WSC2026_TD40_fr.pdf,https://api.worldskills.org/skillman/documents/3/skills/2448/pdf?l=fr,queued,wsc-2026-shanghai,
WSC2026,TD,40,Graphic Design Technology,,ja,WSC2026_TD40_ja.pdf,0,,WSC2026/TD/40/ja/WSC2026_TD40_ja.pdf,https://api.worldskills.org/skillman/documents/3/skills/2448/pdf?l=ja,queued,wsc-2026-shanghai,
WSC2026,TD,40,Graphic Design Technology,,ko,WSC2026_TD40_ko.pdf,0,,WSC2026/TD/40/ko/WSC2026_TD40_ko.pdf,https://api.worldskills.org/skillman/documents/3/skills/2448/pdf?l=ko,queued,wsc-2026-shanghai,
WSC2026,TD,40,Graphic Design Technology,,pt,WSC2026_TD40_pt.pdf,0,,WSC2026/TD/40/pt/WSC2026_TD40_pt.pdf,https://api.worldskills.org/skillman/documents/3/skills/2448/pdf?l=pt,queued,wsc-2026-shanghai,
WSC2026,TD,40,Graphic Design Technology,,ru,WSC2026_TD40_ru.pdf,0,,WSC2026/TD/40/ru/WSC2026_TD40_ru.pdf,https://api.worldskills.org/skillman/documents/3/skills/2448/pdf?l=ru,queued,wsc-2026-shanghai,
WSC2026,TD,40,Graphic Design Technology,,zh,WSC2026_TD40_zh.pdf,0,,WSC2026/TD/40/zh/WSC2026_TD40_zh.pdf,https://api.worldskills.org/skillman/documents/3/skills/2448/pdf?l=zh,queued,wsc-2026-shanghai,
WSC2026,TD,41,Health and Social Care,,ar,WSC2026_TD41_ar.pdf,0,,WSC2026/TD/41/ar/WSC2026_TD41_ar.pdf,https://api.worldskills.org/skillman/documents/3/skills/2431/pdf?l=ar,queued,wsc-2026-shanghai,
WSC2026,TD,41,Health and Social Care,,de,WSC2026_TD41_de.pdf,0,,WSC2026/TD/41/de/WSC2026_TD41_de.pdf,https://api.worldskills.org/skillman/documents/3/skills/2431/pdf?l=de,queued,wsc-2026-shanghai,
WSC2026,TD,41,Health and Social Care,,en,WSC2026_TD41_en.pdf,0,,WSC2026/TD/41/en/WSC2026_TD41_en.pdf,https://api.worldskills.org/skillman/documents/3/skills/2431/pdf?l=en,queued,wsc-2026-shanghai,
WSC2026,TD,41,Health and Social Care,,es,WSC2026_TD41_es.pdf,0,,WSC2026/TD/41/es/WSC2026_TD41_es.pdf,https://api.worldskills.org/skillman/documents/3/skills/2431/pdf?l=es,queued,wsc-2026-shanghai,
WSC2026,TD,41,Health and Social Care,,fi,WSC2026_TD41_fi.pdf,0,,WSC2026/TD/41/fi/WSC2026_TD41_fi.pdf,https://api.worldskills.org/skillman/documents/3/skills/2431/pdf?l=fi,queued,wsc-2026-shanghai,
WSC2026,TD,41,Health and Social Care,,fr,WSC2026_TD41_fr.pdf,0,,WSC2026/TD/41/fr/WSC2026_TD41_fr.pdf,https://api.worldskills.org/skillman/documents/3/skills/2431/pdf?l=fr,queued,wsc-2026-shanghai,
WSC2026,TD,41,Health and Social Care,,ja,WSC2026_TD41_ja.pdf,0,,WSC2026/TD/41/ja/WSC2026_TD41_ja.pdf,https://api.worldskills.org/skillman/documents/3/skills/2431/pdf?l=ja,queued,wsc-2026-shanghai,
WSC2026,TD,41,Health and Social Care,,ko,WSC2026_TD41_ko.pdf,0,,WSC2026/TD/41/ko/WSC2026_TD41_ko.pdf,https://api.worldskills.org/skillman/documents/3/skills/2431/pdf?l=ko,queued,wsc-2026-shanghai,
WSC2026,TD,41,Health and Social Care,,pt,WSC2026_TD41_pt.pdf,0,,WSC2026/TD/41/pt/WSC2026_TD41_pt.pdf,https://api.worldskills.org/skillman/documents/3/skills/2431/pdf?l=pt,queued,wsc-2026-shanghai,
WSC2026,TD,41,Health and Social Care,,ru,WSC2026_TD41_ru.pdf,0,,WSC2026/TD/41/ru/WSC2026_TD41_ru.pdf,https://api.worldskills.org/skillman/documents/3/skills/2431/pdf?l=ru,queued,wsc-2026-shanghai,
WSC2026,TD,41,Health and Social Care,,zh,WSC2026_TD41_zh.pdf,0,,WSC2026/TD/41/zh/WSC2026_TD41_zh.pdf,https://api.worldskills.org/skillman/documents/3/skills/2431/pdf?l=zh,queued,wsc-2026-shanghai,
WSC2026,TD,42,Dental Prosthetics,,ar,WSC2026_TD42_ar.pdf,0,,WSC2026/TD/42/ar/WSC2026_TD42_ar.pdf,https://api.worldskills.org/skillman/documents/3/skills/2692/pdf?l=ar,queued,wsc-2026-shanghai,
WSC2026,TD,42,Dental Prosthetics,,de,WSC2026_TD42_de.pdf,0,,WSC2026/TD/42/de/WSC2026_TD42_de.pdf,https://api.worldskills.org/skillman/documents/3/skills/2692/pdf?l=de,queued,wsc-2026-shanghai,
WSC2026,TD,42,Dental Prosthetics,,en,WSC2026_TD42_en.pdf,0,,WSC2026/TD/42/en/WSC2026_TD42_en.pdf,https://api.worldskills.org/skillman/documents/3/skills/2692/pdf?l=en,queued,wsc-2026-shanghai,
WSC2026,TD,42,Dental Prosthetics,,es,WSC2026_TD42_es.pdf,0,,WSC2026/TD/42/es/WSC2026_TD42_es.pdf,https://api.worldskills.org/skillman/documents/3/skills/2692/pdf?l=es,queued,wsc-2026-shanghai,
WSC2026,TD,42,Dental Prosthetics,,fi,WSC2026_TD42_fi.pdf,0,,WSC2026/TD/42/fi/WSC2026_TD42_fi.pdf,https://api.worldskills.org/skillman/documents/3/skills/2692/pdf?l=fi,queued,wsc-2026-shanghai,
WSC2026,TD,42,Dental Prosthetics,,fr,WSC2026_TD42_fr.pdf,0,,WSC2026/TD/42/fr/WSC2026_TD42_fr.pdf,https://api.worldskills.org/skillman/documents/3/skills/2692/pdf?l=fr,queued,wsc-2026-shanghai,
WSC2026,TD,42,Dental Prosthetics,,ja,WSC2026_TD42_ja.pdf,0,,WSC2026/TD/42/ja/WSC2026_TD42_ja.pdf,https://api.worldskills.org/skillman/documents/3/skills/2692/pdf?l=ja,queued,wsc-2026-shanghai,
WSC2026,TD,42,Dental Prosthetics,,ko,WSC2026_TD42_ko.pdf,0,,WSC2026/TD/42/ko/WSC2026_TD42_ko.pdf,https://api.worldskills.org/skillman/documents/3/skills/2692/pdf?l=ko,queued,wsc-2026-shanghai,
WSC2026,TD,42,Dental Prosthetics,,pt,WSC2026_TD42_pt.pdf,0,,WSC2026/TD/42/pt/WSC2026_TD42_pt.pdf,https://api.worldskills.org/skillman/documents/3/skills/2692/pdf?l=pt,queued,wsc-2026-shanghai,
WSC2026,TD,42,Dental Prosthetics,,ru,WSC2026_TD42_ru.pdf,0,,WSC2026/TD/42/ru/WSC2026_TD42_ru.pdf,https://api.worldskills.org/skillman/documents/3/skills/2692/pdf?l=ru,queued,wsc-2026-shanghai,
WSC2026,TD,42,Dental Prosthetics,,zh,WSC2026_TD42_zh.pdf,0,,WSC2026/TD/42/zh/WSC2026_TD42_zh.pdf,https://api.worldskills.org/skillman/documents/3/skills/2692/pdf?l=zh,queued,wsc-2026-shanghai,
WSC2026,TD,43,Retail Sales,,ar,WSC2026_TD43_ar.pdf,0,,WSC2026/TD/43/ar/WSC2026_TD43_ar.pdf,https://api.worldskills.org/skillman/documents/3/skills/2696/pdf?l=ar,queued,wsc-2026-shanghai,
WSC2026,TD,43,Retail Sales,,de,WSC2026_TD43_de.pdf,0,,WSC2026/TD/43/de/WSC2026_TD43_de.pdf,https://api.worldskills.org/skillman/documents/3/skills/2696/pdf?l=de,queued,wsc-2026-shanghai,
WSC2026,TD,43,Retail Sales,,en,WSC2026_TD43_en.pdf,0,,WSC2026/TD/43/en/WSC2026_TD43_en.pdf,https://api.worldskills.org/skillman/documents/3/skills/2696/pdf?l=en,queued,wsc-2026-shanghai,
WSC2026,TD,43,Retail Sales,,es,WSC2026_TD43_es.pdf,0,,WSC2026/TD/43/es/WSC2026_TD43_es.pdf,https://api.worldskills.org/skillman/documents/3/skills/2696/pdf?l=es,queued,wsc-2026-shanghai,
WSC2026,TD,43,Retail Sales,,fi,WSC2026_TD43_fi.pdf,0,,WSC2026/TD/43/fi/WSC2026_TD43_fi.pdf,https://api.worldskills.org/skillman/documents/3/skills/2696/pdf?l=fi,queued,wsc-2026-shanghai,
WSC2026,TD,43,Retail Sales,,fr,WSC2026_TD43_fr.pdf,0,,WSC2026/TD/43/fr/WSC2026_TD43_fr.pdf,https://api.worldskills.org/skillman/documents/3/skills/2696/pdf?l=fr,queued,wsc-2026-shanghai,
WSC2026,TD,43,Retail Sales,,ja,WSC2026_TD43_ja.pdf,0,,WSC2026/TD/43/ja/WSC2026_TD43_ja.pdf,https://api.worldskills.org/skillman/documents/3/skills/2696/pdf?l=ja,queued,wsc-2026-shanghai,
WSC2026,TD,43,Retail Sales,,ko,WSC2026_TD43_ko.pdf,0,,WSC2026/TD/43/ko/WSC2026_TD43_ko.pdf,https://api.worldskills.org/skillman/documents/3/skills/2696/pdf?l=ko,queued,wsc-2026-shanghai,
WSC2026,TD,43,Retail Sales,,pt,WSC2026_TD43_pt.pdf,0,,WSC2026/TD/43/pt/WSC2026_TD43_pt.pdf,https://api.worldskills.org/skillman/documents/3/skills/2696/pdf?l=pt,queued,wsc-2026-shanghai,
WSC2026,TD,43,Retail Sales,,ru,WSC2026_TD43_ru.pdf,0,,WSC2026/TD/43/ru/WSC2026_TD43_ru.pdf,https://api.worldskills.org/skillman/documents/3/skills/2696/pdf?l=ru,queued,wsc-2026-shanghai,
WSC2026,TD,43,Retail Sales,,zh,WSC2026_TD43_zh.pdf,0,,WSC2026/TD/43/zh/WSC2026_TD43_zh.pdf,https://api.worldskills.org/skillman/documents/3/skills/2696/pdf?l=zh,queued,wsc-2026-shanghai,
WSC2026,TD,44,Visual Merchandising,,ar,WSC2026_TD44_ar.pdf,0,,WSC2026/TD/44/ar/WSC2026_TD44_ar.pdf,https://api.worldskills.org/skillman/documents/3/skills/2430/pdf?l=ar,queued,wsc-2026-shanghai,
WSC2026,TD,44,Visual Merchandising,,de,WSC2026_TD44_de.pdf,0,,WSC2026/TD/44/de/WSC2026_TD44_de.pdf,https://api.worldskills.org/skillman/documents/3/skills/2430/pdf?l=de,queued,wsc-2026-shanghai,
WSC2026,TD,44,Visual Merchandising,,en,WSC2026_TD44_en.pdf,0,,WSC2026/TD/44/en/WSC2026_TD44_en.pdf,https://api.worldskills.org/skillman/documents/3/skills/2430/pdf?l=en,queued,wsc-2026-shanghai,
WSC2026,TD,44,Visual Merchandising,,es,WSC2026_TD44_es.pdf,0,,WSC2026/TD/44/es/WSC2026_TD44_es.pdf,https://api.worldskills.org/skillman/documents/3/skills/2430/pdf?l=es,queued,wsc-2026-shanghai,
WSC2026,TD,44,Visual Merchandising,,fi,WSC2026_TD44_fi.pdf,0,,WSC2026/TD/44/fi/WSC2026_TD44_fi.pdf,https://api.worldskills.org/skillman/documents/3/skills/2430/pdf?l=fi,queued,wsc-2026-shanghai,
WSC2026,TD,44,Visual Merchandising,,fr,WSC2026_TD44_fr.pdf,0,,WSC2026/TD/44/fr/WSC2026_TD44_fr.pdf,https://api.worldskills.org/skillman/documents/3/skills/2430/pdf?l=fr,queued,wsc-2026-shanghai,
WSC2026,TD,44,Visual Merchandising,,ja,WSC2026_TD44_ja.pdf,0,,WSC2026/TD/44/ja/WSC2026_TD44_ja.pdf,https://api.worldskills.org/skillman/documents/3/skills/2430/pdf?l=ja,queued,wsc-2026-shanghai,
WSC2026,TD,44,Visual Merchandising,,ko,WSC2026_TD44_ko.pdf,0,,WSC2026/TD/44/ko/WSC2026_TD44_ko.pdf,https://api.worldskills.org/skillman/documents/3/skills/2430/pdf?l=ko,queued,wsc-2026-shanghai,
WSC2026,TD,44,Visual Merchandising,,pt,WSC2026_TD44_pt.pdf,0,,WSC2026/TD/44/pt/WSC2026_TD44_pt.pdf,https://api.worldskills.org/skillman/documents/3/skills/2430/pdf?l=pt,queued,wsc-2026-shanghai,
WSC2026,TD,44,Visual Merchandising,,ru,WSC2026_TD44_ru.pdf,0,,WSC2026/TD/44/ru/WSC2026_TD44_ru.pdf,https://api.worldskills.org/skillman/documents/3/skills/2430/pdf?l=ru,queued,wsc-2026-shanghai,
WSC2026,TD,44,Visual Merchandising,,zh,WSC2026_TD44_zh.pdf,0,,WSC2026/TD/44/zh/WSC2026_TD44_zh.pdf,https://api.worldskills.org/skillman/documents/3/skills/2430/pdf?l=zh,queued,wsc-2026-shanghai,
WSC2026,TD,45,Digital Interactive Media Design,,ar,WSC2026_TD45_ar.pdf,0,,WSC2026/TD/45/ar/WSC2026_TD45_ar.pdf,https://api.worldskills.org/skillman/documents/3/skills/2693/pdf?l=ar,queued,wsc-2026-shanghai,
WSC2026,TD,45,Digital Interactive Media Design,,de,WSC2026_TD45_de.pdf,0,,WSC2026/TD/45/de/WSC2026_TD45_de.pdf,https://api.worldskills.org/skillman/documents/3/skills/2693/pdf?l=de,queued,wsc-2026-shanghai,
WSC2026,TD,45,Digital Interactive Media Design,,en,WSC2026_TD45_en.pdf,0,,WSC2026/TD/45/en/WSC2026_TD45_en.pdf,https://api.worldskills.org/skillman/documents/3/skills/2693/pdf?l=en,queued,wsc-2026-shanghai,
WSC2026,TD,45,Digital Interactive Media Design,,es,WSC2026_TD45_es.pdf,0,,WSC2026/TD/45/es/WSC2026_TD45_es.pdf,https://api.worldskills.org/skillman/documents/3/skills/2693/pdf?l=es,queued,wsc-2026-shanghai,
WSC2026,TD,45,Digital Interactive Media Design,,fi,WSC2026_TD45_fi.pdf,0,,WSC2026/TD/45/fi/WSC2026_TD45_fi.pdf,https://api.worldskills.org/skillman/documents/3/skills/2693/pdf?l=fi,queued,wsc-2026-shanghai,
WSC2026,TD,45,Digital Interactive Media Design,,fr,WSC2026_TD45_fr.pdf,0,,WSC2026/TD/45/fr/WSC2026_TD45_fr.pdf,https://api.worldskills.org/skillman/documents/3/skills/2693/pdf?l=fr,queued,wsc-2026-shanghai,
WSC2026,TD,45,Digital Interactive Media Design,,ja,WSC2026_TD45_ja.pdf,0,,WSC2026/TD/45/ja/WSC2026_TD45_ja.pdf,https://api.worldskills.org/skillman/documents/3/skills/2693/pdf?l=ja,queued,wsc-2026-shanghai,
WSC2026,TD,45,Digital Interactive Media Design,,ko,WSC2026_TD45_ko.pdf,0,,WSC2026/TD/45/ko/WSC2026_TD45_ko.pdf,https://api.worldskills.org/skillman/documents/3/skills/2693/pdf?l=ko,queued,wsc-2026-shanghai,
WSC2026,TD,45,Digital Interactive Media Design,,pt,WSC2026_TD45_pt.pdf,0,,WSC2026/TD/45/pt/WSC2026_TD45_pt.pdf,https://api.worldskills.org/skillman/documents/3/skills/2693/pdf?l=pt,queued,wsc-2026-shanghai,
WSC2026,TD,45,Digital Interactive Media Design,,ru,WSC2026_TD45_ru.pdf,0,,WSC2026/TD/45/ru/WSC2026_TD45_ru.pdf,https://api.worldskills.org/skillman/documents/3/skills/2693/pdf?l=ru,queued,wsc-2026-shanghai,
WSC2026,TD,45,Digital Interactive Media Design,,zh,WSC2026_TD45_zh.pdf,0,,WSC2026/TD/45/zh/WSC2026_TD45_zh.pdf,https://api.worldskills.org/skillman/documents/3/skills/2693/pdf?l=zh,queued,wsc-2026-shanghai,
WSC2026,TD,46,Concrete Construction Work,,ar,WSC2026_TD46_ar.pdf,0,,WSC2026/TD/46/ar/WSC2026_TD46_ar.pdf,https://api.worldskills.org/skillman/documents/3/skills/2450/pdf?l=ar,queued,wsc-2026-shanghai,
WSC2026,TD,46,Concrete Construction Work,,de,WSC2026_TD46_de.pdf,0,,WSC2026/TD/46/de/WSC2026_TD46_de.pdf,https://api.worldskills.org/skillman/documents/3/skills/2450/pdf?l=de,queued,wsc-2026-shanghai,
WSC2026,TD,46,Concrete Construction Work,,en,WSC2026_TD46_en.pdf,0,,WSC2026/TD/46/en/WSC2026_TD46_en.pdf,https://api.worldskills.org/skillman/documents/3/skills/2450/pdf?l=en,queued,wsc-2026-shanghai,
WSC2026,TD,46,Concrete Construction Work,,es,WSC2026_TD46_es.pdf,0,,WSC2026/TD/46/es/WSC2026_TD46_es.pdf,https://api.worldskills.org/skillman/documents/3/skills/2450/pdf?l=es,queued,wsc-2026-shanghai,
WSC2026,TD,46,Concrete Construction Work,,fi,WSC2026_TD46_fi.pdf,0,,WSC2026/TD/46/fi/WSC2026_TD46_fi.pdf,https://api.worldskills.org/skillman/documents/3/skills/2450/pdf?l=fi,queued,wsc-2026-shanghai,
WSC2026,TD,46,Concrete Construction Work,,fr,WSC2026_TD46_fr.pdf,0,,WSC2026/TD/46/fr/WSC2026_TD46_fr.pdf,https://api.worldskills.org/skillman/documents/3/skills/2450/pdf?l=fr,queued,wsc-2026-shanghai,
WSC2026,TD,46,Concrete Construction Work,,ja,WSC2026_TD46_ja.pdf,0,,WSC2026/TD/46/ja/WSC2026_TD46_ja.pdf,https://api.worldskills.org/skillman/documents/3/skills/2450/pdf?l=ja,queued,wsc-2026-shanghai,
WSC2026,TD,46,Concrete Construction Work,,ko,WSC2026_TD46_ko.pdf,0,,WSC2026/TD/46/ko/WSC2026_TD46_ko.pdf,https://api.worldskills.org/skillman/documents/3/skills/2450/pdf?l=ko,queued,wsc-2026-shanghai,
WSC2026,TD,46,Concrete Construction Work,,pt,WSC2026_TD46_pt.pdf,0,,WSC2026/TD/46/pt/WSC2026_TD46_pt.pdf,https://api.worldskills.org/skillman/documents/3/skills/2450/pdf?l=pt,queued,wsc-2026-shanghai,
WSC2026,TD,46,Concrete Construction Work,,ru,WSC2026_TD46_ru.pdf,0,,WSC2026/TD/46/ru/WSC2026_TD46_ru.pdf,https://api.worldskills.org/skillman/documents/3/skills/2450/pdf?l=ru,queued,wsc-2026-shanghai,
WSC2026,TD,46,Concrete Construction Work,,zh,WSC2026_TD46_zh.pdf,0,,WSC2026/TD/46/zh/WSC2026_TD46_zh.pdf,https://api.worldskills.org/skillman/documents/3/skills/2450/pdf?l=zh,queued,wsc-2026-shanghai,
WSC2026,TD,47,Bakery,,ar,WSC2026_TD47_ar.pdf,0,,WSC2026/TD/47/ar/WSC2026_TD47_ar.pdf,https://api.worldskills.org/skillman/documents/3/skills/2456/pdf?l=ar,queued,wsc-2026-shanghai,
WSC2026,TD,47,Bakery,,de,WSC2026_TD47_de.pdf,0,,WSC2026/TD/47/de/WSC2026_TD47_de.pdf,https://api.worldskills.org/skillman/documents/3/skills/2456/pdf?l=de,queued,wsc-2026-shanghai,
WSC2026,TD,47,Bakery,,en,WSC2026_TD47_en.pdf,0,,WSC2026/TD/47/en/WSC2026_TD47_en.pdf,https://api.worldskills.org/skillman/documents/3/skills/2456/pdf?l=en,queued,wsc-2026-shanghai,
WSC2026,TD,47,Bakery,,es,WSC2026_TD47_es.pdf,0,,WSC2026/TD/47/es/WSC2026_TD47_es.pdf,https://api.worldskills.org/skillman/documents/3/skills/2456/pdf?l=es,queued,wsc-2026-shanghai,
WSC2026,TD,47,Bakery,,fi,WSC2026_TD47_fi.pdf,0,,WSC2026/TD/47/fi/WSC2026_TD47_fi.pdf,https://api.worldskills.org/skillman/documents/3/skills/2456/pdf?l=fi,queued,wsc-2026-shanghai,
WSC2026,TD,47,Bakery,,fr,WSC2026_TD47_fr.pdf,0,,WSC2026/TD/47/fr/WSC2026_TD47_fr.pdf,https://api.worldskills.org/skillman/documents/3/skills/2456/pdf?l=fr,queued,wsc-2026-shanghai,
WSC2026,TD,47,Bakery,,ja,WSC2026_TD47_ja.pdf,0,,WSC2026/TD/47/ja/WSC2026_TD47_ja.pdf,https://api.worldskills.org/skillman/documents/3/skills/2456/pdf?l=ja,queued,wsc-2026-shanghai,
WSC2026,TD,47,Bakery,,ko,WSC2026_TD47_ko.pdf,0,,WSC2026/TD/47/ko/WSC2026_TD47_ko.pdf,https://api.worldskills.org/skillman/documents/3/skills/2456/pdf?l=ko,queued,wsc-2026-shanghai,
WSC2026,TD,47,Bakery,,pt,WSC2026_TD47_pt.pdf,0,,WSC2026/TD/47/pt/WSC2026_TD47_pt.pdf,https://api.worldskills.org/skillman/documents/3/skills/2456/pdf?l=pt,queued,wsc-2026-shanghai,
WSC2026,TD,47,Bakery,,ru,WSC2026_TD47_ru.pdf,0,,WSC2026/TD/47/ru/WSC2026_TD47_ru.pdf,https://api.worldskills.org/skillman/documents/3/skills/2456/pdf?l=ru,queued,wsc-2026-shanghai,
WSC2026,TD,47,Bakery,,zh,WSC2026_TD47_zh.pdf,0,,WSC2026/TD/47/zh/WSC2026_TD47_zh.pdf,https://api.worldskills.org/skillman/documents/3/skills/2456/pdf?l=zh,queued,wsc-2026-shanghai,
WSC2026,TD,48,Industry 4.0,,ar,WSC2026_TD48_ar.pdf,0,,WSC2026/TD/48/ar/WSC2026_TD48_ar.pdf,https://api.worldskills.org/skillman/documents/3/skills/2452/pdf?l=ar,queued,wsc-2026-shanghai,
WSC2026,TD,48,Industry 4.0,,de,WSC2026_TD48_de.pdf,0,,WSC2026/TD/48/de/WSC2026_TD48_de.pdf,https://api.worldskills.org/skillman/documents/3/skills/2452/pdf?l=de,queued,wsc-2026-shanghai,
WSC2026,TD,48,Industry 4.0,,en,WSC2026_TD48_en.pdf,0,,WSC2026/TD/48/en/WSC2026_TD48_en.pdf,https://api.worldskills.org/skillman/documents/3/skills/2452/pdf?l=en,queued,wsc-2026-shanghai,
WSC2026,TD,48,Industry 4.0,,es,WSC2026_TD48_es.pdf,0,,WSC2026/TD/48/es/WSC2026_TD48_es.pdf,https://api.worldskills.org/skillman/documents/3/skills/2452/pdf?l=es,queued,wsc-2026-shanghai,
WSC2026,TD,48,Industry 4.0,,fi,WSC2026_TD48_fi.pdf,0,,WSC2026/TD/48/fi/WSC2026_TD48_fi.pdf,https://api.worldskills.org/skillman/documents/3/skills/2452/pdf?l=fi,queued,wsc-2026-shanghai,
WSC2026,TD,48,Industry 4.0,,fr,WSC2026_TD48_fr.pdf,0,,WSC2026/TD/48/fr/WSC2026_TD48_fr.pdf,https://api.worldskills.org/skillman/documents/3/skills/2452/pdf?l=fr,queued,wsc-2026-shanghai,
WSC2026,TD,48,Industry 4.0,,ja,WSC2026_TD48_ja.pdf,0,,WSC2026/TD/48/ja/WSC2026_TD48_ja.pdf,https://api.worldskills.org/skillman/documents/3/skills/2452/pdf?l=ja,queued,wsc-2026-shanghai,
WSC2026,TD,48,Industry 4.0,,ko,WSC2026_TD48_ko.pdf,0,,WSC2026/TD/48/ko/WSC2026_TD48_ko.pdf,https://api.worldskills.org/skillman/documents/3/skills/2452/pdf?l=ko,queued,wsc-2026-shanghai,
WSC2026,TD,48,Industry 4.0,,pt,WSC2026_TD48_pt.pdf,0,,WSC2026/TD/48/pt/WSC2026_TD48_pt.pdf,https://api.worldskills.org/skillman/documents/3/skills/2452/pdf?l=pt,queued,wsc-2026-shanghai,
WSC2026,TD,48,Industry 4.0,,ru,WSC2026_TD48_ru.pdf,0,,WSC2026/TD/48/ru/WSC2026_TD48_ru.pdf,https://api.worldskills.org/skillman/documents/3/skills/2452/pdf?l=ru,queued,wsc-2026-shanghai,
WSC2026,TD,48,Industry 4.0,,zh,WSC2026_TD48_zh.pdf,0,,WSC2026/TD/48/zh/WSC2026_TD48_zh.pdf,https://api.worldskills.org/skillman/documents/3/skills/2452/pdf?l=zh,queued,wsc-2026-shanghai,
WSC2026,TD,49,Heavy Vehicle Technology,,ar,WSC2026_TD49_ar.pdf,0,,WSC2026/TD/49/ar/WSC2026_TD49_ar.pdf,https://api.worldskills.org/skillman/documents/3/skills/2425/pdf?l=ar,queued,wsc-2026-shanghai,
WSC2026,TD,49,Heavy Vehicle Technology,,de,WSC2026_TD49_de.pdf,0,,WSC2026/TD/49/de/WSC2026_TD49_de.pdf,https://api.worldskills.org/skillman/documents/3/skills/2425/pdf?l=de,queued,wsc-2026-shanghai,
WSC2026,TD,49,Heavy Vehicle Technology,,en,WSC2026_TD49_en.pdf,0,,WSC2026/TD/49/en/WSC2026_TD49_en.pdf,https://api.worldskills.org/skillman/documents/3/skills/2425/pdf?l=en,queued,wsc-2026-shanghai,
WSC2026,TD,49,Heavy Vehicle Technology,,es,WSC2026_TD49_es.pdf,0,,WSC2026/TD/49/es/WSC2026_TD49_es.pdf,https://api.worldskills.org/skillman/documents/3/skills/2425/pdf?l=es,queued,wsc-2026-shanghai,
WSC2026,TD,49,Heavy Vehicle Technology,,fi,WSC2026_TD49_fi.pdf,0,,WSC2026/TD/49/fi/WSC2026_TD49_fi.pdf,https://api.worldskills.org/skillman/documents/3/skills/2425/pdf?l=fi,queued,wsc-2026-shanghai,
WSC2026,TD,49,Heavy Vehicle Technology,,fr,WSC2026_TD49_fr.pdf,0,,WSC2026/TD/49/fr/WSC2026_TD49_fr.pdf,https://api.worldskills.org/skillman/documents/3/skills/2425/pdf?l=fr,queued,wsc-2026-shanghai,
WSC2026,TD,49,Heavy Vehicle Technology,,ja,WSC2026_TD49_ja.pdf,0,,WSC2026/TD/49/ja/WSC2026_TD49_ja.pdf,https://api.worldskills.org/skillman/documents/3/skills/2425/pdf?l=ja,queued,wsc-2026-shanghai,
WSC2026,TD,49,Heavy Vehicle Technology,,ko,WSC2026_TD49_ko.pdf,0,,WSC2026/TD/49/ko/WSC2026_TD49_ko.pdf,https://api.worldskills.org/skillman/documents/3/skills/2425/pdf?l=ko,queued,wsc-2026-shanghai,
WSC2026,TD,49,Heavy Vehicle Technology,,pt,WSC2026_TD49_pt.pdf,0,,WSC2026/TD/49/pt/WSC2026_TD49_pt.pdf,https://api.worldskills.org/skillman/documents/3/skills/2425/pdf?l=pt,queued,wsc-2026-shanghai,
WSC2026,TD,49,Heavy Vehicle Technology,,ru,WSC2026_TD49_ru.pdf,0,,WSC2026/TD/49/ru/WSC2026_TD49_ru.pdf,https://api.worldskills.org/skillman/documents/3/skills/2425/pdf?l=ru,queued,wsc-2026-shanghai,
WSC2026,TD,49,Heavy Vehicle Technology,,zh,WSC2026_TD49_zh.pdf,0,,WSC2026/TD/49/zh/WSC2026_TD49_zh.pdf,https://api.worldskills.org/skillman/documents/3/skills/2425/pdf?l=zh,queued,wsc-2026-shanghai,
WSC2026,TD,50,3D Digital Game Art,,ar,WSC2026_TD50_ar.pdf,0,,WSC2026/TD/50/ar/WSC2026_TD50_ar.pdf,https://api.worldskills.org/skillman/documents/3/skills/2451/pdf?l=ar,queued,wsc-2026-shanghai,
WSC2026,TD,50,3D Digital Game Art,,de,WSC2026_TD50_de.pdf,0,,WSC2026/TD/50/de/WSC2026_TD50_de.pdf,https://api.worldskills.org/skillman/documents/3/skills/2451/pdf?l=de,queued,wsc-2026-shanghai,
WSC2026,TD,50,3D Digital Game Art,,en,WSC2026_TD50_en.pdf,0,,WSC2026/TD/50/en/WSC2026_TD50_en.pdf,https://api.worldskills.org/skillman/documents/3/skills/2451/pdf?l=en,queued,wsc-2026-shanghai,
WSC2026,TD,50,3D Digital Game Art,,es,WSC2026_TD50_es.pdf,0,,WSC2026/TD/50/es/WSC2026_TD50_es.pdf,https://api.worldskills.org/skillman/documents/3/skills/2451/pdf?l=es,queued,wsc-2026-shanghai,
WSC2026,TD,50,3D Digital Game Art,,fi,WSC2026_TD50_fi.pdf,0,,WSC2026/TD/50/fi/WSC2026_TD50_fi.pdf,https://api.worldskills.org/skillman/documents/3/skills/2451/pdf?l=fi,queued,wsc-2026-shanghai,
WSC2026,TD,50,3D Digital Game Art,,fr,WSC2026_TD50_fr.pdf,0,,WSC2026/TD/50/fr/WSC2026_TD50_fr.pdf,https://api.worldskills.org/skillman/documents/3/skills/2451/pdf?l=fr,queued,wsc-2026-shanghai,
WSC2026,TD,50,3D Digital Game Art,,ja,WSC2026_TD50_ja.pdf,0,,WSC2026/TD/50/ja/WSC2026_TD50_ja.pdf,https://api.worldskills.org/skillman/documents/3/skills/2451/pdf?l=ja,queued,wsc-2026-shanghai,
WSC2026,TD,50,3D Digital Game Art,,ko,WSC2026_TD50_ko.pdf,0,,WSC2026/TD/50/ko/WSC2026_TD50_ko.pdf,https://api.worldskills.org/skillman/documents/3/skills/2451/pdf?l=ko,queued,wsc-2026-shanghai,
WSC2026,TD,50,3D Digital Game Art,,pt,WSC2026_TD50_pt.pdf,0,,WSC2026/TD/50/pt/WSC2026_TD50_pt.pdf,https://api.worldskills.org/skillman/documents/3/skills/2451/pdf?l=pt,queued,wsc-2026-shanghai,
WSC2026,TD,50,3D Digital Game Art,,ru,WSC2026_TD50_ru.pdf,0,,WSC2026/TD/50/ru/WSC2026_TD50_ru.pdf,https://api.worldskills.org/skillman/documents/3/skills/2451/pdf?l=ru,queued,wsc-2026-shanghai,
WSC2026,TD,50,3D Digital Game Art,,zh,WSC2026_TD50_zh.pdf,0,,WSC2026/TD/50/zh/WSC2026_TD50_zh.pdf,https://api.worldskills.org/skillman/documents/3/skills/2451/pdf?l=zh,queued,wsc-2026-shanghai,
WSC2026,TD,51,Logistics and Freight Forwarding,,ar,WSC2026_TD51_ar.pdf,0,,WSC2026/TD/51/ar/WSC2026_TD51_ar.pdf,https://api.worldskills.org/skillman/documents/3/skills/2423/pdf?l=ar,queued,wsc-2026-shanghai,
WSC2026,TD,51,Logistics and Freight Forwarding,,de,WSC2026_TD51_de.pdf,0,,WSC2026/TD/51/de/WSC2026_TD51_de.pdf,https://api.worldskills.org/skillman/documents/3/skills/2423/pdf?l=de,queued,wsc-2026-shanghai,
WSC2026,TD,51,Logistics and Freight Forwarding,,en,WSC2026_TD51_en.pdf,0,,WSC2026/TD/51/en/WSC2026_TD51_en.pdf,https://api.worldskills.org/skillman/documents/3/skills/2423/pdf?l=en,queued,wsc-2026-shanghai,
WSC2026,TD,51,Logistics and Freight Forwarding,,es,WSC2026_TD51_es.pdf,0,,WSC2026/TD/51/es/WSC2026_TD51_es.pdf,https://api.worldskills.org/skillman/documents/3/skills/2423/pdf?l=es,queued,wsc-2026-shanghai,
WSC2026,TD,51,Logistics and Freight Forwarding,,fi,WSC2026_TD51_fi.pdf,0,,WSC2026/TD/51/fi/WSC2026_TD51_fi.pdf,https://api.worldskills.org/skillman/documents/3/skills/2423/pdf?l=fi,queued,wsc-2026-shanghai,
WSC2026,TD,51,Logistics and Freight Forwarding,,fr,WSC2026_TD51_fr.pdf,0,,WSC2026/TD/51/fr/WSC2026_TD51_fr.pdf,https://api.worldskills.org/skillman/documents/3/skills/2423/pdf?l=fr,queued,wsc-2026-shanghai,
WSC2026,TD,51,Logistics and Freight Forwarding,,ja,WSC2026_TD51_ja.pdf,0,,WSC2026/TD/51/ja/WSC2026_TD51_ja.pdf,https://api.worldskills.org/skillman/documents/3/skills/2423/pdf?l=ja,queued,wsc-2026-shanghai,
WSC2026,TD,51,Logistics and Freight Forwarding,,ko,WSC2026_TD51_ko.pdf,0,,WSC2026/TD/51/ko/WSC2026_TD51_ko.pdf,https://api.worldskills.org/skillman/documents/3/skills/2423/pdf?l=ko,queued,wsc-2026-shanghai,
WSC2026,TD,51,Logistics and Freight Forwarding,,pt,WSC2026_TD51_pt.pdf,0,,WSC2026/TD/51/pt/WSC2026_TD51_pt.pdf,https://api.worldskills.org/skillman/documents/3/skills/2423/pdf?l=pt,queued,wsc-2026-shanghai,
WSC2026,TD,51,Logistics and Freight Forwarding,,ru,WSC2026_TD51_ru.pdf,0,,WSC2026/TD/51/ru/WSC2026_TD51_ru.pdf,https://api.worldskills.org/skillman/documents/3/skills/2423/pdf?l=ru,queued,wsc-2026-shanghai,
WSC2026,TD,51,Logistics and Freight Forwarding,,zh,WSC2026_TD51_zh.pdf,0,,WSC2026/TD/51/zh/WSC2026_TD51_zh.pdf,https://api.worldskills.org/skillman/documents/3/skills/2423/pdf?l=zh,queued,wsc-2026-shanghai,
WSC2026,TD,52,Chemical Laboratory Technology,,ar,WSC2026_TD52_ar.pdf,0,,WSC2026/TD/52/ar/WSC2026_TD52_ar.pdf,https://api.worldskills.org/skillman/documents/3/skills/2440/pdf?l=ar,queued,wsc-2026-shanghai,
WSC2026,TD,52,Chemical Laboratory Technology,,de,WSC2026_TD52_de.pdf,0,,WSC2026/TD/52/de/WSC2026_TD52_de.pdf,https://api.worldskills.org/skillman/documents/3/skills/2440/pdf?l=de,queued,wsc-2026-shanghai,
WSC2026,TD,52,Chemical Laboratory Technology,,en,WSC2026_TD52_en.pdf,0,,WSC2026/TD/52/en/WSC2026_TD52_en.pdf,https://api.worldskills.org/skillman/documents/3/skills/2440/pdf?l=en,queued,wsc-2026-shanghai,
WSC2026,TD,52,Chemical Laboratory Technology,,es,WSC2026_TD52_es.pdf,0,,WSC2026/TD/52/es/WSC2026_TD52_es.pdf,https://api.worldskills.org/skillman/documents/3/skills/2440/pdf?l=es,queued,wsc-2026-shanghai,
WSC2026,TD,52,Chemical Laboratory Technology,,fi,WSC2026_TD52_fi.pdf,0,,WSC2026/TD/52/fi/WSC2026_TD52_fi.pdf,https://api.worldskills.org/skillman/documents/3/skills/2440/pdf?l=fi,queued,wsc-2026-shanghai,
WSC2026,TD,52,Chemical Laboratory Technology,,fr,WSC2026_TD52_fr.pdf,0,,WSC2026/TD/52/fr/WSC2026_TD52_fr.pdf,https://api.worldskills.org/skillman/documents/3/skills/2440/pdf?l=fr,queued,wsc-2026-shanghai,
WSC2026,TD,52,Chemical Laboratory Technology,,ja,WSC2026_TD52_ja.pdf,0,,WSC2026/TD/52/ja/WSC2026_TD52_ja.pdf,https://api.worldskills.org/skillman/documents/3/skills/2440/pdf?l=ja,queued,wsc-2026-shanghai,
WSC2026,TD,52,Chemical Laboratory Technology,,ko,WSC2026_TD52_ko.pdf,0,,WSC2026/TD/52/ko/WSC2026_TD52_ko.pdf,https://api.worldskills.org/skillman/documents/3/skills/2440/pdf?l=ko,queued,wsc-2026-shanghai,
WSC2026,TD,52,Chemical Laboratory Technology,,pt,WSC2026_TD52_pt.pdf,0,,WSC2026/TD/52/pt/WSC2026_TD52_pt.pdf,https://api.worldskills.org/skillman/documents/3/skills/2440/pdf?l=pt,queued,wsc-2026-shanghai,
WSC2026,TD,52,Chemical Laboratory Technology,,ru,WSC2026_TD52_ru.pdf,0,,WSC2026/TD/52/ru/WSC2026_TD52_ru.pdf,https://api.worldskills.org/skillman/documents/3/skills/2440/pdf?l=ru,queued,wsc-2026-shanghai,
WSC2026,TD,52,Chemical Laboratory Technology,,zh,WSC2026_TD52_zh.pdf,0,,WSC2026/TD/52/zh/WSC2026_TD52_zh.pdf,https://api.worldskills.org/skillman/documents/3/skills/2440/pdf?l=zh,queued,wsc-2026-shanghai,
WSC2026,TD,53,Cloud Computing,,ar,WSC2026_TD53_ar.pdf,0,,WSC2026/TD/53/ar/WSC2026_TD53_ar.pdf,https://api.worldskills.org/skillman/documents/3/skills/2455/pdf?l=ar,queued,wsc-2026-shanghai,
WSC2026,TD,53,Cloud Computing,,de,WSC2026_TD53_de.pdf,0,,WSC2026/TD/53/de/WSC2026_TD53_de.pdf,https://api.worldskills.org/skillman/documents/3/skills/2455/pdf?l=de,queued,wsc-2026-shanghai,
WSC2026,TD,53,Cloud Computing,,en,WSC2026_TD53_en.pdf,0,,WSC2026/TD/53/en/WSC2026_TD53_en.pdf,https://api.worldskills.org/skillman/documents/3/skills/2455/pdf?l=en,queued,wsc-2026-shanghai,
WSC2026,TD,53,Cloud Computing,,es,WSC2026_TD53_es.pdf,0,,WSC2026/TD/53/es/WSC2026_TD53_es.pdf,https://api.worldskills.org/skillman/documents/3/skills/2455/pdf?l=es,queued,wsc-2026-shanghai,
WSC2026,TD,53,Cloud Computing,,fi,WSC2026_TD53_fi.pdf,0,,WSC2026/TD/53/fi/WSC2026_TD53_fi.pdf,https://api.worldskills.org/skillman/documents/3/skills/2455/pdf?l=fi,queued,wsc-2026-shanghai,
WSC2026,TD,53,Cloud Computing,,fr,WSC2026_TD53_fr.pdf,0,,WSC2026/TD/53/fr/WSC2026_TD53_fr.pdf,https://api.worldskills.org/skillman/documents/3/skills/2455/pdf?l=fr,queued,wsc-2026-shanghai,
WSC2026,TD,53,Cloud Computing,,ja,WSC2026_TD53_ja.pdf,0,,WSC2026/TD/53/ja/WSC2026_TD53_ja.pdf,https://api.worldskills.org/skillman/documents/3/skills/2455/pdf?l=ja,queued,wsc-2026-shanghai,
WSC2026,TD,53,Cloud Computing,,ko,WSC2026_TD53_ko.pdf,0,,WSC2026/TD/53/ko/WSC2026_TD53_ko.pdf,https://api.worldskills.org/skillman/documents/3/skills/2455/pdf?l=ko,queued,wsc-2026-shanghai,
WSC2026,TD,53,Cloud Computing,,pt,WSC2026_TD53_pt.pdf,0,,WSC2026/TD/53/pt/WSC2026_TD53_pt.pdf,https://api.worldskills.org/skillman/documents/3/skills/2455/pdf?l=pt,queued,wsc-2026-shanghai,
WSC2026,TD,53,Cloud Computing,,ru,WSC2026_TD53_ru.pdf,0,,WSC2026/TD/53/ru/WSC2026_TD53_ru.pdf,https://api.worldskills.org/skillman/documents/3/skills/2455/pdf?l=ru,queued,wsc-2026-shanghai,
WSC2026,TD,53,Cloud Computing,,zh,WSC2026_TD53_zh.pdf,0,,WSC2026/TD/53/zh/WSC2026_TD53_zh.pdf,https://api.worldskills.org/skillman/documents/3/skills/2455/pdf?l=zh,queued,wsc-2026-shanghai,
WSC2026,TD,54,Cyber Security,,ar,WSC2026_TD54_ar.pdf,0,,WSC2026/TD/54/ar/WSC2026_TD54_ar.pdf,https://api.worldskills.org/skillman/documents/3/skills/2461/pdf?l=ar,queued,wsc-2026-shanghai,
WSC2026,TD,54,Cyber Security,,de,WSC2026_TD54_de.pdf,0,,WSC2026/TD/54/de/WSC2026_TD54_de.pdf,https://api.worldskills.org/skillman/documents/3/skills/2461/pdf?l=de,queued,wsc-2026-shanghai,
WSC2026,TD,54,Cyber Security,,en,WSC2026_TD54_en.pdf,0,,WSC2026/TD/54/en/WSC2026_TD54_en.pdf,https://api.worldskills.org/skillman/documents/3/skills/2461/pdf?l=en,queued,wsc-2026-shanghai,
WSC2026,TD,54,Cyber Security,,es,WSC2026_TD54_es.pdf,0,,WSC2026/TD/54/es/WSC2026_TD54_es.pdf,https://api.worldskills.org/skillman/documents/3/skills/2461/pdf?l=es,queued,wsc-2026-shanghai,
WSC2026,TD,54,Cyber Security,,fi,WSC2026_TD54_fi.pdf,0,,WSC2026/TD/54/fi/WSC2026_TD54_fi.pdf,https://api.worldskills.org/skillman/documents/3/skills/2461/pdf?l=fi,queued,wsc-2026-shanghai,
WSC2026,TD,54,Cyber Security,,fr,WSC2026_TD54_fr.pdf,0,,WSC2026/TD/54/fr/WSC2026_TD54_fr.pdf,https://api.worldskills.org/skillman/documents/3/skills/2461/pdf?l=fr,queued,wsc-2026-shanghai,
WSC2026,TD,54,Cyber Security,,ja,WSC2026_TD54_ja.pdf,0,,WSC2026/TD/54/ja/WSC2026_TD54_ja.pdf,https://api.worldskills.org/skillman/documents/3/skills/2461/pdf?l=ja,queued,wsc-2026-shanghai,
WSC2026,TD,54,Cyber Security,,ko,WSC2026_TD54_ko.pdf,0,,WSC2026/TD/54/ko/WSC2026_TD54_ko.pdf,https://api.worldskills.org/skillman/documents/3/skills/2461/pdf?l=ko,queued,wsc-2026-shanghai,
WSC2026,TD,54,Cyber Security,,pt,WSC2026_TD54_pt.pdf,0,,WSC2026/TD/54/pt/WSC2026_TD54_pt.pdf,https://api.worldskills.org/skillman/documents/3/skills/2461/pdf?l=pt,queued,wsc-2026-shanghai,
WSC2026,TD,54,Cyber Security,,ru,WSC2026_TD54_ru.pdf,0,,WSC2026/TD/54/ru/WSC2026_TD54_ru.pdf,https://api.worldskills.org/skillman/documents/3/skills/2461/pdf?l=ru,queued,wsc-2026-shanghai,
WSC2026,TD,54,Cyber Security,,zh,WSC2026_TD54_zh.pdf,0,,WSC2026/TD/54/zh/WSC2026_TD54_zh.pdf,https://api.worldskills.org/skillman/documents/3/skills/2461/pdf?l=zh,queued,wsc-2026-shanghai,
WSC2026,TD,55,Water Technology,,ar,WSC2026_TD55_ar.pdf,0,,WSC2026/TD/55/ar/WSC2026_TD55_ar.pdf,https://api.worldskills.org/skillman/documents/3/skills/2428/pdf?l=ar,queued,wsc-2026-shanghai,
WSC2026,TD,55,Water Technology,,de,WSC2026_TD55_de.pdf,0,,WSC2026/TD/55/de/WSC2026_TD55_de.pdf,https://api.worldskills.org/skillman/documents/3/skills/2428/pdf?l=de,queued,wsc-2026-shanghai,
WSC2026,TD,55,Water Technology,,en,WSC2026_TD55_en.pdf,0,,WSC2026/TD/55/en/WSC2026_TD55_en.pdf,https://api.worldskills.org/skillman/documents/3/skills/2428/pdf?l=en,queued,wsc-2026-shanghai,
WSC2026,TD,55,Water Technology,,es,WSC2026_TD55_es.pdf,0,,WSC2026/TD/55/es/WSC2026_TD55_es.pdf,https://api.worldskills.org/skillman/documents/3/skills/2428/pdf?l=es,queued,wsc-2026-shanghai,
WSC2026,TD,55,Water Technology,,fi,WSC2026_TD55_fi.pdf,0,,WSC2026/TD/55/fi/WSC2026_TD55_fi.pdf,https://api.worldskills.org/skillman/documents/3/skills/2428/pdf?l=fi,queued,wsc-2026-shanghai,
WSC2026,TD,55,Water Technology,,fr,WSC2026_TD55_fr.pdf,0,,WSC2026/TD/55/fr/WSC2026_TD55_fr.pdf,https://api.worldskills.org/skillman/documents/3/skills/2428/pdf?l=fr,queued,wsc-2026-shanghai,
WSC2026,TD,55,Water Technology,,ja,WSC2026_TD55_ja.pdf,0,,WSC2026/TD/55/ja/WSC2026_TD55_ja.pdf,https://api.worldskills.org/skillman/documents/3/skills/2428/pdf?l=ja,queued,wsc-2026-shanghai,
WSC2026,TD,55,Water Technology,,ko,WSC2026_TD55_ko.pdf,0,,WSC2026/TD/55/ko/WSC2026_TD55_ko.pdf,https://api.worldskills.org/skillman/documents/3/skills/2428/pdf?l=ko,queued,wsc-2026-shanghai,
WSC2026,TD,55,Water Technology,,pt,WSC2026_TD55_pt.pdf,0,,WSC2026/TD/55/pt/WSC2026_TD55_pt.pdf,https://api.worldskills.org/skillman/documents/3/skills/2428/pdf?l=pt,queued,wsc-2026-shanghai,
WSC2026,TD,55,Water Technology,,ru,WSC2026_TD55_ru.pdf,0,,WSC2026/TD/55/ru/WSC2026_TD55_ru.pdf,https://api.worldskills.org/skillman/documents/3/skills/2428/pdf?l=ru,queued,wsc-2026-shanghai,
WSC2026,TD,55,Water Technology,,zh,WSC2026_TD55_zh.pdf,0,,WSC2026/TD/55/zh/WSC2026_TD55_zh.pdf,https://api.worldskills.org/skillman/documents/3/skills/2428/pdf?l=zh,queued,wsc-2026-shanghai,
WSC2026,TD,56,Hotel Reception,,ar,WSC2026_TD56_ar.pdf,0,,WSC2026/TD/56/ar/WSC2026_TD56_ar.pdf,https://api.worldskills.org/skillman/documents/3/skills/2454/pdf?l=ar,queued,wsc-2026-shanghai,
WSC2026,TD,56,Hotel Reception,,de,WSC2026_TD56_de.pdf,0,,WSC2026/TD/56/de/WSC2026_TD56_de.pdf,https://api.worldskills.org/skillman/documents/3/skills/2454/pdf?l=de,queued,wsc-2026-shanghai,
WSC2026,TD,56,Hotel Reception,,en,WSC2026_TD56_en.pdf,0,,WSC2026/TD/56/en/WSC2026_TD56_en.pdf,https://api.worldskills.org/skillman/documents/3/skills/2454/pdf?l=en,queued,wsc-2026-shanghai,
WSC2026,TD,56,Hotel Reception,,es,WSC2026_TD56_es.pdf,0,,WSC2026/TD/56/es/WSC2026_TD56_es.pdf,https://api.worldskills.org/skillman/documents/3/skills/2454/pdf?l=es,queued,wsc-2026-shanghai,
WSC2026,TD,56,Hotel Reception,,fi,WSC2026_TD56_fi.pdf,0,,WSC2026/TD/56/fi/WSC2026_TD56_fi.pdf,https://api.worldskills.org/skillman/documents/3/skills/2454/pdf?l=fi,queued,wsc-2026-shanghai,
WSC2026,TD,56,Hotel Reception,,fr,WSC2026_TD56_fr.pdf,0,,WSC2026/TD/56/fr/WSC2026_TD56_fr.pdf,https://api.worldskills.org/skillman/documents/3/skills/2454/pdf?l=fr,queued,wsc-2026-shanghai,
WSC2026,TD,56,Hotel Reception,,ja,WSC2026_TD56_ja.pdf,0,,WSC2026/TD/56/ja/WSC2026_TD56_ja.pdf,https://api.worldskills.org/skillman/documents/3/skills/2454/pdf?l=ja,queued,wsc-2026-shanghai,
WSC2026,TD,56,Hotel Reception,,ko,WSC2026_TD56_ko.pdf,0,,WSC2026/TD/56/ko/WSC2026_TD56_ko.pdf,https://api.worldskills.org/skillman/documents/3/skills/2454/pdf?l=ko,queued,wsc-2026-shanghai,
WSC2026,TD,56,Hotel Reception,,pt,WSC2026_TD56_pt.pdf,0,,WSC2026/TD/56/pt/WSC2026_TD56_pt.pdf,https://api.worldskills.org/skillman/documents/3/skills/2454/pdf?l=pt,queued,wsc-2026-shanghai,
WSC2026,TD,56,Hotel Reception,,ru,WSC2026_TD56_ru.pdf,0,,WSC2026/TD/56/ru/WSC2026_TD56_ru.pdf,https://api.worldskills.org/skillman/documents/3/skills/2454/pdf?l=ru,queued,wsc-2026-shanghai,
WSC2026,TD,56,Hotel Reception,,zh,WSC2026_TD56_zh.pdf,0,,WSC2026/TD/56/zh/WSC2026_TD56_zh.pdf,https://api.worldskills.org/skillman/documents/3/skills/2454/pdf?l=zh,queued,wsc-2026-shanghai,
WSC2026,TD,57,Additive Manufacturing,,ar,WSC2026_TD57_ar.pdf,0,,WSC2026/TD/57/ar/WSC2026_TD57_ar.pdf,https://api.worldskills.org/skillman/documents/3/skills/2463/pdf?l=ar,queued,wsc-2026-shanghai,
WSC2026,TD,57,Additive Manufacturing,,de,WSC2026_TD57_de.pdf,0,,WSC2026/TD/57/de/WSC2026_TD57_de.pdf,https://api.worldskills.org/skillman/documents/3/skills/2463/pdf?l=de,queued,wsc-2026-shanghai,
WSC2026,TD,57,Additive Manufacturing,,en,WSC2026_TD57_en.pdf,0,,WSC2026/TD/57/en/WSC2026_TD57_en.pdf,https://api.worldskills.org/skillman/documents/3/skills/2463/pdf?l=en,queued,wsc-2026-shanghai,
WSC2026,TD,57,Additive Manufacturing,,es,WSC2026_TD57_es.pdf,0,,WSC2026/TD/57/es/WSC2026_TD57_es.pdf,https://api.worldskills.org/skillman/documents/3/skills/2463/pdf?l=es,queued,wsc-2026-shanghai,
WSC2026,TD,57,Additive Manufacturing,,fi,WSC2026_TD57_fi.pdf,0,,WSC2026/TD/57/fi/WSC2026_TD57_fi.pdf,https://api.worldskills.org/skillman/documents/3/skills/2463/pdf?l=fi,queued,wsc-2026-shanghai,
WSC2026,TD,57,Additive Manufacturing,,fr,WSC2026_TD57_fr.pdf,0,,WSC2026/TD/57/fr/WSC2026_TD57_fr.pdf,https://api.worldskills.org/skillman/documents/3/skills/2463/pdf?l=fr,queued,wsc-2026-shanghai,
WSC2026,TD,57,Additive Manufacturing,,ja,WSC2026_TD57_ja.pdf,0,,WSC2026/TD/57/ja/WSC2026_TD57_ja.pdf,https://api.worldskills.org/skillman/documents/3/skills/2463/pdf?l=ja,queued,wsc-2026-shanghai,
WSC2026,TD,57,Additive Manufacturing,,ko,WSC2026_TD57_ko.pdf,0,,WSC2026/TD/57/ko/WSC2026_TD57_ko.pdf,https://api.worldskills.org/skillman/documents/3/skills/2463/pdf?l=ko,queued,wsc-2026-shanghai,
WSC2026,TD,57,Additive Manufacturing,,pt,WSC2026_TD57_pt.pdf,0,,WSC2026/TD/57/pt/WSC2026_TD57_pt.pdf,https://api.worldskills.org/skillman/documents/3/skills/2463/pdf?l=pt,queued,wsc-2026-shanghai,
WSC2026,TD,57,Additive Manufacturing,,ru,WSC2026_TD57_ru.pdf,0,,WSC2026/TD/57/ru/WSC2026_TD57_ru.pdf,https://api.worldskills.org/skillman/documents/3/skills/2463/pdf?l=ru,queued,wsc-2026-shanghai,
WSC2026,TD,57,Additive Manufacturing,,zh,WSC2026_TD57_zh.pdf,0,,WSC2026/TD/57/zh/WSC2026_TD57_zh.pdf,https://api.worldskills.org/skillman/documents/3/skills/2463/pdf?l=zh,queued,wsc-2026-shanghai,
WSC2026,TD,58,Digital Construction,,ar,WSC2026_TD58_ar.pdf,0,,WSC2026/TD/58/ar/WSC2026_TD58_ar.pdf,https://api.worldskills.org/skillman/documents/3/skills/2419/pdf?l=ar,queued,wsc-2026-shanghai,
WSC2026,TD,58,Digital Construction,,de,WSC2026_TD58_de.pdf,0,,WSC2026/TD/58/de/WSC2026_TD58_de.pdf,https://api.worldskills.org/skillman/documents/3/skills/2419/pdf?l=de,queued,wsc-2026-shanghai,
WSC2026,TD,58,Digital Construction,,en,WSC2026_TD58_en.pdf,0,,WSC2026/TD/58/en/WSC2026_TD58_en.pdf,https://api.worldskills.org/skillman/documents/3/skills/2419/pdf?l=en,queued,wsc-2026-shanghai,
WSC2026,TD,58,Digital Construction,,es,WSC2026_TD58_es.pdf,0,,WSC2026/TD/58/es/WSC2026_TD58_es.pdf,https://api.worldskills.org/skillman/documents/3/skills/2419/pdf?l=es,queued,wsc-2026-shanghai,
WSC2026,TD,58,Digital Construction,,fi,WSC2026_TD58_fi.pdf,0,,WSC2026/TD/58/fi/WSC2026_TD58_fi.pdf,https://api.worldskills.org/skillman/documents/3/skills/2419/pdf?l=fi,queued,wsc-2026-shanghai,
WSC2026,TD,58,Digital Construction,,fr,WSC2026_TD58_fr.pdf,0,,WSC2026/TD/58/fr/WSC2026_TD58_fr.pdf,https://api.worldskills.org/skillman/documents/3/skills/2419/pdf?l=fr,queued,wsc-2026-shanghai,
WSC2026,TD,58,Digital Construction,,ja,WSC2026_TD58_ja.pdf,0,,WSC2026/TD/58/ja/WSC2026_TD58_ja.pdf,https://api.worldskills.org/skillman/documents/3/skills/2419/pdf?l=ja,queued,wsc-2026-shanghai,
WSC2026,TD,58,Digital Construction,,ko,WSC2026_TD58_ko.pdf,0,,WSC2026/TD/58/ko/WSC2026_TD58_ko.pdf,https://api.worldskills.org/skillman/documents/3/skills/2419/pdf?l=ko,queued,wsc-2026-shanghai,
WSC2026,TD,58,Digital Construction,,pt,WSC2026_TD58_pt.pdf,0,,WSC2026/TD/58/pt/WSC2026_TD58_pt.pdf,https://api.worldskills.org/skillman/documents/3/skills/2419/pdf?l=pt,queued,wsc-2026-shanghai,
WSC2026,TD,58,Digital Construction,,ru,WSC2026_TD58_ru.pdf,0,,WSC2026/TD/58/ru/WSC2026_TD58_ru.pdf,https://api.worldskills.org/skillman/documents/3/skills/2419/pdf?l=ru,queued,wsc-2026-shanghai,
WSC2026,TD,58,Digital Construction,,zh,WSC2026_TD58_zh.pdf,0,,WSC2026/TD/58/zh/WSC2026_TD58_zh.pdf,https://api.worldskills.org/skillman/documents/3/skills/2419/pdf?l=zh,queued,wsc-2026-shanghai,
WSC2026,TD,59,Industrial Design Technology,,ar,WSC2026_TD59_ar.pdf,0,,WSC2026/TD/59/ar/WSC2026_TD59_ar.pdf,https://api.worldskills.org/skillman/documents/3/skills/2462/pdf?l=ar,queued,wsc-2026-shanghai,
WSC2026,TD,59,Industrial Design Technology,,de,WSC2026_TD59_de.pdf,0,,WSC2026/TD/59/de/WSC2026_TD59_de.pdf,https://api.worldskills.org/skillman/documents/3/skills/2462/pdf?l=de,queued,wsc-2026-shanghai,
WSC2026,TD,59,Industrial Design Technology,,en,WSC2026_TD59_en.pdf,0,,WSC2026/TD/59/en/WSC2026_TD59_en.pdf,https://api.worldskills.org/skillman/documents/3/skills/2462/pdf?l=en,queued,wsc-2026-shanghai,
WSC2026,TD,59,Industrial Design Technology,,es,WSC2026_TD59_es.pdf,0,,WSC2026/TD/59/es/WSC2026_TD59_es.pdf,https://api.worldskills.org/skillman/documents/3/skills/2462/pdf?l=es,queued,wsc-2026-shanghai,
WSC2026,TD,59,Industrial Design Technology,,fi,WSC2026_TD59_fi.pdf,0,,WSC2026/TD/59/fi/WSC2026_TD59_fi.pdf,https://api.worldskills.org/skillman/documents/3/skills/2462/pdf?l=fi,queued,wsc-2026-shanghai,
WSC2026,TD,59,Industrial Design Technology,,fr,WSC2026_TD59_fr.pdf,0,,WSC2026/TD/59/fr/WSC2026_TD59_fr.pdf,https://api.worldskills.org/skillman/documents/3/skills/2462/pdf?l=fr,queued,wsc-2026-shanghai,
WSC2026,TD,59,Industrial Design Technology,,ja,WSC2026_TD59_ja.pdf,0,,WSC2026/TD/59/ja/WSC2026_TD59_ja.pdf,https://api.worldskills.org/skillman/documents/3/skills/2462/pdf?l=ja,queued,wsc-2026-shanghai,
WSC2026,TD,59,Industrial Design Technology,,ko,WSC2026_TD59_ko.pdf,0,,WSC2026/TD/59/ko/WSC2026_TD59_ko.pdf,https://api.worldskills.org/skillman/documents/3/skills/2462/pdf?l=ko,queued,wsc-2026-shanghai,
WSC2026,TD,59,Industrial Design Technology,,pt,WSC2026_TD59_pt.pdf,0,,WSC2026/TD/59/pt/WSC2026_TD59_pt.pdf,https://api.worldskills.org/skillman/documents/3/skills/2462/pdf?l=pt,queued,wsc-2026-shanghai,
WSC2026,TD,59,Industrial Design Technology,,ru,WSC2026_TD59_ru.pdf,0,,WSC2026/TD/59/ru/WSC2026_TD59_ru.pdf,https://api.worldskills.org/skillman/documents/3/skills/2462/pdf?l=ru,queued,wsc-2026-shanghai,
WSC2026,TD,59,Industrial Design Technology,,zh,WSC2026_TD59_zh.pdf,0,,WSC2026/TD/59/zh/WSC2026_TD59_zh.pdf,https://api.worldskills.org/skillman/documents/3/skills/2462/pdf?l=zh,queued,wsc-2026-shanghai,
WSC2026,TD,60,Optoelectronic Technology,,ar,WSC2026_TD60_ar.pdf,0,,WSC2026/TD/60/ar/WSC2026_TD60_ar.pdf,https://api.worldskills.org/skillman/documents/3/skills/2460/pdf?l=ar,queued,wsc-2026-shanghai,
WSC2026,TD,60,Optoelectronic Technology,,de,WSC2026_TD60_de.pdf,0,,WSC2026/TD/60/de/WSC2026_TD60_de.pdf,https://api.worldskills.org/skillman/documents/3/skills/2460/pdf?l=de,queued,wsc-2026-shanghai,
WSC2026,TD,60,Optoelectronic Technology,,en,WSC2026_TD60_en.pdf,0,,WSC2026/TD/60/en/WSC2026_TD60_en.pdf,https://api.worldskills.org/skillman/documents/3/skills/2460/pdf?l=en,queued,wsc-2026-shanghai,
WSC2026,TD,60,Optoelectronic Technology,,es,WSC2026_TD60_es.pdf,0,,WSC2026/TD/60/es/WSC2026_TD60_es.pdf,https://api.worldskills.org/skillman/documents/3/skills/2460/pdf?l=es,queued,wsc-2026-shanghai,
WSC2026,TD,60,Optoelectronic Technology,,fi,WSC2026_TD60_fi.pdf,0,,WSC2026/TD/60/fi/WSC2026_TD60_fi.pdf,https://api.worldskills.org/skillman/documents/3/skills/2460/pdf?l=fi,queued,wsc-2026-shanghai,
WSC2026,TD,60,Optoelectronic Technology,,fr,WSC2026_TD60_fr.pdf,0,,WSC2026/TD/60/fr/WSC2026_TD60_fr.pdf,https://api.worldskills.org/skillman/documents/3/skills/2460/pdf?l=fr,queued,wsc-2026-shanghai,
WSC2026,TD,60,Optoelectronic Technology,,ja,WSC2026_TD60_ja.pdf,0,,WSC2026/TD/60/ja/WSC2026_TD60_ja.pdf,https://api.worldskills.org/skillman/documents/3/skills/2460/pdf?l=ja,queued,wsc-2026-shanghai,
WSC2026,TD,60,Optoelectronic Technology,,ko,WSC2026_TD60_ko.pdf,0,,WSC2026/TD/60/ko/WSC2026_TD60_ko.pdf,https://api.worldskills.org/skillman/documents/3/skills/2460/pdf?l=ko,queued,wsc-2026-shanghai,
WSC2026,TD,60,Optoelectronic Technology,,pt,WSC2026_TD60_pt.pdf,0,,WSC2026/TD/60/pt/WSC2026_TD60_pt.pdf,https://api.worldskills.org/skillman/documents/3/skills/2460/pdf?l=pt,queued,wsc-2026-shanghai,
WSC2026,TD,60,Optoelectronic Technology,,ru,WSC2026_TD60_ru.pdf,0,,WSC2026/TD/60/ru/WSC2026_TD60_ru.pdf,https://api.worldskills.org/skillman/documents/3/skills/2460/pdf?l=ru,queued,wsc-2026-shanghai,
WSC2026,TD,60,Optoelectronic Technology,,zh,WSC2026_TD60_zh.pdf,0,,WSC2026/TD/60/zh/WSC2026_TD60_zh.pdf,https://api.worldskills.org/skillman/documents/3/skills/2460/pdf?l=zh,queued,wsc-2026-shanghai,
WSC2026,TD,61,Rail Vehicle Technology,,ar,WSC2026_TD61_ar.pdf,0,,WSC2026/TD/61/ar/WSC2026_TD61_ar.pdf,https://api.worldskills.org/skillman/documents/3/skills/2695/pdf?l=ar,queued,wsc-2026-shanghai,
WSC2026,TD,61,Rail Vehicle Technology,,de,WSC2026_TD61_de.pdf,0,,WSC2026/TD/61/de/WSC2026_TD61_de.pdf,https://api.worldskills.org/skillman/documents/3/skills/2695/pdf?l=de,queued,wsc-2026-shanghai,
WSC2026,TD,61,Rail Vehicle Technology,,en,WSC2026_TD61_en.pdf,0,,WSC2026/TD/61/en/WSC2026_TD61_en.pdf,https://api.worldskills.org/skillman/documents/3/skills/2695/pdf?l=en,queued,wsc-2026-shanghai,
WSC2026,TD,61,Rail Vehicle Technology,,es,WSC2026_TD61_es.pdf,0,,WSC2026/TD/61/es/WSC2026_TD61_es.pdf,https://api.worldskills.org/skillman/documents/3/skills/2695/pdf?l=es,queued,wsc-2026-shanghai,
WSC2026,TD,61,Rail Vehicle Technology,,fi,WSC2026_TD61_fi.pdf,0,,WSC2026/TD/61/fi/WSC2026_TD61_fi.pdf,https://api.worldskills.org/skillman/documents/3/skills/2695/pdf?l=fi,queued,wsc-2026-shanghai,
WSC2026,TD,61,Rail Vehicle Technology,,fr,WSC2026_TD61_fr.pdf,0,,WSC2026/TD/61/fr/WSC2026_TD61_fr.pdf,https://api.worldskills.org/skillman/documents/3/skills/2695/pdf?l=fr,queued,wsc-2026-shanghai,
WSC2026,TD,61,Rail Vehicle Technology,,ja,WSC2026_TD61_ja.pdf,0,,WSC2026/TD/61/ja/WSC2026_TD61_ja.pdf,https://api.worldskills.org/skillman/documents/3/skills/2695/pdf?l=ja,queued,wsc-2026-shanghai,
WSC2026,TD,61,Rail Vehicle Technology,,ko,WSC2026_TD61_ko.pdf,0,,WSC2026/TD/61/ko/WSC2026_TD61_ko.pdf,https://api.worldskills.org/skillman/documents/3/skills/2695/pdf?l=ko,queued,wsc-2026-shanghai,
WSC2026,TD,61,Rail Vehicle Technology,,pt,WSC2026_TD61_pt.pdf,0,,WSC2026/TD/61/pt/WSC2026_TD61_pt.pdf,https://api.worldskills.org/skillman/documents/3/skills/2695/pdf?l=pt,queued,wsc-2026-shanghai,
WSC2026,TD,61,Rail Vehicle Technology,,ru,WSC2026_TD61_ru.pdf,0,,WSC2026/TD/61/ru/WSC2026_TD61_ru.pdf,https://api.worldskills.org/skillman/documents/3/skills/2695/pdf?l=ru,queued,wsc-2026-shanghai,
WSC2026,TD,61,Rail Vehicle Technology,,zh,WSC2026_TD61_zh.pdf,0,,WSC2026/TD/61/zh/WSC2026_TD61_zh.pdf,https://api.worldskills.org/skillman/documents/3/skills/2695/pdf?l=zh,queued,wsc-2026-shanghai,
WSC2026,TD,62,Renewable Energy,,ar,WSC2026_TD62_ar.pdf,0,,WSC2026/TD/62/ar/WSC2026_TD62_ar.pdf,https://api.worldskills.org/skillman/documents/3/skills/2453/pdf?l=ar,queued,wsc-2026-shanghai,
WSC2026,TD,62,Renewable Energy,,de,WSC2026_TD62_de.pdf,0,,WSC2026/TD/62/de/WSC2026_TD62_de.pdf,https://api.worldskills.org/skillman/documents/3/skills/2453/pdf?l=de,queued,wsc-2026-shanghai,
WSC2026,TD,62,Renewable Energy,,en,WSC2026_TD62_en.pdf,0,,WSC2026/TD/62/en/WSC2026_TD62_en.pdf,https://api.worldskills.org/skillman/documents/3/skills/2453/pdf?l=en,queued,wsc-2026-shanghai,
WSC2026,TD,62,Renewable Energy,,es,WSC2026_TD62_es.pdf,0,,WSC2026/TD/62/es/WSC2026_TD62_es.pdf,https://api.worldskills.org/skillman/documents/3/skills/2453/pdf?l=es,queued,wsc-2026-shanghai,
WSC2026,TD,62,Renewable Energy,,fi,WSC2026_TD62_fi.pdf,0,,WSC2026/TD/62/fi/WSC2026_TD62_fi.pdf,https://api.worldskills.org/skillman/documents/3/skills/2453/pdf?l=fi,queued,wsc-2026-shanghai,
WSC2026,TD,62,Renewable Energy,,fr,WSC2026_TD62_fr.pdf,0,,WSC2026/TD/62/fr/WSC2026_TD62_fr.pdf,https://api.worldskills.org/skillman/documents/3/skills/2453/pdf?l=fr,queued,wsc-2026-shanghai,
WSC2026,TD,62,Renewable Energy,,ja,WSC2026_TD62_ja.pdf,0,,WSC2026/TD/62/ja/WSC2026_TD62_ja.pdf,https://api.worldskills.org/skillman/documents/3/skills/2453/pdf?l=ja,queued,wsc-2026-shanghai,
WSC2026,TD,62,Renewable Energy,,ko,WSC2026_TD62_ko.pdf,0,,WSC2026/TD/62/ko/WSC2026_TD62_ko.pdf,https://api.worldskills.org/skillman/documents/3/skills/2453/pdf?l=ko,queued,wsc-2026-shanghai,
WSC2026,TD,62,Renewable Energy,,pt,WSC2026_TD62_pt.pdf,0,,WSC2026/TD/62/pt/WSC2026_TD62_pt.pdf,https://api.worldskills.org/skillman/documents/3/skills/2453/pdf?l=pt,queued,wsc-2026-shanghai,
WSC2026,TD,62,Renewable Energy,,ru,WSC2026_TD62_ru.pdf,0,,WSC2026/TD/62/ru/WSC2026_TD62_ru.pdf,https://api.worldskills.org/skillman/documents/3/skills/2453/pdf?l=ru,queued,wsc-2026-shanghai,
WSC2026,TD,62,Renewable Energy,,zh,WSC2026_TD62_zh.pdf,0,,WSC2026/TD/62/zh/WSC2026_TD62_zh.pdf,https://api.worldskills.org/skillman/documents/3/skills/2453/pdf?l=zh,queued,wsc-2026-shanghai,
WSC2026,TD,63,Robot Systems Integration,,ar,WSC2026_TD63_ar.pdf,0,,WSC2026/TD/63/ar/WSC2026_TD63_ar.pdf,https://api.worldskills.org/skillman/documents/3/skills/2407/pdf?l=ar,queued,wsc-2026-shanghai,
WSC2026,TD,63,Robot Systems Integration,,de,WSC2026_TD63_de.pdf,0,,WSC2026/TD/63/de/WSC2026_TD63_de.pdf,https://api.worldskills.org/skillman/documents/3/skills/2407/pdf?l=de,queued,wsc-2026-shanghai,
WSC2026,TD,63,Robot Systems Integration,,en,WSC2026_TD63_en.pdf,0,,WSC2026/TD/63/en/WSC2026_TD63_en.pdf,https://api.worldskills.org/skillman/documents/3/skills/2407/pdf?l=en,queued,wsc-2026-shanghai,
WSC2026,TD,63,Robot Systems Integration,,es,WSC2026_TD63_es.pdf,0,,WSC2026/TD/63/es/WSC2026_TD63_es.pdf,https://api.worldskills.org/skillman/documents/3/skills/2407/pdf?l=es,queued,wsc-2026-shanghai,
WSC2026,TD,63,Robot Systems Integration,,fi,WSC2026_TD63_fi.pdf,0,,WSC2026/TD/63/fi/WSC2026_TD63_fi.pdf,https://api.worldskills.org/skillman/documents/3/skills/2407/pdf?l=fi,queued,wsc-2026-shanghai,
WSC2026,TD,63,Robot Systems Integration,,fr,WSC2026_TD63_fr.pdf,0,,WSC2026/TD/63/fr/WSC2026_TD63_fr.pdf,https://api.worldskills.org/skillman/documents/3/skills/2407/pdf?l=fr,queued,wsc-2026-shanghai,
WSC2026,TD,63,Robot Systems Integration,,ja,WSC2026_TD63_ja.pdf,0,,WSC2026/TD/63/ja/WSC2026_TD63_ja.pdf,https://api.worldskills.org/skillman/documents/3/skills/2407/pdf?l=ja,queued,wsc-2026-shanghai,
WSC2026,TD,63,Robot Systems Integration,,ko,WSC2026_TD63_ko.pdf,0,,WSC2026/TD/63/ko/WSC2026_TD63_ko.pdf,https://api.worldskills.org/skillman/documents/3/skills/2407/pdf?l=ko,queued,wsc-2026-shanghai,
WSC2026,TD,63,Robot Systems Integration,,pt,WSC2026_TD63_pt.pdf,0,,WSC2026/TD/63/pt/WSC2026_TD63_pt.pdf,https://api.worldskills.org/skillman/documents/3/skills/2407/pdf?l=pt,queued,wsc-2026-shanghai,
WSC2026,TD,63,Robot Systems Integration,,ru,WSC2026_TD63_ru.pdf,0,,WSC2026/TD/63/ru/WSC2026_TD63_ru.pdf,https://api.worldskills.org/skillman/documents/3/skills/2407/pdf?l=ru,queued,wsc-2026-shanghai,
WSC2026,TD,63,Robot Systems Integration,,zh,WSC2026_TD63_zh.pdf,0,,WSC2026/TD/63/zh/WSC2026_TD63_zh.pdf,https://api.worldskills.org/skillman/documents/3/skills/2407/pdf?l=zh,queued,wsc-2026-shanghai,
WSC2026,TD,64,Unmanned Aerial Systems,,ar,WSC2026_TD64_ar.pdf,0,,WSC2026/TD/64/ar/WSC2026_TD64_ar.pdf,https://api.worldskills.org/skillman/documents/3/skills/2698/pdf?l=ar,queued,wsc-2026-shanghai,
WSC2026,TD,64,Unmanned Aerial Systems,,de,WSC2026_TD64_de.pdf,0,,WSC2026/TD/64/de/WSC2026_TD64_de.pdf,https://api.worldskills.org/skillman/documents/3/skills/2698/pdf?l=de,queued,wsc-2026-shanghai,
WSC2026,TD,64,Unmanned Aerial Systems,,en,WSC2026_TD64_en.pdf,0,,WSC2026/TD/64/en/WSC2026_TD64_en.pdf,https://api.worldskills.org/skillman/documents/3/skills/2698/pdf?l=en,queued,wsc-2026-shanghai,
WSC2026,TD,64,Unmanned Aerial Systems,,es,WSC2026_TD64_es.pdf,0,,WSC2026/TD/64/es/WSC2026_TD64_es.pdf,https://api.worldskills.org/skillman/documents/3/skills/2698/pdf?l=es,queued,wsc-2026-shanghai,
WSC2026,TD,64,Unmanned Aerial Systems,,fi,WSC2026_TD64_fi.pdf,0,,WSC2026/TD/64/fi/WSC2026_TD64_fi.pdf,https://api.worldskills.org/skillman/documents/3/skills/2698/pdf?l=fi,queued,wsc-2026-shanghai,
WSC2026,TD,64,Unmanned Aerial Systems,,fr,WSC2026_TD64_fr.pdf,0,,WSC2026/TD/64/fr/WSC2026_TD64_fr.pdf,https://api.worldskills.org/skillman/documents/3/skills/2698/pdf?l=fr,queued,wsc-2026-shanghai,
WSC2026,TD,64,Unmanned Aerial Systems,,ja,WSC2026_TD64_ja.pdf,0,,WSC2026/TD/64/ja/WSC2026_TD64_ja.pdf,https://api.worldskills.org/skillman/documents/3/skills/2698/pdf?l=ja,queued,wsc-2026-shanghai,
WSC2026,TD,64,Unmanned Aerial Systems,,ko,WSC2026_TD64_ko.pdf,0,,WSC2026/TD/64/ko/WSC2026_TD64_ko.pdf,https://api.worldskills.org/skillman/documents/3/skills/2698/pdf?l=ko,queued,wsc-2026-shanghai,
WSC2026,TD,64,Unmanned Aerial Systems,,pt,WSC2026_TD64_pt.pdf,0,,WSC2026/TD/64/pt/WSC2026_TD64_pt.pdf,https://api.worldskills.org/skillman/documents/3/skills/2698/pdf?l=pt,queued,wsc-2026-shanghai,
WSC2026,TD,64,Unmanned Aerial Systems,,ru,WSC2026_TD64_ru.pdf,0,,WSC2026/TD/64/ru/WSC2026_TD64_ru.pdf,https://api.worldskills.org/skillman/documents/3/skills/2698/pdf?l=ru,queued,wsc-2026-shanghai,
WSC2026,TD,64,Unmanned Aerial Systems,,zh,WSC2026_TD64_zh.pdf,0,,WSC2026/TD/64/zh/WSC2026_TD64_zh.pdf,https://api.worldskills.org/skillman/documents/3/skills/2698/pdf?l=zh,queued,wsc-2026-shanghai,
WSC2026,TP,01,Industrial Mechanics,actual,und,WSC2026_TP01_actual,0,,WSC2026/TP/01/actual/und/WSC2026_TP01_actual,https://api.worldskills.org/resources/download/32709,queued,wsc-2026-shanghai,
WSC2026,TP,01,Industrial Mechanics,pre,und,WSC2026_TP01_skill_sets_pre,0,,WSC2026/TP/01/pre/und/WSC2026_TP01_skill_sets_pre,https://api.worldskills.org/resources/download/29211,queued,wsc-2026-shanghai,
WSC2026,TP,02,ICT Network Infrastructure,pre,en,WSC2026_TP02_pre_en,0,,WSC2026/TP/02/pre/en/WSC2026_TP02_pre_en,https://api.worldskills.org/resources/download/29535,queued,wsc-2026-shanghai,
WSC2026,TP,03,Intelligent Security Technology,actual,en,WSC2026_TP03_actual_en,0,,WSC2026/TP/03/actual/en/WSC2026_TP03_actual_en,https://api.worldskills.org/resources/download/32675,queued,wsc-2026-shanghai,
WSC2026,TP,04,Mechatronics,actual,en,WSC2026_TP04_actual_en,0,,WSC2026/TP/04/actual/en/WSC2026_TP04_actual_en,https://api.worldskills.org/resources/download/32676,queued,wsc-2026-shanghai,
WSC2026,TP,04,Mechatronics,pre,en,WSC2026_TP04_pre_en,0,,WSC2026/TP/04/pre/en/WSC2026_TP04_pre_en,https://api.worldskills.org/resources/download/30848,queued,wsc-2026-shanghai,
WSC2026,TP,05,Mechanical Engineering CAD,actual,en,WSC2026_TP05_actual_en,0,,WSC2026/TP/05/actual/en/WSC2026_TP05_actual_en,https://api.worldskills.org/resources/download/32677,queued,wsc-2026-shanghai,
WSC2026,TP,06,CNC Turning,actual,en,WSC2026_TP06_actual_en,0,,WSC2026/TP/06/actual/en/WSC2026_TP06_actual_en,https://api.worldskills.org/resources/download/32678,queued,wsc-2026-shanghai,
WSC2026,TP,07,CNC Milling,actual,en,WSC2026_TP07_actual_en,0,,WSC2026/TP/07/actual/en/WSC2026_TP07_actual_en,https://api.worldskills.org/resources/download/32679,queued,wsc-2026-shanghai,
WSC2026,TP,08,Mobile Applications Development,actual,und,WSC2026_TP08_actual,0,,WSC2026/TP/08/actual/und/WSC2026_TP08_actual,https://api.worldskills.org/resources/download/32710,queued,wsc-2026-shanghai,
WSC2026,TP,09,Software Applications Development,actual,und,WSC2026_TP09_actual,0,,WSC2026/TP/09/actual/und/WSC2026_TP09_actual,https://api.worldskills.org/resources/download/32711,queued,wsc-2026-shanghai,
WSC2026,TP,10,Welding,actual,en,WSC2026_TP10_actual_en,0,,WSC2026/TP/10/actual/en/WSC2026_TP10_actual_en,https://api.worldskills.org/resources/download/32680,queued,wsc-2026-shanghai,
WSC2026,TP,10,Welding,pre,und,WSC2026_TP10_pre,0,,WSC2026/TP/10/pre/und/WSC2026_TP10_pre,https://api.worldskills.org/resources/download/29007,queued,wsc-2026-shanghai,
WSC2026,TP,10,Welding,pre,en,WSC2026_TP10_pre_EN.zip,0,,WSC2026/TP/10/pre/en/WSC2026_TP10_pre_EN.zip,https://api.worldskills.org/resources/download/29007/32026/33081?l=en,queued,wsc-2026-shanghai,
WSC2026,TP,11,Software Testing,actual,und,WSC2026_TP11_actual,0,,WSC2026/TP/11/actual/und/WSC2026_TP11_actual,https://api.worldskills.org/resources/download/32712,queued,wsc-2026-shanghai,
WSC2026,TP,12,Wall and Floor Tiling,actual,en,WSC2026_TP12_actual_en,0,,WSC2026/TP/12/actual/en/WSC2026_TP12_actual_en,https://api.worldskills.org/resources/download/32681,queued,wsc-2026-shanghai,
WSC2026,TP,13,Autobody Repair,actual,en,WSC2026_TP13_actual_en,0,,WSC2026/TP/13/actual/en/WSC2026_TP13_actual_en,https://api.worldskills.org/resources/download/32682,queued,wsc-2026-shanghai,
WSC2026,TP,14,Aircraft Maintenance,actual,en,WSC2026_TP14_actual_en,0,,WSC2026/TP/14/actual/en/WSC2026_TP14_actual_en,https://api.worldskills.org/resources/download/32683,queued,wsc-2026-shanghai,
WSC2026,TP,15,Plumbing and Heating,actual,en,WSC2026_TP15_actual_en,0,,WSC2026/TP/15/actual/en/WSC2026_TP15_actual_en,https://api.worldskills.org/resources/download/32684,queued,wsc-2026-shanghai,
WSC2026,TP,17,Web Technologies,actual,und,WSC2026_TP17_MA_actual,0,,WSC2026/TP/17/actual/und/WSC2026_TP17_MA_actual,https://api.worldskills.org/resources/download/32518,queued,wsc-2026-shanghai,
WSC2026,TP,17,Web Technologies,actual,und,WSC2026_TP17_MB_actual,0,,WSC2026/TP/17/actual/und/WSC2026_TP17_MB_actual,https://api.worldskills.org/resources/download/32517,queued,wsc-2026-shanghai,
WSC2026,TP,17,Web Technologies,actual,und,WSC2026_TP17_MC_actual,0,,WSC2026/TP/17/actual/und/WSC2026_TP17_MC_actual,https://api.worldskills.org/resources/download/32515,queued,wsc-2026-shanghai,
WSC2026,TP,17,Web Technologies,actual,und,WSC2026_TP17_MD_actual,0,,WSC2026/TP/17/actual/und/WSC2026_TP17_MD_actual,https://api.worldskills.org/resources/download/32516,queued,wsc-2026-shanghai,
WSC2026,TP,17,Web Technologies,actual,und,WSC2026_TP17_ME_actual,0,,WSC2026/TP/17/actual/und/WSC2026_TP17_ME_actual,https://api.worldskills.org/resources/download/32523,queued,wsc-2026-shanghai,
WSC2026,TP,17,Web Technologies,actual,und,WSC2026_TP17_MF_actual,0,,WSC2026/TP/17/actual/und/WSC2026_TP17_MF_actual,https://api.worldskills.org/resources/download/32524,queued,wsc-2026-shanghai,
WSC2026,TP,17,Web Technologies,actual,und,WSC2026_TP17_MG_actual,0,,WSC2026/TP/17/actual/und/WSC2026_TP17_MG_actual,https://api.worldskills.org/resources/download/32570,queued,wsc-2026-shanghai,
WSC2026,TP,17,Web Technologies,pre,und,WSC2026_TP17_technologies_pre,0,,WSC2026/TP/17/pre/und/WSC2026_TP17_technologies_pre,https://api.worldskills.org/resources/download/30878,queued,wsc-2026-shanghai,
WSC2026,TP,18,Electrical Installations,actual,en,WSC2026_TP18_actual_en,0,,WSC2026/TP/18/actual/en/WSC2026_TP18_actual_en,https://api.worldskills.org/resources/download/32685,queued,wsc-2026-shanghai,
WSC2026,TP,19,Industrial Control,actual,en,WSC2026_TP19_actual_en,0,,WSC2026/TP/19/actual/en/WSC2026_TP19_actual_en,https://api.worldskills.org/resources/download/32686,queued,wsc-2026-shanghai,
WSC2026,TP,19,Industrial Control,pre,en,WSC2026_TP19_safety_report_pre_en,0,,WSC2026/TP/19/pre/en/WSC2026_TP19_safety_report_pre_en,https://api.worldskills.org/resources/download/30860,queued,wsc-2026-shanghai,
WSC2026,TP,20,Bricklaying,actual,en,WSC2026_TP20_actual_en,0,,WSC2026/TP/20/actual/en/WSC2026_TP20_actual_en,https://api.worldskills.org/resources/download/32687,queued,wsc-2026-shanghai,
WSC2026,TP,21,Plastering and Drywall Systems,actual,en,WSC2026_TP21_actual_en,0,,WSC2026/TP/21/actual/en/WSC2026_TP21_actual_en,https://api.worldskills.org/resources/download/32688,queued,wsc-2026-shanghai,
WSC2026,TP,22,Painting and Decorating,actual,en,WSC2026_TP22_actual_en,0,,WSC2026/TP/22/actual/en/WSC2026_TP22_actual_en,https://api.worldskills.org/resources/download/32689,queued,wsc-2026-shanghai,
WSC2026,TP,22,Painting and Decorating,pre,en,WSC2026_TP22_pre_en,0,,WSC2026/TP/22/pre/en/WSC2026_TP22_pre_en,https://api.worldskills.org/resources/download/30861,queued,wsc-2026-shanghai,
WSC2026,TP,23,Autonomous Mobile Robotics,actual,en,WSC2026_TP23_actual_en,0,,WSC2026/TP/23/actual/en/WSC2026_TP23_actual_en,https://api.worldskills.org/resources/download/32690,queued,wsc-2026-shanghai,
WSC2026,TP,23,Autonomous Mobile Robotics,pre,en,WSC2026_TP23_pre_en,0,,WSC2026/TP/23/pre/en/WSC2026_TP23_pre_en,https://api.worldskills.org/resources/download/29230,queued,wsc-2026-shanghai,
WSC2026,TP,24,Cabinetmaking,actual,en,WSC2026_TP24_actual_en,0,,WSC2026/TP/24/actual/en/WSC2026_TP24_actual_en,https://api.worldskills.org/resources/download/32691,queued,wsc-2026-shanghai,
WSC2026,TP,25,Joinery,actual,en,WSC2026_TP25_actual_en,0,,WSC2026/TP/25/actual/en/WSC2026_TP25_actual_en,https://api.worldskills.org/resources/download/32692,queued,wsc-2026-shanghai,
WSC2026,TP,25,Joinery,pre,en,WSC2026_TP25_cutting_list_pre_en,0,,WSC2026/TP/25/pre/en/WSC2026_TP25_cutting_list_pre_en,https://api.worldskills.org/resources/download/30905,queued,wsc-2026-shanghai,
WSC2026,TP,26,Carpentry,actual,en,WSC2026_TP26_actual_en,0,,WSC2026/TP/26/actual/en/WSC2026_TP26_actual_en,https://api.worldskills.org/resources/download/32693,queued,wsc-2026-shanghai,
WSC2026,TP,26,Carpentry,pre,en,WSC2026_TP26_pre_en,0,,WSC2026/TP/26/pre/en/WSC2026_TP26_pre_en,https://api.worldskills.org/resources/download/30583,queued,wsc-2026-shanghai,
WSC2026,TP,27,Jewellery,actual,und,WSC2026_TP27_design_brief_actual,0,,WSC2026/TP/27/actual/und/WSC2026_TP27_design_brief_actual,https://api.worldskills.org/resources/download/32386,queued,wsc-2026-shanghai,
WSC2026,TP,31,Fashion Technology,pre,en,WSC2026_TP31_pre_en,0,,WSC2026/TP/31/pre/en/WSC2026_TP31_pre_en,https://api.worldskills.org/resources/download/30686,queued,wsc-2026-shanghai,
WSC2026,TP,32,Pâtisserie and Confectionery,actual,und,WSC2026_TP32_actual,0,,WSC2026/TP/32/actual/und/WSC2026_TP32_actual,https://api.worldskills.org/resources/download/32721,queued,wsc-2026-shanghai,
WSC2026,TP,32,Pâtisserie and Confectionery,pre,en,WSC2026_TP32_pre_en,0,,WSC2026/TP/32/pre/en/WSC2026_TP32_pre_en,https://api.worldskills.org/resources/download/31524,queued,wsc-2026-shanghai,
WSC2026,TP,33,Automobile Technology,actual,en,WSC2026_TP33_actual_en,0,,WSC2026/TP/33/actual/en/WSC2026_TP33_actual_en,https://api.worldskills.org/resources/download/32694,queued,wsc-2026-shanghai,
WSC2026,TP,33,Automobile Technology,pre,en,WSC2026_TP33_pre_en,0,,WSC2026/TP/33/pre/en/WSC2026_TP33_pre_en,https://api.worldskills.org/resources/download/32022,queued,wsc-2026-shanghai,
WSC2026,TP,35,Restaurant Service,pre,und,WSC2026_TP34_training_cocktails_pre,0,,WSC2026/TP/35/pre/und/WSC2026_TP34_training_cocktails_pre,https://api.worldskills.org/resources/download/31421,queued,wsc-2026-shanghai,
WSC2026,TP,35,Restaurant Service,actual,und,WSC2026_TP35_actual,0,,WSC2026/TP/35/actual/und/WSC2026_TP35_actual,https://api.worldskills.org/resources/download/32483,queued,wsc-2026-shanghai,
WSC2026,TP,35,Restaurant Service,actual,und,WSC2026_TP35_actual,0,,WSC2026/TP/35/actual/und/WSC2026_TP35_actual,https://api.worldskills.org/resources/download/32720,queued,wsc-2026-shanghai,
WSC2026,TP,36,Car Painting,actual,en,WSC2026_TP36_actual_en,0,,WSC2026/TP/36/actual/en/WSC2026_TP36_actual_en,https://api.worldskills.org/resources/download/32695,queued,wsc-2026-shanghai,
WSC2026,TP,37,Landscape Gardening,actual,en,WSC2026_TP37_actual_en,0,,WSC2026/TP/37/actual/en/WSC2026_TP37_actual_en,https://api.worldskills.org/resources/download/32696,queued,wsc-2026-shanghai,
WSC2026,TP,37,Landscape Gardening,pre,en,WSC2026_TP37_pre_en,0,,WSC2026/TP/37/pre/en/WSC2026_TP37_pre_en,https://api.worldskills.org/resources/download/30866,queued,wsc-2026-shanghai,
WSC2026,TP,38,Refrigeration and Air Conditioning,pre,en,WSC2026_TP38_PA_pre_en,0,,WSC2026/TP/38/pre/en/WSC2026_TP38_PA_pre_en,https://api.worldskills.org/resources/download/31646,queued,wsc-2026-shanghai,
WSC2026,TP,38,Refrigeration and Air Conditioning,actual,en,WSC2026_TP38_actual_en,0,,WSC2026/TP/38/actual/en/WSC2026_TP38_actual_en,https://api.worldskills.org/resources/download/32697,queued,wsc-2026-shanghai,
WSC2026,TP,39,IT Network Systems Administration,actual,und,WSC2026_TP39_actual,0,,WSC2026/TP/39/actual/und/WSC2026_TP39_actual,https://api.worldskills.org/resources/download/32722,queued,wsc-2026-shanghai,
WSC2026,TP,39,IT Network Systems Administration,pre,und,WSC2026_TP39_toplogy_pre,0,,WSC2026/TP/39/pre/und/WSC2026_TP39_toplogy_pre,https://api.worldskills.org/resources/download/30883,queued,wsc-2026-shanghai,
WSC2026,TP,41,Health and Social Care,actual,und,WSC2026_TP41_actual,0,,WSC2026/TP/41/actual/und/WSC2026_TP41_actual,https://api.worldskills.org/resources/download/32717,queued,wsc-2026-shanghai,
WSC2026,TP,42,Dental Prosthetics,actual,und,WSC2026_TP42_actual,0,,WSC2026/TP/42/actual/und/WSC2026_TP42_actual,https://api.worldskills.org/resources/download/32715,queued,wsc-2026-shanghai,
WSC2026,TP,42,Dental Prosthetics,pre,en,WSC2026_TP42_pre_en,0,,WSC2026/TP/42/pre/en/WSC2026_TP42_pre_en,https://api.worldskills.org/resources/download/30886,queued,wsc-2026-shanghai,
WSC2026,TP,44,Visual Merchandising,actual,und,WSC2026_TP44_actual,0,,WSC2026/TP/44/actual/und/WSC2026_TP44_actual,https://api.worldskills.org/resources/download/32719,queued,wsc-2026-shanghai,
WSC2026,TP,44,Visual Merchandising,pre,en,WSC2026_TP44_pre_en,0,,WSC2026/TP/44/pre/en/WSC2026_TP44_pre_en,https://api.worldskills.org/resources/download/30674,queued,wsc-2026-shanghai,
WSC2026,TP,45,Digital Interactive Media Design,actual,und,WSC2026_TP45_actual,0,,WSC2026/TP/45/actual/und/WSC2026_TP45_actual,https://api.worldskills.org/resources/download/32716,queued,wsc-2026-shanghai,
WSC2026,TP,45,Digital Interactive Media Design,pre,en,WSC2026_TP45_pre_en,0,,WSC2026/TP/45/pre/en/WSC2026_TP45_pre_en,https://api.worldskills.org/resources/download/31077,queued,wsc-2026-shanghai,
WSC2026,TP,46,Concrete Construction Work,actual,en,WSC2026_TP46_actual_en,0,,WSC2026/TP/46/actual/en/WSC2026_TP46_actual_en,https://api.worldskills.org/resources/download/32698,queued,wsc-2026-shanghai,
WSC2026,TP,46,Concrete Construction Work,pre,en,WSC2026_TP46_pre_en,0,,WSC2026/TP/46/pre/en/WSC2026_TP46_pre_en,https://api.worldskills.org/resources/download/30765,queued,wsc-2026-shanghai,
WSC2026,TP,47,Bakery,actual,und,WSC2026_TP47_actual,0,,WSC2026/TP/47/actual/und/WSC2026_TP47_actual,https://api.worldskills.org/resources/download/32718,queued,wsc-2026-shanghai,
WSC2026,TP,47,Bakery,pre,en,WSC2026_TP47_pre_en,0,,WSC2026/TP/47/pre/en/WSC2026_TP47_pre_en,https://api.worldskills.org/resources/download/30858,queued,wsc-2026-shanghai,
WSC2026,TP,48,Industry 4.0,actual,en,WSC2026_TP48_actual_en,0,,WSC2026/TP/48/actual/en/WSC2026_TP48_actual_en,https://api.worldskills.org/resources/download/32699,queued,wsc-2026-shanghai,
WSC2026,TP,52,Chemical Laboratory Technology,actual,en,WSC2026_TP52_actual_en,0,,WSC2026/TP/52/actual/en/WSC2026_TP52_actual_en,https://api.worldskills.org/resources/download/32700,queued,wsc-2026-shanghai,
WSC2026,TP,53,Cloud Computing,actual,und,WSC2026_TP53_actual,0,,WSC2026/TP/53/actual/und/WSC2026_TP53_actual,https://api.worldskills.org/resources/download/32714,queued,wsc-2026-shanghai,
WSC2026,TP,55,Water Technology,actual,en,WSC2026_TP55_actual_en,0,,WSC2026/TP/55/actual/en/WSC2026_TP55_actual_en,https://api.worldskills.org/resources/download/32701,queued,wsc-2026-shanghai,
WSC2026,TP,56,Hotel Reception,actual,en,WSC2026_TP56_actual_en,0,,WSC2026/TP/56/actual/en/WSC2026_TP56_actual_en,https://api.worldskills.org/resources/download/32713,queued,wsc-2026-shanghai,
WSC2026,TP,56,Hotel Reception,pre,en,WSC2026_TP56_pre_en,0,,WSC2026/TP/56/pre/en/WSC2026_TP56_pre_en,https://api.worldskills.org/resources/download/29541,queued,wsc-2026-shanghai,
WSC2026,TP,57,Additive Manufacturing,actual,en,WSC2026_TP57_actual_en,0,,WSC2026/TP/57/actual/en/WSC2026_TP57_actual_en,https://api.worldskills.org/resources/download/32702,queued,wsc-2026-shanghai,
WSC2026,TP,59,Industrial Design Technology,actual,en,WSC2026_TP59_actual_en,0,,WSC2026/TP/59/actual/en/WSC2026_TP59_actual_en,https://api.worldskills.org/resources/download/32703,queued,wsc-2026-shanghai,
WSC2026,TP,60,Optoelectronic Technology,actual,en,WSC2026_TP60_actual_en,0,,WSC2026/TP/60/actual/en/WSC2026_TP60_actual_en,https://api.worldskills.org/resources/download/32704,queued,wsc-2026-shanghai,
WSC2026,TP,60,Optoelectronic Technology,pre,en,WSC2026_TP60_pre_en,0,,WSC2026/TP/60/pre/en/WSC2026_TP60_pre_en,https://api.worldskills.org/resources/download/31645,queued,wsc-2026-shanghai,
WSC2026,TP,61,Rail Vehicle Technology,actual,en,WSC2026_TP61_actual_en,0,,WSC2026/TP/61/actual/en/WSC2026_TP61_actual_en,https://api.worldskills.org/resources/download/32706,queued,wsc-2026-shanghai,
WSC2026,TP,61,Rail Vehicle Technology,pre,en,WSC2026_TP61_pre_en,0,,WSC2026/TP/61/pre/en/WSC2026_TP61_pre_en,https://api.worldskills.org/resources/download/31694,queued,wsc-2026-shanghai,
WSC2026,TP,62,Renewable Energy,actual,en,WSC2026_TP62_actual_en,0,,WSC2026/TP/62/actual/en/WSC2026_TP62_actual_en,https://api.worldskills.org/resources/download/32707,queued,wsc-2026-shanghai,
WSC2026,TP,64,Unmanned Aerial Systems,actual,en,WSC2026_TP64_actual_en,0,,WSC2026/TP/64/actual/en/WSC2026_TP64_actual_en,https://api.worldskills.org/resources/download/32708,queued,wsc-2026-shanghai,
