edition,skill,skill_name,member_code,member_name,position,medal,mark,best_of_nation,albert_vidal_award,competitor_names,person_ids,published,result_id
WSC2015,01,Polymechanics and Automation,BR,Brazil,1,Gold,544.0,,,FELIPE GUTIERRA,20976,True,1085
WSC2015,01,Polymechanics and Automation,JP,Japan,10,,491.0,,,TAICHI YAMAGISHI,19788,True,1094
WSC2015,01,Polymechanics and Automation,CO,Colombia,11,,477.0,,,OSCAR FELIPE CHAVES CAMELO,20930,True,1095
WSC2015,01,Polymechanics and Automation,NL,Netherlands,12,,463.0,,,RICHARD NALES,19800,True,1096
WSC2015,01,Polymechanics and Automation,MX,Mexico,13,,428.0,,,ALDO MARTÍN ÁLVAREZ VARGAS,20883,True,1097
WSC2015,01,Polymechanics and Automation,KR,Korea,2,Silver,534.0,,,JUN OH PARK,19864,True,1086
WSC2015,01,Polymechanics and Automation,CN,China,3,Bronze,528.0,,,HANHONG FANG,21369,True,1087
WSC2015,01,Polymechanics and Automation,TH,Thailand,4,Medallion for Excellence,518.0,,,ADISAK   SAKUNTIAO,22252,True,1088
WSC2015,01,Polymechanics and Automation,CH,Switzerland,5,Medallion for Excellence,515.0,,,JONAS BUCHER,19502,True,1089
WSC2015,01,Polymechanics and Automation,PT,Portugal,6,Medallion for Excellence,510.0,,,PEDRO SILVA,20509,True,1090
WSC2015,01,Polymechanics and Automation,TW,Chinese Taipei,7,Medallion for Excellence,503.0,,,JIAN-HAO HUANG,21134,True,1091
WSC2015,01,Polymechanics and Automation,AT,Austria,8,,494.0,,,LARS SPRINGHETTI,11830,True,1093
WSC2015,01,Polymechanics and Automation,DE,Germany,8,,496.0,,,STEVE MÜLLER,21158,True,1092
WSC2015,02,Information Network Cabling,JP,Japan,1,Gold,557.0,True,,RYUJI SHIMASE,19721,True,1098
WSC2015,02,Information Network Cabling,FR,France,12,,496.0,,,JÉRÉMY LEFOULON,20547,True,1109
WSC2015,02,Information Network Cabling,BY,Belarus,13,,489.0,,,DZMITRY YURCHANKA,22068,True,1110
WSC2015,02,Information Network Cabling,HK,"Hong Kong, China",14,,474.0,,,HO YIN CHUNG,21117,True,1111
WSC2015,02,Information Network Cabling,DE,Germany,15,,463.0,,,KEVIN GLASER,20665,True,1112
WSC2015,02,Information Network Cabling,MX,Mexico,16,,454.0,,,JORGE IVÁN ORTIZ MORENO,21108,True,1113
WSC2015,02,Information Network Cabling,AE,United Arab Emirates,17,,436.0,,,ABDULRAHMAN MOHAMED,22084,True,1114
WSC2015,02,Information Network Cabling,BR,Brazil,2,Silver,542.0,,,DANILO OLIVEIRA,21909,True,1099
WSC2015,02,Information Network Cabling,CN,China,3,Bronze,530.0,,,HONGWEI LIN,21455,True,1100
WSC2015,02,Information Network Cabling,SG,Singapore,4,Medallion for Excellence,524.0,,,MUHAMMAD MAHMOUD ABDULLAH NG,11660,True,1101
WSC2015,02,Information Network Cabling,KR,Korea,5,Medallion for Excellence,514.0,,,SEUNG YEOP LEE,19866,True,1103
WSC2015,02,Information Network Cabling,NL,Netherlands,5,Medallion for Excellence,515.0,,,PATRICK VAN DE VREEDE,19672,True,1102
WSC2015,02,Information Network Cabling,CH,Switzerland,7,Medallion for Excellence,505.0,,,LUKAS BUCHELI,19503,True,1104
WSC2015,02,Information Network Cabling,SE,Sweden,7,Medallion for Excellence,503.0,,,JONAS FRÖLANDER,11594,True,1105
WSC2015,02,Information Network Cabling,CO,Colombia,9,,498.0,,,CLAUDIA MARCELA LIÑAN CRUZ,20837,True,1107
WSC2015,02,Information Network Cabling,MO,"Macao, China",9,,498.0,,,WENG LON KUOK,21988,True,1108
WSC2015,02,Information Network Cabling,NO,Norway,9,Medallion for Excellence,500.0,,,MATS STORBRÅTEN,12230,True,1106
WSC2015,03,Manufacturing Team Challenge,CN,China,1,Gold,533.0,,,CHUNLONG LIN; HAILONG YU; SHIXIONG ZHONG,21457; 21456; 21458,True,1116
WSC2015,03,Manufacturing Team Challenge,JP,Japan,1,Gold,533.0,,,YUTA KUTSUNA; YOHEI NAKASHIMA; MOTOHISA OBARA,19747; 19748; 19746,True,1115
WSC2015,03,Manufacturing Team Challenge,CO,Colombia,10,,466.0,,,MILLER CRUZ DOMÍNGUEZ; VICTOR MARIO GRISALES GIL; EDINSON FERNANDO ORTIZ GALINDO,20931; 20932; 20840,True,1124
WSC2015,03,Manufacturing Team Challenge,US,United States of America,11,,458.0,,,DANIEL DOSSETT; ERICA HECKMAN,20159; 12338,True,1125
WSC2015,03,Manufacturing Team Challenge,MX,Mexico,12,,447.0,,,JOB NAYIP HERNÁNDEZ MENESES; KARLA ABIGAIL RAMÍREZ BARRERA; CLAUDIA BETZABETH ÁLVAREZ LÓPEZ,22331; 21061; 21046,True,1126
WSC2015,03,Manufacturing Team Challenge,BR,Brazil,3,Bronze,530.0,,,FABIANA BONACINA; GUILHERME CAMPANEZ; ALEX YONEKUBO,20716; 21043; 20715,True,1117
WSC2015,03,Manufacturing Team Challenge,NL,Netherlands,4,Medallion for Excellence,525.0,,,TOM HOUTMAN; MAURICE NIJKAMP; DIK VAANHOLD,19675; 19673; 19674,True,1118
WSC2015,03,Manufacturing Team Challenge,KR,Korea,5,Medallion for Excellence,521.0,,,JONG MOON LEE; JUNG SUN YU; CHAE YOUNG YUN,19868; 19867; 19869,True,1120
WSC2015,03,Manufacturing Team Challenge,UK,United Kingdom,5,Medallion for Excellence,522.0,,,PATRICK DEVANNEY; CHRIS RENWICK; DOMINIC TREES,22057; 22014; 22060,True,1119
WSC2015,03,Manufacturing Team Challenge,AU,Australia,7,,492.0,,,KELVIN MARQUAND; MATTHEW SAWERS; LUKE SCHAENZEL,21824; 21823; 21821,True,1121
WSC2015,03,Manufacturing Team Challenge,FR,France,8,,489.0,,,QUENTIN BOURSIN; VICTOR DERCKSEN; TARIK MANIA,20548; 20549; 20550,True,1122
WSC2015,03,Manufacturing Team Challenge,FI,Finland,9,,484.0,,,TOMI ERKKILÄ; SEVERI METTOVAARA; MIKA RAUDASKOSKI,21748; 21749; 21750,True,1123
WSC2015,04,Mechatronics,KR,Korea,1,Gold,540.0,,,SEUNG YEON KIM; SEONG JE PARK,19939; 19870,True,1127
WSC2015,04,Mechatronics,NL,Netherlands,10,Medallion for Excellence,520.0,,,MITCHEL MULDER; DIEWER VAN DER SCHOOR,19676; 19677,True,1136
WSC2015,04,Mechatronics,ES,Spain,11,Medallion for Excellence,515.0,,,ENRIQUE PASTOR; SERGIO PEREZ,22144; 22145,True,1139
WSC2015,04,Mechatronics,MY,Malaysia,11,Medallion for Excellence,517.0,,,MOHAMAD WIJDAN MOHD ARIFF; TAN WERN LEE,21125; 21124,True,1137
WSC2015,04,Mechatronics,UK,United Kingdom,11,Medallion for Excellence,516.0,,,ROBYN CLARKE; ANDREW SMITH,22018; 22019,True,1138
WSC2015,04,Mechatronics,MO,"Macao, China",14,Medallion for Excellence,512.0,,,CHI FONG KUOK; MAN KIT LAW,21989; 21990,True,1142
WSC2015,04,Mechatronics,RU,Russia,14,Medallion for Excellence,513.0,,,ALEKSANDER KARNAUKHOV; KONSTANTIN KREMENTSOV,22182; 22183,True,1140
WSC2015,04,Mechatronics,SE,Sweden,14,Medallion for Excellence,512.0,,,JONAS KÖRE; JONATHAN LUKACS,19587; 20173,True,1141
WSC2015,04,Mechatronics,FI,Finland,17,Medallion for Excellence,510.0,,,NIKLAS KYRKKÖ; LAURI LUOMA,21746; 21747,True,1144
WSC2015,04,Mechatronics,HU,Hungary,17,Medallion for Excellence,510.0,,,DAVID BALAZS; KRISZTIAN LASZLO ZILAHI,21935; 21936,True,1143
WSC2015,04,Mechatronics,TH,Thailand,17,Medallion for Excellence,509.0,,,PADIPAN HUANGSORN; TEERUCH JANJONGCAM,22229; 22228,True,1145
WSC2015,04,Mechatronics,BR,Brazil,2,Silver,536.0,,,DIEGO BASSO; MATEUS FREITAS,21595; 21596,True,1129
WSC2015,04,Mechatronics,CH,Switzerland,2,Silver,536.0,,,TOBIAS BLUM; SILVANO MANI,19504; 19506,True,1130
WSC2015,04,Mechatronics,CN,China,2,Silver,535.0,,,JIEZHAO GUO; KUN XIE,21460; 21459,True,1131
WSC2015,04,Mechatronics,TW,Chinese Taipei,2,Silver,536.0,,,YU-FONG JHENG; TAI-SHEN WANG,12122; 12132,True,1128
WSC2015,04,Mechatronics,DE,Germany,20,Medallion for Excellence,504.0,,,RAFAEL FRANK; MICHA LUKAS PURUCKER,21418; 21371,True,1148
WSC2015,04,Mechatronics,NO,Norway,20,Medallion for Excellence,504.0,,,SINDRE HELLINGSRUD; PETTER RUSTAD,12238; 11959,True,1147
WSC2015,04,Mechatronics,VN,Vietnam,20,Medallion for Excellence,506.0,,,TAI TRAN ANH; THANH VO CHI,21561; 21562,True,1146
WSC2015,04,Mechatronics,AT,Austria,23,Medallion for Excellence,503.0,,,MICHAEL FURTLEHNER; LUKAS MAYR,12183; 12184,True,1149
WSC2015,04,Mechatronics,HK,"Hong Kong, China",23,Medallion for Excellence,502.0,,,WAI KIT LEUNG; HON LUNG YEUNG,20534; 19027,True,1150
WSC2015,04,Mechatronics,ID,Indonesia,25,,499.0,,,FAHRUDDIN HASAN; ANGGA PRIYATMOKO,20477; 20478,True,1151
WSC2015,04,Mechatronics,PT,Portugal,26,,492.0,,,JOAO FERREIRA; MARCIO FERREIRA,20510; 20511,True,1152
WSC2015,04,Mechatronics,FR,France,27,,485.0,,,FLORENT AYMARD; DAMIEN LE GREVELLEC,20551; 20552,True,1153
WSC2015,04,Mechatronics,MA,Morocco,28,,480.0,,,HAKIM BEN-AMEUR EL YOUBI; OTHMANE KOUSAS,22189; 22188,True,1154
WSC2015,04,Mechatronics,EE,Estonia,29,,474.0,,,JOHAN ARUS; ROLAND ROMAN PUIESTIK,21303; 21304,True,1155
WSC2015,04,Mechatronics,BE,Belgium,30,,466.0,,,THIBAUT DACOS; GÉRÔME GOFFIN,20677; 20675,True,1156
WSC2015,04,Mechatronics,BY,Belarus,31,,463.0,,,ANATOLI LAMAKIN; MIHAIL PRYBYTKIN,22059; 22058,True,1157
WSC2015,04,Mechatronics,IN,India,32,,459.0,,,VARSHA PAWALE; ANSHUMAN SRIVASTAVA,21544; 21543,True,1158
WSC2015,04,Mechatronics,US,United States of America,33,,445.0,,,IAN GWALTNEY; RYAN WOMBLE,11967; 11968,True,1159
WSC2015,04,Mechatronics,ZA,South Africa,34,,439.0,,,WERNER HAGER; TRESSURE MOKGOHLOA,20366; 20432,True,1160
WSC2015,04,Mechatronics,CR,Costa Rica,35,,434.0,,,JOSÉ PABLO CORTÉS QUIÑONES; JAVIER GAITÁN GAITÁN ARREDONDO,21015; 21014,True,1161
WSC2015,04,Mechatronics,AE,United Arab Emirates,36,,430.0,,,SALMA ALKAMEERI; NOORA ALAHMED,22115; 22980,True,1162
WSC2015,04,Mechatronics,CO,Colombia,6,Medallion for Excellence,525.0,,,DANIEL FERNANDO ALZATE GALVIS; MIGUEL ANGEL GÓMEZ GARCÍA,20841; 20842,True,1133
WSC2015,04,Mechatronics,JP,Japan,6,Medallion for Excellence,526.0,,,MIZUKI TATSUNO; DAIKI WADA,19753; 19754,True,1132
WSC2015,04,Mechatronics,IR,Iran,8,Medallion for Excellence,523.0,,,RASOUL JOURIAN; DAVOUD MAHMOUDI KUHI,21245; 21244,True,1134
WSC2015,04,Mechatronics,SG,Singapore,8,Medallion for Excellence,523.0,,,"XIAN BIN, EUGENE PEH; YONG HAN POH",11634; 11659,True,1135
WSC2015,05,Mechanical Engineering Design - CAD,BR,Brazil,1,Gold,553.0,,,LEANDRO ERICLES,21598,True,1163
WSC2015,05,Mechanical Engineering Design - CAD,CH,Switzerland,10,Medallion for Excellence,519.0,,,MICHAEL OTTIGER,19508,True,1172
WSC2015,05,Mechanical Engineering Design - CAD,LI,Principality of Liechtenstein,10,Medallion for Excellence,517.0,,,MACRI FRANCESCO,11778,True,1173
WSC2015,05,Mechanical Engineering Design - CAD,SG,Singapore,12,Medallion for Excellence,513.0,,,MUHAMMAD MIQDAD MAZLAN,11658,True,1174
WSC2015,05,Mechanical Engineering Design - CAD,PT,Portugal,13,Medallion for Excellence,509.0,,,ANTONIO LEITE,20512,True,1175
WSC2015,05,Mechanical Engineering Design - CAD,IR,Iran,14,,497.0,,,POUYA HOSSEINZADEH,21242,True,1176
WSC2015,05,Mechanical Engineering Design - CAD,CA,Canada,15,,494.0,,,CARSON GUSTAFSON,11571,True,1178
WSC2015,05,Mechanical Engineering Design - CAD,MY,Malaysia,15,,494.0,,,HASRUL ZAILAN,21142,True,1179
WSC2015,05,Mechanical Engineering Design - CAD,TH,Thailand,15,,492.0,,,SURAPONG DUANGSILA,22230,True,1180
WSC2015,05,Mechanical Engineering Design - CAD,US,United States of America,15,,494.0,,,JAKE RIVARD,11964,True,1177
WSC2015,05,Mechanical Engineering Design - CAD,AT,Austria,19,,490.0,,,FABIAN HOFER,12185,True,1181
WSC2015,05,Mechanical Engineering Design - CAD,CN,China,2,Silver,536.0,,,WEICHUANG TAN,21461,True,1165
WSC2015,05,Mechanical Engineering Design - CAD,TW,Chinese Taipei,2,Silver,537.0,,,BING-LUN LE,20290,True,1164
WSC2015,05,Mechanical Engineering Design - CAD,IN,India,20,,484.0,,,TARUN GHISULAL CHAUHAN,22103,True,1182
WSC2015,05,Mechanical Engineering Design - CAD,FR,France,21,,478.0,,,VIVIEN HUSSON,20553,True,1183
WSC2015,05,Mechanical Engineering Design - CAD,BE,Belgium,22,,472.0,,,LOÏC FORTHOMME,20698,True,1184
WSC2015,05,Mechanical Engineering Design - CAD,ES,Spain,23,,467.0,,,IKER RODRIGUEZ,22218,True,1185
WSC2015,05,Mechanical Engineering Design - CAD,BY,Belarus,24,,458.0,,,ALIAKSANDR SHASHKO,21964,True,1186
WSC2015,05,Mechanical Engineering Design - CAD,AE,United Arab Emirates,25,,452.0,,,KHALED ALBLOUSHI,22122,True,1187
WSC2015,05,Mechanical Engineering Design - CAD,CL,Chile,26,,442.0,,,GERMAN FUENTEALBA PEDREROS,20456,True,1189
WSC2015,05,Mechanical Engineering Design - CAD,RU,Russia,26,,442.0,,,DMITRIY KARASEV,22253,True,1188
WSC2015,05,Mechanical Engineering Design - CAD,CO,Colombia,4,Medallion for Excellence,531.0,True,,RAFAEL ESNEIDER DAVID GALLEGO,20843,True,1167
WSC2015,05,Mechanical Engineering Design - CAD,ID,Indonesia,4,Medallion for Excellence,533.0,,,FAIZAL KURNIAWAN,21113,True,1166
WSC2015,05,Mechanical Engineering Design - CAD,KR,Korea,6,Medallion for Excellence,530.0,,,JAE HYEON PARK,19877,True,1168
WSC2015,05,Mechanical Engineering Design - CAD,JP,Japan,7,Medallion for Excellence,523.0,,,SHOGO ABE,19755,True,1169
WSC2015,05,Mechanical Engineering Design - CAD,UK,United Kingdom,7,Medallion for Excellence,521.0,,,ANDREW BEEL,22020,True,1171
WSC2015,05,Mechanical Engineering Design - CAD,VN,Vietnam,7,Medallion for Excellence,521.0,,,NGUYEN DUC THANH,22455,True,1170
WSC2015,06,CNC Turning,TH,Thailand,1,Gold,559.0,True,,KITTINAN SORNSONGKHRAM,22251,True,1190
WSC2015,06,CNC Turning,CO,Colombia,10,,499.0,,,HERNAN DARIO RUIZ TOBAR,20933,True,1200
WSC2015,06,CNC Turning,UK,United Kingdom,10,Medallion for Excellence,500.0,,,ALEX ELTON,22021,True,1199
WSC2015,06,CNC Turning,DE,Germany,12,,497.0,,,TIM ZELMER,20620,True,1202
WSC2015,06,CNC Turning,IN,India,12,,497.0,,,JISHNU KOTTAYI,21548,True,1201
WSC2015,06,CNC Turning,DK,Denmark,14,,489.0,,,NIKOLAJ VADSTRUP PEDERSEN,20007,True,1203
WSC2015,06,CNC Turning,NO,Norway,14,,487.0,,,JONAS TÅSÅS,12231,True,1204
WSC2015,06,CNC Turning,CA,Canada,16,,484.0,,,TREVOR FANDRICK,11568,True,1206
WSC2015,06,CNC Turning,RU,Russia,16,,483.0,,,ANTON LOSKUTOV,22254,True,1207
WSC2015,06,CNC Turning,SE,Sweden,16,,485.0,,,VIDAR DEGERHEIM,19507,True,1205
WSC2015,06,CNC Turning,MN,Mongolia,19,,479.0,,,LKHAGVA KHADAA,20961,True,1208
WSC2015,06,CNC Turning,BR,Brazil,2,Silver,552.0,,,EDUARDO KRUCZKIEVICZ,21597,True,1191
WSC2015,06,CNC Turning,BY,Belarus,20,,475.0,,,ALIAKSANDR POMINAU,21974,True,1209
WSC2015,06,CNC Turning,ES,Spain,21,,471.0,,,JON LAPEIRA,22219,True,1210
WSC2015,06,CNC Turning,AE,United Arab Emirates,22,,461.0,,,ABDULLA AL HAMAD,22117,True,1212
WSC2015,06,CNC Turning,FR,France,22,,463.0,,,ALEX VERNY,20554,True,1211
WSC2015,06,CNC Turning,MX,Mexico,24,,460.0,,,GUSTAVO ULISES DE LA TEJERA REYES,21110,True,1213
WSC2015,06,CNC Turning,ZA,South Africa,25,,456.0,,,DUWAYNE DAVIDS,20771,True,1214
WSC2015,06,CNC Turning,TW,Chinese Taipei,3,Bronze,549.0,,,ZHI-MING CHEN,12228,True,1192
WSC2015,06,CNC Turning,CN,China,4,Medallion for Excellence,536.0,,,SHUAI WANG,21462,True,1194
WSC2015,06,CNC Turning,KR,Korea,4,Medallion for Excellence,538.0,,,BEOM HEE LEE,19878,True,1193
WSC2015,06,CNC Turning,JP,Japan,6,Medallion for Excellence,526.0,,,RYUTA SAKAI,19774,True,1195
WSC2015,06,CNC Turning,CH,Switzerland,7,Medallion for Excellence,523.0,,,ROBIN ROHRER,19514,True,1196
WSC2015,06,CNC Turning,AT,Austria,8,Medallion for Excellence,520.0,,,ALEXANDER WAGNER,12186,True,1197
WSC2015,06,CNC Turning,SG,Singapore,9,Medallion for Excellence,511.0,,,MING YANG NG,11657,True,1198
WSC2015,07,CNC Milling,CN,China,1,Gold,541.0,,,ZHIKUN ZHANG,21463,True,1216
WSC2015,07,CNC Milling,KR,Korea,1,Gold,542.0,,,HEE DONG LEE,19879,True,1215
WSC2015,07,CNC Milling,JP,Japan,11,Medallion for Excellence,517.0,,,KEISUKE TAKEDA,19759,True,1225
WSC2015,07,CNC Milling,NL,Netherlands,12,Medallion for Excellence,505.0,,,NIEK POST,19678,True,1227
WSC2015,07,CNC Milling,SG,Singapore,12,Medallion for Excellence,507.0,,,ZHENG JIE ONG,11873,True,1226
WSC2015,07,CNC Milling,CO,Colombia,14,Medallion for Excellence,504.0,,,DIEGO ALEXANDER VALENCIA OROZCO,20845,True,1228
WSC2015,07,CNC Milling,LI,Principality of Liechtenstein,15,,498.0,,,ALESSIO OSPELT,11777,True,1229
WSC2015,07,CNC Milling,FR,France,16,,492.0,,,KÉVIN OSTER,20555,True,1231
WSC2015,07,CNC Milling,PT,Portugal,16,,492.0,,,TIAGO CONCEIÇÃO,20513,True,1230
WSC2015,07,CNC Milling,IL,Israel,18,,487.0,True,,PITER UDACHIN,22600,True,1232
WSC2015,07,CNC Milling,IN,India,19,,480.0,,,AJAY KUMAR KAR,21545,True,1233
WSC2015,07,CNC Milling,TH,Thailand,20,,468.0,,,KAMHAENG PHANJANDEE,20821,True,1234
WSC2015,07,CNC Milling,DK,Denmark,21,,459.0,,,ROBIN WILFRED OUDAL,19597,True,1235
WSC2015,07,CNC Milling,BY,Belarus,22,,456.0,,,PAVEL KARALIOU,21975,True,1236
WSC2015,07,CNC Milling,RU,Russia,23,,452.0,,,PETR KUZNETSOV,22255,True,1237
WSC2015,07,CNC Milling,CA,Canada,24,,447.0,,,TYLER MAGRI,11567,True,1239
WSC2015,07,CNC Milling,SE,Sweden,24,,449.0,,,ROBIN PRAGER,19505,True,1238
WSC2015,07,CNC Milling,TW,Chinese Taipei,3,Bronze,537.0,,,YU-YU LAI,12142,True,1217
WSC2015,07,CNC Milling,ID,Indonesia,4,Medallion for Excellence,534.0,,,ARIS MUDA,19704,True,1218
WSC2015,07,CNC Milling,AT,Austria,5,Medallion for Excellence,528.0,,,MICHAEL KOFLER,12187,True,1219
WSC2015,07,CNC Milling,BR,Brazil,6,Medallion for Excellence,522.0,,,ALEF SCHOLZE,21601,True,1222
WSC2015,07,CNC Milling,DE,Germany,6,Medallion for Excellence,523.0,,,PATRICK AIPLE,228296,True,1220
WSC2015,07,CNC Milling,VN,Vietnam,6,Medallion for Excellence,522.0,,,GIANG CHAN VINH,21568,True,1221
WSC2015,07,CNC Milling,CH,Switzerland,9,Medallion for Excellence,519.0,,,TIZIAN ULBER,19515,True,1224
WSC2015,07,CNC Milling,UK,United Kingdom,9,Medallion for Excellence,520.0,,,MIKE WATSON,28392,True,1223
WSC2015,08,Architectural Stonemasonry,AT,Austria,1,Gold,538.0,,,MARIUS GOLSER,11831,True,1240
WSC2015,08,Architectural Stonemasonry,NL,Netherlands,10,,455.0,,,JORDY WEEVERS,20638,True,1249
WSC2015,08,Architectural Stonemasonry,FI,Finland,11,,442.0,,,ILMARI MANNER,21751,True,1250
WSC2015,08,Architectural Stonemasonry,BR,Brazil,2,Silver,535.0,,,DJALMA RODRIGUES,21883,True,1241
WSC2015,08,Architectural Stonemasonry,KR,Korea,3,Bronze,521.0,,,TAE HUN KIM,19880,True,1242
WSC2015,08,Architectural Stonemasonry,UK,United Kingdom,3,Bronze,519.0,,,SAM TURNER,22023,True,1243
WSC2015,08,Architectural Stonemasonry,FR,France,5,Medallion for Excellence,514.0,,,BRAYAN BERGER,20556,True,1244
WSC2015,08,Architectural Stonemasonry,CH,Switzerland,6,Medallion for Excellence,511.0,,,MICHAEL EGLI,19516,True,1245
WSC2015,08,Architectural Stonemasonry,IT,"South Tyrol, Italy",7,Medallion for Excellence,500.0,,,GABRIEL WELLENZOHN,21493,True,1246
WSC2015,08,Architectural Stonemasonry,JP,Japan,8,,489.0,,,AOGU MIZUMURA,19846,True,1247
WSC2015,08,Architectural Stonemasonry,RU,Russia,9,,475.0,,,EVGENIY NIKIFOROV,22256,True,1248
WSC2015,09,IT Software Solutions for Business,CH,Switzerland,1,Gold,553.0,True,,LARS TÖNZ,19517,True,1251
WSC2015,09,IT Software Solutions for Business,CN,China,12,Medallion for Excellence,506.0,,,CONGYU LU,21464,True,1264
WSC2015,09,IT Software Solutions for Business,CO,Colombia,12,Medallion for Excellence,508.0,,,GUIOVANI ANDRÉS GONZÁLEZ MARÍN,21172,True,1262
WSC2015,09,IT Software Solutions for Business,MY,Malaysia,12,Medallion for Excellence,507.0,,,SIMON LIM XIN JONG,21126,True,1263
WSC2015,09,IT Software Solutions for Business,TW,Chinese Taipei,15,,499.0,,,ZHENG-XIN HUANG,12226,True,1265
WSC2015,09,IT Software Solutions for Business,FI,Finland,16,,484.0,,,JOONAS KRÜHN,21752,True,1266
WSC2015,09,IT Software Solutions for Business,IN,India,17,,469.0,,,NISHANT KUMAR A JAIN,21549,True,1268
WSC2015,09,IT Software Solutions for Business,ZA,South Africa,17,,469.0,,,NEVINSON MOYO,20704,True,1267
WSC2015,09,IT Software Solutions for Business,AE,United Arab Emirates,19,,464.0,,,AHMED ALTAMIMI,22086,True,1269
WSC2015,09,IT Software Solutions for Business,KR,Korea,2,Silver,539.0,,,SANG HUN YOO,19881,True,1252
WSC2015,09,IT Software Solutions for Business,MA,Morocco,20,,456.0,,,ANASS ABDELLAOUI,22190,True,1270
WSC2015,09,IT Software Solutions for Business,OM,Oman,21,,446.0,,,SABRIN AL SAIDI,22097,True,1271
WSC2015,09,IT Software Solutions for Business,MX,Mexico,22,,440.0,,,ROMÁN RODRÍGUEZ SOLÓRZANO,21849,True,1272
WSC2015,09,IT Software Solutions for Business,VN,Vietnam,3,Bronze,535.0,True,,NGUYEN DUY THANH,21571,True,1253
WSC2015,09,IT Software Solutions for Business,BR,Brazil,4,Medallion for Excellence,521.0,,,PATRICK ENS,22305,True,1255
WSC2015,09,IT Software Solutions for Business,DE,Germany,4,Medallion for Excellence,523.0,,,MARIO LÜTTECKE,20877,True,1254
WSC2015,09,IT Software Solutions for Business,IR,Iran,6,Medallion for Excellence,520.0,,,ALIREZA MIRZAEIYAN,21252,True,1256
WSC2015,09,IT Software Solutions for Business,HK,"Hong Kong, China",7,Medallion for Excellence,516.0,True,,MING FAI LAW,21118,True,1257
WSC2015,09,IT Software Solutions for Business,SG,Singapore,7,Medallion for Excellence,515.0,,,RONG KANG CHEW,11655,True,1258
WSC2015,09,IT Software Solutions for Business,ID,Indonesia,9,Medallion for Excellence,512.0,,,DWI YOGA DIRGANTARA,20480,True,1259
WSC2015,09,IT Software Solutions for Business,MO,"Macao, China",9,Medallion for Excellence,510.0,,,KIN IAN LO,21991,True,1260
WSC2015,09,IT Software Solutions for Business,SA,Saudi Arabia,9,Medallion for Excellence,510.0,,,MOSAAD ALTHOKAIR,21812,True,1261
WSC2015,10,Welding,BR,Brazil,1,Gold,541.0,,,JACKIELYSON ALVES,154796,True,1274
WSC2015,10,Welding,CN,China,1,Gold,543.0,True,,ZHENGCHAO ZENG,21465,True,1273
WSC2015,10,Welding,CA,Canada,12,Medallion for Excellence,520.0,,,TOMMY ST-MARTIN,11566,True,1285
WSC2015,10,Welding,NL,Netherlands,12,Medallion for Excellence,519.0,,,RICHARD ROOLVINK,19679,True,1286
WSC2015,10,Welding,UK,United Kingdom,12,Medallion for Excellence,521.0,,,REECE TAYLOR,22024,True,1284
WSC2015,10,Welding,AT,Austria,15,Medallion for Excellence,513.0,,,THOMAS KÄFERBÖCK,12188,True,1288
WSC2015,10,Welding,CH,Switzerland,15,Medallion for Excellence,514.0,,,ROGER GEMPERLE,19519,True,1287
WSC2015,10,Welding,MY,Malaysia,15,Medallion for Excellence,512.0,,,MUHAMMAD DZULHELME RAZALI,21127,True,1289
WSC2015,10,Welding,AU,Australia,18,Medallion for Excellence,511.0,,,KALLON MCVICAR,21822,True,1290
WSC2015,10,Welding,BE,Belgium,18,Medallion for Excellence,510.0,,,LEROY DE RYCK,20678,True,1291
WSC2015,10,Welding,CO,Colombia,20,Medallion for Excellence,508.0,,,EDWING YOHANY MARTÍNEZ MORALES,20847,True,1292
WSC2015,10,Welding,FI,Finland,21,Medallion for Excellence,500.0,,,PEKKA SUMILOFF,21753,True,1294
WSC2015,10,Welding,FR,France,21,Medallion for Excellence,501.0,,,RAPHAËL BIGAUD,20557,True,1293
WSC2015,10,Welding,HU,Hungary,23,,496.0,,,PETER PANYI,21937,True,1295
WSC2015,10,Welding,NZ,New Zealand,23,,495.0,,,STACY SMYTH,12278,True,1296
WSC2015,10,Welding,ZA,South Africa,25,,493.0,,,JACO VAN DEVENTER,20772,True,1297
WSC2015,10,Welding,DE,Germany,26,,488.0,,,MARVEN VÖGE,20542,True,1300
WSC2015,10,Welding,IR,Iran,26,,489.0,,,DAVOUD GHAJEZADEH,21239,True,1299
WSC2015,10,Welding,SE,Sweden,26,,489.0,,,JIMMIE KARLSSON,19509,True,1298
WSC2015,10,Welding,ID,Indonesia,29,,470.0,,,KUKUH KISWANTO,20484,True,1303
WSC2015,10,Welding,IE,Ireland,29,,472.0,,,OWEN MURPHY,22159,True,1301
WSC2015,10,Welding,RU,Russia,29,,471.0,,,SERGEY DUBENSKIY,22257,True,1302
WSC2015,10,Welding,TH,Thailand,3,Bronze,536.0,,,SUPARAT RATTANAPAN,22231,True,1275
WSC2015,10,Welding,CL,Chile,32,,468.0,True,,FELIPE GONZALEZ HERNANDEZ,20455,True,1304
WSC2015,10,Welding,MN,Mongolia,33,,463.0,,,GANTSOOJ LKHAGVASUREN,21072,True,1305
WSC2015,10,Welding,ES,Spain,34,,446.0,,,RUBÉN SANCHO,22146,True,1306
WSC2015,10,Welding,KZ,Kazakhstan,35,,442.0,,,NURLYBEK MUKHAMEDIYAROV,21889,True,1307
WSC2015,10,Welding,GE,Georgia,36,,434.0,,,MALKHAZI CHIPCHIURI,22332,True,1308
WSC2015,10,Welding,AE,United Arab Emirates,37,,429.0,,,MAJID ALMAAZMI,22116,True,1309
WSC2015,10,Welding,TW,Chinese Taipei,4,Medallion for Excellence,531.0,,,CHUN-WEI CHANG,12175,True,1276
WSC2015,10,Welding,US,United States of America,4,Medallion for Excellence,529.0,,,ANDREW CARDIN,20194,True,1277
WSC2015,10,Welding,IN,India,6,Medallion for Excellence,525.0,True,,SACHIN BHOJLING NARALE,21608,True,1281
WSC2015,10,Welding,JP,Japan,6,Medallion for Excellence,525.0,,,TAKUMI KOYAMA,19757,True,1280
WSC2015,10,Welding,KR,Korea,6,Medallion for Excellence,525.0,,,JIN SEOK KIM,19882,True,1278
WSC2015,10,Welding,NO,Norway,6,Medallion for Excellence,523.0,,,ALF SUNDAL,11960,True,1283
WSC2015,10,Welding,PT,Portugal,6,Medallion for Excellence,525.0,True,,LUÍS PEREIRA,20514,True,1279
WSC2015,10,Welding,VN,Vietnam,6,Medallion for Excellence,523.0,,,DANG DUY TUAN,22177,True,1282
WSC2015,11,Print Media Technology,BR,Brazil,1,Gold,565.0,,,VICTOR BERNARDO,20979,True,1310
WSC2015,11,Print Media Technology,CO,Colombia,11,,447.0,,,ALEXANDRA SANCHÉZ OSPINA,20848,True,1320
WSC2015,11,Print Media Technology,CN,China,2,Silver,531.0,,,SHUPING ZHANG,21466,True,1311
WSC2015,11,Print Media Technology,FR,France,3,Bronze,523.0,,,MATHIEU PROVOST,20558,True,1312
WSC2015,11,Print Media Technology,AT,Austria,4,Medallion for Excellence,513.0,,,NIKLAS RUSCH,11832,True,1313
WSC2015,11,Print Media Technology,CH,Switzerland,5,,499.0,,,SAMUEL BUCHER,19521,True,1314
WSC2015,11,Print Media Technology,BE,Belgium,6,,494.0,,,JULIEN DARMONT,20679,True,1315
WSC2015,11,Print Media Technology,DE,Germany,7,,484.0,,,KEVIN KÖHN,21417,True,1317
WSC2015,11,Print Media Technology,JP,Japan,7,,485.0,,,KOTA HORI,19761,True,1316
WSC2015,11,Print Media Technology,DK,Denmark,9,,480.0,,,NICK DOLLERIS SEEGER,19598,True,1318
WSC2015,11,Print Media Technology,FI,Finland,9,,480.0,,,OSKAR HÄNNINEN,21754,True,1319
WSC2015,12,Wall and Floor Tiling,BR,Brazil,1,Gold,535.0,,,THIAGO COSTA,21602,True,1321
WSC2015,12,Wall and Floor Tiling,FR,France,1,Gold,533.0,,,THOMAS LANDREAU,20559,True,1322
WSC2015,12,Wall and Floor Tiling,AT,Austria,11,Medallion for Excellence,510.0,,,STEFAN FUCHS,19781,True,1332
WSC2015,12,Wall and Floor Tiling,KR,Korea,11,Medallion for Excellence,510.0,,,JUN HUI LEE,19883,True,1331
WSC2015,12,Wall and Floor Tiling,CN,China,13,Medallion for Excellence,507.0,,,GUOCAI ZANG,21467,True,1333
WSC2015,12,Wall and Floor Tiling,FI,Finland,13,Medallion for Excellence,506.0,,,JOHANNA ELORANTA,21755,True,1334
WSC2015,12,Wall and Floor Tiling,HK,"Hong Kong, China",15,Medallion for Excellence,503.0,,,YIP KEUNG HUI,20537,True,1335
WSC2015,12,Wall and Floor Tiling,AU,Australia,16,,498.0,,,DANIEL PICARIELLO,21845,True,1337
WSC2015,12,Wall and Floor Tiling,UK,United Kingdom,16,,499.0,,,MARTIN MCLAUGHLIN,22025,True,1336
WSC2015,12,Wall and Floor Tiling,IT,"South Tyrol, Italy",18,,495.0,,,DANIEL PLANKENSTEINER,21494,True,1338
WSC2015,12,Wall and Floor Tiling,IN,India,19,,480.0,,,TIKAM SINGH,21729,True,1340
WSC2015,12,Wall and Floor Tiling,RU,Russia,19,,481.0,,,VENIAMIN PETROV,22258,True,1339
WSC2015,12,Wall and Floor Tiling,CO,Colombia,21,,470.0,,,DANIEL VALENCIA GIRALDO,20849,True,1341
WSC2015,12,Wall and Floor Tiling,EE,Estonia,22,,465.0,,,OLAV LEISSON,21305,True,1342
WSC2015,12,Wall and Floor Tiling,SE,Sweden,23,,447.0,,,OSKAR JOHANSSON,19510,True,1343
WSC2015,12,Wall and Floor Tiling,MN,Mongolia,24,,401.0,,,MUNGUNSHAGAI BAT-ERDENE,20955,True,1344
WSC2015,12,Wall and Floor Tiling,CH,Switzerland,3,Bronze,528.0,,,MIKE BRUNNER,19524,True,1323
WSC2015,12,Wall and Floor Tiling,LI,Principality of Liechtenstein,3,Bronze,527.0,,,LUCA VOGT,11776,True,1324
WSC2015,12,Wall and Floor Tiling,DE,Germany,5,Medallion for Excellence,523.0,,,TIM WELBERG,21454,True,1325
WSC2015,12,Wall and Floor Tiling,TW,Chinese Taipei,5,Medallion for Excellence,523.0,,,YU-HSIANG CHAO,12342,True,1326
WSC2015,12,Wall and Floor Tiling,DK,Denmark,7,Medallion for Excellence,517.0,,,DANIEL BRODDE THOMSEN,20008,True,1327
WSC2015,12,Wall and Floor Tiling,ID,Indonesia,7,Medallion for Excellence,516.0,,,SURIYANTO SURIYANTO,20485,True,1328
WSC2015,12,Wall and Floor Tiling,NL,Netherlands,9,Medallion for Excellence,513.0,,,AART JUFFER,19680,True,1329
WSC2015,12,Wall and Floor Tiling,TH,Thailand,9,Medallion for Excellence,512.0,,,THONGCHAI NGAMSOMSUKE,22232,True,1330
WSC2015,13,Autobody Repair,JP,Japan,1,Gold,539.0,,,TAKUMA SHIMIZU,19741,True,1345
WSC2015,13,Autobody Repair,BR,Brazil,10,Medallion for Excellence,507.0,,,MATHEUS ARRUDA,21901,True,1355
WSC2015,13,Autobody Repair,DE,Germany,10,Medallion for Excellence,509.0,,,JOHANNES ZÄUNER,20625,True,1354
WSC2015,13,Autobody Repair,CA,Canada,12,,494.0,,,JUSTIN DAMBITIS,11565,True,1358
WSC2015,13,Autobody Repair,NZ,New Zealand,12,,495.0,,,DAVID FOX,12279,True,1356
WSC2015,13,Autobody Repair,UK,United Kingdom,12,,494.0,,,RYAN JONES,22026,True,1357
WSC2015,13,Autobody Repair,FI,Finland,15,,492.0,,,JANI OHENOJA,21756,True,1359
WSC2015,13,Autobody Repair,IN,India,16,,468.0,,,ARJUN BIND,21609,True,1361
WSC2015,13,Autobody Repair,RU,Russia,16,,468.0,,,IVAN KRYLOV,22260,True,1360
WSC2015,13,Autobody Repair,ID,Indonesia,18,,458.0,,,WAHIT NUROHIM,21001,True,1362
WSC2015,13,Autobody Repair,ES,Spain,19,,450.0,,,YERAY PARGAÑA,22147,True,1363
WSC2015,13,Autobody Repair,CH,Switzerland,2,Silver,535.0,,,MANUEL LIPP,19525,True,1346
WSC2015,13,Autobody Repair,CN,China,2,Silver,533.0,,,LIANG LUO,21468,True,1347
WSC2015,13,Autobody Repair,ZA,South Africa,20,,431.0,,,THABISO MOHALE,22215,True,1364
WSC2015,13,Autobody Repair,DK,Denmark,4,Medallion for Excellence,523.0,,,SØREN HOLM FRANDSEN,19599,True,1348
WSC2015,13,Autobody Repair,KR,Korea,4,Medallion for Excellence,523.0,,,JEONG SU KIM,19884,True,1351
WSC2015,13,Autobody Repair,NO,Norway,4,Medallion for Excellence,523.0,,,ANDERS LINT MOLAND,11962,True,1349
WSC2015,13,Autobody Repair,TW,Chinese Taipei,4,Medallion for Excellence,523.0,,,XUE-ZHI LIAO,12215,True,1350
WSC2015,13,Autobody Repair,SE,Sweden,8,Medallion for Excellence,519.0,,,VICTOR STÅHLKRANTZ,19511,True,1352
WSC2015,13,Autobody Repair,FR,France,9,Medallion for Excellence,515.0,,,ALEXIS HAFFNER,20560,True,1353
WSC2015,14,Aircraft Maintenance,IE,Ireland,1,Gold,546.0,True,,ROS WYNNE,22160,True,1365
WSC2015,14,Aircraft Maintenance,BR,Brazil,10,,490.0,,,RODRIGO CAMPOS,165955,True,1375
WSC2015,14,Aircraft Maintenance,FR,France,10,,491.0,,,KÉVIN SANCHEZ,20561,True,1374
WSC2015,14,Aircraft Maintenance,SG,Singapore,12,,482.0,,,YING XIAN BRYAN PHANG,11654,True,1376
WSC2015,14,Aircraft Maintenance,MY,Malaysia,13,,457.0,,,SHAFIQ AMMAR IDRIS,21128,True,1377
WSC2015,14,Aircraft Maintenance,IN,India,14,,451.0,,,AMIT ANAND,22353,True,1378
WSC2015,14,Aircraft Maintenance,AE,United Arab Emirates,15,,442.0,,,MUDHAFFAR ALSHAMSI,20401,True,1379
WSC2015,14,Aircraft Maintenance,CA,Canada,2,Silver,530.0,,,RYAN LEEDHAM,11564,True,1367
WSC2015,14,Aircraft Maintenance,UK,United Kingdom,2,Silver,530.0,True,,SHAYNE HADLAND,22027,True,1366
WSC2015,14,Aircraft Maintenance,SE,Sweden,4,Medallion for Excellence,523.0,,,JIM ÖHMAN,19512,True,1368
WSC2015,14,Aircraft Maintenance,TW,Chinese Taipei,4,Medallion for Excellence,523.0,,,YAN LIN HUANG,12115,True,1369
WSC2015,14,Aircraft Maintenance,NZ,New Zealand,6,Medallion for Excellence,517.0,,,CHRISTOPHER ROBERTSON,21484,True,1370
WSC2015,14,Aircraft Maintenance,FI,Finland,7,Medallion for Excellence,510.0,,,ROOPE MEHTONEN,21757,True,1371
WSC2015,14,Aircraft Maintenance,CN,China,8,Medallion for Excellence,505.0,,,FUQIANG ZHONG,21469,True,1372
WSC2015,14,Aircraft Maintenance,KR,Korea,9,Medallion for Excellence,502.0,,,HEEJUN KIM,19815,True,1373
WSC2015,15,Plumbing and Heating,DE,Germany,1,Gold,533.0,,,NATHANAEL LIEBERGELD,20666,True,1381
WSC2015,15,Plumbing and Heating,UK,United Kingdom,1,Gold,533.0,,,GARY DOYLE,22028,True,1380
WSC2015,15,Plumbing and Heating,KR,Korea,12,Medallion for Excellence,517.0,,,JIN SEON KIM,19886,True,1391
WSC2015,15,Plumbing and Heating,IT,"South Tyrol, Italy",13,Medallion for Excellence,514.0,,,MATTHIAS MESSNER,21495,True,1392
WSC2015,15,Plumbing and Heating,FI,Finland,14,Medallion for Excellence,511.0,,,IIRO JANSSON,21758,True,1393
WSC2015,15,Plumbing and Heating,IE,Ireland,14,Medallion for Excellence,510.0,,,JONATHAN FLYNN,22161,True,1394
WSC2015,15,Plumbing and Heating,VN,Vietnam,14,Medallion for Excellence,509.0,,,VU TRONG TU,21563,True,1395
WSC2015,15,Plumbing and Heating,MY,Malaysia,17,Medallion for Excellence,501.0,,,MOHD FARIDUDDIN ALI KASSIM,21129,True,1396
WSC2015,15,Plumbing and Heating,HK,"Hong Kong, China",18,,495.0,,,WING WAI YEUNG,20536,True,1397
WSC2015,15,Plumbing and Heating,NL,Netherlands,19,,483.0,,,LANDO KLEIN GUNNEWIEK,19682,True,1398
WSC2015,15,Plumbing and Heating,SE,Sweden,20,,475.0,,,PATRIK ERIKSSON,12146,True,1399
WSC2015,15,Plumbing and Heating,US,United States of America,21,,471.0,,,CHRIS ROYEA,12182,True,1400
WSC2015,15,Plumbing and Heating,RU,Russia,22,,466.0,,,VLADIMIR NISHANOV,22261,True,1401
WSC2015,15,Plumbing and Heating,ZA,South Africa,23,,463.0,,,GLENDON GARTHWAITE,20705,True,1402
WSC2015,15,Plumbing and Heating,TH,Thailand,24,,459.0,,,WONGSAKORN KHUNTONG,22615,True,1403
WSC2015,15,Plumbing and Heating,ID,Indonesia,25,,454.0,,,ADAM FIRNANDA,20486,True,1404
WSC2015,15,Plumbing and Heating,NA,Namibia,25,,453.0,True,,ERKANA IMENE,20944,True,1405
WSC2015,15,Plumbing and Heating,BE,Belgium,27,,428.0,,,THOMAS LETELLIER,20680,True,1406
WSC2015,15,Plumbing and Heating,AU,Australia,3,Bronze,529.0,,,DYLAN DI MARTINO,21846,True,1383
WSC2015,15,Plumbing and Heating,FR,France,3,Bronze,530.0,,,RAPHAËL PAUGOIS,20562,True,1382
WSC2015,15,Plumbing and Heating,JP,Japan,3,Bronze,528.0,,,RYUJI SHIMIZU,19789,True,1384
WSC2015,15,Plumbing and Heating,AT,Austria,6,Medallion for Excellence,526.0,,,ANTON ZARL,12190,True,1386
WSC2015,15,Plumbing and Heating,BR,Brazil,6,Medallion for Excellence,527.0,,,RAMON CAMPOS,21633,True,1385
WSC2015,15,Plumbing and Heating,CH,Switzerland,6,Medallion for Excellence,525.0,,,MICHAEL BÖSCH,19526,True,1387
WSC2015,15,Plumbing and Heating,CA,Canada,9,Medallion for Excellence,519.0,,,KENDRICK HOWE,11563,True,1390
WSC2015,15,Plumbing and Heating,NZ,New Zealand,9,Medallion for Excellence,521.0,True,,ADAM DE PASS,12280,True,1388
WSC2015,15,Plumbing and Heating,TW,Chinese Taipei,9,Medallion for Excellence,521.0,,,HSIANG-SHUN CHANG,12216,True,1389
WSC2015,16,Electronics,JP,Japan,1,Gold,540.0,,,KAZUHO IMADA,19742,True,1407
WSC2015,16,Electronics,TW,Chinese Taipei,1,Gold,538.0,,,JIA-SHENG YAO,12127,True,1408
WSC2015,16,Electronics,CN,China,10,Medallion for Excellence,512.0,,,YUHAO OU,21470,True,1416
WSC2015,16,Electronics,FI,Finland,10,Medallion for Excellence,510.0,,,NIKO KINNUNEN,21759,True,1417
WSC2015,16,Electronics,DE,Germany,12,Medallion for Excellence,508.0,,,SÖREN LANGER,21101,True,1418
WSC2015,16,Electronics,CA,Canada,13,,497.0,,,WINSTON LORD,11562,True,1420
WSC2015,16,Electronics,CO,Colombia,13,,499.0,,,CRISTIAN CAMILO ORTEGA BETANCUR,20850,True,1419
WSC2015,16,Electronics,IN,India,15,,494.0,,,PRANJAL SAXENA,20217,True,1421
WSC2015,16,Electronics,UK,United Kingdom,16,,484.0,,,BALINT BOGDAN,22360,True,1422
WSC2015,16,Electronics,MO,"Macao, China",17,,469.0,,,CHI LON CHAN,21992,True,1423
WSC2015,16,Electronics,BY,Belarus,18,,464.0,,,ROMAN SNETKOV,21976,True,1424
WSC2015,16,Electronics,IL,Israel,18,,463.0,,,EDO BOKER,22016,True,1425
WSC2015,16,Electronics,RU,Russia,20,,451.0,,,IVAN KHOKHLOV,22262,True,1426
WSC2015,16,Electronics,SA,Saudi Arabia,20,,451.0,,,ISMAIL ALSULAIMAN,21813,True,1427
WSC2015,16,Electronics,AE,United Arab Emirates,22,,446.0,,,MOHAMED ALZAROONI,22123,True,1428
WSC2015,16,Electronics,BR,Brazil,3,Bronze,537.0,,,EVANDRO LIMA,21634,True,1409
WSC2015,16,Electronics,CH,Switzerland,3,Bronze,535.0,,,MARIO NOSEDA,19527,True,1410
WSC2015,16,Electronics,KR,Korea,5,Medallion for Excellence,529.0,,,JI HO YU,19887,True,1411
WSC2015,16,Electronics,ID,Indonesia,6,Medallion for Excellence,519.0,,,RAHMAT HIDAYAT,20487,True,1412
WSC2015,16,Electronics,MY,Malaysia,6,Medallion for Excellence,519.0,,,MUHAMMAD FAUZAN ABDUL HAKIM,21130,True,1413
WSC2015,16,Electronics,SG,Singapore,6,Medallion for Excellence,518.0,,,WEI XIN NG,11652,True,1414
WSC2015,16,Electronics,IR,Iran,9,Medallion for Excellence,516.0,,,ALIREZA HAMMAMIZADEH HORJANDI,21276,True,1415
WSC2015,17,Web Design,BR,Brazil,1,Gold,557.0,,,GIOVANNI KENJI SHIROMA,11223,True,1429
WSC2015,17,Web Design,CO,Colombia,10,Medallion for Excellence,520.0,,,DIEGO ALEJANDRO HERNÁNDEZ ORREGO,20934,True,1438
WSC2015,17,Web Design,CA,Canada,11,Medallion for Excellence,510.0,,,GABRIEL SANTERRE,11561,True,1440
WSC2015,17,Web Design,MO,"Macao, China",11,Medallion for Excellence,512.0,,,KA CHON HO,22005,True,1439
WSC2015,17,Web Design,FI,Finland,13,Medallion for Excellence,506.0,,,LAURI ESKOLA,21760,True,1441
WSC2015,17,Web Design,ID,Indonesia,13,Medallion for Excellence,505.0,,,MUHAMMAD SIBRA,20488,True,1442
WSC2015,17,Web Design,DE,Germany,15,Medallion for Excellence,502.0,,,DANIEL CHRISTOPHERSEN,21102,True,1444
WSC2015,17,Web Design,JP,Japan,15,Medallion for Excellence,501.0,,,RYOJU OHATA,19762,True,1445
WSC2015,17,Web Design,SG,Singapore,15,Medallion for Excellence,503.0,,,AMANDA CHAN,11651,True,1443
WSC2015,17,Web Design,EE,Estonia,18,Medallion for Excellence,500.0,,,HENDRY SADRAK,21302,True,1446
WSC2015,17,Web Design,GE,Georgia,18,,499.0,,,ANDRO VELICHKO,22335,True,1448
WSC2015,17,Web Design,IN,India,18,,498.0,,,CHIRAG GOEL,21340,True,1449
WSC2015,17,Web Design,LV,Latvia,18,,499.0,True,,ARTURS KRAPANS,22006,True,1447
WSC2015,17,Web Design,AU,Australia,2,Silver,553.0,,,HARLAN WILTON,21825,True,1430
WSC2015,17,Web Design,FR,France,22,,489.0,True,,ANTOINE MAZENOT,20563,True,1452
WSC2015,17,Web Design,HK,"Hong Kong, China",22,,490.0,,,CHUN KIT LAW,21120,True,1450
WSC2015,17,Web Design,RU,Russia,22,,490.0,,,ARTEM ZIMIN,22263,True,1451
WSC2015,17,Web Design,MA,Morocco,25,,486.0,,,SOUFIANE BOUCHAARA,22191,True,1454
WSC2015,17,Web Design,NO,Norway,25,,485.0,,,MATHIAS ALEKSANDER NOVAS,12232,True,1455
WSC2015,17,Web Design,SE,Sweden,25,,487.0,,,LINUS STENGÅRD,19518,True,1453
WSC2015,17,Web Design,TH,Thailand,28,,484.0,,,JIRAPAT SOISIN,22233,True,1456
WSC2015,17,Web Design,BE,Belgium,29,,480.0,,,KARRAR HUSSAIN,20681,True,1457
WSC2015,17,Web Design,NL,Netherlands,29,,478.0,,,NIELS BOSMAN,19683,True,1458
WSC2015,17,Web Design,IR,Iran,3,Bronze,548.0,True,,MOHAMAD MOHEBIFAR,21274,True,1432
WSC2015,17,Web Design,KR,Korea,3,Bronze,549.0,,,EUN YOUNG KIM,19888,True,1431
WSC2015,17,Web Design,ES,Spain,31,,471.0,,,SERGIO DELGADO,22148,True,1461
WSC2015,17,Web Design,OM,Oman,31,,473.0,,,FALAH AL LAWATI,22139,True,1459
WSC2015,17,Web Design,SA,Saudi Arabia,31,,471.0,,,ABDULLAH ALMUTIG,21816,True,1460
WSC2015,17,Web Design,AE,United Arab Emirates,34,,468.0,,,KHALIFA ALMHEIRI,22090,True,1463
WSC2015,17,Web Design,PT,Portugal,34,,470.0,,,RITA GALANTE,20515,True,1462
WSC2015,17,Web Design,US,United States of America,36,,466.0,,,NICHOLAS TAYLOR,11966,True,1464
WSC2015,17,Web Design,MX,Mexico,37,,436.0,,,SAÚL GUTIÉRREZ GONZÁLEZ,20835,True,1465
WSC2015,17,Web Design,ZA,South Africa,37,,435.0,,,KATLEGO MOGEDI,20364,True,1466
WSC2015,17,Web Design,CH,Switzerland,5,Medallion for Excellence,544.0,,,CYRIL WANNER,19529,True,1433
WSC2015,17,Web Design,CN,China,5,Medallion for Excellence,544.0,,,JUNJIE FENG,21471,True,1434
WSC2015,17,Web Design,TW,Chinese Taipei,5,Medallion for Excellence,543.0,,,WEI-CHUN LIN,19994,True,1435
WSC2015,17,Web Design,UK,United Kingdom,8,Medallion for Excellence,523.0,,,DANIEL LEVINGS,22029,True,1437
WSC2015,17,Web Design,VN,Vietnam,8,Medallion for Excellence,525.0,,,LUONG CONG HIEU,21565,True,1436
WSC2015,18,Electrical Installations,BR,Brazil,1,Gold,556.0,,,CARLOS JUNIOR,137797,True,1467
WSC2015,18,Electrical Installations,FR,France,10,Medallion for Excellence,520.0,,,JIMMY DELAMARCHE,20564,True,1477
WSC2015,18,Electrical Installations,LI,Principality of Liechtenstein,10,Medallion for Excellence,521.0,,,MICHAEL BÜHLER,11775,True,1476
WSC2015,18,Electrical Installations,PT,Portugal,10,Medallion for Excellence,520.0,,,ALEXANDRE PACHECO,20516,True,1478
WSC2015,18,Electrical Installations,IE,Ireland,13,Medallion for Excellence,516.0,,,SHANE MAGEE,22163,True,1480
WSC2015,18,Electrical Installations,MO,"Macao, China",13,Medallion for Excellence,518.0,,,WAI HOU LO,21993,True,1479
WSC2015,18,Electrical Installations,LV,Latvia,15,Medallion for Excellence,513.0,,,MAKSIMS IVANCOVS,22007,True,1482
WSC2015,18,Electrical Installations,NL,Netherlands,15,Medallion for Excellence,515.0,,,PATRICK BIESEMAAT,239202,True,1481
WSC2015,18,Electrical Installations,CA,Canada,17,Medallion for Excellence,508.0,,,JACOB FLUKER,11560,True,1483
WSC2015,18,Electrical Installations,NO,Norway,17,Medallion for Excellence,506.0,,,KNUT MARTIN BREIVIK,12233,True,1484
WSC2015,18,Electrical Installations,RU,Russia,19,Medallion for Excellence,504.0,,,VITALII PANTEEV,22265,True,1485
WSC2015,18,Electrical Installations,CN,China,2,Silver,550.0,,,XIQI HUI,21472,True,1468
WSC2015,18,Electrical Installations,CO,Colombia,20,,499.0,,,DANIEL ESTEBAN GIL PABÓN,20935,True,1487
WSC2015,18,Electrical Installations,NZ,New Zealand,20,Medallion for Excellence,500.0,,,CAMERON SHAILER,12281,True,1486
WSC2015,18,Electrical Installations,KR,Korea,22,,497.0,,,DONG WOOK KIM,19889,True,1488
WSC2015,18,Electrical Installations,IT,"South Tyrol, Italy",23,,493.0,,,THOMAS DOSSER,21496,True,1489
WSC2015,18,Electrical Installations,ID,Indonesia,24,,490.0,,,MUTHOHARUL JANAN,21099,True,1490
WSC2015,18,Electrical Installations,HK,"Hong Kong, China",25,,487.0,,,SIU YIN POON,21183,True,1491
WSC2015,18,Electrical Installations,HU,Hungary,26,,478.0,,,SZABOLCS HEITER,21361,True,1492
WSC2015,18,Electrical Installations,ZA,South Africa,26,,476.0,,,JEANDRÉ VAN DER WATT,20706,True,1493
WSC2015,18,Electrical Installations,BE,Belgium,28,,469.0,,,TIMOTHÉ DEBATTY,20682,True,1495
WSC2015,18,Electrical Installations,OM,Oman,28,,470.0,,,ALBARA AL BADI,22205,True,1494
WSC2015,18,Electrical Installations,JP,Japan,3,Bronze,545.0,,,KAZUKI SETO,19763,True,1469
WSC2015,18,Electrical Installations,DE,Germany,30,,464.0,,,DIETER JAROSCH,21004,True,1496
WSC2015,18,Electrical Installations,SG,Singapore,31,,459.0,,,CHUN SIONG WONG,12323,True,1497
WSC2015,18,Electrical Installations,SA,Saudi Arabia,32,,456.0,True,,ABDULRAHMAN ALHARBI,21814,True,1498
WSC2015,18,Electrical Installations,ES,Spain,33,,452.0,,,DANIEL MARQUEZ,22220,True,1499
WSC2015,18,Electrical Installations,MN,Mongolia,33,,450.0,,,GALBADRAKH PUREVSUREN,20956,True,1500
WSC2015,18,Electrical Installations,NA,Namibia,35,,448.0,,,FANUEL MATHIAS,20946,True,1501
WSC2015,18,Electrical Installations,CL,Chile,36,,442.0,,,MARCELO GUZMAN SILVA,20629,True,1502
WSC2015,18,Electrical Installations,IR,Iran,37,,400.0,,,JABER ASADI,21273,True,1504
WSC2015,18,Electrical Installations,TH,Thailand,37,,400.0,,,SORNCHAI SAEKO,22234,True,1503
WSC2015,18,Electrical Installations,MY,Malaysia,4,Medallion for Excellence,532.0,,,MUHAMMAD HAFIZ ROHANI,21135,True,1471
WSC2015,18,Electrical Installations,UK,United Kingdom,4,Medallion for Excellence,533.0,,,ADRIAN CANNING,22055,True,1470
WSC2015,18,Electrical Installations,CH,Switzerland,6,Medallion for Excellence,528.0,,,DANIEL MOSIMANN,19532,True,1473
WSC2015,18,Electrical Installations,TW,Chinese Taipei,6,Medallion for Excellence,529.0,,,YU TSUNG KAO,19592,True,1472
WSC2015,18,Electrical Installations,AT,Austria,8,Medallion for Excellence,525.0,,,MATTHIAS MOSER,12191,True,1474
WSC2015,18,Electrical Installations,SE,Sweden,8,Medallion for Excellence,523.0,,,JOHAN LEDIN,19520,True,1475
WSC2015,19,Industrial Control,KR,Korea,1,Gold,560.0,True,,MINSU KANG,19890,True,1505
WSC2015,19,Industrial Control,CH,Switzerland,10,Medallion for Excellence,508.0,,,FABIAN ULMANN,19535,True,1514
WSC2015,19,Industrial Control,FR,France,11,Medallion for Excellence,501.0,,,BENOIT POTIER,20565,True,1516
WSC2015,19,Industrial Control,PT,Portugal,11,Medallion for Excellence,502.0,,,CARLOS FARIA,20517,True,1515
WSC2015,19,Industrial Control,BE,Belgium,13,,499.0,,,ANTOINE MICHOTTE,20683,True,1517
WSC2015,19,Industrial Control,AU,Australia,14,,494.0,,,JIM D'ELBOUX,21826,True,1519
WSC2015,19,Industrial Control,FI,Finland,14,,494.0,,,LEEVI POUSI,21761,True,1518
WSC2015,19,Industrial Control,CO,Colombia,16,,487.0,,,JHONATHAN  DE JESÚS REYES MARTÍNEZ,20852,True,1523
WSC2015,19,Industrial Control,IE,Ireland,16,,488.0,,,MARTIN TULLY,22285,True,1520
WSC2015,19,Industrial Control,NL,Netherlands,16,,488.0,,,MATTIJN STEGEMAN,19685,True,1521
WSC2015,19,Industrial Control,SG,Singapore,16,,487.0,,,JOELL THNG CHONG SHU,11650,True,1522
WSC2015,19,Industrial Control,TW,Chinese Taipei,2,Silver,554.0,,,KUO-CHIA LUO,12125,True,1506
WSC2015,19,Industrial Control,CA,Canada,20,,483.0,,,BRENNAN ROY-BERTIN,11559,True,1524
WSC2015,19,Industrial Control,LU,Luxembourg,21,,457.0,,,JOE WARLING,242166,True,1526
WSC2015,19,Industrial Control,RU,Russia,21,,458.0,,,DANIIL POPOV,22272,True,1525
WSC2015,19,Industrial Control,UK,United Kingdom,23,,455.0,,,LUKE ELSMORE,22031,True,1527
WSC2015,19,Industrial Control,CL,Chile,24,,430.0,,,VICTOR URIBE GONZALEZ,20630,True,1528
WSC2015,19,Industrial Control,VN,Vietnam,25,,400.0,,,NGUYEN DUC ANH,21567,True,1529
WSC2015,19,Industrial Control,JP,Japan,3,Bronze,550.0,,,FUMIHIKO TAKAYAMA,19764,True,1507
WSC2015,19,Industrial Control,ID,Indonesia,4,Medallion for Excellence,524.0,,,REZA JULIAS,21100,True,1508
WSC2015,19,Industrial Control,DE,Germany,5,Medallion for Excellence,518.0,,,TOBIAS LANGER,20545,True,1510
WSC2015,19,Industrial Control,SE,Sweden,5,Medallion for Excellence,520.0,,,SIMON MATTSSON,19522,True,1509
WSC2015,19,Industrial Control,AT,Austria,7,Medallion for Excellence,515.0,,,MANUEL PEHEIM,12192,True,1511
WSC2015,19,Industrial Control,BR,Brazil,8,Medallion for Excellence,511.0,,,LUCAS SILVA,21636,True,1512
WSC2015,19,Industrial Control,CN,China,8,Medallion for Excellence,509.0,,,JINHAO LI,21474,True,1513
WSC2015,20,Bricklaying,IT,"South Tyrol, Italy",1,Gold,531.0,,,FLORIAN HOCHGRUBER,21498,True,1530
WSC2015,20,Bricklaying,CN,China,13,Medallion for Excellence,513.0,,,BIN ZOU,21531,True,1543
WSC2015,20,Bricklaying,VN,Vietnam,13,Medallion for Excellence,513.0,,,DANG QUANG PHONG,21564,True,1542
WSC2015,20,Bricklaying,IN,India,15,Medallion for Excellence,506.0,,,PARUSHARAM NAIK,21730,True,1544
WSC2015,20,Bricklaying,SE,Sweden,15,Medallion for Excellence,504.0,,,DANIEL CARLBERG,19523,True,1545
WSC2015,20,Bricklaying,DE,Germany,17,Medallion for Excellence,500.0,,,MARCO BAUSCHKE,21744,True,1546
WSC2015,20,Bricklaying,ID,Indonesia,17,,499.0,,,M. YASIR MAULIDI,20490,True,1547
WSC2015,20,Bricklaying,CO,Colombia,19,,495.0,,,CRISTIAN DAVID HERNÁNDEZ SÁNCHEZ,20853,True,1548
WSC2015,20,Bricklaying,AT,Austria,2,Silver,526.0,,,MARTIN ENTHOLZER,12193,True,1533
WSC2015,20,Bricklaying,BR,Brazil,2,Silver,526.0,,,WEVERTON SILVA,21637,True,1534
WSC2015,20,Bricklaying,DK,Denmark,2,Silver,528.0,,,JENS PETER VESTERGAARD,233751,True,1532
WSC2015,20,Bricklaying,TW,Chinese Taipei,2,Silver,528.0,,,JIA-HAO TANG,12174,True,1531
WSC2015,20,Bricklaying,US,United States of America,20,,490.0,,,DANIEL FURR,19489,True,1549
WSC2015,20,Bricklaying,RU,Russia,21,,478.0,,,EVGENIY VASILIEV,21973,True,1550
WSC2015,20,Bricklaying,BE,Belgium,22,,454.0,,,JÉRÔME SAMYN,20684,True,1552
WSC2015,20,Bricklaying,HU,Hungary,22,,455.0,,,FERENC BORSODI,21939,True,1551
WSC2015,20,Bricklaying,KZ,Kazakhstan,22,,454.0,,,KANAT YERMAN,21888,True,1553
WSC2015,20,Bricklaying,MN,Mongolia,25,,448.0,,,ENKHCHIMEG JARGALSAIKHAN,21080,True,1554
WSC2015,20,Bricklaying,NA,Namibia,26,,417.0,,,RAKEL KN AMUTENYA,20945,True,1555
WSC2015,20,Bricklaying,AU,Australia,6,Bronze,524.0,,,SAMUEL SPONG,21827,True,1536
WSC2015,20,Bricklaying,KR,Korea,6,Bronze,525.0,,,MIN WOO YANG,19891,True,1535
WSC2015,20,Bricklaying,CH,Switzerland,8,Medallion for Excellence,520.0,,,SANDRO DÖRIG,19537,True,1537
WSC2015,20,Bricklaying,FR,France,9,Medallion for Excellence,516.0,,,ROMAIN GROULT,20566,True,1540
WSC2015,20,Bricklaying,LI,Principality of Liechtenstein,9,Medallion for Excellence,516.0,,,CHRISTOPH SELE,11774,True,1541
WSC2015,20,Bricklaying,NL,Netherlands,9,Medallion for Excellence,517.0,,,BERT VAN HEUGTEN,19686,True,1538
WSC2015,20,Bricklaying,UK,United Kingdom,9,Medallion for Excellence,516.0,,,RYAN STEVENS,22032,True,1539
WSC2015,21,Plastering and Drywall Systems,LI,Principality of Liechtenstein,1,Gold,543.0,True,,LUKAS BECK,11669,True,1556
WSC2015,21,Plastering and Drywall Systems,SE,Sweden,11,,490.0,,,KASPER SVENSSON,19663,True,1566
WSC2015,21,Plastering and Drywall Systems,BE,Belgium,12,,486.0,,,DAVY VERSTRAELEN,20685,True,1568
WSC2015,21,Plastering and Drywall Systems,BR,Brazil,12,,486.0,,,JONATAS WALTER,22729,True,1567
WSC2015,21,Plastering and Drywall Systems,RU,Russia,14,,479.0,,,SERGEY NIKITIN,22266,True,1569
WSC2015,21,Plastering and Drywall Systems,CO,Colombia,15,,466.0,,,JEISSON RIOS ÁNGEL,20854,True,1570
WSC2015,21,Plastering and Drywall Systems,ZA,South Africa,16,,459.0,,,SKHUMBUZO NKOSIYAPHANISI,20707,True,1571
WSC2015,21,Plastering and Drywall Systems,KZ,Kazakhstan,17,,428.0,,,ANVAR DAURENOV,21887,True,1572
WSC2015,21,Plastering and Drywall Systems,CH,Switzerland,2,Silver,537.0,,,YASSIN FISCHER,19538,True,1557
WSC2015,21,Plastering and Drywall Systems,DE,Germany,2,Silver,537.0,,,LUKAS PRELL,20358,True,1558
WSC2015,21,Plastering and Drywall Systems,FR,France,4,Medallion for Excellence,526.0,,,ANTHONY DA COSTA,20567,True,1559
WSC2015,21,Plastering and Drywall Systems,KR,Korea,5,Medallion for Excellence,520.0,,,JAE SI JEONG,19892,True,1560
WSC2015,21,Plastering and Drywall Systems,JP,Japan,6,Medallion for Excellence,517.0,,,RYOSEI HORI,19993,True,1561
WSC2015,21,Plastering and Drywall Systems,IE,Ireland,7,Medallion for Excellence,514.0,,,JOHN NOEL MURRAY,22185,True,1562
WSC2015,21,Plastering and Drywall Systems,UK,United Kingdom,7,Medallion for Excellence,513.0,,,ROBERT JOHNSON,22033,True,1563
WSC2015,21,Plastering and Drywall Systems,AT,Austria,9,Medallion for Excellence,500.0,,,ERICH NIEDERL,12292,True,1565
WSC2015,21,Plastering and Drywall Systems,TW,Chinese Taipei,9,Medallion for Excellence,500.0,,,HSI-PENG TSAI,12343,True,1564
WSC2015,22,Painting and Decorating,FR,France,1,Gold,549.0,,,BAPTISTE GABIOT,20568,True,1573
WSC2015,22,Painting and Decorating,DE,Germany,12,,497.0,,,NATHALIE HERWIG,20973,True,1585
WSC2015,22,Painting and Decorating,HK,"Hong Kong, China",12,,497.0,,,CHO HONG LAI,20533,True,1586
WSC2015,22,Painting and Decorating,TW,Chinese Taipei,12,,497.0,,,YOU ZHEN SONG,12113,True,1584
WSC2015,22,Painting and Decorating,NL,Netherlands,15,,486.0,,,RICK REKERS,19687,True,1587
WSC2015,22,Painting and Decorating,HU,Hungary,16,,481.0,,,DAVID VILMOS FATA,21940,True,1588
WSC2015,22,Painting and Decorating,LU,Luxembourg,17,,458.0,,,MIRIAM THOMMES,21358,True,1589
WSC2015,22,Painting and Decorating,MY,Malaysia,18,,437.0,,,GANIEY ANAK JULEN,21366,True,1591
WSC2015,22,Painting and Decorating,OM,Oman,18,,439.0,,,ASMA AL SIYABI,22134,True,1590
WSC2015,22,Painting and Decorating,AT,Austria,2,Silver,539.0,,,MARIE THERES MAYERHOFER,12291,True,1574
WSC2015,22,Painting and Decorating,CH,Switzerland,3,Bronze,533.0,,,JANIN AELLIG,19500,True,1575
WSC2015,22,Painting and Decorating,FI,Finland,4,Medallion for Excellence,528.0,,,HENNA OTRONEN,21762,True,1577
WSC2015,22,Painting and Decorating,UK,United Kingdom,4,Medallion for Excellence,530.0,,,CURTIS BAKER,22034,True,1576
WSC2015,22,Painting and Decorating,BR,Brazil,6,Medallion for Excellence,518.0,,,ALISSON AGUIAR,21638,True,1578
WSC2015,22,Painting and Decorating,BE,Belgium,7,Medallion for Excellence,504.0,,,AMÉLIE GILLET,20686,True,1580
WSC2015,22,Painting and Decorating,SE,Sweden,7,Medallion for Excellence,506.0,,,JENNY ALBERTSON,19586,True,1579
WSC2015,22,Painting and Decorating,AU,Australia,9,,499.0,,,SHARLENE KIDD,21831,True,1583
WSC2015,22,Painting and Decorating,DK,Denmark,9,Medallion for Excellence,500.0,,,MARCO DYRVIG BREMS,19600,True,1582
WSC2015,22,Painting and Decorating,IT,"South Tyrol, Italy",9,Medallion for Excellence,501.0,,,DENNIS FEDERSPIEL,21499,True,1581
WSC2015,23,Mobile Robotics,JP,Japan,1,Gold,557.0,,,JUN HASEGAWA; NAOKI ITO,19750; 19749,True,1593
WSC2015,23,Mobile Robotics,KR,Korea,1,Gold,559.0,,,A RON LEE; HONG CHEOL PARK,19894; 19893,True,1592
WSC2015,23,Mobile Robotics,DE,Germany,10,,486.0,,,STEFFEN ELLERBRAKE; NICO GATTMANN,21251; 20449,True,1602
WSC2015,23,Mobile Robotics,IN,India,10,,487.0,,,KAMAL PRASATH BALAJI M; DHARMARAJ T,21799; 21553,True,1601
WSC2015,23,Mobile Robotics,TH,Thailand,10,,485.0,,,CHAIPORN SOMBOONCHAI; MONGKOL TEPPHAWAN,22235; 22236,True,1603
WSC2015,23,Mobile Robotics,MO,"Macao, China",13,,484.0,,,WAI KIT LAO; HOU FAI SIT,21994; 22004,True,1604
WSC2015,23,Mobile Robotics,CO,Colombia,14,,481.0,,,DAVID HENÁO MEJIA; YONNATHAN VINASCO VALENCIA,20855; 20856,True,1606
WSC2015,23,Mobile Robotics,FR,France,14,,480.0,,,NICOLAS BRIOT; CLÉMENT LELONG,20569; 20570,True,1608
WSC2015,23,Mobile Robotics,HK,"Hong Kong, China",14,,481.0,,,KIN PUI CHENG; CHUN CHIU ERIC LI,21621; 21620,True,1605
WSC2015,23,Mobile Robotics,PT,Portugal,14,,481.0,,,NELSON PEREIRA; ARTUR SOUSA,20518; 20519,True,1607
WSC2015,23,Mobile Robotics,AT,Austria,18,,477.0,,,CHRISTOPH HACKENBERGER; MARKUS KLEIN,12194; 12195,True,1609
WSC2015,23,Mobile Robotics,AE,United Arab Emirates,19,,473.0,,,MARYAM ALZAHMI; ABDULLA BIN DOEI,22088; 22089,True,1610
WSC2015,23,Mobile Robotics,BY,Belarus,19,,471.0,,,KIRYL CHEPELEU; ANTON KANASHUK,21977; 21978,True,1612
WSC2015,23,Mobile Robotics,FI,Finland,19,,473.0,,,VILLE-PETTERI JOENSUU; MISKA PUOSKARI,21763; 21764,True,1611
WSC2015,23,Mobile Robotics,ZA,South Africa,19,,471.0,,,SU-MARI JANSEN VAN VUUREN; MARNES VAN DER WALT,20708; 20773,True,1613
WSC2015,23,Mobile Robotics,RU,Russia,23,,468.0,,,MAKSIM SHIROKOV; DENIS SOBOLEV,22268; 22269,True,1614
WSC2015,23,Mobile Robotics,CA,Canada,3,Bronze,546.0,,,ZACHARY LAROSE; MAXIME MARINEAU,21480; 11556,True,1594
WSC2015,23,Mobile Robotics,ID,Indonesia,4,Medallion for Excellence,539.0,True,,LUTFI NUR INDRAWAN; HENDRIANA HELDA PRATAMA,21096; 20491,True,1596
WSC2015,23,Mobile Robotics,SG,Singapore,4,Medallion for Excellence,541.0,,,YONGQIANG LIN; DINESH MANGALANATHADURAI,11645; 11649,True,1595
WSC2015,23,Mobile Robotics,BR,Brazil,6,Medallion for Excellence,533.0,,,VICTOR BRANDAO; CARLOS ADRIANO VIEIRA,21044; 20981,True,1597
WSC2015,23,Mobile Robotics,IR,Iran,7,Medallion for Excellence,521.0,,,IMAN ARABPOUR; ALI ZAREI,21868; 21241,True,1598
WSC2015,23,Mobile Robotics,TW,Chinese Taipei,8,Medallion for Excellence,508.0,,,YU YUN LIU; PEI-CHIH WU,12111; 12224,True,1599
WSC2015,23,Mobile Robotics,NL,Netherlands,9,,498.0,,,ARJAN HENST; FER VAN MAASAKKERS,19688; 19689,True,1600
WSC2015,24,Cabinetmaking,AT,Austria,1,Gold,530.0,,,MANFRED ZINK,11833,True,1615
WSC2015,24,Cabinetmaking,HU,Hungary,1,Gold,529.0,True,,ATTILA LASZLO,21941,True,1618
WSC2015,24,Cabinetmaking,IT,"South Tyrol, Italy",1,Gold,530.0,,,DANIEL RABENSTEINER,21500,True,1617
WSC2015,24,Cabinetmaking,KR,Korea,1,Gold,528.0,,,HO JUN LEE,19895,True,1619
WSC2015,24,Cabinetmaking,UK,United Kingdom,1,Gold,530.0,,,EDWARD HARRINGMAN,22035,True,1616
WSC2015,24,Cabinetmaking,FI,Finland,10,Medallion for Excellence,518.0,,,JAAKKO JÄRVI,21765,True,1625
WSC2015,24,Cabinetmaking,IE,Ireland,10,Medallion for Excellence,518.0,,,CIAN MULLIGAN,22164,True,1624
WSC2015,24,Cabinetmaking,MY,Malaysia,12,Medallion for Excellence,515.0,,,MUSALMAN KAMAL,21136,True,1626
WSC2015,24,Cabinetmaking,DE,Germany,13,Medallion for Excellence,507.0,,,MANUEL CHMIEL,20623,True,1627
WSC2015,24,Cabinetmaking,LV,Latvia,14,Medallion for Excellence,500.0,,,REINIS GUSTS,22008,True,1628
WSC2015,24,Cabinetmaking,CA,Canada,15,,497.0,,,RYLAN DEKOK,11555,True,1629
WSC2015,24,Cabinetmaking,AU,Australia,16,,493.0,,,KARL GEUE,21829,True,1632
WSC2015,24,Cabinetmaking,EE,Estonia,16,,494.0,,,ERGO ORUMAA,21306,True,1630
WSC2015,24,Cabinetmaking,FR,France,16,,493.0,,,MICHAËL HENRY,20571,True,1631
WSC2015,24,Cabinetmaking,JP,Japan,19,,481.0,,,SHUHEI OTANI,19765,True,1633
WSC2015,24,Cabinetmaking,VN,Vietnam,20,,465.0,,,TRAN VAN HUAN,22179,True,1634
WSC2015,24,Cabinetmaking,BE,Belgium,21,,451.0,,,THOMAS LEYDER,20687,True,1635
WSC2015,24,Cabinetmaking,NL,Netherlands,22,,445.0,,,DENNIS CORNELISSEN,19690,True,1637
WSC2015,24,Cabinetmaking,US,United States of America,22,,447.0,,,JACOB WOZNIAK,11500,True,1636
WSC2015,24,Cabinetmaking,ID,Indonesia,24,,435.0,,,SYAHRULLAH NOER,20613,True,1638
WSC2015,24,Cabinetmaking,TW,Chinese Taipei,6,Bronze,526.0,,,YU-CHI LUO,12346,True,1620
WSC2015,24,Cabinetmaking,BR,Brazil,7,Medallion for Excellence,523.0,,,DIEGO SOARES OLIVEIRA,20983,True,1621
WSC2015,24,Cabinetmaking,CH,Switzerland,7,Medallion for Excellence,521.0,,,MIRCO SIGNER,19540,True,1623
WSC2015,24,Cabinetmaking,DK,Denmark,7,Medallion for Excellence,522.0,,,THOMAS VILAIN RØRVANG,19601,True,1622
WSC2015,25,Joinery,TW,Chinese Taipei,1,Gold,541.0,,,HSUEH-YI SU,20334,True,1639
WSC2015,25,Joinery,AU,Australia,12,Medallion for Excellence,502.0,,,NICHOLAS ROMAN,21830,True,1652
WSC2015,25,Joinery,BE,Belgium,12,Medallion for Excellence,502.0,,,MATTHIEU DENEFFE,20688,True,1653
WSC2015,25,Joinery,ID,Indonesia,12,Medallion for Excellence,502.0,,,RUDIYANTO RUDIYANTO,20637,True,1651
WSC2015,25,Joinery,UK,United Kingdom,12,Medallion for Excellence,504.0,,,DALE HODGINS,22036,True,1650
WSC2015,25,Joinery,JP,Japan,16,Medallion for Excellence,500.0,,,CHIAKI NAKAYAMA,19766,True,1654
WSC2015,25,Joinery,NZ,New Zealand,17,,492.0,,,MICHAEL GOOD,12283,True,1655
WSC2015,25,Joinery,MN,Mongolia,18,,480.0,True,,NARMANDAKH DASHZEGVE,21081,True,1656
WSC2015,25,Joinery,BY,Belarus,19,,470.0,,,SIARHEI PASECHNIK,22092,True,1658
WSC2015,25,Joinery,HK,"Hong Kong, China",19,,471.0,,,KAI CHI HO,21119,True,1657
WSC2015,25,Joinery,RU,Russia,19,,469.0,,,ANDREY BARYSHNIKOV,22270,True,1659
WSC2015,25,Joinery,BR,Brazil,2,Silver,532.0,,,WESLEN SANTANA,21639,True,1641
WSC2015,25,Joinery,CH,Switzerland,2,Silver,530.0,,,RETO ETTLIN,19543,True,1643
WSC2015,25,Joinery,FR,France,2,Silver,532.0,,,CLÉMENT VICARD,20572,True,1640
WSC2015,25,Joinery,KR,Korea,2,Silver,531.0,,,DONG JIN BAEK,19896,True,1642
WSC2015,25,Joinery,NA,Namibia,22,,445.0,,,JOSEPH N NAKATUMBE,20948,True,1660
WSC2015,25,Joinery,AE,United Arab Emirates,23,,413.0,,,KHALIL ALAELDIN,22127,True,1661
WSC2015,25,Joinery,DE,Germany,6,Medallion for Excellence,517.0,,,JOHANN GEORG BERNWIESER,20546,True,1646
WSC2015,25,Joinery,IE,Ireland,6,Medallion for Excellence,518.0,,,DANIEL MURPHY,22165,True,1644
WSC2015,25,Joinery,MY,Malaysia,6,Medallion for Excellence,518.0,,,LAU KING HIENG,21137,True,1645
WSC2015,25,Joinery,AT,Austria,9,Medallion for Excellence,511.0,,,MICHAEL PRADER,11834,True,1647
WSC2015,25,Joinery,DK,Denmark,9,Medallion for Excellence,509.0,,,PETER BOYE LARSEN,19602,True,1649
WSC2015,25,Joinery,HU,Hungary,9,Medallion for Excellence,510.0,,,GERGELY MOZER,21942,True,1648
WSC2015,26,Carpentry,DE,Germany,1,Gold,539.0,True,,SIMON REHM,21086,True,1663
WSC2015,26,Carpentry,KR,Korea,1,Gold,541.0,,,SEUNG WOO CHA,19897,True,1662
WSC2015,26,Carpentry,BE,Belgium,10,Medallion for Excellence,501.0,,,ANTOINE PERNUIT,20689,True,1671
WSC2015,26,Carpentry,AT,Austria,11,,496.0,,,RUPERT EBNER,11835,True,1673
WSC2015,26,Carpentry,JP,Japan,11,,496.0,,,SHIN WAKABAYASHI,19816,True,1672
WSC2015,26,Carpentry,NL,Netherlands,11,,495.0,,,JASPER LUFT,19691,True,1674
WSC2015,26,Carpentry,IE,Ireland,14,,483.0,,,DAVID MORGAN,22166,True,1675
WSC2015,26,Carpentry,NZ,New Zealand,15,,476.0,,,MATTY HULL,12284,True,1676
WSC2015,26,Carpentry,CA,Canada,16,,470.0,,,MAXIME GAUVREAU,11554,True,1677
WSC2015,26,Carpentry,HU,Hungary,17,,462.0,,,GERGO SZUCS,21944,True,1678
WSC2015,26,Carpentry,RU,Russia,18,,451.0,,,LEV PROSKURA,22271,True,1679
WSC2015,26,Carpentry,AE,United Arab Emirates,19,,436.0,,,RASHED AL MOHAMED,22125,True,1680
WSC2015,26,Carpentry,DK,Denmark,3,Bronze,534.0,True,,THORBJØRN STRYGER,19603,True,1664
WSC2015,26,Carpentry,FR,France,3,Bronze,532.0,,,AXEL MELLERIN,20573,True,1666
WSC2015,26,Carpentry,IT,"South Tyrol, Italy",3,Bronze,533.0,,,DAVID ROTTENSTEINER,21501,True,1665
WSC2015,26,Carpentry,CH,Switzerland,6,Medallion for Excellence,519.0,,,RAPHAËL BAUMBERGER,19558,True,1667
WSC2015,26,Carpentry,UK,United Kingdom,6,Medallion for Excellence,518.0,,,OWAIN JONES,22037,True,1668
WSC2015,26,Carpentry,LU,Luxembourg,8,Medallion for Excellence,513.0,True,,DANIEL STOLZ,21359,True,1669
WSC2015,26,Carpentry,BR,Brazil,9,Medallion for Excellence,506.0,,,LUIZ FELIPE SOUZA,21902,True,1670
WSC2015,27,Jewellery,BR,Brazil,1,Gold,531.0,,,LEONARDO FONSECA RODRIGUES,20984,True,1681
WSC2015,27,Jewellery,FI,Finland,10,Medallion for Excellence,501.0,,,ANNI PAAKKINEN,21766,True,1691
WSC2015,27,Jewellery,FR,France,10,Medallion for Excellence,502.0,,,ROBIN SIPION,20574,True,1690
WSC2015,27,Jewellery,PT,Portugal,12,,493.0,,,JOSÉ SILVA,20520,True,1692
WSC2015,27,Jewellery,ID,Indonesia,13,,488.0,,,GANDI RAHMADANI,21027,True,1693
WSC2015,27,Jewellery,RU,Russia,14,,476.0,,,DMITRIY NALBANDYAN,22273,True,1694
WSC2015,27,Jewellery,CO,Colombia,15,,471.0,,,ELQUIN ALEXANDRE DIMATE BOHÓRQUEZ,20866,True,1695
WSC2015,27,Jewellery,AE,United Arab Emirates,16,,404.0,,,NOUF ALDOUSERI,22114,True,1696
WSC2015,27,Jewellery,AU,Australia,2,Silver,528.0,,,JYOTHI FORMAN,21832,True,1682
WSC2015,27,Jewellery,KR,Korea,3,Bronze,523.0,,,SANG PIL YOON,19899,True,1683
WSC2015,27,Jewellery,IR,Iran,4,Medallion for Excellence,517.0,,,OMID SHATERZADEH,21286,True,1684
WSC2015,27,Jewellery,JP,Japan,4,Medallion for Excellence,517.0,,,SATOMI SHIRAKAWA,20063,True,1686
WSC2015,27,Jewellery,TW,Chinese Taipei,4,Medallion for Excellence,517.0,,,PO-CHENG SHIH,12225,True,1685
WSC2015,27,Jewellery,IN,India,7,Medallion for Excellence,514.0,,,SURAJIT KUMAR RANA,21611,True,1687
WSC2015,27,Jewellery,UK,United Kingdom,8,Medallion for Excellence,511.0,,,BEN PRITCHARD,22061,True,1688
WSC2015,27,Jewellery,NO,Norway,9,Medallion for Excellence,507.0,,,THOMAS URANG ANDERSSON,19837,True,1689
WSC2015,28,Floristry,IT,"South Tyrol, Italy",1,Gold,537.0,,,STEFANIE PESKOLLER,21502,True,1697
WSC2015,28,Floristry,CH,Switzerland,11,Medallion for Excellence,506.0,,,MARINA SPRING,19546,True,1708
WSC2015,28,Floristry,FR,France,11,Medallion for Excellence,505.0,,,EMMA LAGIER,20575,True,1709
WSC2015,28,Floristry,UK,United Kingdom,11,Medallion for Excellence,507.0,,,LOUISA COOPER,22039,True,1707
WSC2015,28,Floristry,NL,Netherlands,14,,498.0,,,SHARYN JAGER,19692,True,1710
WSC2015,28,Floristry,AU,Australia,15,,492.0,,,JESSICA PETERS,21833,True,1711
WSC2015,28,Floristry,BE,Belgium,16,,489.0,,,NICOLAS DELHAISE,20690,True,1712
WSC2015,28,Floristry,NZ,New Zealand,17,,486.0,,,AMELIA ADDIS,12285,True,1713
WSC2015,28,Floristry,JP,Japan,18,,473.0,,,REIKO YANAI,11989,True,1714
WSC2015,28,Floristry,ID,Indonesia,19,,458.0,,,I DEWA PUTU DITYA PERMANA PUTRA,20999,True,1715
WSC2015,28,Floristry,KR,Korea,2,Silver,531.0,,,HYUN JUNG GA,19900,True,1698
WSC2015,28,Floristry,GE,Georgia,20,,447.0,,,ANA VASHADZE,22333,True,1716
WSC2015,28,Floristry,AE,United Arab Emirates,21,,414.0,,,MUNEERA ALHAMMADI,22128,True,1717
WSC2015,28,Floristry,DE,Germany,3,Bronze,528.0,,,TOBIAS NIEFENECKER,20624,True,1699
WSC2015,28,Floristry,BR,Brazil,4,Medallion for Excellence,525.0,,,MILENA BERKEMBROCK,21640,True,1701
WSC2015,28,Floristry,TW,Chinese Taipei,4,Medallion for Excellence,525.0,,,HAO-YUN LIU,12126,True,1700
WSC2015,28,Floristry,AT,Austria,6,Medallion for Excellence,521.0,,,ANGELIKA GROSSEGGER,11843,True,1702
WSC2015,28,Floristry,FI,Finland,6,Medallion for Excellence,520.0,,,JOSEFIINA KIVERO,21767,True,1703
WSC2015,28,Floristry,MO,"Macao, China",8,Medallion for Excellence,518.0,,,WENG TONG KU,21995,True,1704
WSC2015,28,Floristry,HU,Hungary,9,Medallion for Excellence,511.0,,,MELINDA KUNFALVI,21945,True,1705
WSC2015,28,Floristry,SE,Sweden,9,Medallion for Excellence,510.0,,,ELIN JACOBSSON,19528,True,1706
WSC2015,29,Hairdressing,CN,China,1,Gold,549.0,,,FENG NIE,21532,True,1718
WSC2015,29,Hairdressing,HK,"Hong Kong, China",12,Medallion for Excellence,514.0,,,KA HO LAU,21116,True,1729
WSC2015,29,Hairdressing,AU,Australia,13,Medallion for Excellence,510.0,,,HAYLEY PARKER,21840,True,1730
WSC2015,29,Hairdressing,FI,Finland,13,Medallion for Excellence,509.0,,,JOONA JAAKKOLA,21768,True,1732
WSC2015,29,Hairdressing,JP,Japan,13,Medallion for Excellence,510.0,,,KAI MORI,19767,True,1731
WSC2015,29,Hairdressing,CA,Canada,16,Medallion for Excellence,507.0,,,JESSICA PRUNEAU,11553,True,1733
WSC2015,29,Hairdressing,RU,Russia,16,Medallion for Excellence,505.0,,,IGOR PODRYADCHIKOV,22274,True,1735
WSC2015,29,Hairdressing,SE,Sweden,16,Medallion for Excellence,506.0,,,PERNILLA MOBERG,19530,True,1734
WSC2015,29,Hairdressing,ID,Indonesia,19,Medallion for Excellence,502.0,,,TEGUH SUMARNO,20639,True,1736
WSC2015,29,Hairdressing,FR,France,2,Silver,546.0,,,JUSTINE GAUBERT,20576,True,1719
WSC2015,29,Hairdressing,IT,"South Tyrol, Italy",20,,497.0,,,NADINE LANZINER,21503,True,1737
WSC2015,29,Hairdressing,US,United States of America,20,,495.0,True,,LAURYN ERICKSON,19861,True,1738
WSC2015,29,Hairdressing,NZ,New Zealand,22,,487.0,,,NADINE GRATTON,21485,True,1739
WSC2015,29,Hairdressing,DE,Germany,23,,484.0,,,ANGELINA MAZZA,20621,True,1740
WSC2015,29,Hairdressing,HU,Hungary,24,,476.0,,,TAMARA FARKAS,21946,True,1741
WSC2015,29,Hairdressing,MO,"Macao, China",24,,476.0,,,KENG HONG FONG,21996,True,1742
WSC2015,29,Hairdressing,MN,Mongolia,26,,469.0,,,UNDARMAA BATZORIG,20994,True,1743
WSC2015,29,Hairdressing,NO,Norway,26,,467.0,,,MALIN HEMER,12234,True,1745
WSC2015,29,Hairdressing,ZA,South Africa,26,,468.0,,,MIA CROUS,20365,True,1744
WSC2015,29,Hairdressing,NL,Netherlands,29,,459.0,,,SANNE APPELBOOM,20899,True,1746
WSC2015,29,Hairdressing,KR,Korea,3,Bronze,540.0,,,SU GYEONG KIM,19901,True,1720
WSC2015,29,Hairdressing,MY,Malaysia,3,Bronze,539.0,True,,AIRUL FIRHAM CHE AMRAN,21140,True,1721
WSC2015,29,Hairdressing,TW,Chinese Taipei,3,Bronze,539.0,,,WEN-TI YANG,12124,True,1722
WSC2015,29,Hairdressing,KZ,Kazakhstan,30,,454.0,,,ANAR ZHANBOSYNOVA,21886,True,1747
WSC2015,29,Hairdressing,CR,Costa Rica,31,,448.0,True,,GREIVIN ALEJANDRO ZÚÑIGA VEGA,21016,True,1748
WSC2015,29,Hairdressing,GE,Georgia,32,,426.0,,,LIA BULAURI,22337,True,1749
WSC2015,29,Hairdressing,TH,Thailand,6,Medallion for Excellence,527.0,,,YUWADEE SANITPHOT,22238,True,1723
WSC2015,29,Hairdressing,BR,Brazil,7,Medallion for Excellence,521.0,,,ALDAIR SANTOS,21653,True,1724
WSC2015,29,Hairdressing,BY,Belarus,8,Medallion for Excellence,516.0,True,,ALESIA NAZARAVA,21967,True,1728
WSC2015,29,Hairdressing,IN,India,8,Medallion for Excellence,518.0,,,PRADEEP VED,21794,True,1726
WSC2015,29,Hairdressing,SG,Singapore,8,Medallion for Excellence,518.0,,,HUI MIN ELAINE SZ,11874,True,1725
WSC2015,29,Hairdressing,UK,United Kingdom,8,Medallion for Excellence,517.0,,,ELENI CONSTANTINOU,22040,True,1727
WSC2015,30,Beauty Therapy,UK,United Kingdom,1,Gold,571.0,,True,RIANNE CHESTER,22041,True,1750
WSC2015,30,Beauty Therapy,HK,"Hong Kong, China",10,Medallion for Excellence,508.0,,,HO YING LAU,21114,True,1759
WSC2015,30,Beauty Therapy,FR,France,11,Medallion for Excellence,504.0,,,MARION GUILHEMJOUAN,20577,True,1761
WSC2015,30,Beauty Therapy,SG,Singapore,11,Medallion for Excellence,504.0,,,HUI MIN VANESSA QUEK,12324,True,1760
WSC2015,30,Beauty Therapy,CH,Switzerland,13,,497.0,,,ANNE-JULIETTE MUGGLI,19548,True,1763
WSC2015,30,Beauty Therapy,ZA,South Africa,13,,498.0,True,,ROELÉNE GROENEWALD,20430,True,1762
WSC2015,30,Beauty Therapy,BR,Brazil,15,,495.0,,,SARA LIMA,21652,True,1764
WSC2015,30,Beauty Therapy,FI,Finland,15,,495.0,,,KIRSI HAVI,21769,True,1765
WSC2015,30,Beauty Therapy,ID,Indonesia,17,,492.0,,,RILIA DINITA PERTIWI,20640,True,1766
WSC2015,30,Beauty Therapy,HU,Hungary,18,,489.0,,,BARBARA BEKE,21947,True,1767
WSC2015,30,Beauty Therapy,DE,Germany,19,,486.0,,,LEONA KÖNIG,20619,True,1768
WSC2015,30,Beauty Therapy,JP,Japan,2,Silver,540.0,,,RENA MITANI,19768,True,1751
WSC2015,30,Beauty Therapy,KR,Korea,2,Silver,538.0,,,UN SUNG KIM,19902,True,1752
WSC2015,30,Beauty Therapy,CA,Canada,20,,482.0,,,KAITLYN HOILES,11552,True,1769
WSC2015,30,Beauty Therapy,NL,Netherlands,21,,469.0,,,LOTTE VAN WANDELEN,19693,True,1770
WSC2015,30,Beauty Therapy,MO,"Macao, China",22,,459.0,,,CHI IAN KAM,21997,True,1771
WSC2015,30,Beauty Therapy,MN,Mongolia,23,,454.0,,,NOMINGOO BIZIYABAL,21349,True,1772
WSC2015,30,Beauty Therapy,US,United States of America,24,,451.0,,,BAILEE ROMERO,19824,True,1773
WSC2015,30,Beauty Therapy,RU,Russia,25,,444.0,,,IRINA BELOVA,22509,True,1774
WSC2015,30,Beauty Therapy,SE,Sweden,4,Bronze,536.0,,,EMMASTINA DANNERED,19531,True,1753
WSC2015,30,Beauty Therapy,MY,Malaysia,5,Medallion for Excellence,533.0,,,CHUAH ZI WEN,21141,True,1754
WSC2015,30,Beauty Therapy,TH,Thailand,6,Medallion for Excellence,522.0,,,CHALEARMCHANOK PAYPIM,22244,True,1755
WSC2015,30,Beauty Therapy,IE,Ireland,7,Medallion for Excellence,510.0,,,ANDREA DONOGHUE,22167,True,1758
WSC2015,30,Beauty Therapy,IN,India,7,Medallion for Excellence,512.0,,,NEHA ULHAS CHANDE,21606,True,1756
WSC2015,30,Beauty Therapy,TW,Chinese Taipei,7,Medallion for Excellence,511.0,,,PEI-YING LIN,12119,True,1757
WSC2015,31,Fashion Technology,BR,Brazil,1,Gold,535.0,,,KAIO JUNIO SILVA,20985,True,1776
WSC2015,31,Fashion Technology,TW,Chinese Taipei,1,Gold,537.0,,,SH-TING CHEN,12118,True,1775
WSC2015,31,Fashion Technology,FR,France,13,Medallion for Excellence,511.0,,,YANE-NIRINA RANDRIAMANANTSOA,20578,True,1787
WSC2015,31,Fashion Technology,FI,Finland,14,Medallion for Excellence,507.0,,,EVE KORHONEN,21770,True,1788
WSC2015,31,Fashion Technology,MY,Malaysia,15,Medallion for Excellence,504.0,,,MIMI FAIZURA SHAMSUDIN,21143,True,1789
WSC2015,31,Fashion Technology,BE,Belgium,16,,499.0,,,RONJA FELL,20691,True,1790
WSC2015,31,Fashion Technology,AT,Austria,17,,492.0,,,FLORIAN BOGNER,12196,True,1793
WSC2015,31,Fashion Technology,IN,India,17,,492.0,,,JULFERKAR ALI BHUTTO,21605,True,1792
WSC2015,31,Fashion Technology,JP,Japan,17,,493.0,,,YUNA BABA,19940,True,1791
WSC2015,31,Fashion Technology,OM,Oman,20,,472.0,,,LAMEES AL HABSI,22176,True,1794
WSC2015,31,Fashion Technology,PT,Portugal,21,,465.0,,,ANA GASPAR,20521,True,1795
WSC2015,31,Fashion Technology,ES,Spain,22,,458.0,,,MIGUEL ÁNGEL GARRIDO,22221,True,1796
WSC2015,31,Fashion Technology,TR,Türkiye,23,,453.0,,,SIMGE CETINER,21592,True,1797
WSC2015,31,Fashion Technology,NO,Norway,24,,448.0,,,ANINE PASCAL SØRENSEN,12298,True,1798
WSC2015,31,Fashion Technology,AE,United Arab Emirates,25,,423.0,,,MOUZA ALMANSOORI,22083,True,1799
WSC2015,31,Fashion Technology,CN,China,3,Bronze,534.0,,,BIHUA CHEN,21533,True,1777
WSC2015,31,Fashion Technology,KR,Korea,4,Medallion for Excellence,527.0,,,BYEONG HAE CHO,19918,True,1779
WSC2015,31,Fashion Technology,MO,"Macao, China",4,Medallion for Excellence,529.0,True,,CHENG MAN KOU,21998,True,1778
WSC2015,31,Fashion Technology,ID,Indonesia,6,Medallion for Excellence,525.0,,,ANNISA NOVI RONAULI SIRAIT,21098,True,1780
WSC2015,31,Fashion Technology,CO,Colombia,7,Medallion for Excellence,521.0,,,RUTH DINA SUESCUN FLORES,20858,True,1781
WSC2015,31,Fashion Technology,TH,Thailand,7,Medallion for Excellence,519.0,,,ORAWAN PATNIN,22245,True,1782
WSC2015,31,Fashion Technology,AU,Australia,9,Medallion for Excellence,514.0,,,EMMA HILLIER,21834,True,1784
WSC2015,31,Fashion Technology,BY,Belarus,9,Medallion for Excellence,515.0,,,VOLHA ZAKREUSKAYA,21966,True,1783
WSC2015,31,Fashion Technology,CA,Canada,9,Medallion for Excellence,514.0,,,PATRICIA ROQUE,11551,True,1785
WSC2015,31,Fashion Technology,CH,Switzerland,9,Medallion for Excellence,513.0,,,LAURA MÜLLER,19551,True,1786
WSC2015,32,Pâtisserie and Confectionery,KR,Korea,1,Gold,536.0,,,JUNG UK LEE,19916,True,1800
WSC2015,32,Pâtisserie and Confectionery,TW,Chinese Taipei,12,Medallion for Excellence,513.0,,,CHENG-LIN CHUANG,12229,True,1811
WSC2015,32,Pâtisserie and Confectionery,ID,Indonesia,13,Medallion for Excellence,500.0,,,MAULIDA RAHMAH,20642,True,1812
WSC2015,32,Pâtisserie and Confectionery,BY,Belarus,14,,493.0,,,MARYIA KUSHVID,21968,True,1813
WSC2015,32,Pâtisserie and Confectionery,RU,Russia,15,,489.0,,,ANNA PROKOPENIA,22276,True,1814
WSC2015,32,Pâtisserie and Confectionery,HK,"Hong Kong, China",16,,484.0,,,SHUK TING CHEUNG,21184,True,1816
WSC2015,32,Pâtisserie and Confectionery,MA,Morocco,16,,486.0,True,,ABDELKADER HARROUS,22597,True,1815
WSC2015,32,Pâtisserie and Confectionery,NL,Netherlands,18,,481.0,,,JOYCELINE VAN OMMEN,19694,True,1817
WSC2015,32,Pâtisserie and Confectionery,IN,India,19,,474.0,,,BIDDATANDA TULSI PONNAPPA,21869,True,1818
WSC2015,32,Pâtisserie and Confectionery,FR,France,2,Silver,532.0,,,FLORENCE LESAGE,20579,True,1801
WSC2015,32,Pâtisserie and Confectionery,TR,Türkiye,20,,432.0,,,NAGIHAN POYRAZ,21593,True,1819
WSC2015,32,Pâtisserie and Confectionery,AE,United Arab Emirates,21,,416.0,,,SHAMMA AL HOUSANI,22650,True,1820
WSC2015,32,Pâtisserie and Confectionery,JP,Japan,3,Bronze,529.0,,,MIO ITO,19806,True,1802
WSC2015,32,Pâtisserie and Confectionery,AU,Australia,4,Medallion for Excellence,519.0,,,ADELE DI BELLA,21841,True,1804
WSC2015,32,Pâtisserie and Confectionery,BR,Brazil,4,Medallion for Excellence,517.0,,,ABNER PEREIRA,21645,True,1806
WSC2015,32,Pâtisserie and Confectionery,CH,Switzerland,4,Medallion for Excellence,518.0,,,ANDREA HOHL,19854,True,1805
WSC2015,32,Pâtisserie and Confectionery,IT,"South Tyrol, Italy",4,Medallion for Excellence,519.0,,,BENJAMIN SELLEMOND,21504,True,1803
WSC2015,32,Pâtisserie and Confectionery,CA,Canada,8,Medallion for Excellence,516.0,,,KARINE OUELLET,11550,True,1808
WSC2015,32,Pâtisserie and Confectionery,FI,Finland,8,Medallion for Excellence,514.0,,,MIKAELA KÄRKI,21771,True,1809
WSC2015,32,Pâtisserie and Confectionery,MO,"Macao, China",8,Medallion for Excellence,516.0,,,UN PEK LEONG,21999,True,1807
WSC2015,32,Pâtisserie and Confectionery,UK,United Kingdom,8,Medallion for Excellence,514.0,,,MIKAELA WRIGHT,22042,True,1810
WSC2015,33,Automobile Technology,BR,Brazil,1,Gold,571.0,True,True,LUIS CARLOS SANCHES MACHADO,20986,True,1822
WSC2015,33,Automobile Technology,KR,Korea,1,Gold,571.0,,True,JEONG WOO SEO,19903,True,1821
WSC2015,33,Automobile Technology,IT,"South Tyrol, Italy",11,Medallion for Excellence,514.0,,,ELMAR VALENTIN,21505,True,1831
WSC2015,33,Automobile Technology,NO,Norway,11,Medallion for Excellence,513.0,,,ÅDNE SIGURD JELSA,12235,True,1832
WSC2015,33,Automobile Technology,CA,Canada,13,Medallion for Excellence,507.0,,,BRANDON LIANG,11549,True,1834
WSC2015,33,Automobile Technology,FR,France,13,Medallion for Excellence,507.0,,,JONATHAN KNIBIELY,20580,True,1835
WSC2015,33,Automobile Technology,LI,Principality of Liechtenstein,13,Medallion for Excellence,507.0,,,FABIAN BRITT,11773,True,1833
WSC2015,33,Automobile Technology,CO,Colombia,16,Medallion for Excellence,502.0,,,FERNEY MAURICIO ROJAS ESCOBAR,20859,True,1837
WSC2015,33,Automobile Technology,PT,Portugal,16,Medallion for Excellence,504.0,,,RUI BRITES,20522,True,1836
WSC2015,33,Automobile Technology,AT,Austria,18,,498.0,,,KEVIN MICHAEL RAITH,19782,True,1838
WSC2015,33,Automobile Technology,IN,India,18,,496.0,,,SWAPNIL BALU JADHAV,21607,True,1840
WSC2015,33,Automobile Technology,IR,Iran,18,,497.0,,,REZA KHEIRI,21268,True,1839
WSC2015,33,Automobile Technology,DE,Germany,21,,494.0,,,ALEXANDER LION,21003,True,1841
WSC2015,33,Automobile Technology,MY,Malaysia,21,,492.0,,,MUHAMMAD YUSRI RASHIDI,21144,True,1843
WSC2015,33,Automobile Technology,NZ,New Zealand,21,,493.0,,,CHELCIE KURIGER,21486,True,1842
WSC2015,33,Automobile Technology,OM,Oman,24,,487.0,True,,MOHAMMED AL RASHDI,22135,True,1846
WSC2015,33,Automobile Technology,TH,Thailand,24,,487.0,,,SURACHAI BOONSONG,22239,True,1845
WSC2015,33,Automobile Technology,US,United States of America,24,,488.0,,,MICHAEL MULLEN,11501,True,1844
WSC2015,33,Automobile Technology,DK,Denmark,27,,485.0,,,JESPER STIE SØRENSEN,19643,True,1847
WSC2015,33,Automobile Technology,FI,Finland,28,,482.0,,,ANTTI KORHONEN,21772,True,1848
WSC2015,33,Automobile Technology,MA,Morocco,28,,481.0,,,KARIM ESSOUFI,22193,True,1849
WSC2015,33,Automobile Technology,TW,Chinese Taipei,3,Bronze,560.0,,,PING-HAO TSENG,12120,True,1823
WSC2015,33,Automobile Technology,RU,Russia,30,,479.0,,,RAVIL ZAGRTDINOV,22277,True,1850
WSC2015,33,Automobile Technology,BY,Belarus,31,,476.0,,,ARTSIOM KRUHLIAYEUSKI,21983,True,1851
WSC2015,33,Automobile Technology,ES,Spain,31,,475.0,,,LUIS JAVIER MORENO,22222,True,1853
WSC2015,33,Automobile Technology,NL,Netherlands,31,,474.0,,,JIMME BES,19695,True,1854
WSC2015,33,Automobile Technology,VN,Vietnam,31,,476.0,,,NGUYEN DANG VINH,21566,True,1852
WSC2015,33,Automobile Technology,BE,Belgium,35,,472.0,,,JUSTIN EMONTSPOOL,20692,True,1855
WSC2015,33,Automobile Technology,CL,Chile,36,,464.0,,,CHRISTIAN VILLALON SEGOVIA,20628,True,1857
WSC2015,33,Automobile Technology,ZA,South Africa,36,,466.0,,,WILLEM NEL,21435,True,1856
WSC2015,33,Automobile Technology,ID,Indonesia,38,,462.0,,,BAGUS TRISULO,20643,True,1859
WSC2015,33,Automobile Technology,MX,Mexico,38,,462.0,True,,MARCOS FERNANDO OLMEDO BÁRCENAS,21104,True,1858
WSC2015,33,Automobile Technology,CN,China,4,Medallion for Excellence,549.0,,,SILIANG CHEN,21534,True,1824
WSC2015,33,Automobile Technology,AE,United Arab Emirates,40,,441.0,,,RASHED HEFAITY,22124,True,1860
WSC2015,33,Automobile Technology,IE,Ireland,5,Medallion for Excellence,545.0,,,ANDREW BUSHE,22168,True,1825
WSC2015,33,Automobile Technology,SE,Sweden,6,Medallion for Excellence,542.0,,,MARCUS MORÉN,19533,True,1826
WSC2015,33,Automobile Technology,UK,United Kingdom,7,Medallion for Excellence,528.0,,,ELIJAH SUMNER,22043,True,1827
WSC2015,33,Automobile Technology,AU,Australia,8,Medallion for Excellence,517.0,,,KARL DAVIES,22175,True,1830
WSC2015,33,Automobile Technology,CH,Switzerland,8,Medallion for Excellence,518.0,,,JEAN TROTTI,19552,True,1829
WSC2015,33,Automobile Technology,JP,Japan,8,Medallion for Excellence,519.0,,,SHINTARO MATSUMOTO,11993,True,1828
WSC2015,34,Cooking,TW,Chinese Taipei,1,Gold,545.0,,,SHENG-WEI KU,12133,True,1861
WSC2015,34,Cooking,LV,Latvia,12,Medallion for Excellence,512.0,,,HARALDS SAUSS,22009,True,1875
WSC2015,34,Cooking,MY,Malaysia,12,Medallion for Excellence,513.0,,,ASHWIN NICHOLAS OON,21145,True,1873
WSC2015,34,Cooking,RU,Russia,12,Medallion for Excellence,513.0,,,ALEKSANDR GONIASHVILI,22278,True,1874
WSC2015,34,Cooking,SG,Singapore,12,Medallion for Excellence,513.0,,,FOOK LEE LOH,11875,True,1872
WSC2015,34,Cooking,DK,Denmark,16,Medallion for Excellence,510.0,,,KRISTOFFER RINGSING,19605,True,1877
WSC2015,34,Cooking,TH,Thailand,16,Medallion for Excellence,510.0,,,HATSAPHONG METEEWACHARATANAPORN,22240,True,1876
WSC2015,34,Cooking,DE,Germany,18,Medallion for Excellence,505.0,,,MAX DOLGE,20357,True,1879
WSC2015,34,Cooking,FR,France,18,Medallion for Excellence,506.0,,,CAROLINE LIENART,20581,True,1878
WSC2015,34,Cooking,ID,Indonesia,18,Medallion for Excellence,504.0,,,AGAVRIEL JABBAR,20997,True,1881
WSC2015,34,Cooking,SE,Sweden,18,Medallion for Excellence,505.0,,,ERIC SEGER,19534,True,1880
WSC2015,34,Cooking,CA,Canada,2,Silver,539.0,True,,SÉBASTIEN RÉMILLARD,11548,True,1863
WSC2015,34,Cooking,CH,Switzerland,2,Silver,538.0,,,STEVEN DUSS,19553,True,1864
WSC2015,34,Cooking,KR,Korea,2,Silver,540.0,,,JAE GWANG LEE,19904,True,1862
WSC2015,34,Cooking,BE,Belgium,22,Medallion for Excellence,503.0,,,ROBIN HAQUENNE,20693,True,1882
WSC2015,34,Cooking,MO,"Macao, China",23,,497.0,,,KIT CHOU,22001,True,1883
WSC2015,34,Cooking,IN,India,24,,486.0,,,SAURABH AGRAWAL,21612,True,1885
WSC2015,34,Cooking,NZ,New Zealand,24,,487.0,,,JACKLIN PILLAY,12286,True,1884
WSC2015,34,Cooking,JP,Japan,26,,480.0,,,SHUTA SAKAKIDA,20330,True,1886
WSC2015,34,Cooking,MN,Mongolia,26,,479.0,,,MUNKH-ERDENE BAT-OYUN,20967,True,1887
WSC2015,34,Cooking,NL,Netherlands,28,,474.0,,,THIJMEN SNIJDER,22237,True,1888
WSC2015,34,Cooking,BY,Belarus,29,,471.0,,,MIKITA TSVIATKOU,21943,True,1891
WSC2015,34,Cooking,ES,Spain,29,,471.0,,,WILLIAM LORENZO,22149,True,1890
WSC2015,34,Cooking,ZA,South Africa,29,,471.0,,,TAYLA SCHOU,20348,True,1889
WSC2015,34,Cooking,GE,Georgia,32,,457.0,,,GIORGI TCHEISHVILI,22336,True,1893
WSC2015,34,Cooking,KZ,Kazakhstan,32,,457.0,True,,SERGEY BELONOSSOV,21885,True,1892
WSC2015,34,Cooking,TR,Türkiye,34,,434.0,,,BEYDIL SENTURK,21731,True,1894
WSC2015,34,Cooking,AE,United Arab Emirates,35,,414.0,,,ISMAEL AL ZAABI,22129,True,1895
WSC2015,34,Cooking,BR,Brazil,5,Bronze,537.0,,,RICARDO MACIEL,21641,True,1865
WSC2015,34,Cooking,FI,Finland,6,Medallion for Excellence,529.0,,,LARI HELENIUS,21773,True,1866
WSC2015,34,Cooking,AT,Austria,7,Medallion for Excellence,521.0,,,THOMAS PENZ,11836,True,1868
WSC2015,34,Cooking,IT,"South Tyrol, Italy",7,Medallion for Excellence,522.0,,,MARTIN EBNER,21506,True,1867
WSC2015,34,Cooking,CO,Colombia,9,Medallion for Excellence,518.0,,,LEISCY YAHAIRA ATUESTA RODRIGUEZ,20860,True,1870
WSC2015,34,Cooking,NO,Norway,9,Medallion for Excellence,516.0,,,MARTIN TRANA,20146,True,1871
WSC2015,34,Cooking,UK,United Kingdom,9,Medallion for Excellence,518.0,,,DANNY HOANG,22062,True,1869
WSC2015,35,Restaurant Service,AT,Austria,1,Gold,541.0,,,FRANZISKA EHGARTNER,11837,True,1896
WSC2015,35,Restaurant Service,IE,Ireland,1,Gold,541.0,,,ALINA SILE,22169,True,1897
WSC2015,35,Restaurant Service,FR,France,10,Medallion for Excellence,515.0,,,ANNE-SOPHIE BERTHE,20582,True,1907
WSC2015,35,Restaurant Service,NO,Norway,10,Medallion for Excellence,515.0,,,MATHIAS THORESEN,20147,True,1906
WSC2015,35,Restaurant Service,SG,Singapore,10,Medallion for Excellence,517.0,,,FARISHA DHAMIERA BOHARI,11644,True,1905
WSC2015,35,Restaurant Service,BE,Belgium,13,Medallion for Excellence,511.0,True,,WILLIAM DENAYER,20694,True,1910
WSC2015,35,Restaurant Service,TW,Chinese Taipei,13,Medallion for Excellence,512.0,,,WUN YI CHEN,12114,True,1909
WSC2015,35,Restaurant Service,ZA,South Africa,13,Medallion for Excellence,513.0,,,MICAELA NEWTON,20774,True,1908
WSC2015,35,Restaurant Service,EE,Estonia,16,Medallion for Excellence,506.0,True,,KÄTLIN NIINEPUU,21307,True,1913
WSC2015,35,Restaurant Service,FI,Finland,16,Medallion for Excellence,507.0,,,LAURA TIKKANEN,21774,True,1912
WSC2015,35,Restaurant Service,ID,Indonesia,16,Medallion for Excellence,507.0,,,NADILA PUTRI OSSYCAWATI,20644,True,1911
WSC2015,35,Restaurant Service,RU,Russia,19,Medallion for Excellence,503.0,True,,MARIIA SINTCOVA,22279,True,1914
WSC2015,35,Restaurant Service,IT,"South Tyrol, Italy",20,,497.0,,,MARTIN AUER,21507,True,1916
WSC2015,35,Restaurant Service,NL,Netherlands,20,,499.0,,,JORIS GRIM,19696,True,1915
WSC2015,35,Restaurant Service,LV,Latvia,22,,496.0,,,MARTINS KUKOJS,22010,True,1917
WSC2015,35,Restaurant Service,SE,Sweden,22,,496.0,,,HANNAH FORSBERG,12150,True,1918
WSC2015,35,Restaurant Service,CN,China,24,,489.0,,,LILI JIN,21535,True,1920
WSC2015,35,Restaurant Service,CO,Colombia,24,,491.0,,,GIOVANY CASTRO MOLINA,20861,True,1919
WSC2015,35,Restaurant Service,HK,"Hong Kong, China",26,,488.0,,,KIT YUI TSUI,21953,True,1921
WSC2015,35,Restaurant Service,JP,Japan,26,,486.0,,,ANNA YANAGIBASHI,19770,True,1922
WSC2015,35,Restaurant Service,DE,Germany,28,,482.0,,,STEFFEN REPPLINGER,20618,True,1923
WSC2015,35,Restaurant Service,PT,Portugal,28,,481.0,,,JORGE SILVA,20523,True,1924
WSC2015,35,Restaurant Service,BR,Brazil,3,Bronze,538.0,,,ANDESON ALMEIDA,21642,True,1898
WSC2015,35,Restaurant Service,US,United States of America,30,,462.0,,,LUIS VAZQUEZ,11965,True,1925
WSC2015,35,Restaurant Service,GE,Georgia,31,,444.0,True,,LEONARDO STEPANOV,22334,True,1926
WSC2015,35,Restaurant Service,MX,Mexico,31,,442.0,,,ERNESTO CECILIO VÁZQUEZ NAVARRO,20891,True,1927
WSC2015,35,Restaurant Service,BY,Belarus,33,,428.0,,,ALIAKSEI ARCHAKOU,22157,True,1928
WSC2015,35,Restaurant Service,IN,India,33,,427.0,,,SHEFALI QADRI SYED,21614,True,1929
WSC2015,35,Restaurant Service,AU,Australia,4,Medallion for Excellence,534.0,,,SAMANTHA JOHNSON,21835,True,1899
WSC2015,35,Restaurant Service,CH,Switzerland,5,Medallion for Excellence,531.0,,,DAVID FÜGER,19554,True,1900
WSC2015,35,Restaurant Service,ES,Spain,6,Medallion for Excellence,525.0,True,,GABRIEL VILAR,22150,True,1902
WSC2015,35,Restaurant Service,TH,Thailand,6,Medallion for Excellence,525.0,,,DANAIKAN SRISUK,22241,True,1903
WSC2015,35,Restaurant Service,UK,United Kingdom,6,Medallion for Excellence,527.0,,,LUCY JONES,22045,True,1901
WSC2015,35,Restaurant Service,DK,Denmark,9,Medallion for Excellence,524.0,,,PUK SØNDERGÅRD MORTENSEN,19606,True,1904
WSC2015,36,Car Painting,CN,China,1,Gold,545.0,,,JINLONG YANG,21536,True,1930
WSC2015,36,Car Painting,DK,Denmark,10,Medallion for Excellence,508.0,,,MIKE SØRENSEN,19607,True,1939
WSC2015,36,Car Painting,KR,Korea,11,,499.0,,,WON JUN CHO,22297,True,1940
WSC2015,36,Car Painting,IN,India,12,,494.0,,,DIKESHBHAI RASIKBHAI PRAJAPATI,21613,True,1942
WSC2015,36,Car Painting,JP,Japan,12,,494.0,,,RYUHEI NOMURA,239354,True,1941
WSC2015,36,Car Painting,CA,Canada,14,,484.0,,,KASSANDRA PLANTE-BILODEAU,11530,True,1943
WSC2015,36,Car Painting,ES,Spain,15,,481.0,,,OMAR EL ATTAR,22223,True,1944
WSC2015,36,Car Painting,FR,France,16,,476.0,,,CHARLES LESCLAUX,20583,True,1945
WSC2015,36,Car Painting,RU,Russia,17,,472.0,,,ANDREY DESHEVYKH,22280,True,1946
WSC2015,36,Car Painting,MA,Morocco,18,,457.0,,,BRAHIM GHAFFOUR,22194,True,1948
WSC2015,36,Car Painting,ZA,South Africa,18,,458.0,,,RABELANI MALEMA,21893,True,1947
WSC2015,36,Car Painting,SE,Sweden,2,Silver,542.0,True,,FRIDA GUSTAVSSON,19539,True,1931
WSC2015,36,Car Painting,ID,Indonesia,20,,433.0,,,ARIFIN ARIFIN,21002,True,1949
WSC2015,36,Car Painting,UK,United Kingdom,3,Bronze,533.0,,,REBECCA WILSON,22046,True,1932
WSC2015,36,Car Painting,DE,Germany,4,Medallion for Excellence,529.0,,,MAID KARASALIHOVIC,21153,True,1933
WSC2015,36,Car Painting,CH,Switzerland,5,Medallion for Excellence,525.0,,,ANGELA JANS,19555,True,1935
WSC2015,36,Car Painting,NO,Norway,5,Medallion for Excellence,526.0,,,ÅSE BREKKE ROE,12236,True,1934
WSC2015,36,Car Painting,BR,Brazil,7,Medallion for Excellence,518.0,,,LUCAS LUQUIANHUK,21009,True,1936
WSC2015,36,Car Painting,AU,Australia,8,Medallion for Excellence,514.0,,,BLAIR WATTERS,21844,True,1937
WSC2015,36,Car Painting,NZ,New Zealand,8,Medallion for Excellence,513.0,,,LUKE TAHURANGI,21487,True,1938
WSC2015,37,Landscape Gardening,IT,"South Tyrol, Italy",1,Gold,546.0,,,DAVID GÖGELE; MATTHIAS HOFER,21509; 21508,True,1950
WSC2015,37,Landscape Gardening,SE,Sweden,11,,493.0,,,RICKARD HEDFORS; RASMUS WESTLUND,19541; 19542,True,1960
WSC2015,37,Landscape Gardening,CA,Canada,12,,487.0,,,GABRIEL LÉVESQUE; GABRIEL TESSIER,11546; 11547,True,1961
WSC2015,37,Landscape Gardening,FI,Finland,13,,463.0,,,CAMILLA KARIVAINIO; JOSEFIINA LINDROTH,21775; 21776,True,1962
WSC2015,37,Landscape Gardening,CL,Chile,14,,460.0,,,MARCELO MALDONADO; MAURO PEREZ,21199; 20404,True,1963
WSC2015,37,Landscape Gardening,AE,United Arab Emirates,15,,430.0,,,HAMDAN AL ANSAARI; ABDALLA ALSALAMI,22120; 22121,True,1964
WSC2015,37,Landscape Gardening,CH,Switzerland,2,Silver,535.0,,,BENEDIKT RÜESCH; ISAI TSCHAMUN,19556; 19557,True,1952
WSC2015,37,Landscape Gardening,UK,United Kingdom,2,Silver,537.0,,,MATTHEW BEESLEY; JONATHAN GILL,22047; 22048,True,1951
WSC2015,37,Landscape Gardening,BR,Brazil,4,Medallion for Excellence,514.0,,,ERIC COIMBRA SILVA; ALEF DO NASCIMENTO SOUZA,20988; 20987,True,1954
WSC2015,37,Landscape Gardening,NL,Netherlands,4,Medallion for Excellence,516.0,,,SIMON KUIPERIJ; BRAM WEVERS,20145; 20144,True,1953
WSC2015,37,Landscape Gardening,DE,Germany,6,Medallion for Excellence,512.0,,,ROUVEN FÖRSCHNER; TAMARA KAUFMANN,21451; 20622,True,1955
WSC2015,37,Landscape Gardening,AT,Austria,7,Medallion for Excellence,506.0,,,CHRISTOPH AUER; MARKUS EGGER,11838; 11839,True,1957
WSC2015,37,Landscape Gardening,FR,France,7,Medallion for Excellence,507.0,,,FLORIAN RAHON; MAXIME TISSIER,22101; 22102,True,1956
WSC2015,37,Landscape Gardening,EE,Estonia,9,,497.0,,,MIHKEL KAJANUS; ARLIS VAAGEN,21309; 21308,True,1958
WSC2015,37,Landscape Gardening,JP,Japan,9,,496.0,,,YASUFUMI IWAMI; TSUKASA SHINDO,19771; 19772,True,1959
WSC2015,38,Refrigeration and Air Conditioning,TW,Chinese Taipei,1,Gold,537.0,,,PEI-HAO JUAN,12173,True,1965
WSC2015,38,Refrigeration and Air Conditioning,FR,France,10,Medallion for Excellence,517.0,,,RÉMY DALET,20587,True,1975
WSC2015,38,Refrigeration and Air Conditioning,IR,Iran,10,Medallion for Excellence,519.0,,,ALIREZA AFSHAR AGHAJARI,21238,True,1974
WSC2015,38,Refrigeration and Air Conditioning,BR,Brazil,12,Medallion for Excellence,513.0,,,WILKER SOUSA,21644,True,1977
WSC2015,38,Refrigeration and Air Conditioning,JP,Japan,12,Medallion for Excellence,513.0,,,TOMOYA YAMAGUCHI,19794,True,1976
WSC2015,38,Refrigeration and Air Conditioning,NO,Norway,14,Medallion for Excellence,509.0,,,JØRGEN SOLBERG,12237,True,1978
WSC2015,38,Refrigeration and Air Conditioning,DE,Germany,15,Medallion for Excellence,501.0,,,BENAJA LÖTZSCH,20634,True,1980
WSC2015,38,Refrigeration and Air Conditioning,NL,Netherlands,15,Medallion for Excellence,503.0,,,ANTWAN VENMANS,19697,True,1979
WSC2015,38,Refrigeration and Air Conditioning,FI,Finland,17,,499.0,,,JUUSO HIETAMIES,21777,True,1981
WSC2015,38,Refrigeration and Air Conditioning,PT,Portugal,18,,486.0,,,TIAGO LEITE,20524,True,1982
WSC2015,38,Refrigeration and Air Conditioning,CO,Colombia,19,,476.0,,,DANIEL JOSÉ IBAÑEZ DUQUE,20862,True,1983
WSC2015,38,Refrigeration and Air Conditioning,CN,China,2,Silver,534.0,,,JIANWEI ZHONG,21537,True,1966
WSC2015,38,Refrigeration and Air Conditioning,UK,United Kingdom,2,Silver,532.0,,,CHRISTOPHER BAILIE,22049,True,1967
WSC2015,38,Refrigeration and Air Conditioning,ES,Spain,20,,472.0,,,PABLO MONTESINOS,22153,True,1984
WSC2015,38,Refrigeration and Air Conditioning,BE,Belgium,21,,468.0,,,JEAN AGUILAR,20695,True,1988
WSC2015,38,Refrigeration and Air Conditioning,MA,Morocco,21,,469.0,,,YASSIN AAMAK,22195,True,1985
WSC2015,38,Refrigeration and Air Conditioning,RU,Russia,21,,468.0,,,ALEKSANDR NABATOV,22281,True,1987
WSC2015,38,Refrigeration and Air Conditioning,ZA,South Africa,21,,469.0,,,MARKO COMBRINCK,20709,True,1986
WSC2015,38,Refrigeration and Air Conditioning,MX,Mexico,25,,434.0,,,JAIME CHÁVEZ PÉREZ,21062,True,1989
WSC2015,38,Refrigeration and Air Conditioning,OM,Oman,26,,430.0,,,ABDULLAH AL-HABSI,22133,True,1990
WSC2015,38,Refrigeration and Air Conditioning,CA,Canada,4,Bronze,530.0,,,MARC-ANTOINE BETTEZ,11545,True,1969
WSC2015,38,Refrigeration and Air Conditioning,US,United States of America,4,Bronze,530.0,,,BROCK MIESNER,12335,True,1968
WSC2015,38,Refrigeration and Air Conditioning,AU,Australia,6,Medallion for Excellence,522.0,,,BEAU KUPRIS,21836,True,1972
WSC2015,38,Refrigeration and Air Conditioning,KR,Korea,6,Medallion for Excellence,523.0,,,JOO HYEONG PARK,19906,True,1971
WSC2015,38,Refrigeration and Air Conditioning,MY,Malaysia,6,Medallion for Excellence,523.0,,,NG VUI YEE,21146,True,1970
WSC2015,38,Refrigeration and Air Conditioning,TH,Thailand,6,Medallion for Excellence,522.0,,,PANACHAI SRIPIMARN,225988,True,1973
WSC2015,39,IT Network Systems Administration,KR,Korea,1,Gold,542.0,,,MIN WOO CHOI,19907,True,1991
WSC2015,39,IT Network Systems Administration,CN,China,10,Medallion for Excellence,525.0,,,QUNJIA LI,21538,True,2001
WSC2015,39,IT Network Systems Administration,DE,Germany,10,Medallion for Excellence,525.0,,,SIMON STAMM,21151,True,2002
WSC2015,39,IT Network Systems Administration,FR,France,10,Medallion for Excellence,527.0,,,ALEXANDRE ETIENNE,20586,True,2000
WSC2015,39,IT Network Systems Administration,CO,Colombia,13,Medallion for Excellence,524.0,,,DANIEL GÓMEZ PATIÑO,20863,True,2003
WSC2015,39,IT Network Systems Administration,UK,United Kingdom,14,Medallion for Excellence,515.0,,,RICHARD MILLER,22050,True,2004
WSC2015,39,IT Network Systems Administration,LI,Principality of Liechtenstein,15,Medallion for Excellence,509.0,,,JONATHAN LINDER,11772,True,2005
WSC2015,39,IT Network Systems Administration,CA,Canada,16,Medallion for Excellence,503.0,,,WILLIAM LEBEL,11544,True,2008
WSC2015,39,IT Network Systems Administration,MO,"Macao, China",16,Medallion for Excellence,505.0,,,HOI FU CHOU,22002,True,2006
WSC2015,39,IT Network Systems Administration,PT,Portugal,16,Medallion for Excellence,504.0,,,RUI CHAVES,21282,True,2007
WSC2015,39,IT Network Systems Administration,RU,Russia,19,Medallion for Excellence,502.0,,,DMITRII MARTYNTSEV,22596,True,2009
WSC2015,39,IT Network Systems Administration,HU,Hungary,2,Silver,535.0,,,DAVID CSONGRADI,21948,True,1994
WSC2015,39,IT Network Systems Administration,SG,Singapore,2,Silver,537.0,True,,"WEI MENG, DANIEL LEE",11653,True,1992
WSC2015,39,IT Network Systems Administration,TW,Chinese Taipei,2,Silver,537.0,True,,PEI HUA CHU,12110,True,1993
WSC2015,39,IT Network Systems Administration,ID,Indonesia,20,,498.0,,,AGUS SASMITO HARIAWAN,20645,True,2010
WSC2015,39,IT Network Systems Administration,MY,Malaysia,21,,489.0,,,MOHAMAD SABRIE HAZIZAN,21147,True,2011
WSC2015,39,IT Network Systems Administration,EE,Estonia,22,,482.0,,,TANEL PEEP,135420,True,2012
WSC2015,39,IT Network Systems Administration,AT,Austria,23,,474.0,,,JOHANNES PINGER,12197,True,2015
WSC2015,39,IT Network Systems Administration,BY,Belarus,23,,476.0,,,YAUHENI TSYRLIN,22213,True,2013
WSC2015,39,IT Network Systems Administration,SE,Sweden,23,,475.0,,,ADRIAN FLODELL,12149,True,2014
WSC2015,39,IT Network Systems Administration,SA,Saudi Arabia,26,,470.0,,,ABDULLAH BAKHASHWAIN,20198,True,2016
WSC2015,39,IT Network Systems Administration,AE,United Arab Emirates,27,,466.0,,,KHLOOD ALSHKEILI,22118,True,2017
WSC2015,39,IT Network Systems Administration,IN,India,27,,465.0,,,ANTHONY VINOSE,19146,True,2018
WSC2015,39,IT Network Systems Administration,ES,Spain,29,,461.0,,,DIEGO SOTO,22224,True,2019
WSC2015,39,IT Network Systems Administration,OM,Oman,30,,456.0,,,SARAH WALAD WADI,22093,True,2020
WSC2015,39,IT Network Systems Administration,ZA,South Africa,31,,452.0,,,CHARLES SOULS,20775,True,2021
WSC2015,39,IT Network Systems Administration,KZ,Kazakhstan,32,,447.0,,,RAIMBEK ISHANGALIYEV,21884,True,2023
WSC2015,39,IT Network Systems Administration,MX,Mexico,32,,449.0,,,JUAN CARLOS CABRERA VEGA,20975,True,2022
WSC2015,39,IT Network Systems Administration,FI,Finland,5,Bronze,533.0,True,,PEKKA TUUKKANEN,21778,True,1995
WSC2015,39,IT Network Systems Administration,BR,Brazil,6,Medallion for Excellence,530.0,,,RAFAEL OENING,22306,True,1996
WSC2015,39,IT Network Systems Administration,CH,Switzerland,6,Medallion for Excellence,530.0,,,THUSHJANDAN PONNUDURAI,19560,True,1997
WSC2015,39,IT Network Systems Administration,IR,Iran,6,Medallion for Excellence,528.0,,,AHMAD REZA MOLLAPOUR,21272,True,1999
WSC2015,39,IT Network Systems Administration,JP,Japan,6,Medallion for Excellence,529.0,,,NAOKI ITO,19744,True,1998
WSC2015,40,Graphic Design Technology,IT,"South Tyrol, Italy",1,Gold,552.0,True,,FRANZISKA MATZNELLER,21510,True,2024
WSC2015,40,Graphic Design Technology,FR,France,10,Medallion for Excellence,517.0,,,ANAËLLE ARACIL,20589,True,2033
WSC2015,40,Graphic Design Technology,HK,"Hong Kong, China",11,Medallion for Excellence,514.0,,,SHING CHUNG BILLY CHAN,20532,True,2035
WSC2015,40,Graphic Design Technology,IN,India,11,Medallion for Excellence,514.0,,,SRIRAM GOVINDASAMY,22142,True,2034
WSC2015,40,Graphic Design Technology,CO,Colombia,13,Medallion for Excellence,511.0,,,LINA MARÍA CRUZ AYALA,20864,True,2036
WSC2015,40,Graphic Design Technology,LI,Principality of Liechtenstein,13,Medallion for Excellence,509.0,,,ARMIN MUHAMEDAGIC,11771,True,2037
WSC2015,40,Graphic Design Technology,CA,Canada,15,Medallion for Excellence,505.0,,,ROXANNE KANAK,11543,True,2039
WSC2015,40,Graphic Design Technology,NO,Norway,15,Medallion for Excellence,505.0,,,MIKKEL JOST TSCHUDI LISTUEN,19482,True,2038
WSC2015,40,Graphic Design Technology,AU,Australia,17,Medallion for Excellence,502.0,,,DALE FISHER,21842,True,2040
WSC2015,40,Graphic Design Technology,PT,Portugal,17,Medallion for Excellence,501.0,,,MÓNICA ALMEIDA,20525,True,2042
WSC2015,40,Graphic Design Technology,SG,Singapore,17,Medallion for Excellence,502.0,,,TAN XINYI CELLYN,11648,True,2041
WSC2015,40,Graphic Design Technology,BR,Brazil,2,Silver,545.0,,,CARLOS EDUARDO CAMARGO,20989,True,2026
WSC2015,40,Graphic Design Technology,TW,Chinese Taipei,2,Silver,546.0,,,YIN-LING WANG,12218,True,2025
WSC2015,40,Graphic Design Technology,BE,Belgium,20,,495.0,,,JORDAN RUBENS,20696,True,2043
WSC2015,40,Graphic Design Technology,NZ,New Zealand,20,,493.0,,,TIMOTHY WIGHTMAN,21488,True,2044
WSC2015,40,Graphic Design Technology,AE,United Arab Emirates,22,,489.0,,,ABEER AL ALI,22085,True,2047
WSC2015,40,Graphic Design Technology,LV,Latvia,22,,491.0,,,LINDA OSITE,22012,True,2045
WSC2015,40,Graphic Design Technology,NL,Netherlands,22,,491.0,,,DAMIEN DEKKER,19698,True,2046
WSC2015,40,Graphic Design Technology,DK,Denmark,25,,486.0,,,STEFAN FRITSCHE,19608,True,2048
WSC2015,40,Graphic Design Technology,JP,Japan,26,,483.0,,,MAKO INATSUGU,19807,True,2049
WSC2015,40,Graphic Design Technology,RU,Russia,27,,476.0,,,DARIA SHEYKINA,22283,True,2051
WSC2015,40,Graphic Design Technology,ZA,South Africa,27,,476.0,,,CAITLIN WARD,20408,True,2050
WSC2015,40,Graphic Design Technology,US,United States of America,29,,471.0,,,SPENCER WOLF,12337,True,2052
WSC2015,40,Graphic Design Technology,DE,Germany,30,,464.0,,,JANINE KERN,21372,True,2053
WSC2015,40,Graphic Design Technology,SA,Saudi Arabia,31,,461.0,,,ABDULRAHMAN ALFEHAID,22080,True,2054
WSC2015,40,Graphic Design Technology,SE,Sweden,32,,441.0,,,ELIN VIKSTRÖM,19547,True,2055
WSC2015,40,Graphic Design Technology,MX,Mexico,33,,436.0,,,MIGUEL ÁNGEL CORTEZ GONZÁLEZ,21063,True,2057
WSC2015,40,Graphic Design Technology,OM,Oman,33,,438.0,,,AHMED AL-HARTHI,22132,True,2056
WSC2015,40,Graphic Design Technology,KR,Korea,4,Medallion for Excellence,538.0,,,CHAE EUN KIM,19908,True,2027
WSC2015,40,Graphic Design Technology,AT,Austria,5,Medallion for Excellence,534.0,,,JACQUELINE TANZER,11840,True,2028
WSC2015,40,Graphic Design Technology,TH,Thailand,5,Medallion for Excellence,534.0,,,NUTTAPON NOPPAWAN,22243,True,2029
WSC2015,40,Graphic Design Technology,CN,China,7,Medallion for Excellence,531.0,,,WEIXIN MA,21539,True,2030
WSC2015,40,Graphic Design Technology,ID,Indonesia,8,Medallion for Excellence,524.0,,,DEALONICHA ANDINI TRISNAWATI,20646,True,2032
WSC2015,40,Graphic Design Technology,IR,Iran,8,Medallion for Excellence,524.0,,,NARJES DOUSTMOHAMMADI,21249,True,2031
WSC2015,41,Health and Social Care,NO,Norway,1,Gold,537.0,True,,JENNY-MARLEN FOSSAN,11961,True,2058
WSC2015,41,Health and Social Care,UK,United Kingdom,12,,499.0,,,HAYLEY EDWARDS,22051,True,2069
WSC2015,41,Health and Social Care,HU,Hungary,13,,483.0,,,ANDREA BIRO,21950,True,2070
WSC2015,41,Health and Social Care,DE,Germany,14,,467.0,,,SOPHIA WARNEKE,22137,True,2071
WSC2015,41,Health and Social Care,MX,Mexico,15,,462.0,,,CECILIA IRAIS MAYORGA RODRÍGUEZ,20442,True,2072
WSC2015,41,Health and Social Care,ES,Spain,16,,414.0,,,LAURA MARTÍN,22309,True,2073
WSC2015,41,Health and Social Care,IT,"South Tyrol, Italy",2,Silver,531.0,,,MARION HUBER,21511,True,2059
WSC2015,41,Health and Social Care,SG,Singapore,3,Bronze,528.0,,,LIM LING,11647,True,2060
WSC2015,41,Health and Social Care,CO,Colombia,4,Medallion for Excellence,525.0,,,INGRID LORENA PALACIOS,20865,True,2061
WSC2015,41,Health and Social Care,AE,United Arab Emirates,5,Medallion for Excellence,511.0,True,,LAILA ALMAHRI,22082,True,2063
WSC2015,41,Health and Social Care,BR,Brazil,5,Medallion for Excellence,509.0,,,JULIA MACHADO,21643,True,2065
WSC2015,41,Health and Social Care,CH,Switzerland,5,Medallion for Excellence,510.0,,,ALEXANDRA NAJER,19561,True,2064
WSC2015,41,Health and Social Care,NL,Netherlands,5,Medallion for Excellence,511.0,,,JESSICA TEN VOORDEN,19699,True,2062
WSC2015,41,Health and Social Care,FI,Finland,9,Medallion for Excellence,505.0,,,STINA KATAJISTO,21779,True,2067
WSC2015,41,Health and Social Care,SE,Sweden,9,Medallion for Excellence,504.0,,,JULIA LUNDIN,19549,True,2068
WSC2015,41,Health and Social Care,TW,Chinese Taipei,9,Medallion for Excellence,506.0,,,TING YI SU,12116,True,2066
WSC2015,42,Construction Metal Work,KR,Korea,1,Gold,544.0,,,YOUNG JUN BAE,19873,True,2074
WSC2015,42,Construction Metal Work,UK,United Kingdom,11,,427.0,,,CHRISTOPHER HANSON,22052,True,2084
WSC2015,42,Construction Metal Work,BR,Brazil,2,Silver,520.0,,,DAVID DAMASCENO,21646,True,2075
WSC2015,42,Construction Metal Work,AT,Austria,3,Bronze,516.0,,,MARTIN SCHWAIGER,12198,True,2078
WSC2015,42,Construction Metal Work,CH,Switzerland,3,Bronze,517.0,,,ANDREAS NEUENSCHWANDER,19562,True,2076
WSC2015,42,Construction Metal Work,JP,Japan,3,Bronze,517.0,,,SHOKI YASUDA,19758,True,2077
WSC2015,42,Construction Metal Work,IE,Ireland,6,Medallion for Excellence,514.0,,,DEAN MCSWEENEY,22186,True,2079
WSC2015,42,Construction Metal Work,AU,Australia,7,,495.0,,,MICHAEL JAMES,21837,True,2081
WSC2015,42,Construction Metal Work,CN,China,7,,496.0,,,JIACAI ZENG,21540,True,2080
WSC2015,42,Construction Metal Work,FI,Finland,9,,476.0,,,TIMO PAANANEN,21780,True,2083
WSC2015,42,Construction Metal Work,FR,France,9,,477.0,,,FLORIAN FRETAULT,20590,True,2082
WSC2015,43,Plastic Die Engineering,KR,Korea,1,Gold,530.0,,,YEONG HWAN SEO,19912,True,2085
WSC2015,43,Plastic Die Engineering,MY,Malaysia,10,,450.0,,,SHAIFUL RIZWAN TAJUDIN,21148,True,2094
WSC2015,43,Plastic Die Engineering,VN,Vietnam,11,,446.0,,,DUONG MINH TUAN,22180,True,2095
WSC2015,43,Plastic Die Engineering,BR,Brazil,2,Silver,524.0,,,MAILSON OLIVEIRA,21647,True,2086
WSC2015,43,Plastic Die Engineering,ID,Indonesia,2,Silver,522.0,,,HARI SUNARTO,20996,True,2089
WSC2015,43,Plastic Die Engineering,JP,Japan,2,Silver,524.0,,,SOICHIRO IKEGAMI,19751,True,2087
WSC2015,43,Plastic Die Engineering,CN,China,5,Bronze,521.0,,,CANJIE HUANG,21541,True,2088
WSC2015,43,Plastic Die Engineering,TW,Chinese Taipei,6,Medallion for Excellence,517.0,,,YU-CHU WANG,12227,True,2090
WSC2015,43,Plastic Die Engineering,IN,India,7,Medallion for Excellence,512.0,,,SUNIL KUMAR SHARMA,21547,True,2091
WSC2015,43,Plastic Die Engineering,IE,Ireland,8,,482.0,,,DONAL LOGAN,22170,True,2092
WSC2015,43,Plastic Die Engineering,TH,Thailand,9,,472.0,,,SIVAKORN SAENGSUWAN,22308,True,2093
WSC2015,44,Visual Merchandising and Window Dressing,NL,Netherlands,1,Gold,545.0,True,,NADINE KLINGEN,20617,True,2096
WSC2015,44,Visual Merchandising and Window Dressing,UK,United Kingdom,10,,462.0,,,JASMINE FIELD,22053,True,2105
WSC2015,44,Visual Merchandising and Window Dressing,MO,"Macao, China",11,,436.0,,,HIO LAM TAM,22003,True,2106
WSC2015,44,Visual Merchandising and Window Dressing,SE,Sweden,2,Silver,529.0,,,SARA ANDERSSON,12141,True,2097
WSC2015,44,Visual Merchandising and Window Dressing,SG,Singapore,3,Bronze,522.0,,,WEN HUI JOSEPHINE QUEK,11646,True,2098
WSC2015,44,Visual Merchandising and Window Dressing,BR,Brazil,4,Medallion for Excellence,519.0,,,MAURICIO DUARTE FERREIRA,20990,True,2099
WSC2015,44,Visual Merchandising and Window Dressing,LV,Latvia,5,Medallion for Excellence,515.0,,,ANNA LIVA TRAUMANE,22011,True,2100
WSC2015,44,Visual Merchandising and Window Dressing,HK,"Hong Kong, China",6,Medallion for Excellence,504.0,,,KA YU SO,21034,True,2101
WSC2015,44,Visual Merchandising and Window Dressing,DE,Germany,7,,497.0,,,LISA-MARIA HEFTER,21090,True,2102
WSC2015,44,Visual Merchandising and Window Dressing,FI,Finland,8,,489.0,,,AINO HUUPPONEN,21781,True,2103
WSC2015,44,Visual Merchandising and Window Dressing,IN,India,9,,482.0,,,RAMESH PUNIA,22354,True,2104
WSC2015,45,Prototype Modelling,KR,Korea,1,Gold,528.0,,,HYUK JIN YUN,19913,True,2107
WSC2015,45,Prototype Modelling,TR,Türkiye,10,,414.0,True,,OMER BERK YUKSEL,21191,True,2116
WSC2015,45,Prototype Modelling,TH,Thailand,11,,400.0,,,EAKKALUK WIENGKAM,22307,True,2117
WSC2015,45,Prototype Modelling,JP,Japan,2,Silver,524.0,,,RYO AOSHIMA,19745,True,2108
WSC2015,45,Prototype Modelling,CH,Switzerland,3,Bronze,515.0,,,ELIAS SIEGRIST,19563,True,2109
WSC2015,45,Prototype Modelling,ID,Indonesia,3,Bronze,513.0,,,RIFKI YANTO,20647,True,2110
WSC2015,45,Prototype Modelling,BR,Brazil,5,Medallion for Excellence,507.0,,,ALESSON LOPES,21648,True,2113
WSC2015,45,Prototype Modelling,DE,Germany,5,Medallion for Excellence,508.0,,,MARINA LUGMEIER,20356,True,2111
WSC2015,45,Prototype Modelling,IN,India,5,Medallion for Excellence,508.0,,,ABHISHEK BILAGUMBA SHANKARAIAH,21550,True,2112
WSC2015,45,Prototype Modelling,TW,Chinese Taipei,8,Medallion for Excellence,504.0,,,GUAN-TING LIN,12176,True,2114
WSC2015,45,Prototype Modelling,VN,Vietnam,9,,477.0,,,NGO VAN HIEN,22181,True,2115
WSC2015,46,Sheet Metal Technology,BR,Brazil,1,Gold,532.0,,,DANIEL OLIVEIRA GOMES,21045,True,2118
WSC2015,46,Sheet Metal Technology,KR,Korea,2,Silver,527.0,,,HYEON JUN WON,19914,True,2120
WSC2015,46,Sheet Metal Technology,TW,Chinese Taipei,2,Silver,528.0,,,YUNG-HSIANG CHANG,20335,True,2119
WSC2015,46,Sheet Metal Technology,NZ,New Zealand,4,Medallion for Excellence,516.0,,,MICHAEL BENSON,12287,True,2121
WSC2015,46,Sheet Metal Technology,JP,Japan,5,Medallion for Excellence,506.0,,,TAKANORI FUJISHIMA,19773,True,2122
WSC2015,46,Sheet Metal Technology,AU,Australia,6,,472.0,,,THOMAS CRITTENDEN,21838,True,2123
WSC2015,46,Sheet Metal Technology,CN,China,6,,471.0,,,XINSHAN WANG,21542,True,2124
WSC2015,46,Sheet Metal Technology,FR,France,8,,448.0,,,ANTOINE TIJOU,20591,True,2125
WSC2015,D1,Concrete Construction Work,AT,Austria,1,Gold,530.0,,,MICHAEL HAYDN; ALEXANDER HIESBERGER,19783; 12199,True,2126
WSC2015,D1,Concrete Construction Work,DE,Germany,2,Silver,514.0,,,DENNIS BEHRENS; PASCAL CLAUDIO GOTTFRIED,21152; 21373,True,2127
WSC2015,D1,Concrete Construction Work,BR,Brazil,3,Bronze,506.0,,,WENDERSON CAMPOS DE OLIVEIRA; VANESSA SILVA,193596; 21649,True,2128
WSC2015,D1,Concrete Construction Work,DK,Denmark,4,,450.0,,,KASPER JENSEN; JIMMIE ROSENGAARD ANDERSEN,19645; 19644,True,2129
WSC2015,D2,Bakery,KR,Korea,1,Gold,534.0,,,JAE HEE YOO,19915,True,2130
WSC2015,D2,Bakery,ES,Spain,10,,464.0,,,ALEJANDRO MURGA,22226,True,2139
WSC2015,D2,Bakery,RU,Russia,11,,430.0,,,MARIANNA TIMIRYAEVA,22284,True,2140
WSC2015,D2,Bakery,BR,Brazil,2,Silver,530.0,,,IRACEMA ARRUDA VILALVA,20992,True,2131
WSC2015,D2,Bakery,DK,Denmark,3,Bronze,526.0,,,STEPHANIE CARBEL SVENDGAARD,19646,True,2132
WSC2015,D2,Bakery,TW,Chinese Taipei,4,Medallion for Excellence,515.0,,,TSUNG-HUNG TSAI,12134,True,2133
WSC2015,D2,Bakery,AT,Austria,5,Medallion for Excellence,512.0,,,VALENTINA SCHACHINGER,11841,True,2134
WSC2015,D2,Bakery,AU,Australia,5,Medallion for Excellence,510.0,,,JOHN ALBERT REMINIS,21843,True,2135
WSC2015,D2,Bakery,CH,Switzerland,7,Medallion for Excellence,508.0,,,HOLLENSTEIN RAMONA,19855,True,2136
WSC2015,D2,Bakery,IT,"South Tyrol, Italy",8,,492.0,,,MATTHIAS SELLEMOND,21512,True,2137
WSC2015,D2,Bakery,US,United States of America,9,,480.0,,,MARIA BUKO,12336,True,2138
WSC2015,D3,Industrial Mechanics Millwright,NO,Norway,1,Gold,534.0,,,MARTIN ØSTNOR,19483,True,2141
WSC2015,D3,Industrial Mechanics Millwright,AU,Australia,2,Silver,531.0,True,,JOSEPH PAULEY,21839,True,2142
WSC2015,D3,Industrial Mechanics Millwright,BR,Brazil,3,Bronze,528.0,,,GABRIEL TELES,21651,True,2143
WSC2015,D3,Industrial Mechanics Millwright,NL,Netherlands,4,Medallion for Excellence,524.0,,,JULIAN GROEN,19701,True,2144
WSC2015,D3,Industrial Mechanics Millwright,NZ,New Zealand,5,,482.0,,,NICK BASTIAANSEN,12288,True,2145
WSC2015,D3,Industrial Mechanics Millwright,JP,Japan,6,,474.0,,,RYOSUKE KISHIKAWA,19752,True,2146
WSC2015,D3,Industrial Mechanics Millwright,CA,Canada,7,,463.0,,,PETER LAUSER,11542,True,2147
WSC2015,D3,Industrial Mechanics Millwright,TW,Chinese Taipei,7,,463.0,,,CHUN-HSIUNG LIN,19982,True,2148
WSC2015,D4,Heavy Vehicle Maintenance,AT,Austria,1,Gold,544.0,True,,PHILIPP SEIBERL,19784,True,2149
WSC2015,D4,Heavy Vehicle Maintenance,CH,Switzerland,2,Silver,513.0,,,ADRIAN HUBACHER,19564,True,2150
WSC2015,D4,Heavy Vehicle Maintenance,FR,France,2,Silver,511.0,,,BASTIEN LE NAOUR,20592,True,2151
WSC2015,D4,Heavy Vehicle Maintenance,CA,Canada,4,Bronze,509.0,,,RYAN GREEN,19798,True,2152
WSC2015,D4,Heavy Vehicle Maintenance,US,United States of America,5,,468.0,,,DUSTIN MORTSOLF,12277,True,2153
WSC2015,D4,Heavy Vehicle Maintenance,BR,Brazil,6,,455.0,,,VINICIUS BATISTA SILVA,20993,True,2154
